experiment,dgp,n,p,B,min_leaf,rep,snr,method,mse,mae,mse_true,coverage,interval_score,interval_width,dm_stat,dm_p,runtime,lam_eb,lam_js,leaves,n_eff,sigma2,tau2,tuned_leaf,tuned_mtry
grid,dgp1,300,10,10,5,0,0.1365439111336827,RF,1.5782699658786155,0.894862402313809,0.16318687099864976,0.926,7.7288431977520515,4.406679652542494,1.0501281740545187,0.2939131514552647,0.020685282999991728,0.7651663414740097,0.7693918241446464,48.3,3.5005831965755294,0.5538531320152286,0.5013142930103724,20,5
grid,dgp1,300,10,10,5,0,0.1365439111336827,SSRF,1.5693725978871427,0.8862458885255562,0.13239303472534739,0.93,7.736841150254469,4.412586027772122,-0.3904771939181888,0.6962669634868223,0.020685282999991728,0.7651663414740097,0.7693918241446464,48.3,3.5005831965755294,0.5538531320152286,0.5013142930103724,20,5
grid,dgp1,300,10,10,5,0,0.1365439111336827,SSRF-JS,1.570191610033617,0.8872746885716087,0.13619269720841232,0.928,7.743200006987976,4.386409541064759,,,0.020685282999991728,0.7651663414740097,0.7693918241446464,48.3,3.5005831965755294,0.5538531320152286,0.5013142930103724,20,5
grid,dgp1,300,10,10,5,0,0.1365439111336827,RF-H,1.6484787920501924,0.9072420558289925,0.1584368674690015,0.934,7.983115538237248,4.519203086872123,2.744464189859175,0.006169629731882894,0.010130359000001476,0.7651663414740097,0.7693918241446464,48.3,3.5005831965755294,0.5538531320152286,0.5013142930103724,20,5
grid,dgp1,300,10,10,5,0,0.1365439111336827,SSRF-H,1.6449335430376582,0.9027078064299056,0.15575494126650233,0.94,7.968644228309973,4.553998381513424,2.8897517974771154,0.003938836254322777,0.010130359000001476,0.7651663414740097,0.7693918241446464,48.3,3.5005831965755294,0.5538531320152286,0.5013142930103724,20,5
grid,dgp1,300,10,10,5,0,0.1365439111336827,SSRF-JS-H,1.64528239923421,0.9027822822137576,0.15676232831623022,0.936,8.003197905735028,4.477970504326194,2.7877057048753233,0.0054089789138943665,0.010130359000001476,0.7651663414740097,0.7693918241446464,48.3,3.5005831965755294,0.5538531320152286,0.5013142930103724,20,5
grid,dgp1,300,10,10,5,0,0.1365439111336827,SSRF-rob,1.5714744914114223,0.8895258259997725,0.1449989064632819,0.93,7.725781975544036,4.405382393294807,0.4079522167765439,0.6833961696682335,0.0259810370000082,0.7651663414740097,0.7693918241446464,48.3,3.5005831965755294,0.5538531320152286,0.5013142930103724,20,5
grid,dgp1,300,10,10,5,0,0.1365439111336827,RidgeRF,1.6002791233776996,0.8952324761337314,0.12869000159165336,0.928,7.80409391088078,4.487001899190181,1.036680932954718,0.30013544335723297,0.023632659000000444,0.7651663414740097,0.7693918241446464,48.3,3.5005831965755294,0.5538531320152286,0.5013142930103724,20,5
grid,dgp1,300,10,10,5,0,0.1365439111336827,LassoRF,1.5485460177646002,0.8804240013459358,0.15247922678542783,0.924,7.779752838295567,4.2898310519877265,-0.6970623571870481,0.48592594449839505,0.036809731000005286,0.7651663414740097,0.7693918241446464,48.3,3.5005831965755294,0.5538531320152286,0.5013142930103724,20,5
grid,dgp1,300,10,10,5,0,0.1365439111336827,GBM,1.6022386708680143,0.88319836704719,0.13116052009951185,0.934,8.067164976787206,4.378064819898225,0.6520316113271645,0.5145307639921006,0.07994599699999583,0.7651663414740097,0.7693918241446464,48.3,3.5005831965755294,0.5538531320152286,0.5013142930103724,20,5
grid,dgp1,300,10,10,5,0,0.1365439111336827,RF-tuned,1.498503433900655,0.8610140241708384,0.0787583955752144,0.932,7.611090258729382,4.266665779361992,-3.5437457141411457,0.00041273976639379654,2.433528211999999,0.7651663414740097,0.7693918241446464,48.3,3.5005831965755294,0.5538531320152286,0.5013142930103724,20,5
grid,dgp1,300,10,10,5,0,0.1365439111336827,SSRF-tuned,1.560927885726447,0.8742342654142142,0.09643138429681261,0.928,7.780402493009515,4.38853734995824,-0.4294750171715754,0.6676701799923651,2.460567134999991,0.7651663414740097,0.7693918241446464,48.3,3.5005831965755294,0.5538531320152286,0.5013142930103724,20,5
grid,dgp1,300,10,500,5,0,0.1365439111336827,RF,1.5297333634347738,0.8685157166468156,0.09438035417946085,0.926,8.01748956348322,4.19108275145063,-2.018942279165499,0.04375995221368136,1.0070627180000002,0.7666282924952272,0.7712344035339839,47.624,3.4791795089030106,0.5946355301141629,0.5530834660512728,20,5
grid,dgp1,300,10,500,5,0,0.1365439111336827,SSRF,1.541661815602275,0.8701268628725326,0.09269101338365601,0.928,8.054265361560843,4.210714820446901,0.17574355112921072,0.8605310346546121,1.0070627180000002,0.7666282924952272,0.7712344035339839,47.624,3.4791795089030106,0.5946355301141629,0.5530834660512728,20,5
grid,dgp1,300,10,500,5,0,0.1365439111336827,SSRF-JS,1.5415480182208299,0.8700833450777125,0.09263812670176046,0.928,8.055549344405634,4.207406726075753,,,1.0070627180000002,0.7666282924952272,0.7712344035339839,47.624,3.4791795089030106,0.5946355301141629,0.5530834660512728,20,5
grid,dgp1,300,10,500,5,0,0.1365439111336827,RF-H,1.5714169965645493,0.8797119060503665,0.10470943557037468,0.926,8.063904082079217,4.282273205857407,2.688968021452354,0.007286681658567288,0.7914499439999929,0.7666282924952272,0.7712344035339839,47.624,3.4791795089030106,0.5946355301141629,0.5530834660512728,20,5
grid,dgp1,300,10,500,5,0,0.1365439111336827,SSRF-H,1.645056163947585,0.9048478281129655,0.155630918417279,0.93,8.217323720760307,4.370899201258972,5.600452274476009,2.7628163372972886e-08,0.7914499439999929,0.7666282924952272,0.7712344035339839,47.624,3.4791795089030106,0.5946355301141629,0.5530834660512728,20,5
grid,dgp1,300,10,500,5,0,0.1365439111336827,SSRF-JS-H,1.6410281928436794,0.9033328887588119,0.15262300702099002,0.928,8.217201577316946,4.354515646394154,5.534749348855874,3.98219981069462e-08,0.7914499439999929,0.7666282924952272,0.7712344035339839,47.624,3.4791795089030106,0.5946355301141629,0.5530834660512728,20,5
grid,dgp1,300,10,500,5,0,0.1365439111336827,SSRF-rob,1.534661237844589,0.8685806156263768,0.09197350989454098,0.928,8.024078848075954,4.229899724544673,-2.569009839128098,0.010343164740869116,1.7606100089999899,0.7666282924952272,0.7712344035339839,47.624,3.4791795089030106,0.5946355301141629,0.5530834660512728,20,5
grid,dgp1,300,10,500,5,0,0.1365439111336827,RidgeRF,1.547407253921391,0.875372587034328,0.089164683640787,0.926,7.906003181926782,4.300492400931435,0.5575518157564615,0.5772753730398263,0.9212642390000099,0.7666282924952272,0.7712344035339839,47.624,3.4791795089030106,0.5946355301141629,0.5530834660512728,20,5
grid,dgp1,300,10,500,5,0,0.1365439111336827,LassoRF,1.5363820169291753,0.8777419912015164,0.12933797404895447,0.922,7.974177325500835,4.224765646377669,-0.23255306331230705,0.816156111350432,0.7199182009999987,0.7666282924952272,0.7712344035339839,47.624,3.4791795089030106,0.5946355301141629,0.5530834660512728,20,5
grid,dgp1,300,10,500,5,0,0.1365439111336827,GBM,1.6022386708680143,0.88319836704719,0.13116052009951185,0.93,7.957048470797336,4.325002019986216,1.505321904544459,0.13255743275169662,0.08795688000000723,0.7666282924952272,0.7712344035339839,47.624,3.4791795089030106,0.5946355301141629,0.5530834660512728,20,5
grid,dgp1,300,10,500,5,0,0.1365439111336827,RF-tuned,1.5183595575449258,0.8669598159350981,0.0845723553604067,0.922,7.974855689882998,4.160779169822874,-1.7732038690317236,0.0764995640359851,2.6620968879999936,0.7666282924952272,0.7712344035339839,47.624,3.4791795089030106,0.5946355301141629,0.5530834660512728,20,5
grid,dgp1,300,10,500,5,0,0.1365439111336827,SSRF-tuned,1.5194325786914533,0.865848656733052,0.08659471967005798,0.93,7.942075456863721,4.224686937350723,-2.002939680348487,0.04545356079080944,3.6908253729999956,0.7666282924952272,0.7712344035339839,47.624,3.4791795089030106,0.5946355301141629,0.5530834660512728,20,5
grid,dgp1,300,10,10,5,1,0.1403811013909831,RF,1.6108267902724782,0.8745935681428325,0.16095483652282425,0.95,6.933469337063711,4.779051886760625,4.9454983501315235,8.905644579626777e-07,0.02617068499999675,0.8082505096568138,0.8129893250831868,47.2,3.503468734061771,0.6000135976945906,0.7133428389244014,40,5
grid,dgp1,300,10,10,5,1,0.1403811013909831,SSRF,1.5714055404782856,0.8598892865412237,0.12809889969500265,0.942,6.884151457471795,4.556353287314991,-2.7268489725656737,0.0065062198119201975,0.02617068499999675,0.8082505096568138,0.8129893250831868,47.2,3.503468734061771,0.6000135976945906,0.7133428389244014,40,5
grid,dgp1,300,10,10,5,1,0.1403811013909831,SSRF-JS,1.5748792908534652,0.8615418850412607,0.1319139146028776,0.944,6.880157985179402,4.622536579152788,,,0.02617068499999675,0.8082505096568138,0.8129893250831868,47.2,3.503468734061771,0.6000135976945906,0.7133428389244014,40,5
grid,dgp1,300,10,10,5,1,0.1403811013909831,RF-H,1.5985629000151507,0.8678318646998039,0.15099208988597876,0.948,6.896299940969144,4.647180215917205,0.9017839074064655,0.3673890292724432,0.017639688000002707,0.8082505096568138,0.8129893250831868,47.2,3.503468734061771,0.6000135976945906,0.7133428389244014,40,5
grid,dgp1,300,10,10,5,1,0.1403811013909831,SSRF-H,1.5781795284791578,0.8637810822468178,0.17022122522832228,0.952,6.84948346438555,4.6275457076141695,0.11363443047354634,0.9095504242223648,0.017639688000002707,0.8082505096568138,0.8129893250831868,47.2,3.503468734061771,0.6000135976945906,0.7133428389244014,40,5
grid,dgp1,300,10,10,5,1,0.1403811013909831,SSRF-JS-H,1.5794309170331633,0.8624688301995777,0.16621817990541085,0.954,6.852037820979608,4.652485782759819,0.16046412790825,0.8725479176571205,0.017639688000002707,0.8082505096568138,0.8129893250831868,47.2,3.503468734061771,0.6000135976945906,0.7133428389244014,40,5
grid,dgp1,300,10,10,5,1,0.1403811013909831,SSRF-rob,1.5856622744244195,0.8653325248692231,0.14036556503255165,0.952,6.890179813759571,4.780944043357316,4.123130318774528,4.0479921918547894e-05,0.030401116999996702,0.8082505096568138,0.8129893250831868,47.2,3.503468734061771,0.6000135976945906,0.7133428389244014,40,5
grid,dgp1,300,10,10,5,1,0.1403811013909831,RidgeRF,1.5821518293369408,0.8715349470956519,0.17250674148715628,0.944,7.0065603493345225,4.573694606530643,0.2027327576760305,0.8393851988921769,0.015564361000002691,0.8082505096568138,0.8129893250831868,47.2,3.503468734061771,0.6000135976945906,0.7133428389244014,40,5
grid,dgp1,300,10,10,5,1,0.1403811013909831,LassoRF,1.5847165012697642,0.872704270607435,0.17593620762259854,0.956,6.791512128347356,4.701311051613571,0.4062115387231807,0.6846741732070734,0.0341146970000068,0.8082505096568138,0.8129893250831868,47.2,3.503468734061771,0.6000135976945906,0.7133428389244014,40,5
grid,dgp1,300,10,10,5,1,0.1403811013909831,GBM,1.5954758275385144,0.8688386572273007,0.1841914267627729,0.948,6.849609751036394,4.775948377393336,0.6247973073442977,0.5322467706925182,0.13595321100000035,0.8082505096568138,0.8129893250831868,47.2,3.503468734061771,0.6000135976945906,0.7133428389244014,40,5
grid,dgp1,300,10,10,5,1,0.1403811013909831,RF-tuned,1.4783905290779806,0.8235428185045602,0.06192062980862492,0.95,6.781477982171681,4.476264179311616,-3.8085173801330345,0.0001483278739546931,1.9138541650000036,0.8082505096568138,0.8129893250831868,47.2,3.503468734061771,0.6000135976945906,0.7133428389244014,40,5
grid,dgp1,300,10,10,5,1,0.1403811013909831,SSRF-tuned,1.5232031000828776,0.840555885769433,0.09192154853458252,0.948,6.826477343345714,4.484014675442688,-2.2271334249230312,0.026160556870814863,1.926789840000012,0.8082505096568138,0.8129893250831868,47.2,3.503468734061771,0.6000135976945906,0.7133428389244014,40,5
grid,dgp1,300,10,500,5,1,0.1403811013909831,RF,1.5266539006233766,0.8427222585199785,0.08376528177808698,0.94,8.096086467454498,4.394674105429331,1.9781275569238015,0.04818873081334925,1.0275528710000117,0.8036251021440737,0.8078394780999919,47.722,3.4627884141178944,0.6036178320121691,0.7036904046899383,40,5
grid,dgp1,300,10,500,5,1,0.1403811013909831,SSRF,1.5137443496518372,0.8377330875449267,0.07890025524500253,0.944,8.050622271245414,4.426520105229693,-2.4320332436688066,0.015189144624555726,1.0275528710000117,0.8036251021440737,0.8078394780999919,47.722,3.4627884141178944,0.6036178320121691,0.7036904046899383,40,5
grid,dgp1,300,10,500,5,1,0.1403811013909831,SSRF-JS,1.5149813159170822,0.8381646014166165,0.07940777841152052,0.944,8.054348661582797,4.420785569555689,,,1.0275528710000117,0.8036251021440737,0.8078394780999919,47.722,3.4627884141178944,0.6036178320121691,0.7036904046899383,40,5
grid,dgp1,300,10,500,5,1,0.1403811013909831,RF-H,1.516478909243962,0.8403409861677359,0.08803983861755024,0.944,7.971441154885361,4.45737033364432,0.13396505778055537,0.8934571874727183,0.6416080130000097,0.8036251021440737,0.8078394780999919,47.722,3.4627884141178944,0.6036178320121691,0.7036904046899383,40,5
grid,dgp1,300,10,500,5,1,0.1403811013909831,SSRF-H,1.5628102573547622,0.8583600832248521,0.15314811744251947,0.944,7.97335245770139,4.521380064907555,2.2029396903308593,0.027826694552981507,0.6416080130000097,0.8036251021440737,0.8078394780999919,47.722,3.4627884141178944,0.6036178320121691,0.7036904046899383,40,5
grid,dgp1,300,10,500,5,1,0.1403811013909831,SSRF-JS-H,1.5597241601289173,0.8569057016858572,0.1488169943411968,0.944,7.972048533594388,4.510497477340125,2.1168680514983333,0.03451774025872263,0.6416080130000097,0.8036251021440737,0.8078394780999919,47.722,3.4627884141178944,0.6036178320121691,0.7036904046899383,40,5
grid,dgp1,300,10,500,5,1,0.1403811013909831,SSRF-rob,1.5179014876591614,0.8393741905398051,0.07974298334108541,0.946,8.061046968911057,4.470043419636503,1.4602790544295763,0.1445277992389151,1.4842541200000028,0.8036251021440737,0.8078394780999919,47.722,3.4627884141178944,0.6036178320121691,0.7036904046899383,40,5
grid,dgp1,300,10,500,5,1,0.1403811013909831,RidgeRF,1.526454086159065,0.8457676404184264,0.08957815379965743,0.928,8.188464787014972,4.225756371582605,0.9581654312074765,0.3382111693288864,0.6706029569999998,0.8036251021440737,0.8078394780999919,47.722,3.4627884141178944,0.6036178320121691,0.7036904046899383,40,5
grid,dgp1,300,10,500,5,1,0.1403811013909831,LassoRF,1.5253529247579567,0.8403083887140342,0.0860845261005647,0.944,8.05541792636569,4.413124365568955,0.9689325007222683,0.33281338679792566,0.8053506970000086,0.8036251021440737,0.8078394780999919,47.722,3.4627884141178944,0.6036178320121691,0.7036904046899383,40,5
grid,dgp1,300,10,500,5,1,0.1403811013909831,GBM,1.5985263471272861,0.8693827120795338,0.18675464145852483,0.946,8.221174629051445,4.746898965932962,3.377157841425142,0.0007606340251955734,0.1591421720000028,0.8036251021440737,0.8078394780999919,47.722,3.4627884141178944,0.6036178320121691,0.7036904046899383,40,5
grid,dgp1,300,10,500,5,1,0.1403811013909831,RF-tuned,1.4971521636022032,0.8328702647333025,0.07119441728907336,0.946,7.983778160120208,4.501764287323723,-1.6337115608606931,0.10263451267966957,2.838832647000004,0.8036251021440737,0.8078394780999919,47.722,3.4627884141178944,0.6036178320121691,0.7036904046899383,40,5
grid,dgp1,300,10,500,5,1,0.1403811013909831,SSRF-tuned,1.4962884658426368,0.832849387508475,0.0703594559555159,0.944,7.999069069600536,4.4476122323664375,-1.7857581615634806,0.07444167540875068,3.7569044349999956,0.8036251021440737,0.8078394780999919,47.722,3.4627884141178944,0.6036178320121691,0.7036904046899383,40,5
grid,dgp1,300,10,10,5,2,0.15151309208301256,RF,1.0964298952363378,0.7716482957038969,0.1483858979733636,0.964,5.646989930449445,4.4298283504326665,3.214518337907134,0.0013485114937822717,0.027018875999999636,0.7817422937402112,0.7859322694878637,48.1,3.49217069048093,0.7931781368146762,0.8007584710276348,40,5
grid,dgp1,300,10,10,5,2,0.15151309208301256,SSRF,1.0684171162554332,0.7591268192604179,0.1053638248192162,0.968,5.603132834798428,4.421372012955351,-3.054360860509683,0.00231519355054025,0.027018875999999636,0.7817422937402112,0.7859322694878637,48.1,3.49217069048093,0.7931781368146762,0.8007584710276348,40,5
grid,dgp1,300,10,10,5,2,0.15151309208301256,SSRF-JS,1.0738165951153864,0.7606674953500062,0.10891384238664918,0.968,5.635028993116384,4.459325464033202,,,0.027018875999999636,0.7817422937402112,0.7859322694878637,48.1,3.49217069048093,0.7931781368146762,0.8007584710276348,40,5
grid,dgp1,300,10,10,5,2,0.15151309208301256,RF-H,1.0872929668475446,0.7720942585813964,0.11261368203345942,0.968,5.692378279370026,4.4762640038269295,0.5937171148498782,0.5528357383136961,0.017451201000000083,0.7817422937402112,0.7859322694878637,48.1,3.49217069048093,0.7931781368146762,0.8007584710276348,40,5
grid,dgp1,300,10,10,5,2,0.15151309208301256,SSRF-H,1.1545475633342899,0.7980650487634936,0.13984889431974465,0.972,5.8631892992184635,4.826324556792814,3.4298096922814607,0.0006286976650336998,0.017451201000000083,0.7817422937402112,0.7859322694878637,48.1,3.49217069048093,0.7931781368146762,0.8007584710276348,40,5
grid,dgp1,300,10,10,5,2,0.15151309208301256,SSRF-JS-H,1.145694018138819,0.7959100705431803,0.13591124600617985,0.968,5.778324877229989,4.672428294178345,3.140969458066017,0.0017334060786114447,0.017451201000000083,0.7817422937402112,0.7859322694878637,48.1,3.49217069048093,0.7931781368146762,0.8007584710276348,40,5
grid,dgp1,300,10,10,5,2,0.15151309208301256,SSRF-rob,1.0811981640989357,0.7644285645934874,0.12407488796393801,0.968,5.618267408355544,4.396920740030226,2.2481182540386526,0.024786043731049198,0.024092076000002294,0.7817422937402112,0.7859322694878637,48.1,3.49217069048093,0.7931781368146762,0.8007584710276348,40,5
grid,dgp1,300,10,10,5,2,0.15151309208301256,RidgeRF,1.0769542521787794,0.7663193541739027,0.1202845891255318,0.944,5.6509831168952624,4.178004843590742,0.11228886611109096,0.9106169275032401,0.01457380499999772,0.7817422937402112,0.7859322694878637,48.1,3.49217069048093,0.7931781368146762,0.8007584710276348,40,5
grid,dgp1,300,10,10,5,2,0.15151309208301256,LassoRF,1.0819868366884402,0.7764990844625175,0.11988718776391377,0.968,5.739720293528362,4.53274514115985,0.3174088220482044,0.7509997402945474,0.03239913600000932,0.7817422937402112,0.7859322694878637,48.1,3.49217069048093,0.7931781368146762,0.8007584710276348,40,5
grid,dgp1,300,10,10,5,2,0.15151309208301256,GBM,1.071136691484126,0.764123456517018,0.09951482220861631,0.97,5.611720715602885,4.371381325159293,-0.1351501231921144,0.8925204062772608,0.03973314099999925,0.7817422937402112,0.7859322694878637,48.1,3.49217069048093,0.7931781368146762,0.8007584710276348,40,5
grid,dgp1,300,10,10,5,2,0.15151309208301256,RF-tuned,1.0276496043886005,0.7492946375833641,0.06228292466806553,0.968,5.613857828382027,4.363542333186067,-2.085494580878918,0.037277759371520953,1.9529822260000032,0.7817422937402112,0.7859322694878637,48.1,3.49217069048093,0.7931781368146762,0.8007584710276348,40,5
grid,dgp1,300,10,10,5,2,0.15151309208301256,SSRF-tuned,1.029441589522246,0.7530137511479177,0.06084970155227762,0.964,5.5685260658432165,4.260381553313073,-1.9786953931623232,0.04812462056393461,1.9657076059999952,0.7817422937402112,0.7859322694878637,48.1,3.49217069048093,0.7931781368146762,0.8007584710276348,40,5
grid,dgp1,300,10,500,5,2,0.15151309208301256,RF,1.0312739355167928,0.7435510787080564,0.05930089829767014,0.938,5.555720851786933,4.076702575575121,-1.898010158261195,0.05798278351593769,1.2041608109999942,0.7861685209990823,0.7904439891525371,47.66,3.4679240221887966,0.7315425237088948,0.759786212160264,40,5
grid,dgp1,300,10,500,5,2,0.15151309208301256,SSRF,1.041240729639729,0.7475680336140502,0.056932750593492204,0.938,5.616897615693912,4.114443135501117,1.5812676149959828,0.11413339323627637,1.2041608109999942,0.7861685209990823,0.7904439891525371,47.66,3.4679240221887966,0.7315425237088948,0.759786212160264,40,5
grid,dgp1,300,10,500,5,2,0.15151309208301256,SSRF-JS,1.040687363630817,0.7472534028081081,0.05682662522375185,0.94,5.614051167695691,4.118757775462159,,,1.2041608109999942,0.7861685209990823,0.7904439891525371,47.66,3.4679240221887966,0.7315425237088948,0.759786212160264,40,5
grid,dgp1,300,10,500,5,2,0.15151309208301256,RF-H,1.0501787483630363,0.7525306879100566,0.05941456278579872,0.934,5.677765503652972,4.149056868027692,1.1446037061532706,0.2526475132479418,0.5420004389999917,0.7861685209990823,0.7904439891525371,47.66,3.4679240221887966,0.7315425237088948,0.759786212160264,40,5
grid,dgp1,300,10,500,5,2,0.15151309208301256,SSRF-H,1.1532905466315628,0.7933175843840322,0.1324373035956238,0.936,5.875421967497634,4.290616132773002,6.803013575716136,1.7624099471755037e-11,0.5420004389999917,0.7861685209990823,0.7904439891525371,47.66,3.4679240221887966,0.7315425237088948,0.759786212160264,40,5
grid,dgp1,300,10,500,5,2,0.15151309208301256,SSRF-JS-H,1.145793781378271,0.790491594484247,0.12676612231954487,0.934,5.856653064383418,4.2935714950861845,6.626523910962784,5.610735804652218e-11,0.5420004389999917,0.7861685209990823,0.7904439891525371,47.66,3.4679240221887966,0.7315425237088948,0.759786212160264,40,5
grid,dgp1,300,10,500,5,2,0.15151309208301256,SSRF-rob,1.0352449879999528,0.7450311175757804,0.05626423600489835,0.94,5.5838404992049835,4.120685885778609,-2.59386587405916,0.009629233042096577,1.7491170119999992,0.7861685209990823,0.7904439891525371,47.66,3.4679240221887966,0.7315425237088948,0.759786212160264,40,5
grid,dgp1,300,10,500,5,2,0.15151309208301256,RidgeRF,1.0471119018015402,0.7498469874734736,0.0708960960025461,0.932,5.5677408427224675,4.049502859946806,0.4657033736164838,0.6415293478510613,0.9334451750000028,0.7861685209990823,0.7904439891525371,47.66,3.4679240221887966,0.7315425237088948,0.759786212160264,40,5
grid,dgp1,300,10,500,5,2,0.15151309208301256,LassoRF,1.0403993453591505,0.7496288915136375,0.07515007788123149,0.948,5.598644810054434,4.083758532827886,-0.02167034829232515,0.9827152442605939,0.7894831920000058,0.7861685209990823,0.7904439891525371,47.66,3.4679240221887966,0.7315425237088948,0.759786212160264,40,5
grid,dgp1,300,10,500,5,2,0.15151309208301256,GBM,1.071136691484126,0.764123456517018,0.09951482220861631,0.934,5.602648270599155,4.085206649571325,2.1219551447535134,0.034087104612546715,0.07333272599998963,0.7861685209990823,0.7904439891525371,47.66,3.4679240221887966,0.7315425237088948,0.759786212160264,40,5
grid,dgp1,300,10,500,5,2,0.15151309208301256,RF-tuned,1.0301300269896965,0.7475121482993244,0.05308317579274302,0.944,5.577555400215006,4.143633516874581,-0.986686145879102,0.32403543166010973,2.4897202939999943,0.7861685209990823,0.7904439891525371,47.66,3.4679240221887966,0.7315425237088948,0.759786212160264,40,5
grid,dgp1,300,10,500,5,2,0.15151309208301256,SSRF-tuned,1.0266236535953526,0.7461229396283927,0.04954693789328767,0.944,5.561010566652339,4.137860813280364,-1.4753038965253407,0.14044594617808168,3.3385596239999984,0.7861685209990823,0.7904439891525371,47.66,3.4679240221887966,0.7315425237088948,0.759786212160264,40,5
grid,dgp1,300,10,10,5,3,0.14228987018781272,RF,1.1510326402489284,0.8203832507769399,0.14348032135373298,0.954,5.30959539605015,4.26675723015943,6.55241811229262,9.051863020070201e-11,0.01824881000000289,0.7981830079604478,0.802411066098154,48.1,3.4982358061929233,0.600897455522654,0.6575888713123316,2,5
grid,dgp1,300,10,10,5,3,0.14228987018781272,SSRF,1.104845637747786,0.7998859914193877,0.10286094588042496,0.956,5.214913405013094,4.1908158855039455,-1.0687657096060934,0.28543343124167103,0.01824881000000289,0.7981830079604478,0.802411066098154,48.1,3.4982358061929233,0.600897455522654,0.6575888713123316,2,5
grid,dgp1,300,10,10,5,3,0.14228987018781272,SSRF-JS,1.1062591385110974,0.8007457682964814,0.1054833272576649,0.956,5.2184021959288005,4.196008210637841,,,0.01824881000000289,0.7981830079604478,0.802411066098154,48.1,3.4982358061929233,0.600897455522654,0.6575888713123316,2,5
grid,dgp1,300,10,10,5,3,0.14228987018781272,RF-H,1.058886843001139,0.7810551662386576,0.10345777445323547,0.976,5.097196561336382,4.540297513339348,-2.1323171022579444,0.033224147557065264,0.016950807000000623,0.7981830079604478,0.802411066098154,48.1,3.4982358061929233,0.600897455522654,0.6575888713123316,2,5
grid,dgp1,300,10,10,5,3,0.14228987018781272,SSRF-H,1.1000609023656711,0.7907302647542288,0.12992161449413475,0.968,5.226591829041168,4.4272746088255275,-0.24972312744269753,0.8028528105843885,0.016950807000000623,0.7981830079604478,0.802411066098154,48.1,3.4982358061929233,0.600897455522654,0.6575888713123316,2,5
grid,dgp1,300,10,10,5,3,0.14228987018781272,SSRF-JS-H,1.0947017682893396,0.7884976018512789,0.12515105147453476,0.968,5.213045640426687,4.406878634988123,-0.4748067149359189,0.6350285241223379,0.016950807000000623,0.7981830079604478,0.802411066098154,48.1,3.4982358061929233,0.600897455522654,0.6575888713123316,2,5
grid,dgp1,300,10,10,5,3,0.14228987018781272,SSRF-rob,1.1205455281549161,0.8072622824971448,0.1169246417841812,0.95,5.247224012417767,4.196418349700955,5.745317215096474,1.2174294754561794e-08,0.04702539299999842,0.7981830079604478,0.802411066098154,48.1,3.4982358061929233,0.600897455522654,0.6575888713123316,2,5
grid,dgp1,300,10,10,5,3,0.14228987018781272,RidgeRF,1.1328650855391853,0.8123207633667214,0.12608164006860706,0.968,5.346216353634834,4.62998866586811,1.2162287475406601,0.22418508505395052,0.029079432999992605,0.7981830079604478,0.802411066098154,48.1,3.4982358061929233,0.600897455522654,0.6575888713123316,2,5
grid,dgp1,300,10,10,5,3,0.14228987018781272,LassoRF,1.1099138405685898,0.7938974729956871,0.11732606206259698,0.974,5.445151183836581,4.748365619759801,0.15532977483279944,0.8765927218054633,0.031997255000007385,0.7981830079604478,0.802411066098154,48.1,3.4982358061929233,0.600897455522654,0.6575888713123316,2,5
grid,dgp1,300,10,10,5,3,0.14228987018781272,GBM,1.1154786491663617,0.7864318216746392,0.11940889957628979,0.972,5.47760858679159,4.658468574989909,0.32229289412523204,0.7472982484088018,0.0292931750000065,0.7981830079604478,0.802411066098154,48.1,3.4982358061929233,0.600897455522654,0.6575888713123316,2,5
grid,dgp1,300,10,10,5,3,0.14228987018781272,RF-tuned,1.2162294886405627,0.8411118147776299,0.24009009574548446,0.964,5.539589189290498,4.534567498191634,3.5116780266508996,0.00046519261215670577,2.115430836999991,0.7981830079604478,0.802411066098154,48.1,3.4982358061929233,0.600897455522654,0.6575888713123316,2,5
grid,dgp1,300,10,10,5,3,0.14228987018781272,SSRF-tuned,1.1496789000673244,0.8107911216745369,0.1335041617469573,0.958,5.350120878737203,4.330382182265176,1.8986276605116992,0.05790139164435913,2.1368365179999955,0.7981830079604478,0.802411066098154,48.1,3.4982358061929233,0.600897455522654,0.6575888713123316,2,5
grid,dgp1,300,10,500,5,3,0.14228987018781272,RF,1.0748547213783666,0.7822710139265269,0.07422192851732215,0.954,5.477348350922397,4.205729770248494,2.6789376531741533,0.0075069588461980944,1.099242351000001,0.7885776762960772,0.7928995234592457,47.686,3.476091485476119,0.6482881186136913,0.6805793365651521,2,5
grid,dgp1,300,10,500,5,3,0.14228987018781272,SSRF,1.0578627136990904,0.7750367442997926,0.06323631147611943,0.952,5.490492677498673,4.214018645701882,-2.0393422579391456,0.04167861357875983,1.099242351000001,0.7885776762960772,0.7928995234592457,47.686,3.476091485476119,0.6482881186136913,0.6805793365651521,2,5
grid,dgp1,300,10,500,5,3,0.14228987018781272,SSRF-JS,1.058841183991191,0.7753433010138785,0.06419032368840719,0.952,5.488933355155209,4.220763763267494,,,1.099242351000001,0.7885776762960772,0.7928995234592457,47.686,3.476091485476119,0.6482881186136913,0.6805793365651521,2,5
grid,dgp1,300,10,500,5,3,0.14228987018781272,RF-H,1.0482604178357955,0.7696597554840067,0.061340593453478975,0.95,5.551317797897558,4.24138111234246,-1.0521852436058658,0.29296900293035244,0.6125753270000018,0.7885776762960772,0.7928995234592457,47.686,3.476091485476119,0.6482881186136913,0.6805793365651521,2,5
grid,dgp1,300,10,500,5,3,0.14228987018781272,SSRF-H,1.0995131048843154,0.7892057553036833,0.1239211154348593,0.948,5.695377077078278,4.183968774238432,2.0319194871205126,0.04242600741794734,0.6125753270000018,0.7885776762960772,0.7928995234592457,47.686,3.476091485476119,0.6482881186136913,0.6805793365651521,2,5
grid,dgp1,300,10,500,5,3,0.14228987018781272,SSRF-JS-H,1.0959378334441325,0.7879652265558399,0.11954547670696634,0.946,5.682516124747885,4.153860876657645,1.9198002933348397,0.055167669901681204,0.6125753270000018,0.7885776762960772,0.7928995234592457,47.686,3.476091485476119,0.6482881186136913,0.6805793365651521,2,5
grid,dgp1,300,10,500,5,3,0.14228987018781272,SSRF-rob,1.0641642567830294,0.7776593070853436,0.06691946141689184,0.952,5.475383185143035,4.213263876153767,2.0694551205499714,0.038760048223103784,1.6986492449999986,0.7885776762960772,0.7928995234592457,47.686,3.476091485476119,0.6482881186136913,0.6805793365651521,2,5
grid,dgp1,300,10,500,5,3,0.14228987018781272,RidgeRF,1.0782381894842872,0.7865340615579239,0.07516111711149889,0.954,5.6024343162902985,4.341999482094268,1.517334438656363,0.12949863475367535,0.8705715679999884,0.7885776762960772,0.7928995234592457,47.686,3.476091485476119,0.6482881186136913,0.6805793365651521,2,5
grid,dgp1,300,10,500,5,3,0.14228987018781272,LassoRF,1.0889080194146168,0.7859804969943806,0.08574435532478132,0.96,5.529826842037727,4.319380408366854,1.8295760279710682,0.06761126851109746,0.7583576039999969,0.7885776762960772,0.7928995234592457,47.686,3.476091485476119,0.6482881186136913,0.6805793365651521,2,5
grid,dgp1,300,10,500,5,3,0.14228987018781272,GBM,1.1154786491663617,0.7864318216746392,0.11940889957628979,0.95,5.738998301479156,4.228614770260406,2.489101048922147,0.012968498913998542,0.038684471999999914,0.7885776762960772,0.7928995234592457,47.686,3.476091485476119,0.6482881186136913,0.6805793365651521,2,5
grid,dgp1,300,10,500,5,3,0.14228987018781272,RF-tuned,1.1082296806259535,0.7933402155425863,0.11003440003323915,0.954,5.597567573222971,4.328234698084706,3.685013405723919,0.0002409760476336758,3.387171726999995,0.7885776762960772,0.7928995234592457,47.686,3.476091485476119,0.6482881186136913,0.6805793365651521,2,5
grid,dgp1,300,10,500,5,3,0.14228987018781272,SSRF-tuned,1.0775652262389053,0.7810348986195872,0.08631840569815515,0.956,5.552809020457117,4.241085645101969,2.066879693828316,0.039002669278749895,5.072830474999975,0.7885776762960772,0.7928995234592457,47.686,3.476091485476119,0.6482881186136913,0.6805793365651521,2,5
grid,dgp1,300,10,10,5,4,0.14483772809398615,RF,1.1084526953460954,0.7922594298237362,0.16273032730884085,0.952,5.344015399616325,4.474966804604526,4.4100200050820915,1.1456420096909684e-05,0.014443099000004622,0.7797814943739289,0.7841090548763381,48.3,3.50024709201492,0.696588782496203,0.6701494205618029,2,3
grid,dgp1,300,10,10,5,4,0.14483772809398615,SSRF,1.0754644479011268,0.7775498668317146,0.13005001369975297,0.956,5.2933105720408316,4.383704451453755,-1.5688720464452874,0.116994423916885,0.014443099000004622,0.7797814943739289,0.7841090548763381,48.3,3.50024709201492,0.696588782496203,0.6701494205618029,2,3
grid,dgp1,300,10,10,5,4,0.14483772809398615,SSRF-JS,1.0775066546822372,0.7780899323383472,0.13150405417948327,0.956,5.289181133033542,4.386929184185166,,,0.014443099000004622,0.7797814943739289,0.7841090548763381,48.3,3.50024709201492,0.696588782496203,0.6701494205618029,2,3
grid,dgp1,300,10,10,5,4,0.14483772809398615,RF-H,1.0928532022123167,0.7869691434898709,0.1304761374763747,0.968,5.47072156728321,4.495503342050859,0.7019596818140608,0.48286781280699737,0.009002361000000292,0.7797814943739289,0.7841090548763381,48.3,3.50024709201492,0.696588782496203,0.6701494205618029,2,3
grid,dgp1,300,10,10,5,4,0.14483772809398615,SSRF-H,1.1065723124123557,0.7953723395313994,0.160581708957181,0.968,5.5094315848974675,4.589797268557937,1.2679153277043351,0.20512361230313816,0.009002361000000292,0.7797814943739289,0.7841090548763381,48.3,3.50024709201492,0.696588782496203,0.6701494205618029,2,3
grid,dgp1,300,10,10,5,4,0.14483772809398615,SSRF-JS-H,1.1022445559546419,0.7936975333232631,0.15571035183755577,0.966,5.479405810895351,4.523470068607461,1.0977218892354406,0.2725904564299217,0.009002361000000292,0.7797814943739289,0.7841090548763381,48.3,3.50024709201492,0.696588782496203,0.6701494205618029,2,3
grid,dgp1,300,10,10,5,4,0.14483772809398615,SSRF-rob,1.0899063782755596,0.783626470888958,0.14420809459203007,0.952,5.319813140203018,4.493337006602937,3.6265211620530473,0.0003017809428091999,0.026488193000005822,0.7797814943739289,0.7841090548763381,48.3,3.50024709201492,0.696588782496203,0.6701494205618029,2,3
grid,dgp1,300,10,10,5,4,0.14483772809398615,RidgeRF,1.131581365975155,0.8047864066758863,0.16297671062931374,0.942,5.304392649819214,4.24550627970514,1.902502075271503,0.057392879441165355,0.031448994999976776,0.7797814943739289,0.7841090548763381,48.3,3.50024709201492,0.696588782496203,0.6701494205618029,2,3
grid,dgp1,300,10,10,5,4,0.14483772809398615,LassoRF,1.067933680373004,0.7778030319667639,0.11170962507474178,0.954,5.240089820248843,4.27023986562051,-0.3893976014245161,0.6970650375357879,0.07024492599998666,0.7797814943739289,0.7841090548763381,48.3,3.50024709201492,0.696588782496203,0.6701494205618029,2,3
grid,dgp1,300,10,10,5,4,0.14483772809398615,GBM,1.1709028928601228,0.8123768119417172,0.24513858018448662,0.95,5.4922556238769085,4.468997735447448,2.377292338891907,0.017627709474491084,0.1316783720000103,0.7797814943739289,0.7841090548763381,48.3,3.50024709201492,0.696588782496203,0.6701494205618029,2,3
grid,dgp1,300,10,10,5,4,0.14483772809398615,RF-tuned,1.1164715790939908,0.8039877190342304,0.15787032443922128,0.954,5.300725761740212,4.2465953476072285,1.6521064763262712,0.09882709041545315,1.790646124999995,0.7797814943739289,0.7841090548763381,48.3,3.50024709201492,0.696588782496203,0.6701494205618029,2,3
grid,dgp1,300,10,10,5,4,0.14483772809398615,SSRF-tuned,1.0957297995571482,0.7924562987851966,0.14307177072830546,0.956,5.358633400188983,4.262069116535818,0.9205765947194586,0.3574937672443495,1.825583784999992,0.7797814943739289,0.7841090548763381,48.3,3.50024709201492,0.696588782496203,0.6701494205618029,2,3
grid,dgp1,300,10,500,5,4,0.14483772809398615,RF,1.047123789053054,0.7701243777207154,0.07799577031399309,0.964,5.58294394055612,4.357058899637969,1.0727150808711348,0.2836580279801739,1.0460396000000003,0.7571187553636146,0.7615918727382752,47.438,3.488332067904262,0.7485236541967721,0.6509509026680393,2,3
grid,dgp1,300,10,500,5,4,0.14483772809398615,SSRF,1.0405348805347203,0.7670374479731316,0.07764418769977892,0.962,5.571617359582198,4.257608016432128,-1.1068252466269772,0.2686359321303248,1.0460396000000003,0.7571187553636146,0.7615918727382752,47.438,3.488332067904262,0.7485236541967721,0.6509509026680393,2,3
grid,dgp1,300,10,500,5,4,0.14483772809398615,SSRF-JS,1.0409865465187504,0.7672394840809774,0.07767559943569943,0.962,5.568935530070887,4.252151874727153,,,1.0460396000000003,0.7571187553636146,0.7615918727382752,47.438,3.488332067904262,0.7485236541967721,0.6509509026680393,2,3
grid,dgp1,300,10,500,5,4,0.14483772809398615,RF-H,1.0503046920681047,0.7699054514430554,0.09326858181999485,0.96,5.560889105846512,4.188829381686452,1.0731336668639355,0.2834702964455079,0.5907385360000035,0.7571187553636146,0.7615918727382752,47.438,3.488332067904262,0.7485236541967721,0.6509509026680393,2,3
grid,dgp1,300,10,500,5,4,0.14483772809398615,SSRF-H,1.101912707481013,0.7939844537977129,0.15541125247805518,0.962,5.664217151759334,4.413140442026922,3.6249707339892945,0.00030357335894524784,0.5907385360000035,0.7571187553636146,0.7615918727382752,47.438,3.488332067904262,0.7485236541967721,0.6509509026680393,2,3
grid,dgp1,300,10,500,5,4,0.14483772809398615,SSRF-JS-H,1.1000594145991425,0.7928278632069022,0.15269287164225262,0.962,5.66041801298554,4.409071902411731,3.610860872124822,0.00032035061511224495,0.5907385360000035,0.7571187553636146,0.7615918727382752,47.438,3.488332067904262,0.7485236541967721,0.6509509026680393,2,3
grid,dgp1,300,10,500,5,4,0.14483772809398615,SSRF-rob,1.0428766378212817,0.7681491233304911,0.07651481176975448,0.962,5.5711395494246725,4.291747258315868,0.6234523383586157,0.5331296263560039,1.6361358120000205,0.7571187553636146,0.7615918727382752,47.438,3.488332067904262,0.7485236541967721,0.6509509026680393,2,3
grid,dgp1,300,10,500,5,4,0.14483772809398615,RidgeRF,1.0738782403033833,0.784231625436978,0.09185091731899749,0.964,5.669151399208463,4.419402848065987,2.375747952783736,0.017701228954331485,0.826436847999986,0.7571187553636146,0.7615918727382752,47.438,3.488332067904262,0.7485236541967721,0.6509509026680393,2,3
grid,dgp1,300,10,500,5,4,0.14483772809398615,LassoRF,1.0465602545939912,0.7675724350049784,0.07430937451168355,0.954,5.558833388531776,4.264829822566774,0.7438692776075848,0.45713048170973536,0.7880007589999991,0.7571187553636146,0.7615918727382752,47.438,3.488332067904262,0.7485236541967721,0.6509509026680393,2,3
grid,dgp1,300,10,500,5,4,0.14483772809398615,GBM,1.174382237813541,0.8139969841899015,0.2514762843585675,0.948,5.839361203920917,4.378108323713193,3.7490391792850764,0.00018770148876463702,0.16986545200001046,0.7571187553636146,0.7615918727382752,47.438,3.488332067904262,0.7485236541967721,0.6509509026680393,2,3
grid,dgp1,300,10,500,5,4,0.14483772809398615,RF-tuned,1.050190358311641,0.7730060579929428,0.08696067224850919,0.966,5.554311498864161,4.3712525650742,1.0723056614074629,0.28384172997341783,2.9216013060000137,0.7571187553636146,0.7615918727382752,47.438,3.488332067904262,0.7485236541967721,0.6509509026680393,2,3
grid,dgp1,300,10,500,5,4,0.14483772809398615,SSRF-tuned,1.0429323892399665,0.7700347558761662,0.08509648720263857,0.964,5.5641116204681484,4.301330892159032,0.4455476767063391,0.6560205474344522,4.196457462000012,0.7571187553636146,0.7615918727382752,47.438,3.488332067904262,0.7485236541967721,0.6509509026680393,2,3
grid,dgp1,300,10,10,5,5,0.12010602017224227,RF,1.2506432381051618,0.834928772261234,0.17783038161483716,0.948,5.8201393037316675,4.496322310413389,4.867747730581548,1.311256920331624e-06,0.013843499999978803,0.7697836298965987,0.7744072318906772,47.4,3.461711003901727,0.7593183269716095,0.7163687427045711,40,5
grid,dgp1,300,10,10,5,5,0.12010602017224227,SSRF,1.2135963008860222,0.8198225671268775,0.13384477233574546,0.948,5.7997651088300595,4.359055825366412,-0.6868820186294401,0.4923164886813022,0.013843499999978803,0.7697836298965987,0.7744072318906772,47.4,3.461711003901727,0.7593183269716095,0.7163687427045711,40,5
grid,dgp1,300,10,10,5,5,0.12010602017224227,SSRF-JS,1.214638006637585,0.820564288659304,0.13352019272719265,0.944,5.79254416120092,4.315697543498165,,,0.013843499999978803,0.7697836298965987,0.7744072318906772,47.4,3.461711003901727,0.7593183269716095,0.7163687427045711,40,5
grid,dgp1,300,10,10,5,5,0.12010602017224227,RF-H,1.230646666845591,0.8313268299311792,0.15906680423195543,0.938,5.897891426546988,4.326535552762331,0.6594226176250347,0.5097763993488563,0.008359890999997788,0.7697836298965987,0.7744072318906772,47.4,3.461711003901727,0.7593183269716095,0.7163687427045711,40,5
grid,dgp1,300,10,10,5,5,0.12010602017224227,SSRF-H,1.2411482159200882,0.8312336615745912,0.14245743494627736,0.942,5.809937858072013,4.440205878742026,1.17159155403869,0.24164042590011287,0.008359890999997788,0.7697836298965987,0.7744072318906772,47.4,3.461711003901727,0.7593183269716095,0.7163687427045711,40,5
grid,dgp1,300,10,10,5,5,0.12010602017224227,SSRF-JS-H,1.2486602247672587,0.8341231625044013,0.1513337780153984,0.944,5.83030069684531,4.420547106844554,1.4794880442311495,0.13932518047625234,0.008359890999997788,0.7697836298965987,0.7744072318906772,47.4,3.461711003901727,0.7593183269716095,0.7163687427045711,40,5
grid,dgp1,300,10,10,5,5,0.12010602017224227,SSRF-rob,1.2272167127790503,0.8252922825992541,0.14908016079364256,0.944,5.8073903887435785,4.37448836867172,3.9453992062296934,8.523730271934195e-05,0.06051266000000055,0.7697836298965987,0.7744072318906772,47.4,3.461711003901727,0.7593183269716095,0.7163687427045711,40,5
grid,dgp1,300,10,10,5,5,0.12010602017224227,RidgeRF,1.2767990077958067,0.8444952897351921,0.17829285739599554,0.946,5.889698592993338,4.582323703146327,2.3757348526816187,0.01770185372541605,0.02914885000001277,0.7697836298965987,0.7744072318906772,47.4,3.461711003901727,0.7593183269716095,0.7163687427045711,40,5
grid,dgp1,300,10,10,5,5,0.12010602017224227,LassoRF,1.2464084365406705,0.8389711042658289,0.1707941834118947,0.946,5.860252313096234,4.303390763512096,1.123732660256076,0.261396413961502,0.06676013899999589,0.7697836298965987,0.7744072318906772,47.4,3.461711003901727,0.7593183269716095,0.7163687427045711,40,5
grid,dgp1,300,10,10,5,5,0.12010602017224227,GBM,1.2383392217584883,0.8361079225854845,0.14723907652552826,0.944,5.852017806043737,4.306845034165526,1.2185308695943378,0.2233099780122104,0.060199374000006856,0.7697836298965987,0.7744072318906772,47.4,3.461711003901727,0.7593183269716095,0.7163687427045711,40,5
grid,dgp1,300,10,10,5,5,0.12010602017224227,RF-tuned,1.2065247074517438,0.815543782430675,0.1184231675972741,0.936,5.820217422321375,4.251985593503278,-0.4082911139670454,0.6831474572906381,1.9172828000000095,0.7697836298965987,0.7744072318906772,47.4,3.461711003901727,0.7593183269716095,0.7163687427045711,40,5
grid,dgp1,300,10,10,5,5,0.12010602017224227,SSRF-tuned,1.1700371311676354,0.8058272557378838,0.09781971999793278,0.938,5.739879709167359,4.1734108156891745,-2.3458101596816943,0.019180535333421747,1.9325401470000259,0.7697836298965987,0.7744072318906772,47.4,3.461711003901727,0.7593183269716095,0.7163687427045711,40,5
grid,dgp1,300,10,500,5,5,0.12010602017224227,RF,1.1853322183019586,0.8159961231230207,0.10726143570109566,0.938,6.2023018717836855,4.184192823004986,1.5471928241116153,0.12213346689624797,1.0489405470000008,0.7769239265073027,0.7813651123349489,47.612,3.473707131265683,0.7578742803315986,0.7442308931456425,40,5
grid,dgp1,300,10,500,5,5,0.12010602017224227,SSRF,1.17594669649969,0.8091905544898391,0.09173709517367959,0.93,6.227049718773623,4.030895870070773,-1.4644662367612702,0.143381207269801,1.0489405470000008,0.7769239265073027,0.7813651123349489,47.612,3.473707131265683,0.7578742803315986,0.7442308931456425,40,5
grid,dgp1,300,10,500,5,5,0.12010602017224227,SSRF-JS,1.1764539406482606,0.8094737385228229,0.09195714500662487,0.93,6.223136596014654,4.041670056719224,,,1.0489405470000008,0.7769239265073027,0.7813651123349489,47.612,3.473707131265683,0.7578742803315986,0.7442308931456425,40,5
grid,dgp1,300,10,500,5,5,0.12010602017224227,RF-H,1.1690980626913197,0.8046383546080527,0.08821919931470742,0.93,6.203400672536344,4.182260184629739,-0.7880552488192077,0.43085133625810174,0.6458692109999902,0.7769239265073027,0.7813651123349489,47.612,3.473707131265683,0.7578742803315986,0.7442308931456425,40,5
grid,dgp1,300,10,500,5,5,0.12010602017224227,SSRF-H,1.2378663728044088,0.8273854902216028,0.13663362439559876,0.934,6.404600703023265,4.231505655435619,3.46475894551336,0.0005532514818632787,0.6458692109999902,0.7769239265073027,0.7813651123349489,47.612,3.473707131265683,0.7578742803315986,0.7442308931456425,40,5
grid,dgp1,300,10,500,5,5,0.12010602017224227,SSRF-JS-H,1.2341068478455572,0.8262092039693466,0.1343148768536388,0.932,6.397407656633538,4.217953826418004,3.332084459512208,0.0008935836437141749,0.6458692109999902,0.7769239265073027,0.7813651123349489,47.612,3.473707131265683,0.7578742803315986,0.7442308931456425,40,5
grid,dgp1,300,10,500,5,5,0.12010602017224227,SSRF-rob,1.1786053199608262,0.8114814531128478,0.09688038370584307,0.928,6.215612283933067,4.073002158626204,0.8562337244775676,0.3920738382140812,1.6511202530000162,0.7769239265073027,0.7813651123349489,47.612,3.473707131265683,0.7578742803315986,0.7442308931456425,40,5
grid,dgp1,300,10,500,5,5,0.12010602017224227,RidgeRF,1.1552911162799047,0.8030832691436367,0.10149619993702776,0.918,6.280331550883618,3.8677074225889974,-1.5262825465668035,0.12725603297843308,0.870124015999977,0.7769239265073027,0.7813651123349489,47.612,3.473707131265683,0.7578742803315986,0.7442308931456425,40,5
grid,dgp1,300,10,500,5,5,0.12010602017224227,LassoRF,1.2334252767962306,0.8351827222805879,0.16668037285026202,0.934,6.400087670013393,4.260694043385362,2.361521855121964,0.018391208749664493,0.6500412540000013,0.7769239265073027,0.7813651123349489,47.612,3.473707131265683,0.7578742803315986,0.7442308931456425,40,5
grid,dgp1,300,10,500,5,5,0.12010602017224227,GBM,1.2383392217584883,0.8361079225854845,0.14723907652552826,0.954,6.332627855905606,4.4898489912761885,4.054111606397731,5.4237229810616937e-05,0.06543428199998402,0.7769239265073027,0.7813651123349489,47.612,3.473707131265683,0.7578742803315986,0.7442308931456425,40,5
grid,dgp1,300,10,500,5,5,0.12010602017224227,RF-tuned,1.1658389012341126,0.8020902535100854,0.08575910931384309,0.94,6.186891958431471,4.27991199778306,-0.9521590511657879,0.3412466349013935,2.798093888000011,0.7769239265073027,0.7813651123349489,47.612,3.473707131265683,0.7578742803315986,0.7442308931456425,40,5
grid,dgp1,300,10,500,5,5,0.12010602017224227,SSRF-tuned,1.1673891566721002,0.8049479493414904,0.08563231971630543,0.942,6.161327656356483,4.28305498762063,-1.0971729213472956,0.2728301983999252,3.793821300000019,0.7769239265073027,0.7813651123349489,47.612,3.473707131265683,0.7578742803315986,0.7442308931456425,40,5
grid,dgp1,300,10,10,5,6,0.14490007952500616,RF,1.2831490302892867,0.8493758915471371,0.17479353601631084,0.932,6.514320305423603,4.193991340030105,4.120172370443577,4.0994293785422104e-05,0.014560525000007374,0.8218121409371741,0.8260382328559602,46.7,3.5293871586590577,0.5823248790689214,0.7457960718055543,40,5
grid,dgp1,300,10,10,5,6,0.14490007952500616,SSRF,1.255263265550048,0.8384711872888061,0.14215558126432593,0.932,6.4919414306279215,4.190810003371802,-1.3360146320052462,0.1818487442188412,0.014560525000007374,0.8218121409371741,0.8260382328559602,46.7,3.5293871586590577,0.5823248790689214,0.7457960718055543,40,5
grid,dgp1,300,10,10,5,6,0.14490007952500616,SSRF-JS,1.2568933450865611,0.838942324010417,0.14456290148266335,0.932,6.501660478832442,4.191749399716491,,,0.014560525000007374,0.8218121409371741,0.8260382328559602,46.7,3.5293871586590577,0.5823248790689214,0.7457960718055543,40,5
grid,dgp1,300,10,10,5,6,0.14490007952500616,RF-H,1.2613563446706566,0.841429913120244,0.15247756489044037,0.922,6.41367702724524,4.23937787743732,0.18172210751144657,0.8558376798348246,0.009311781999997493,0.8218121409371741,0.8260382328559602,46.7,3.5293871586590577,0.5823248790689214,0.7457960718055543,40,5
grid,dgp1,300,10,10,5,6,0.14490007952500616,SSRF-H,1.2785529224434136,0.8455145182007857,0.14743380712279414,0.938,6.486870533061715,4.578730061553158,0.8592315855913812,0.39041888619560106,0.009311781999997493,0.8218121409371741,0.8260382328559602,46.7,3.5293871586590577,0.5823248790689214,0.7457960718055543,40,5
grid,dgp1,300,10,10,5,6,0.14490007952500616,SSRF-JS-H,1.2756424674699596,0.8451829038017111,0.14349803197028838,0.94,6.457553661363719,4.553718221463752,0.7719339311511246,0.44033612232017433,0.009311781999997493,0.8218121409371741,0.8260382328559602,46.7,3.5293871586590577,0.5823248790689214,0.7457960718055543,40,5
grid,dgp1,300,10,10,5,6,0.14490007952500616,SSRF-rob,1.265042044486862,0.8422018349296734,0.1540796947934064,0.932,6.5074333531320026,4.18326123129232,3.375436771621725,0.0007653528976932993,0.024082450999998173,0.8218121409371741,0.8260382328559602,46.7,3.5293871586590577,0.5823248790689214,0.7457960718055543,40,5
grid,dgp1,300,10,10,5,6,0.14490007952500616,RidgeRF,1.210125019722888,0.8117909097854694,0.11981737230862771,0.932,6.503242152425582,4.16248554497366,-1.6683502638961358,0.09555957716485772,0.014628135999998904,0.8218121409371741,0.8260382328559602,46.7,3.5293871586590577,0.5823248790689214,0.7457960718055543,40,5
grid,dgp1,300,10,10,5,6,0.14490007952500616,LassoRF,1.2911296942317623,0.8535738371225003,0.15511135805230414,0.92,6.7316709544326825,4.310161525041751,1.1770748765316779,0.23944598657438249,0.07943105400002537,0.8218121409371741,0.8260382328559602,46.7,3.5293871586590577,0.5823248790689214,0.7457960718055543,40,5
grid,dgp1,300,10,10,5,6,0.14490007952500616,GBM,1.2536613215857604,0.8421431149501805,0.13733527441300017,0.912,6.618617108402109,4.076551468180935,-0.15064411315063492,0.8802868720861837,0.07982054199999311,0.8218121409371741,0.8260382328559602,46.7,3.5293871586590577,0.5823248790689214,0.7457960718055543,40,5
grid,dgp1,300,10,10,5,6,0.14490007952500616,RF-tuned,1.1928620298139454,0.8079145143956942,0.07826557676475124,0.92,6.471713805839666,4.138445427264428,-2.9621474105714802,0.003127349959240726,2.094820734999985,0.8218121409371741,0.8260382328559602,46.7,3.5293871586590577,0.5823248790689214,0.7457960718055543,40,5
grid,dgp1,300,10,10,5,6,0.14490007952500616,SSRF-tuned,1.1690455654435332,0.7983558477868691,0.06417280337772215,0.922,6.370814998387451,4.13585803583532,-4.141154868518422,3.747568923293682e-05,2.109102846999974,0.8218121409371741,0.8260382328559602,46.7,3.5293871586590577,0.5823248790689214,0.7457960718055543,40,5
grid,dgp1,300,10,500,5,6,0.14490007952500616,RF,1.1963226922511276,0.8172470061784083,0.09458686114440559,0.942,6.289806664296046,4.363674417469838,0.47712122352995884,0.633380158543132,0.9671020179999914,0.817440021545098,0.8216021035914528,47.466,3.4831922894413285,0.570734813690276,0.7261713930390454,40,5
grid,dgp1,300,10,500,5,6,0.14490007952500616,SSRF,1.1937063785582092,0.8143799839244426,0.0855837147647649,0.946,6.356716311808879,4.387957721693867,-0.4038675159558481,0.6863965805183052,0.9671020179999914,0.817440021545098,0.8216021035914528,47.466,3.4831922894413285,0.570734813690276,0.7261713930390454,40,5
grid,dgp1,300,10,500,5,6,0.14490007952500616,SSRF-JS,1.1939027377895013,0.8146704135514817,0.08628418367279915,0.946,6.354493193937187,4.369475118139171,,,0.9671020179999914,0.817440021545098,0.8216021035914528,47.466,3.4831922894413285,0.570734813690276,0.7261713930390454,40,5
grid,dgp1,300,10,500,5,6,0.14490007952500616,RF-H,1.2070542749126099,0.8158161907760412,0.08110411346663605,0.948,6.433707833711925,4.514899781012511,1.1362587337677117,0.25612079277404304,0.645473925999994,0.817440021545098,0.8216021035914528,47.466,3.4831922894413285,0.570734813690276,0.7261713930390454,40,5
grid,dgp1,300,10,500,5,6,0.14490007952500616,SSRF-H,1.2805818493127588,0.8455736431231391,0.14593098781112956,0.944,6.665237186696461,4.670958298359901,4.198353473977894,2.928384242298914e-05,0.645473925999994,0.817440021545098,0.8216021035914528,47.466,3.4831922894413285,0.570734813690276,0.7261713930390454,40,5
grid,dgp1,300,10,500,5,6,0.14490007952500616,SSRF-JS-H,1.2751691636341738,0.8434517051865963,0.14124993252783555,0.946,6.652288275820367,4.650017423021631,4.045600022757999,5.621302104876327e-05,0.645473925999994,0.817440021545098,0.8216021035914528,47.466,3.4831922894413285,0.570734813690276,0.7261713930390454,40,5
grid,dgp1,300,10,500,5,6,0.14490007952500616,SSRF-rob,1.1936795119899979,0.8150794121591832,0.08793408007409349,0.946,6.330453222114336,4.3788841177495215,-0.1332394736608716,0.8940308273177789,1.6220189720000064,0.817440021545098,0.8216021035914528,47.466,3.4831922894413285,0.570734813690276,0.7261713930390454,40,5
grid,dgp1,300,10,500,5,6,0.14490007952500616,RidgeRF,1.184039015376849,0.8021265760956553,0.0802800616470832,0.952,6.30588270000866,4.483539869419033,-0.7325407116127799,0.4640104344314758,1.0472357820000013,0.817440021545098,0.8216021035914528,47.466,3.4831922894413285,0.570734813690276,0.7261713930390454,40,5
grid,dgp1,300,10,500,5,6,0.14490007952500616,LassoRF,1.2696505533205604,0.8420052759300124,0.128507958862504,0.942,6.564277299310236,4.474560163029952,3.390224804533923,0.0007256794732607399,0.6640650029999904,0.817440021545098,0.8216021035914528,47.466,3.4831922894413285,0.570734813690276,0.7261713930390454,40,5
grid,dgp1,300,10,500,5,6,0.14490007952500616,GBM,1.2536613215857604,0.8421431149501805,0.13733527441300017,0.944,6.443672203250961,4.369973374180447,4.013121072008589,6.439784782010458e-05,0.035812654000011435,0.817440021545098,0.8216021035914528,47.466,3.4831922894413285,0.570734813690276,0.7261713930390454,40,5
grid,dgp1,300,10,500,5,6,0.14490007952500616,RF-tuned,1.1850964301396194,0.8035107533582897,0.06088053516717341,0.95,6.307214482777622,4.471896514627467,-0.6539899090016579,0.5132688186484122,3.0248988980000036,0.817440021545098,0.8216021035914528,47.466,3.4831922894413285,0.570734813690276,0.7261713930390454,40,5
grid,dgp1,300,10,500,5,6,0.14490007952500616,SSRF-tuned,1.1829360164270475,0.803272729904214,0.060057427170281306,0.95,6.306218032209759,4.441599236788378,-0.9405643841571442,0.3471555094553677,4.069874690000006,0.817440021545098,0.8216021035914528,47.466,3.4831922894413285,0.570734813690276,0.7261713930390454,40,5
grid,dgp1,300,10,10,5,7,0.13934875844697067,RF,1.3055129579813263,0.85066992585011,0.16115429675968276,0.966,6.056088944717021,4.739048488803406,2.3939680352430623,0.01685078833133171,0.030297450000006165,0.8071171520413077,0.8115227891759706,47.8,3.4123611714956334,0.5015172880090959,0.6173879400926887,40,3
grid,dgp1,300,10,10,5,7,0.13934875844697067,SSRF,1.2897494269447953,0.8448457804967404,0.14230462452900292,0.966,5.981645870797418,4.632976094191092,-3.182022788703079,0.0015076319719551658,0.030297450000006165,0.8071171520413077,0.8115227891759706,47.8,3.4123611714956334,0.5015172880090959,0.6173879400926887,40,3
grid,dgp1,300,10,10,5,7,0.13934875844697067,SSRF-JS,1.293437364767228,0.8459219063616326,0.14380109095621035,0.966,5.992816358154121,4.630654651015682,,,0.030297450000006165,0.8071171520413077,0.8115227891759706,47.8,3.4123611714956334,0.5015172880090959,0.6173879400926887,40,3
grid,dgp1,300,10,10,5,7,0.13934875844697067,RF-H,1.3309350725357694,0.8688704550185455,0.15507702894983313,0.956,5.973775670299824,4.640937503621018,1.7006045789957889,0.08932849183746017,0.02101960199999553,0.8071171520413077,0.8115227891759706,47.8,3.4123611714956334,0.5015172880090959,0.6173879400926887,40,3
grid,dgp1,300,10,10,5,7,0.13934875844697067,SSRF-H,1.338671140816265,0.868649632830668,0.16238078609035728,0.962,5.963372387498047,4.738156847879611,2.1758218437078645,0.029802369563806424,0.02101960199999553,0.8071171520413077,0.8115227891759706,47.8,3.4123611714956334,0.5015172880090959,0.6173879400926887,40,3
grid,dgp1,300,10,10,5,7,0.13934875844697067,SSRF-JS-H,1.3393791749533484,0.8691424138374523,0.16254482859371852,0.96,5.971077970473028,4.7227128304217985,2.1683547599591737,0.03036715172841593,0.02101960199999553,0.8071171520413077,0.8115227891759706,47.8,3.4123611714956334,0.5015172880090959,0.6173879400926887,40,3
grid,dgp1,300,10,10,5,7,0.13934875844697067,SSRF-rob,1.2954828915639405,0.8466063851530525,0.1470696335008454,0.966,6.011531209070145,4.669353548611153,1.7328414811306967,0.08343244657747417,0.051517881000023635,0.8071171520413077,0.8115227891759706,47.8,3.4123611714956334,0.5015172880090959,0.6173879400926887,40,3
grid,dgp1,300,10,10,5,7,0.13934875844697067,RidgeRF,1.3610751107562804,0.8858393494350694,0.1559577173265211,0.96,6.093991346735295,4.924119735406249,2.7304415508446698,0.006436259626471651,0.03069674100001407,0.8071171520413077,0.8115227891759706,47.8,3.4123611714956334,0.5015172880090959,0.6173879400926887,40,3
grid,dgp1,300,10,10,5,7,0.13934875844697067,LassoRF,1.3394320827772186,0.8693014995276047,0.16546916482867935,0.964,6.098350169666188,4.7269795816017535,1.9808828511140186,0.047878320996658154,0.06860993700001927,0.8071171520413077,0.8115227891759706,47.8,3.4123611714956334,0.5015172880090959,0.6173879400926887,40,3
grid,dgp1,300,10,10,5,7,0.13934875844697067,GBM,1.3194259999496005,0.8602551528191957,0.1384005619289573,0.954,6.023729058784269,4.600271970747571,1.0953181275926176,0.2736412811591777,0.07124390900000321,0.8071171520413077,0.8115227891759706,47.8,3.4123611714956334,0.5015172880090959,0.6173879400926887,40,3
grid,dgp1,300,10,10,5,7,0.13934875844697067,RF-tuned,1.2779916004799319,0.8514885417565159,0.11004872175232648,0.958,5.861208212265692,4.545758143507415,-0.7900466016836872,0.4296880402731024,2.354249335999981,0.8071171520413077,0.8115227891759706,47.8,3.4123611714956334,0.5015172880090959,0.6173879400926887,40,3
grid,dgp1,300,10,10,5,7,0.13934875844697067,SSRF-tuned,1.2665299867350015,0.8434539030405916,0.10063791106370415,0.962,5.873210507252177,4.491462136827614,-1.4663938191192802,0.14285572492854523,2.3665887769999756,0.8071171520413077,0.8115227891759706,47.8,3.4123611714956334,0.5015172880090959,0.6173879400926887,40,3
grid,dgp1,300,10,500,5,7,0.13934875844697067,RF,1.2667230271923524,0.8486008849531722,0.10082284503087026,0.952,6.377993599528863,4.367325202125015,-1.0355318997354002,0.3006711718672319,1.0987391819999743,0.8020586894464744,0.8062789464573441,47.51,3.4769283619853693,0.5206817682362469,0.599931825699928,40,3
grid,dgp1,300,10,500,5,7,0.13934875844697067,SSRF,1.2711529362017169,0.8490133718149865,0.1043988584550495,0.954,6.392900771658913,4.427324058246458,0.9284273415982037,0.3534102043465225,1.0987391819999743,0.8020586894464744,0.8062789464573441,47.51,3.4769283619853693,0.5206817682362469,0.599931825699928,40,3
grid,dgp1,300,10,500,5,7,0.13934875844697067,SSRF-JS,1.2708314526914355,0.8489931813508784,0.10411374707604741,0.954,6.391732657120689,4.4242873883617415,,,1.0987391819999743,0.8020586894464744,0.8062789464573441,47.51,3.4769283619853693,0.5206817682362469,0.599931825699928,40,3
grid,dgp1,300,10,500,5,7,0.13934875844697067,RF-H,1.2905388228729813,0.8545235828597183,0.12621110540850042,0.95,6.439939453349778,4.482989672133194,1.978118485554381,0.04818975557839425,0.6444658610000147,0.8020586894464744,0.8062789464573441,47.51,3.4769283619853693,0.5206817682362469,0.599931825699928,40,3
grid,dgp1,300,10,500,5,7,0.13934875844697067,SSRF-H,1.3364654788522063,0.8681200663568415,0.1674356374561378,0.948,6.520736590495355,4.638712674305921,4.155409884059585,3.5251132485195996e-05,0.6444658610000147,0.8020586894464744,0.8062789464573441,47.51,3.4769283619853693,0.5206817682362469,0.599931825699928,40,3
grid,dgp1,300,10,500,5,7,0.13934875844697067,SSRF-JS-H,1.3337149368797698,0.8673599637507776,0.1651100466700841,0.948,6.51685924687945,4.612178318628223,4.069470827334158,5.0837526039902706e-05,0.6444658610000147,0.8020586894464744,0.8062789464573441,47.51,3.4769283619853693,0.5206817682362469,0.599931825699928,40,3
grid,dgp1,300,10,500,5,7,0.13934875844697067,SSRF-rob,1.2691292365241011,0.8486740425712818,0.10265948162320845,0.956,6.386945415099846,4.419344876385179,-1.530155830272743,0.12629473396108093,1.6596121219999986,0.8020586894464744,0.8062789464573441,47.51,3.4769283619853693,0.5206817682362469,0.599931825699928,40,3
grid,dgp1,300,10,500,5,7,0.13934875844697067,RidgeRF,1.2823995105153276,0.8540184742807225,0.10791629517235415,0.954,6.418974714020006,4.630779807907192,1.090101977287964,0.27593109351358486,0.7906588060000104,0.8020586894464744,0.8062789464573441,47.51,3.4769283619853693,0.5206817682362469,0.599931825699928,40,3
grid,dgp1,300,10,500,5,7,0.13934875844697067,LassoRF,1.2801106954790544,0.8508422539011762,0.11525847056980441,0.954,6.363349870940267,4.562216030546862,1.0602513028110108,0.2892865525089143,0.6158943880000152,0.8020586894464744,0.8062789464573441,47.51,3.4769283619853693,0.5206817682362469,0.599931825699928,40,3
grid,dgp1,300,10,500,5,7,0.13934875844697067,GBM,1.3194259999496005,0.8602551528191957,0.1384005619289573,0.944,6.621024866748954,4.530802118286515,2.722954576916068,0.00658283057971602,0.10286781899998232,0.8020586894464744,0.8062789464573441,47.51,3.4769283619853693,0.5206817682362469,0.599931825699928,40,3
grid,dgp1,300,10,500,5,7,0.13934875844697067,RF-tuned,1.278528958953224,0.8484816793093723,0.11236021567687211,0.95,6.423411604744374,4.451286044901663,0.7037732741594493,0.48173797832831744,2.42347842800001,0.8020586894464744,0.8062789464573441,47.51,3.4769283619853693,0.5206817682362469,0.599931825699928,40,3
grid,dgp1,300,10,500,5,7,0.13934875844697067,SSRF-tuned,1.271816462392652,0.8476513158063946,0.10787052201129196,0.95,6.396091411456744,4.415484229193058,0.10143118973882748,0.9192285319740708,3.2842214830000103,0.8020586894464744,0.8062789464573441,47.51,3.4769283619853693,0.5206817682362469,0.599931825699928,40,3
grid,dgp1,300,10,10,5,8,0.16421331645481363,RF,1.3004146020720304,0.863878757255636,0.12372750313483331,0.942,5.904796818967968,4.732396734856779,3.2319785555435474,0.0012695671312274574,0.030365368999980547,0.8287627788559334,0.8327180946070737,47.7,3.433976938111169,0.4395739808314721,0.6140759254902441,20,5
grid,dgp1,300,10,10,5,8,0.16421331645481363,SSRF,1.2797372270654281,0.8542749010351419,0.10229880526629978,0.954,5.904996380221189,4.822471858423128,-1.1554010099059133,0.24820251469806381,0.030365368999980547,0.8287627788559334,0.8327180946070737,47.7,3.433976938111169,0.4395739808314721,0.6140759254902441,20,5
grid,dgp1,300,10,10,5,8,0.16421331645481363,SSRF-JS,1.28122070568778,0.8548577185677757,0.10404890457936491,0.956,5.909452207047332,4.851012920599361,,,0.030365368999980547,0.8287627788559334,0.8327180946070737,47.7,3.433976938111169,0.4395739808314721,0.6140759254902441,20,5
grid,dgp1,300,10,10,5,8,0.16421331645481363,RF-H,1.3157998566515858,0.8713863306162939,0.13874045331773072,0.952,5.990513135449432,4.692785796795362,1.3520504434592988,0.17666518418822447,0.02110387800001945,0.8287627788559334,0.8327180946070737,47.7,3.433976938111169,0.4395739808314721,0.6140759254902441,20,5
grid,dgp1,300,10,10,5,8,0.16421331645481363,SSRF-H,1.329919178002729,0.870634761217117,0.15420842483820044,0.962,6.084504876471379,4.987355681036343,1.8615684294611263,0.06295746157030467,0.02110387800001945,0.8287627788559334,0.8327180946070737,47.7,3.433976938111169,0.4395739808314721,0.6140759254902441,20,5
grid,dgp1,300,10,10,5,8,0.16421331645481363,SSRF-JS-H,1.3322750356129722,0.8716773088642933,0.1570770223986593,0.962,6.0789574233530175,4.951887102250788,1.9164015615527976,0.055599098825295304,0.02110387800001945,0.8287627788559334,0.8327180946070737,47.7,3.433976938111169,0.4395739808314721,0.6140759254902441,20,5
grid,dgp1,300,10,10,5,8,0.16421331645481363,SSRF-rob,1.2851976821818076,0.8568837230431562,0.10853060423192071,0.954,5.899151473153341,4.815152289713863,2.1313431775271154,0.0333044521117233,0.04806080100001964,0.8287627788559334,0.8327180946070737,47.7,3.433976938111169,0.4395739808314721,0.6140759254902441,20,5
grid,dgp1,300,10,10,5,8,0.16421331645481363,RidgeRF,1.297542598614988,0.8601254025047517,0.11648190471957684,0.958,6.000587336070131,4.774012195785188,0.7378651997910065,0.4607696500875871,0.031264738999993824,0.8287627788559334,0.8327180946070737,47.7,3.433976938111169,0.4395739808314721,0.6140759254902441,20,5
grid,dgp1,300,10,10,5,8,0.16421331645481363,LassoRF,1.2794344092598116,0.8579067466244393,0.11417925876014744,0.96,5.835158203847819,4.732356276644177,-0.07503821763729834,0.940199327373755,0.06579956599998127,0.8287627788559334,0.8327180946070737,47.7,3.433976938111169,0.4395739808314721,0.6140759254902441,20,5
grid,dgp1,300,10,10,5,8,0.16421331645481363,GBM,1.2894861833816862,0.8557438985149054,0.11092573564665395,0.956,5.897889219835219,4.738979817294542,0.351443982108056,0.7253293996655649,0.11339469200001417,0.8287627788559334,0.8327180946070737,47.7,3.433976938111169,0.4395739808314721,0.6140759254902441,20,5
grid,dgp1,300,10,10,5,8,0.16421331645481363,RF-tuned,1.261537004384801,0.8430271667897971,0.09089673688134522,0.946,5.837416320177396,4.521011159268979,-1.0104234885347512,0.3125371017765607,1.9781701370000064,0.8287627788559334,0.8327180946070737,47.7,3.433976938111169,0.4395739808314721,0.6140759254902441,20,5
grid,dgp1,300,10,10,5,8,0.16421331645481363,SSRF-tuned,1.2517203166340816,0.8362366261099442,0.07906556264949578,0.958,5.877500066607892,4.820047569629776,-1.9176155743622538,0.055444672115982876,2.0258254160000035,0.8287627788559334,0.8327180946070737,47.7,3.433976938111169,0.4395739808314721,0.6140759254902441,20,5
grid,dgp1,300,10,500,5,8,0.16421331645481363,RF,1.2367125736061748,0.8335488727474921,0.06668688170166114,0.944,6.070609949121023,4.613133436973192,-0.019919719831709905,0.984111391791736,0.9833201780000138,0.817551347067394,0.8217173644682635,47.672,3.4683887518110565,0.46303850633371896,0.5913358536537134,20,5
grid,dgp1,300,10,500,5,8,0.16421331645481363,SSRF,1.2369431564106,0.8326321918630427,0.06548375932768356,0.942,6.13275765393095,4.50423476504029,0.3178901310522918,0.7506347140234646,0.9833201780000138,0.817551347067394,0.8217173644682635,47.672,3.4683887518110565,0.46303850633371896,0.5913358536537134,20,5
grid,dgp1,300,10,500,5,8,0.16421331645481363,SSRF-JS,1.2368237647212421,0.8325266049664178,0.06533112180066868,0.942,6.126247953030727,4.521219431282019,,,0.9833201780000138,0.817551347067394,0.8217173644682635,47.672,3.4683887518110565,0.46303850633371896,0.5913358536537134,20,5
grid,dgp1,300,10,500,5,8,0.16421331645481363,RF-H,1.2573083887466097,0.8410811611190293,0.08327684128569944,0.94,6.208495875388848,4.5612180272239655,1.9327941550634908,0.05354393765318648,0.7963862609999808,0.817551347067394,0.8217173644682635,47.672,3.4683887518110565,0.46303850633371896,0.5913358536537134,20,5
grid,dgp1,300,10,500,5,8,0.16421331645481363,SSRF-H,1.327330264268141,0.8660913284862226,0.15015215372402005,0.942,6.411718515509352,4.748181888685372,4.036286673698693,5.8453091294518824e-05,0.7963862609999808,0.817551347067394,0.8217173644682635,47.672,3.4683887518110565,0.46303850633371896,0.5913358536537134,20,5
grid,dgp1,300,10,500,5,8,0.16421331645481363,SSRF-JS-H,1.3232727327730245,0.8646447660504962,0.1459670305517186,0.942,6.396457180428255,4.763497519256471,3.9665830648782845,7.811541549203834e-05,0.7963862609999808,0.817551347067394,0.8217173644682635,47.672,3.4683887518110565,0.46303850633371896,0.5913358536537134,20,5
grid,dgp1,300,10,500,5,8,0.16421331645481363,SSRF-rob,1.235679366766369,0.8322027348891531,0.06474063567793692,0.944,6.099175162371176,4.6055675169756185,-0.6096387007478385,0.542239798021723,1.8975364039999931,0.817551347067394,0.8217173644682635,47.672,3.4683887518110565,0.46303850633371896,0.5913358536537134,20,5
grid,dgp1,300,10,500,5,8,0.16421331645481363,RidgeRF,1.2378658197914076,0.8304328769576819,0.07111717263946418,0.94,6.254330104636731,4.414559843637578,0.08797968439588223,0.9299104553711893,0.8392551260000118,0.817551347067394,0.8217173644682635,47.672,3.4683887518110565,0.46303850633371896,0.5913358536537134,20,5
grid,dgp1,300,10,500,5,8,0.16421331645481363,LassoRF,1.2500340728945325,0.8426194574039073,0.07621097793246302,0.944,6.135008637971106,4.486301257813309,1.3699626299311627,0.17100637740828864,0.9113210440000046,0.817551347067394,0.8217173644682635,47.672,3.4683887518110565,0.46303850633371896,0.5913358536537134,20,5
grid,dgp1,300,10,500,5,8,0.16421331645481363,GBM,1.2894861833816862,0.8557438985149054,0.11092573564665395,0.942,6.130704230256233,4.567509998727118,3.2027545334184624,0.0014042314097748806,0.0919159000000036,0.817551347067394,0.8217173644682635,47.672,3.4683887518110565,0.46303850633371896,0.5913358536537134,20,5
grid,dgp1,300,10,500,5,8,0.16421331645481363,RF-tuned,1.2329414752267365,0.8315692972669297,0.06523296181477312,0.94,6.149661354490662,4.438989681865771,-0.5171504281677914,0.6051656302415556,3.342279832999992,0.817551347067394,0.8217173644682635,47.672,3.4683887518110565,0.46303850633371896,0.5913358536537134,20,5
grid,dgp1,300,10,500,5,8,0.16421331645481363,SSRF-tuned,1.2347971100912432,0.8315776953119819,0.06253568188430417,0.944,6.146101998817545,4.499179124707467,-0.3568316979705075,0.7212931610359902,5.238168042000012,0.817551347067394,0.8217173644682635,47.672,3.4683887518110565,0.46303850633371896,0.5913358536537134,20,5
grid,dgp1,300,10,10,5,9,0.13192305432957652,RF,1.3353780403452151,0.8698252087559261,0.1680649296397441,0.966,5.641075131004924,4.767697583145308,5.521624990005842,4.281929668474251e-08,0.033715919999991684,0.8151513060806369,0.8190155464693454,47.6,3.4583565759435815,0.6180603244531622,0.7828184680741712,2,3
grid,dgp1,300,10,10,5,9,0.13192305432957652,SSRF,1.2940858267087887,0.8522897999587815,0.1260697217120419,0.97,5.587350123813843,4.752943261242245,-2.8513117479282557,0.00444358876339203,0.033715919999991684,0.8151513060806369,0.8190155464693454,47.6,3.4583565759435815,0.6180603244531622,0.7828184680741712,2,3
grid,dgp1,300,10,10,5,9,0.13192305432957652,SSRF-JS,1.297755911845942,0.8534365758054699,0.13036277179285874,0.97,5.583728674894433,4.728078883886872,,,0.033715919999991684,0.8151513060806369,0.8190155464693454,47.6,3.4583565759435815,0.6180603244531622,0.7828184680741712,2,3
grid,dgp1,300,10,10,5,9,0.13192305432957652,RF-H,1.2859342024189642,0.8379072216280447,0.10185776874267077,0.962,5.626499406086178,4.72419663183669,-0.4612627044783833,0.6447105482271427,0.016710474000007025,0.8151513060806369,0.8190155464693454,47.6,3.4583565759435815,0.6180603244531622,0.7828184680741712,2,3
grid,dgp1,300,10,10,5,9,0.13192305432957652,SSRF-H,1.3043074361217453,0.8480759453494849,0.1308439146139345,0.968,5.605274625867213,4.856661788204688,0.24334625147379782,0.807787135906342,0.016710474000007025,0.8151513060806369,0.8190155464693454,47.6,3.4583565759435815,0.6180603244531622,0.7828184680741712,2,3
grid,dgp1,300,10,10,5,9,0.13192305432957652,SSRF-JS-H,1.302567449474523,0.847768856389291,0.12558502356288756,0.968,5.634531680490507,4.928811917277948,0.18246590420878428,0.8552541295171256,0.016710474000007025,0.8151513060806369,0.8190155464693454,47.6,3.4583565759435815,0.6180603244531622,0.7828184680741712,2,3
grid,dgp1,300,10,10,5,9,0.13192305432957652,SSRF-rob,1.3117023582244554,0.8596863587349536,0.14391192962121344,0.97,5.5914972217221255,4.710793346728718,4.925384304604432,9.848229715920386e-07,0.04631367100000716,0.8151513060806369,0.8190155464693454,47.6,3.4583565759435815,0.6180603244531622,0.7828184680741712,2,3
grid,dgp1,300,10,10,5,9,0.13192305432957652,RidgeRF,1.276597817750914,0.8548768246223183,0.11771074658527098,0.972,5.468621512498503,4.821349211491261,-0.8012860616796245,0.42315659455111404,0.026442634999995107,0.8151513060806369,0.8190155464693454,47.6,3.4583565759435815,0.6180603244531622,0.7828184680741712,2,3
grid,dgp1,300,10,10,5,9,0.13192305432957652,LassoRF,1.2777107437293893,0.8394934760226407,0.1381040688754574,0.958,5.664037502735099,4.753702453007176,-0.7866049961908198,0.4316996860263202,0.06998133700000153,0.8151513060806369,0.8190155464693454,47.6,3.4583565759435815,0.6180603244531622,0.7828184680741712,2,3
grid,dgp1,300,10,10,5,9,0.13192305432957652,GBM,1.420842287744324,0.9037191051560517,0.27735568788558773,0.972,5.717267325880975,5.009776226526998,3.67034515211299,0.0002550382813568931,0.21499971000000073,0.8151513060806369,0.8190155464693454,47.6,3.4583565759435815,0.6180603244531622,0.7828184680741712,2,3
grid,dgp1,300,10,10,5,9,0.13192305432957652,RF-tuned,1.361357797975381,0.8702780310095641,0.19448701615715208,0.962,5.809758607791684,4.852258896608767,2.169245841606666,0.030299273324039023,1.8153885399999865,0.8151513060806369,0.8190155464693454,47.6,3.4583565759435815,0.6180603244531622,0.7828184680741712,2,3
grid,dgp1,300,10,10,5,9,0.13192305432957652,SSRF-tuned,1.3308857535189167,0.8638144571027401,0.16684452395846674,0.966,5.667655717753856,4.790462112599193,1.399633298900722,0.1619335984011267,1.833194848999966,0.8151513060806369,0.8190155464693454,47.6,3.4583565759435815,0.6180603244531622,0.7828184680741712,2,3
grid,dgp1,300,10,500,5,9,0.13192305432957652,RF,1.2518217429211644,0.8342454808196017,0.08823477621619846,0.952,6.152189063198905,4.455499124596778,2.2669297085425466,0.023607581186504953,0.9199725289999776,0.8081724377570747,0.8123510162891859,47.672,3.4676576934749956,0.6456773853887644,0.77738184620279,2,3
grid,dgp1,300,10,500,5,9,0.13192305432957652,SSRF,1.2384683259330027,0.8272339682123377,0.07435783337457763,0.954,6.159584220956933,4.499922541234199,-1.3627572945748911,0.17326611771072659,0.9199725289999776,0.8081724377570747,0.8123510162891859,47.672,3.4676576934749956,0.6456773853887644,0.77738184620279,2,3
grid,dgp1,300,10,500,5,9,0.13192305432957652,SSRF-JS,1.2390298697857425,0.827654386841383,0.07502337433602826,0.954,6.157453873614176,4.496294817605062,,,0.9199725289999776,0.8081724377570747,0.8123510162891859,47.672,3.4676576934749956,0.6456773853887644,0.77738184620279,2,3
grid,dgp1,300,10,500,5,9,0.13192305432957652,RF-H,1.2250806723800318,0.817229337804409,0.060894020193473064,0.96,6.170668980004284,4.5607184190242975,-1.2077152145878007,0.22744266171871197,0.586444886999999,0.8081724377570747,0.8123510162891859,47.672,3.4676576934749956,0.6456773853887644,0.77738184620279,2,3
grid,dgp1,300,10,500,5,9,0.13192305432957652,SSRF-H,1.2896110706900605,0.8449737687924064,0.12453874081223415,0.962,6.278153884075851,4.7562897809882365,2.4729722291764467,0.013564938147751596,0.586444886999999,0.8081724377570747,0.8123510162891859,47.672,3.4676576934749956,0.6456773853887644,0.77738184620279,2,3
grid,dgp1,300,10,500,5,9,0.13192305432957652,SSRF-JS-H,1.2859003203699406,0.8434727046973346,0.12036375265492569,0.962,6.26855522420132,4.7242484602100285,2.358838784473136,0.01852395077693845,0.586444886999999,0.8081724377570747,0.8123510162891859,47.672,3.4676576934749956,0.6456773853887644,0.77738184620279,2,3
grid,dgp1,300,10,500,5,9,0.13192305432957652,SSRF-rob,1.242968689856224,0.8299777266135135,0.07920272584112951,0.952,6.153107706914762,4.459942674673343,1.658353222044771,0.0975601123249377,1.6982779559999983,0.8081724377570747,0.8123510162891859,47.672,3.4676576934749956,0.6456773853887644,0.77738184620279,2,3
grid,dgp1,300,10,500,5,9,0.13192305432957652,RidgeRF,1.2502464371010646,0.8355808936378059,0.08305854999271162,0.956,6.079481768119627,4.6373521541359946,0.6938598831851973,0.48793138800190755,0.8183525070000144,0.8081724377570747,0.8123510162891859,47.672,3.4676576934749956,0.6456773853887644,0.77738184620279,2,3
grid,dgp1,300,10,500,5,9,0.13192305432957652,LassoRF,1.2293027830601986,0.8180709577817168,0.08392481652475817,0.962,6.208433742017309,4.703106607887561,-0.7358997146299049,0.461964477349705,0.8322193600000105,0.8081724377570747,0.8123510162891859,47.672,3.4676576934749956,0.6456773853887644,0.77738184620279,2,3
grid,dgp1,300,10,500,5,9,0.13192305432957652,GBM,1.4491391276586851,0.9128525983597893,0.30452534988947616,0.95,6.419679627291691,4.810675847267919,6.430966183867457,1.96217583473282e-10,0.1738642450000043,0.8081724377570747,0.8123510162891859,47.672,3.4676576934749956,0.6456773853887644,0.77738184620279,2,3
grid,dgp1,300,10,500,5,9,0.13192305432957652,RF-tuned,1.2683393089229613,0.8415540451000785,0.10657935009681319,0.954,6.160727046828428,4.555128774472698,3.31513982353967,0.0009489182628305637,3.2221887169999945,0.8081724377570747,0.8123510162891859,47.672,3.4676576934749956,0.6456773853887644,0.77738184620279,2,3
grid,dgp1,300,10,500,5,9,0.13192305432957652,SSRF-tuned,1.2468188878477038,0.8328463397321323,0.085493964311717,0.952,6.158072974729826,4.4172800258015394,1.5915370219164875,0.11180513023032457,4.640844740999995,0.8081724377570747,0.8123510162891859,47.672,3.4676576934749956,0.6456773853887644,0.77738184620279,2,3
grid,dgp1,600,20,10,5,0,0.14292538379368064,RF,1.3301930092810286,0.8539397633729177,0.1754911715148783,0.94,6.5796322790872415,4.525959084885786,6.945184956995186,6.801582042823488e-12,0.031803327000005766,0.8422110179944802,0.8426523258741137,95.6,3.4743871239539605,0.5812959183440406,0.8775108380485046,20,6
grid,dgp1,600,20,10,5,0,0.14292538379368064,SSRF,1.288789319739883,0.8358594728413279,0.13752888843559402,0.946,6.457856863182367,4.550218838893201,-0.9879608571658234,0.32341103894017065,0.031803327000005766,0.8422110179944802,0.8426523258741137,95.6,3.4743871239539605,0.5812959183440406,0.8775108380485046,20,6
grid,dgp1,600,20,10,5,0,0.14292538379368064,SSRF-JS,1.2900252589822716,0.8372282906803182,0.13940393777563412,0.946,6.459025085748871,4.591607121474228,,,0.031803327000005766,0.8422110179944802,0.8426523258741137,95.6,3.4743871239539605,0.5812959183440406,0.8775108380485046,20,6
grid,dgp1,600,20,10,5,0,0.14292538379368064,RF-H,1.2708322761358821,0.818489180693721,0.1296594360947396,0.954,6.381837332299442,4.807253961625022,-0.6890283910182955,0.4909653935312493,0.013170893000022943,0.8422110179944802,0.8426523258741137,95.6,3.4743871239539605,0.5812959183440406,0.8775108380485046,20,6
grid,dgp1,600,20,10,5,0,0.14292538379368064,SSRF-H,1.2549930775099905,0.8199930990357343,0.12298627657317786,0.958,6.293538173157946,4.769985440586897,-1.3171939512874793,0.18807565644304355,0.013170893000022943,0.8422110179944802,0.8426523258741137,95.6,3.4743871239539605,0.5812959183440406,0.8775108380485046,20,6
grid,dgp1,600,20,10,5,0,0.14292538379368064,SSRF-JS-H,1.2575292237498965,0.8205013944403732,0.12488205122209865,0.958,6.313228009177435,4.812955979760351,-1.2044134493935865,0.22871508315992645,0.013170893000022943,0.8422110179944802,0.8426523258741137,95.6,3.4743871239539605,0.5812959183440406,0.8775108380485046,20,6
grid,dgp1,600,20,10,5,0,0.14292538379368064,SSRF-rob,1.310274573896509,0.8457324423710048,0.15738791100838478,0.942,6.523897857111069,4.5241236092205295,6.461715715293047,1.6150634716578107e-10,0.05407564899999784,0.8422110179944802,0.8426523258741137,95.6,3.4743871239539605,0.5812959183440406,0.8775108380485046,20,6
grid,dgp1,600,20,10,5,0,0.14292538379368064,RidgeRF,1.3192578284008145,0.85502797627753,0.17152796013930718,0.954,6.221339647636829,4.894885404745983,0.928153502837265,0.3535521424293312,0.17011396800000966,0.8422110179944802,0.8426523258741137,95.6,3.4743871239539605,0.5812959183440406,0.8775108380485046,20,6
grid,dgp1,600,20,10,5,0,0.14292538379368064,LassoRF,1.2671448918399038,0.8298652322409217,0.14244876700021653,0.95,6.304311134242101,4.597145860481659,-0.7885734955968184,0.4305484141144234,0.07298503499998787,0.8422110179944802,0.8426523258741137,95.6,3.4743871239539605,0.5812959183440406,0.8775108380485046,20,6
grid,dgp1,600,20,10,5,0,0.14292538379368064,GBM,1.2331287211261126,0.8204527558033421,0.10549829606683837,0.954,6.139558444405289,4.550110128134819,-2.2398157416582087,0.025322185926052055,0.13857854999997699,0.8422110179944802,0.8426523258741137,95.6,3.4743871239539605,0.5812959183440406,0.8775108380485046,20,6
grid,dgp1,600,20,10,5,0,0.14292538379368064,RF-tuned,1.2512051676737737,0.8253156810252723,0.11169596130869262,0.952,6.294980958663151,4.535229439590156,-1.6345957566298084,0.10244886428701916,3.1288273600000025,0.8422110179944802,0.8426523258741137,95.6,3.4743871239539605,0.5812959183440406,0.8775108380485046,20,6
grid,dgp1,600,20,10,5,0,0.14292538379368064,SSRF-tuned,1.2488637988824443,0.8114757986832497,0.10093654246773812,0.948,6.307820689120891,4.659943967259502,-1.886323060575706,0.05954128180160535,3.155966726999992,0.8422110179944802,0.8426523258741137,95.6,3.4743871239539605,0.5812959183440406,0.8775108380485046,20,6
grid,dgp1,600,20,500,5,0,0.14292538379368064,RF,1.246362478759159,0.8197109618783351,0.08653745511813267,0.946,6.626656081144218,4.494231138296117,3.571600356158353,0.0003717212760830469,2.5594308780000006,0.8464050221333027,0.8469594242728611,95.764,3.4605472051784294,0.5587381801945055,0.8758213023016869,20,6
grid,dgp1,600,20,500,5,0,0.14292538379368064,SSRF,1.2287910976439134,0.8121340615784401,0.0739118145739568,0.952,6.580441140345047,4.500695242727331,-2.1428501017900254,0.0323662037682065,2.5594308780000006,0.8464050221333027,0.8469594242728611,95.764,3.4605472051784294,0.5587381801945055,0.8758213023016869,20,6
grid,dgp1,600,20,500,5,0,0.14292538379368064,SSRF-JS,1.2295397956863703,0.8125435047974324,0.0745067302365418,0.952,6.582536596938444,4.503250585396537,,,2.5594308780000006,0.8464050221333027,0.8469594242728611,95.764,3.4605472051784294,0.5587381801945055,0.8758213023016869,20,6
grid,dgp1,600,20,500,5,0,0.14292538379368064,RF-H,1.2090179972640036,0.8034599444262037,0.0706742234739323,0.954,6.504846077395163,4.562397333010938,-1.6076075345443408,0.1082371415817821,1.0476724929999932,0.8464050221333027,0.8469594242728611,95.764,3.4605472051784294,0.5587381801945055,0.8758213023016869,20,6
grid,dgp1,600,20,500,5,0,0.14292538379368064,SSRF-H,1.2627824651280526,0.8246562298477763,0.13112458697238813,0.954,6.586087041407243,4.639094228134354,1.4735235846090033,0.14092492124638864,1.0476724929999932,0.8464050221333027,0.8469594242728611,95.764,3.4605472051784294,0.5587381801945055,0.8758213023016869,20,6
grid,dgp1,600,20,500,5,0,0.14292538379368064,SSRF-JS-H,1.2607926962991123,0.8239129401470437,0.12903011997426928,0.954,6.58672377712658,4.63766007082729,1.4028333866089924,0.16097722673353898,1.0476724929999932,0.8464050221333027,0.8469594242728611,95.764,3.4605472051784294,0.5587381801945055,0.8758213023016869,20,6
grid,dgp1,600,20,500,5,0,0.14292538379368064,SSRF-rob,1.23727704551369,0.816059183175096,0.07976135203885602,0.948,6.605215202208249,4.475095869534032,3.159591484817712,0.0016273895629665643,3.119144728000009,0.8464050221333027,0.8469594242728611,95.764,3.4605472051784294,0.5587381801945055,0.8758213023016869,20,6
grid,dgp1,600,20,500,5,0,0.14292538379368064,RidgeRF,1.2357306749309132,0.8184734637402843,0.09097058200012201,0.946,6.366345534037566,4.521636555321527,0.3564377629845796,0.7215880180396635,1.782166282999981,0.8464050221333027,0.8469594242728611,95.764,3.4605472051784294,0.5587381801945055,0.8758213023016869,20,6
grid,dgp1,600,20,500,5,0,0.14292538379368064,LassoRF,1.2440141310024362,0.8140733031780378,0.10342914842144359,0.948,6.622187573576569,4.519187911501591,0.758650808897734,0.44824041621031097,0.8905895380000004,0.8464050221333027,0.8469594242728611,95.764,3.4605472051784294,0.5587381801945055,0.8758213023016869,20,6
grid,dgp1,600,20,500,5,0,0.14292538379368064,GBM,1.2331287211261126,0.8204527558033421,0.10549829606683837,0.956,6.516194267100367,4.554962755556347,0.20988595647175187,0.8337994787288431,0.08052590400001236,0.8464050221333027,0.8469594242728611,95.764,3.4605472051784294,0.5587381801945055,0.8758213023016869,20,6
grid,dgp1,600,20,500,5,0,0.14292538379368064,RF-tuned,1.2122257542123946,0.8036529559000644,0.06815144758065204,0.942,6.550400031396432,4.436466033497644,-1.796707754877083,0.0726840189079137,4.194875190000005,0.8464050221333027,0.8469594242728611,95.764,3.4605472051784294,0.5587381801945055,0.8758213023016869,20,6
grid,dgp1,600,20,500,5,0,0.14292538379368064,SSRF-tuned,1.2124706554288818,0.8034218900336009,0.06788291633216996,0.942,6.545622367553198,4.4692058685647424,-2.022632042278768,0.04337711518831327,6.195503269999989,0.8464050221333027,0.8469594242728611,95.764,3.4605472051784294,0.5587381801945055,0.8758213023016869,20,6
grid,dgp1,600,20,10,5,1,0.1703110252135979,RF,1.3860475459295485,0.8739466658659508,0.14989851648178945,0.944,6.4698814533970745,4.874755329654485,4.400351357689076,1.1968772657809734e-05,0.03412131700000032,0.8500721918414286,0.8507296480129758,96.4,3.4327138779843076,0.4693892641187973,0.7697669476332292,5,10
grid,dgp1,600,20,10,5,1,0.1703110252135979,SSRF,1.3536904420012965,0.8630340634694421,0.12035921905935947,0.946,6.407507759670661,4.951277257559547,-2.5951603902265794,0.009593286496471244,0.03412131700000032,0.8500721918414286,0.8507296480129758,96.4,3.4327138779843076,0.4693892641187973,0.7697669476332292,5,10
grid,dgp1,600,20,10,5,1,0.1703110252135979,SSRF-JS,1.3573036345940004,0.8640029163092728,0.12351228580717018,0.946,6.413067218272239,4.9552824829513735,,,0.03412131700000032,0.8500721918414286,0.8507296480129758,96.4,3.4327138779843076,0.4693892641187973,0.7697669476332292,5,10
grid,dgp1,600,20,10,5,1,0.1703110252135979,RF-H,1.3592312829215671,0.8734618759417299,0.11120978647968095,0.946,6.540020176456,4.67443135889165,0.06812606317923284,0.9456989156626736,0.014262110999993638,0.8500721918414286,0.8507296480129758,96.4,3.4327138779843076,0.4693892641187973,0.7697669476332292,5,10
grid,dgp1,600,20,10,5,1,0.1703110252135979,SSRF-H,1.3615006849584272,0.871729245165887,0.13370773563582877,0.948,6.350784499330851,4.89714325939883,0.1358112515827382,0.8919978567195869,0.014262110999993638,0.8500721918414286,0.8507296480129758,96.4,3.4327138779843076,0.4693892641187973,0.7697669476332292,5,10
grid,dgp1,600,20,10,5,1,0.1703110252135979,SSRF-JS-H,1.3612999615909502,0.8724405098124971,0.13323186241050108,0.95,6.3457665946921225,4.89067228248677,0.12972484850233937,0.896810236589727,0.014262110999993638,0.8500721918414286,0.8507296480129758,96.4,3.4327138779843076,0.4693892641187973,0.7697669476332292,5,10
grid,dgp1,600,20,10,5,1,0.1703110252135979,SSRF-rob,1.3697555196694466,0.8683660110565319,0.13465070489290829,0.946,6.439310306735393,4.914548302411247,4.097369219184342,4.517339806320341e-05,0.0829041770000174,0.8500721918414286,0.8507296480129758,96.4,3.4327138779843076,0.4693892641187973,0.7697669476332292,5,10
grid,dgp1,600,20,10,5,1,0.1703110252135979,RidgeRF,1.3669364513979994,0.8817364307965715,0.12841751583579697,0.948,6.395805851185004,4.783883803628427,0.3380061204592268,0.7354295909481725,0.10702330899999879,0.8500721918414286,0.8507296480129758,96.4,3.4327138779843076,0.4693892641187973,0.7697669476332292,5,10
grid,dgp1,600,20,10,5,1,0.1703110252135979,LassoRF,1.4292276919603009,0.8879569248865812,0.15946426691456456,0.946,6.711039374689673,4.913221795183353,2.3606622680444693,0.01843364482504648,0.08056912199998578,0.8500721918414286,0.8507296480129758,96.4,3.4327138779843076,0.4693892641187973,0.7697669476332292,5,10
grid,dgp1,600,20,10,5,1,0.1703110252135979,GBM,1.3815164220250313,0.8775897770127231,0.14209356757065889,0.944,6.396052791397975,4.73579467932459,0.7790881509943145,0.4361122986798598,0.2874919260000013,0.8500721918414286,0.8507296480129758,96.4,3.4327138779843076,0.4693892641187973,0.7697669476332292,5,10
grid,dgp1,600,20,10,5,1,0.1703110252135979,RF-tuned,1.4264485185580902,0.8922766034229138,0.15689073996401387,0.938,6.639342014004593,4.790870370827252,2.2410892291005835,0.025239302275539766,2.9979121960000157,0.8500721918414286,0.8507296480129758,96.4,3.4327138779843076,0.4693892641187973,0.7697669476332292,5,10
grid,dgp1,600,20,10,5,1,0.1703110252135979,SSRF-tuned,1.3916858524968352,0.8805671864632453,0.14244716363438592,0.946,6.37890248412618,4.773765340081073,1.4493534447508223,0.14755273416011722,3.0445050370000217,0.8500721918414286,0.8507296480129758,96.4,3.4327138779843076,0.4693892641187973,0.7697669476332292,5,10
grid,dgp1,600,20,500,5,1,0.1703110252135979,RF,1.3354994482696334,0.8565612019642684,0.07423900840857707,0.946,6.290540075256166,4.81905482006917,2.341133985958105,0.01942111378500664,3.041930425000004,0.8589081191506303,0.859561104111539,95.666,3.456812990046914,0.4524348679882312,0.7869714348104049,5,10
grid,dgp1,600,20,500,5,1,0.1703110252135979,SSRF,1.3227588408175697,0.8529705543218271,0.06712148348770447,0.95,6.261125993014652,4.85691068559279,-2.7794698138453886,0.005546962899650464,3.041930425000004,0.8589081191506303,0.859561104111539,95.666,3.456812990046914,0.4524348679882312,0.7869714348104049,5,10
grid,dgp1,600,20,500,5,1,0.1703110252135979,SSRF-JS,1.3236390519814232,0.8532105815377169,0.0678116363676857,0.95,6.2633025852596775,4.856017714264682,,,3.041930425000004,0.8589081191506303,0.859561104111539,95.666,3.456812990046914,0.4524348679882312,0.7869714348104049,5,10
grid,dgp1,600,20,500,5,1,0.1703110252135979,RF-H,1.2960756430837854,0.8436221468282932,0.05982541202141488,0.954,6.231732979950424,4.90070004868876,-2.0270735767846007,0.042920039447068715,0.9481554480000227,0.8589081191506303,0.859561104111539,95.666,3.456812990046914,0.4524348679882312,0.7869714348104049,5,10
grid,dgp1,600,20,500,5,1,0.1703110252135979,SSRF-H,1.3525685726016277,0.8669298159397063,0.12633472626418174,0.96,6.304661996865218,5.0653411446398735,1.182565781882513,0.23726265430635698,0.9481554480000227,0.8589081191506303,0.859561104111539,95.666,3.456812990046914,0.4524348679882312,0.7869714348104049,5,10
grid,dgp1,600,20,500,5,1,0.1703110252135979,SSRF-JS-H,1.350039514308226,0.8659685801123881,0.12388189923011396,0.96,6.303769038974896,5.07033245122332,1.0988546043058112,0.272096240224664,0.9481554480000227,0.8589081191506303,0.859561104111539,95.666,3.456812990046914,0.4524348679882312,0.7869714348104049,5,10
grid,dgp1,600,20,500,5,1,0.1703110252135979,SSRF-rob,1.3283869214899993,0.8544930484110769,0.07006078727965762,0.946,6.275943697526355,4.835588960518563,2.055187277090736,0.04012047665596358,3.1789839859999915,0.8589081191506303,0.859561104111539,95.666,3.456812990046914,0.4524348679882312,0.7869714348104049,5,10
grid,dgp1,600,20,500,5,1,0.1703110252135979,RidgeRF,1.3085019999751082,0.8575978352001675,0.07023543992587727,0.946,6.265717211849323,4.664912201908238,-1.0728251734191623,0.28360864442869993,1.8998794940000039,0.8589081191506303,0.859561104111539,95.666,3.456812990046914,0.4524348679882312,0.7869714348104049,5,10
grid,dgp1,600,20,500,5,1,0.1703110252135979,LassoRF,1.3292127919803005,0.8582329263800398,0.08620554209973637,0.944,6.314015458198869,4.686002705604869,0.3882144844600907,0.6979400263228291,1.2919801099999972,0.8589081191506303,0.859561104111539,95.666,3.456812990046914,0.4524348679882312,0.7869714348104049,5,10
grid,dgp1,600,20,500,5,1,0.1703110252135979,GBM,1.3815164220250313,0.8775897770127231,0.14209356757065889,0.958,6.189566601788363,5.048125076069296,2.6088762618275765,0.009219716628090652,0.2764373069999806,0.8589081191506303,0.859561104111539,95.666,3.456812990046914,0.4524348679882312,0.7869714348104049,5,10
grid,dgp1,600,20,500,5,1,0.1703110252135979,RF-tuned,1.3303372620064744,0.8549699405306426,0.07430210948281754,0.948,6.256613921741779,4.764901544685975,0.748386490212261,0.454403218252491,5.366533610000005,0.8589081191506303,0.859561104111539,95.666,3.456812990046914,0.4524348679882312,0.7869714348104049,5,10
grid,dgp1,600,20,500,5,1,0.1703110252135979,SSRF-tuned,1.3313030671373427,0.8551324448544431,0.07418676326465914,0.95,6.240990089148563,4.781397128621561,1.1771365367048412,0.23942139030705012,9.023772070000007,0.8589081191506303,0.859561104111539,95.666,3.456812990046914,0.4524348679882312,0.7869714348104049,5,10
grid,dgp1,600,20,10,5,2,0.13374989412501487,RF,1.2669855396282301,0.8510883888296319,0.17174148954069174,0.942,6.058972495568247,4.330646135744645,5.548399220870429,3.692108505945354e-08,0.031664860000006456,0.8420744746283187,0.8424146169793462,95.5,3.4670934876533663,0.5250357157640729,0.8037438228919479,40,10
grid,dgp1,600,20,10,5,2,0.13374989412501487,SSRF,1.2333895871842646,0.8365615363164217,0.1394086291141048,0.946,5.969592771702517,4.4336023691433875,-2.4223413436023393,0.015597899449876116,0.031664860000006456,0.8420744746283187,0.8424146169793462,95.5,3.4670934876533663,0.5250357157640729,0.8037438228919479,40,10
grid,dgp1,600,20,10,5,2,0.13374989412501487,SSRF-JS,1.2368398427959724,0.8384218319584302,0.14278946255724725,0.946,5.97842069564132,4.438984477246723,,,0.031664860000006456,0.8420744746283187,0.8424146169793462,95.5,3.4670934876533663,0.5250357157640729,0.8037438228919479,40,10
grid,dgp1,600,20,10,5,2,0.13374989412501487,RF-H,1.2254343805206713,0.8351669086756546,0.13459878260466812,0.946,5.827056757247421,4.594636634770039,-0.44916709549540323,0.6534085454540834,0.01412997999997856,0.8420744746283187,0.8424146169793462,95.5,3.4670934876533663,0.5250357157640729,0.8037438228919479,40,10
grid,dgp1,600,20,10,5,2,0.13374989412501487,SSRF-H,1.2326940578380103,0.8332452875379338,0.14847968402479925,0.958,5.852928863816244,4.904093777059744,-0.15641805833040556,0.8757351070818844,0.01412997999997856,0.8420744746283187,0.8424146169793462,95.5,3.4670934876533663,0.5250357157640729,0.8037438228919479,40,10
grid,dgp1,600,20,10,5,2,0.13374989412501487,SSRF-JS-H,1.2329005693158879,0.8340225415078671,0.14712556703942864,0.96,5.864416472088532,4.968006321320252,-0.1489498428229573,0.8816232725400819,0.01412997999997856,0.8420744746283187,0.8424146169793462,95.5,3.4670934876533663,0.5250357157640729,0.8037438228919479,40,10
grid,dgp1,600,20,10,5,2,0.13374989412501487,SSRF-rob,1.249295753494499,0.8437723254519972,0.15453540088687517,0.946,6.010604340054201,4.412157019519718,5.164032484474752,2.9162728551969354e-07,0.04301560799999038,0.8420744746283187,0.8424146169793462,95.5,3.4670934876533663,0.5250357157640729,0.8037438228919479,40,10
grid,dgp1,600,20,10,5,2,0.13374989412501487,RidgeRF,1.246190108928713,0.8326299351783607,0.13544072244105076,0.952,5.879440424350005,4.3752751991104395,0.3043834487963276,0.7608991686275488,0.16633821299998885,0.8420744746283187,0.8424146169793462,95.5,3.4670934876533663,0.5250357157640729,0.8037438228919479,40,10
grid,dgp1,600,20,10,5,2,0.13374989412501487,LassoRF,1.2216782041966412,0.8286371039851416,0.13287492907530707,0.938,5.947108892318766,4.481929626998055,-0.533742473265294,0.5936384541518304,0.05607698800000094,0.8420744746283187,0.8424146169793462,95.5,3.4670934876533663,0.5250357157640729,0.8037438228919479,40,10
grid,dgp1,600,20,10,5,2,0.13374989412501487,GBM,1.1666201021777198,0.803031156949145,0.07496819277996775,0.956,5.825934420871391,4.522813357875122,-2.9877334332558787,0.002879230071014194,0.09086126399998307,0.8420744746283187,0.8424146169793462,95.5,3.4670934876533663,0.5250357157640729,0.8037438228919479,40,10
grid,dgp1,600,20,10,5,2,0.13374989412501487,RF-tuned,1.1628870523258956,0.7967778929323882,0.06652164767754902,0.954,5.8009027472946855,4.46227473538999,-3.419505449442125,0.0006527082761333857,3.2613917170000093,0.8420744746283187,0.8424146169793462,95.5,3.4670934876533663,0.5250357157640729,0.8037438228919479,40,10
grid,dgp1,600,20,10,5,2,0.13374989412501487,SSRF-tuned,1.1828010857389541,0.8064786058165023,0.0768431270220685,0.956,5.863365742498839,4.552555540553469,-2.5307671702695833,0.011533894786029505,3.28951809000003,0.8420744746283187,0.8424146169793462,95.5,3.4670934876533663,0.5250357157640729,0.8037438228919479,40,10
grid,dgp1,600,20,500,5,2,0.13374989412501487,RF,1.161825890598411,0.80083283114851,0.05987427896551231,0.958,6.055444804224482,4.389806446965748,0.9888690801707333,0.3229666428606702,2.485296323,0.8513416621836675,0.851912182498856,95.532,3.4606510013218523,0.5076950271956285,0.8272621827301597,40,10
grid,dgp1,600,20,500,5,2,0.13374989412501487,SSRF,1.1575415724757756,0.7992116586175364,0.05775079792496456,0.952,6.035085896032248,4.380693242940041,-0.5065155091146182,0.6126065713547054,2.485296323,0.8513416621836675,0.851912182498856,95.532,3.4606510013218523,0.5076950271956285,0.8272621827301597,40,10
grid,dgp1,600,20,500,5,2,0.13374989412501487,SSRF-JS,1.15769267262713,0.7993331232380442,0.057992862955310386,0.952,6.036759151158553,4.381566640196972,,,2.485296323,0.8513416621836675,0.851912182498856,95.532,3.4606510013218523,0.5076950271956285,0.8272621827301597,40,10
grid,dgp1,600,20,500,5,2,0.13374989412501487,RF-H,1.165282093129086,0.8005910199371865,0.07329128728703305,0.954,6.011946171070264,4.505683092946648,0.7329277022436853,0.46377446255421945,1.0959927850000213,0.8513416621836675,0.851912182498856,95.532,3.4606510013218523,0.5076950271956285,0.8272621827301597,40,10
grid,dgp1,600,20,500,5,2,0.13374989412501487,SSRF-H,1.2303804836089507,0.8298470738180056,0.14278490605178104,0.956,6.07583276180646,4.95807457953713,3.338271347198231,0.0008741373801660526,1.0959927850000213,0.8513416621836675,0.851912182498856,95.532,3.4606510013218523,0.5076950271956285,0.8272621827301597,40,10
grid,dgp1,600,20,500,5,2,0.13374989412501487,SSRF-JS-H,1.2285531194416577,0.829241672512404,0.14119897130165399,0.956,6.075959533532538,4.96078073230028,3.290289298812635,0.001035840310473113,1.0959927850000213,0.8513416621836675,0.851912182498856,95.532,3.4606510013218523,0.5076950271956285,0.8272621827301597,40,10
grid,dgp1,600,20,500,5,2,0.13374989412501487,SSRF-rob,1.1587501117578913,0.7996251587592339,0.05809582059059294,0.952,6.038785790242119,4.3432798335814224,0.5622547039100381,0.5740686278410025,3.2578865369999903,0.8513416621836675,0.851912182498856,95.532,3.4606510013218523,0.5076950271956285,0.8272621827301597,40,10
grid,dgp1,600,20,500,5,2,0.13374989412501487,RidgeRF,1.180165513407878,0.8072523344241886,0.07515144859720689,0.958,6.0022668389784615,4.356374303586689,1.8024223297855395,0.0717802984630665,1.6448401940000394,0.8513416621836675,0.851912182498856,95.532,3.4606510013218523,0.5076950271956285,0.8272621827301597,40,10
grid,dgp1,600,20,500,5,2,0.13374989412501487,LassoRF,1.1949482309701878,0.8138691509630053,0.09780330683611849,0.956,6.099834994606373,4.661445536786802,2.1784369924224407,0.029606719575646007,0.8471770759999799,0.8513416621836675,0.851912182498856,95.532,3.4606510013218523,0.5076950271956285,0.8272621827301597,40,10
grid,dgp1,600,20,500,5,2,0.13374989412501487,GBM,1.1666201021777198,0.803031156949145,0.07496819277996775,0.948,6.1836538583175775,4.325769900571785,0.665222475601303,0.5060617506928644,0.1700371050000058,0.8513416621836675,0.851912182498856,95.532,3.4606510013218523,0.5076950271956285,0.8272621827301597,40,10
grid,dgp1,600,20,500,5,2,0.13374989412501487,RF-tuned,1.1484162062316772,0.7915606447366543,0.05106950265388082,0.952,5.986402777706159,4.412377995668649,-1.1846585504300344,0.23643423226753663,4.238747898000042,0.8513416621836675,0.851912182498856,95.532,3.4606510013218523,0.5076950271956285,0.8272621827301597,40,10
grid,dgp1,600,20,500,5,2,0.13374989412501487,SSRF-tuned,1.1470465812335802,0.7912744440376416,0.04966390100473275,0.952,5.982344385751696,4.397280145495983,-1.6132874753883832,0.10699788115092009,6.452365174000079,0.8513416621836675,0.851912182498856,95.532,3.4606510013218523,0.5076950271956285,0.8272621827301597,40,10
grid,dgp1,600,20,10,5,3,0.11207853729897327,RF,1.5632397254188268,0.8910956196671037,0.15979581339000454,0.972,6.535961985748876,5.501424979676561,4.396227270144549,1.2193912328569652e-05,0.06333899100002327,0.8406023130720277,0.8409554193735262,96.0,3.454423755550782,0.5554323841959841,0.8312496043178779,40,10
grid,dgp1,600,20,10,5,3,0.11207853729897327,SSRF,1.532551410249225,0.8785011589735519,0.12993572565513353,0.974,6.588147360299645,5.610397184816692,-1.6708296600311514,0.0950685440602475,0.06333899100002327,0.8406023130720277,0.8409554193735262,96.0,3.454423755550782,0.5554323841959841,0.8312496043178779,40,10
grid,dgp1,600,20,10,5,3,0.11207853729897327,SSRF-JS,1.5346274267381887,0.8793084521806664,0.13273755767151066,0.974,6.569506098930707,5.573144859743474,,,0.06333899100002327,0.8406023130720277,0.8409554193735262,96.0,3.454423755550782,0.5554323841959841,0.8312496043178779,40,10
grid,dgp1,600,20,10,5,3,0.11207853729897327,RF-H,1.5387516372593182,0.8890096660771634,0.15074543173328855,0.974,6.444198367981017,5.395419913519321,0.14695822036418937,0.8831946487684402,0.0308341999999584,0.8406023130720277,0.8409554193735262,96.0,3.454423755550782,0.5554323841959841,0.8312496043178779,40,10
grid,dgp1,600,20,10,5,3,0.11207853729897327,SSRF-H,1.5417757227997686,0.8898150916139278,0.14504373458687972,0.974,6.506177969790422,5.4767659986200385,0.24445668714650173,0.8069273415730118,0.0308341999999584,0.8406023130720277,0.8409554193735262,96.0,3.454423755550782,0.5554323841959841,0.8312496043178779,40,10
grid,dgp1,600,20,10,5,3,0.11207853729897327,SSRF-JS-H,1.540018094974506,0.8885739115321898,0.14267987610003718,0.974,6.483608637810011,5.434590235467675,0.18572104409500584,0.8527012260073422,0.0308341999999584,0.8406023130720277,0.8409554193735262,96.0,3.454423755550782,0.5554323841959841,0.8312496043178779,40,10
grid,dgp1,600,20,10,5,3,0.11207853729897327,SSRF-rob,1.5489913807326292,0.8847807086730088,0.145900793983832,0.974,6.558403586392155,5.55134720870136,4.0787425058795606,4.888424318057783e-05,0.08008092999995142,0.8406023130720277,0.8409554193735262,96.0,3.454423755550782,0.5554323841959841,0.8312496043178779,40,10
grid,dgp1,600,20,10,5,3,0.11207853729897327,RidgeRF,1.5362204290684376,0.8924697222020427,0.16528629592951535,0.958,6.5868351320210055,5.253553104468721,0.050768345517111395,0.959520263675391,0.1819620669999722,0.8406023130720277,0.8409554193735262,96.0,3.454423755550782,0.5554323841959841,0.8312496043178779,40,10
grid,dgp1,600,20,10,5,3,0.11207853729897327,LassoRF,1.5201227728532813,0.8836423121315413,0.14570674717474763,0.962,6.334703869182205,5.094738956458356,-0.474865175404724,0.6349868669118865,0.07342040499997893,0.8406023130720277,0.8409554193735262,96.0,3.454423755550782,0.5554323841959841,0.8312496043178779,40,10
grid,dgp1,600,20,10,5,3,0.11207853729897327,GBM,1.55662805641363,0.8868559739448351,0.19271666197618384,0.97,6.821543558483744,5.609579543650526,0.690037597297097,0.49033081021909897,0.447027960000014,0.8406023130720277,0.8409554193735262,96.0,3.454423755550782,0.5554323841959841,0.8312496043178779,40,10
grid,dgp1,600,20,10,5,3,0.11207853729897327,RF-tuned,1.4172980938268782,0.8431758489202891,0.08088695380605898,0.97,6.332487604649015,5.213990864282581,-4.441876611350492,9.912554493744399e-06,2.9672452890000045,0.8406023130720277,0.8409554193735262,96.0,3.454423755550782,0.5554323841959841,0.8312496043178779,40,10
grid,dgp1,600,20,10,5,3,0.11207853729897327,SSRF-tuned,1.4614277322996532,0.8577677862825864,0.08589761400773872,0.976,6.366565216622366,5.325541769722309,-2.9969074406555714,0.0027947422422635298,2.9965558890000352,0.8406023130720277,0.8409554193735262,96.0,3.454423755550782,0.5554323841959841,0.8312496043178779,40,10
grid,dgp1,600,20,500,5,3,0.11207853729897327,RF,1.465746925416482,0.856704091484238,0.0967145296308392,0.966,6.838405466884452,5.430323851416071,1.2051858822842598,0.22841695209244625,2.510898381000004,0.8347210814823831,0.8351039697696101,95.666,3.465544466808263,0.6202736499060305,0.8897091874444935,40,10
grid,dgp1,600,20,500,5,3,0.11207853729897327,SSRF,1.4572956483398325,0.8532098747964353,0.0837300647208768,0.968,6.865896047769966,5.477250204510368,-3.06759642881137,0.002216002111476318,2.510898381000004,0.8347210814823831,0.8351039697696101,95.666,3.465544466808263,0.6202736499060305,0.8897091874444935,40,10
grid,dgp1,600,20,500,5,3,0.11207853729897327,SSRF-JS,1.4584562918321224,0.8536706133685117,0.08469512003785111,0.968,6.860736752307235,5.458964550483023,,,2.510898381000004,0.8347210814823831,0.8351039697696101,95.666,3.465544466808263,0.6202736499060305,0.8897091874444935,40,10
grid,dgp1,600,20,500,5,3,0.11207853729897327,RF-H,1.4425688622323933,0.8503428332832828,0.07285711016562238,0.964,6.787755836246317,5.301934507134419,-1.2317490725917366,0.21833268817572385,1.0444724849999716,0.8347210814823831,0.8351039697696101,95.666,3.465544466808263,0.6202736499060305,0.8897091874444935,40,10
grid,dgp1,600,20,500,5,3,0.11207853729897327,SSRF-H,1.537851230566509,0.8889350799425717,0.1462359888241129,0.962,6.854560437034105,5.170397989007486,3.0443888797612355,0.002392598865395223,1.0444724849999716,0.8347210814823831,0.8351039697696101,95.666,3.465544466808263,0.6202736499060305,0.8897091874444935,40,10
grid,dgp1,600,20,500,5,3,0.11207853729897327,SSRF-JS-H,1.5344719436568817,0.8878899368737707,0.14344081501194056,0.962,6.844026265948831,5.142634442179699,2.9802859048022308,0.002949528159548554,1.0444724849999716,0.8347210814823831,0.8351039697696101,95.666,3.465544466808263,0.6202736499060305,0.8897091874444935,40,10
grid,dgp1,600,20,500,5,3,0.11207853729897327,SSRF-rob,1.4613336280077682,0.8548006079054666,0.09014475566954637,0.966,6.82852673834274,5.384796932671856,0.8675195112338846,0.3858657568849252,3.3752866180000183,0.8347210814823831,0.8351039697696101,95.666,3.465544466808263,0.6202736499060305,0.8897091874444935,40,10
grid,dgp1,600,20,500,5,3,0.11207853729897327,RidgeRF,1.4763792425030624,0.86569664060108,0.09911883147130879,0.962,6.817025263963966,5.220390776503725,1.208897738195979,0.22698817669749466,1.7962406670000064,0.8347210814823831,0.8351039697696101,95.666,3.465544466808263,0.6202736499060305,0.8897091874444935,40,10
grid,dgp1,600,20,500,5,3,0.11207853729897327,LassoRF,1.4986874281074616,0.8680880679046957,0.11447081898985821,0.966,6.889638980335279,5.226458008025974,2.647303961608634,0.008241372580179653,0.9669851999999537,0.8347210814823831,0.8351039697696101,95.666,3.465544466808263,0.6202736499060305,0.8897091874444935,40,10
grid,dgp1,600,20,500,5,3,0.11207853729897327,GBM,1.5587688066921122,0.8876965873020358,0.19509827861877563,0.956,7.045419006309339,5.210085949088887,3.487131225468578,0.0005094838653522791,0.35231296499995324,0.8347210814823831,0.8351039697696101,95.666,3.465544466808263,0.6202736499060305,0.8897091874444935,40,10
grid,dgp1,600,20,500,5,3,0.11207853729897327,RF-tuned,1.4203404295177835,0.841792314738202,0.06569743142049393,0.968,6.7080971009212815,5.2824214175077575,-3.0453553153314012,0.0023849945965185872,4.564707116999955,0.8347210814823831,0.8351039697696101,95.666,3.465544466808263,0.6202736499060305,0.8897091874444935,40,10
grid,dgp1,600,20,500,5,3,0.11207853729897327,SSRF-tuned,1.4298574580194603,0.8462785327293656,0.06990407164190839,0.964,6.659190121492763,5.087188023342429,-2.6369420828054326,0.008495573139959387,6.8981014359999335,0.8347210814823831,0.8351039697696101,95.666,3.465544466808263,0.6202736499060305,0.8897091874444935,40,10
grid,dgp1,600,20,10,5,4,0.13578747390788978,RF,1.4528410735959136,0.8823113117440781,0.1562104248676842,0.938,6.936683806437577,4.538545010513986,2.1917062393292004,0.028630952414836618,0.03296214700003475,0.8395851964167995,0.8401683097519215,95.8,3.4825430668721826,0.5268405971371135,0.7763319383055476,40,10
grid,dgp1,600,20,10,5,4,0.13578747390788978,SSRF,1.4388150768790444,0.8745985865725657,0.12904050299452272,0.944,6.983117362067707,4.5071750058734334,-1.0698947584267149,0.28492511152446937,0.03296214700003475,0.8395851964167995,0.8401683097519215,95.8,3.4825430668721826,0.5268405971371135,0.7763319383055476,40,10
grid,dgp1,600,20,10,5,4,0.13578747390788978,SSRF-JS,1.4403379405728585,0.8752088713634751,0.1313421467045249,0.944,6.979489015258303,4.494232043874379,,,0.03296214700003475,0.8395851964167995,0.8401683097519215,95.8,3.4825430668721826,0.5268405971371135,0.7763319383055476,40,10
grid,dgp1,600,20,10,5,4,0.13578747390788978,RF-H,1.4539185228268638,0.869868228122879,0.12126561921235571,0.934,7.19176993917944,4.579304016295621,0.509833699128112,0.6102805848477679,0.014069882999990568,0.8395851964167995,0.8401683097519215,95.8,3.4825430668721826,0.5268405971371135,0.7763319383055476,40,10
grid,dgp1,600,20,10,5,4,0.13578747390788978,SSRF-H,1.5012021181468003,0.8823976991719944,0.13969133632611175,0.934,7.289125533684224,4.573503767731659,2.2886431303571295,0.022308134795358002,0.014069882999990568,0.8395851964167995,0.8401683097519215,95.8,3.4825430668721826,0.5268405971371135,0.7763319383055476,40,10
grid,dgp1,600,20,10,5,4,0.13578747390788978,SSRF-JS-H,1.5004720133559117,0.8823477626962889,0.14004730112864852,0.926,7.327496281321767,4.532395152431169,2.25785604491046,0.02416978904235754,0.014069882999990568,0.8395851964167995,0.8401683097519215,95.8,3.4825430668721826,0.5268405971371135,0.7763319383055476,40,10
grid,dgp1,600,20,10,5,4,0.13578747390788978,SSRF-rob,1.4449543641023666,0.8780238921022799,0.14118703697655519,0.938,6.967341757668565,4.453032553296865,1.8197290171387417,0.06909945984722989,0.04295172799999136,0.8395851964167995,0.8401683097519215,95.8,3.4825430668721826,0.5268405971371135,0.7763319383055476,40,10
grid,dgp1,600,20,10,5,4,0.13578747390788978,RidgeRF,1.448096175419947,0.8719151216635639,0.12825631810971844,0.936,7.07120875211808,4.553397120353224,0.26962213664338536,0.7875066488362429,0.15762256100003924,0.8395851964167995,0.8401683097519215,95.8,3.4825430668721826,0.5268405971371135,0.7763319383055476,40,10
grid,dgp1,600,20,10,5,4,0.13578747390788978,LassoRF,1.494933250856558,0.8936541657820392,0.14830285937820856,0.946,7.133064961101807,4.6043638887011875,1.9066481551774421,0.05685283670050589,0.06867431999995688,0.8395851964167995,0.8401683097519215,95.8,3.4825430668721826,0.5268405971371135,0.7763319383055476,40,10
grid,dgp1,600,20,10,5,4,0.13578747390788978,GBM,1.437327001570012,0.86774902460397,0.12589201459411758,0.932,7.16849498790321,4.445735693010427,-0.10763979994637188,0.9143030378240533,0.40833235799999557,0.8395851964167995,0.8401683097519215,95.8,3.4825430668721826,0.5268405971371135,0.7763319383055476,40,10
grid,dgp1,600,20,10,5,4,0.13578747390788978,RF-tuned,1.4010938187753126,0.8490978746982937,0.061748905712758005,0.936,6.973740509035502,4.431115772596772,-1.6048962112344416,0.10883270135237462,3.165656700999989,0.8395851964167995,0.8401683097519215,95.8,3.4825430668721826,0.5268405971371135,0.7763319383055476,40,10
grid,dgp1,600,20,10,5,4,0.13578747390788978,SSRF-tuned,1.4123905879441914,0.8548162434012656,0.0803597365156572,0.946,6.976690889526623,4.5824323807857015,-1.1301391560533003,0.2586888560506015,3.2276901640000233,0.8395851964167995,0.8401683097519215,95.8,3.4825430668721826,0.5268405971371135,0.7763319383055476,40,10
grid,dgp1,600,20,500,5,4,0.13578747390788978,RF,1.4119429790345939,0.8540493857020747,0.07226627862926308,0.938,7.470956636053961,4.426340692947717,-0.6948117355921892,0.4873348552370576,2.3217826040000205,0.8504608823998874,0.8510709556266979,95.66,3.462061628841187,0.4881178620726386,0.7897375730539518,40,10
grid,dgp1,600,20,500,5,4,0.13578747390788978,SSRF,1.4150562605668133,0.8545049180783116,0.06980378138746927,0.938,7.454940722815644,4.513259597109905,0.6606606406358277,0.5089822818690806,2.3217826040000205,0.8504608823998874,0.8510709556266979,95.66,3.462061628841187,0.4881178620726386,0.7897375730539518,40,10
grid,dgp1,600,20,500,5,4,0.13578747390788978,SSRF-JS,1.4148717232457366,0.854468442115703,0.06994342643662886,0.938,7.455767656695867,4.508410700850398,,,2.3217826040000205,0.8504608823998874,0.8510709556266979,95.66,3.462061628841187,0.4881178620726386,0.7897375730539518,40,10
grid,dgp1,600,20,500,5,4,0.13578747390788978,RF-H,1.4292136971674982,0.8592666616089494,0.07759894843339717,0.934,7.519125127095961,4.364645963088437,1.3909107912741856,0.1645621945568337,1.1953476680000108,0.8504608823998874,0.8510709556266979,95.66,3.462061628841187,0.4881178620726386,0.7897375730539518,40,10
grid,dgp1,600,20,500,5,4,0.13578747390788978,SSRF-H,1.5179266855593039,0.8896696903294683,0.1475494037467307,0.93,7.703652410001822,4.550098172778276,4.715334201184987,2.755677589528263e-06,1.1953476680000108,0.8504608823998874,0.8510709556266979,95.66,3.462061628841187,0.4881178620726386,0.7897375730539518,40,10
grid,dgp1,600,20,500,5,4,0.13578747390788978,SSRF-JS-H,1.515579274539957,0.8887767338629362,0.1457934318326902,0.93,7.704940501562872,4.533604661507852,4.662102163426838,3.5542173539079634e-06,1.1953476680000108,0.8504608823998874,0.8510709556266979,95.66,3.462061628841187,0.4881178620726386,0.7897375730539518,40,10
grid,dgp1,600,20,500,5,4,0.13578747390788978,SSRF-rob,1.4128443986306551,0.853845189254994,0.07025855530718968,0.936,7.454695897962651,4.495082445600239,-1.0936461679711535,0.27437382566671853,3.6408301260000258,0.8504608823998874,0.8510709556266979,95.66,3.462061628841187,0.4881178620726386,0.7897375730539518,40,10
grid,dgp1,600,20,500,5,4,0.13578747390788978,RidgeRF,1.412432858562224,0.8533920707393856,0.07371202628890176,0.94,7.44284655567003,4.436249432095074,-0.21363282750500315,0.8308769887695685,1.5251935749999461,0.8504608823998874,0.8510709556266979,95.66,3.462061628841187,0.4881178620726386,0.7897375730539518,40,10
grid,dgp1,600,20,500,5,4,0.13578747390788978,LassoRF,1.415266226053489,0.8588058338721253,0.07882492987738375,0.94,7.473109550743699,4.491541025056599,0.039606419326025065,0.9684148230230247,1.4334434529999953,0.8504608823998874,0.8510709556266979,95.66,3.462061628841187,0.4881178620726386,0.7897375730539518,40,10
grid,dgp1,600,20,500,5,4,0.13578747390788978,GBM,1.437327001570012,0.86774902460397,0.12589201459411758,0.926,7.830954357082869,4.408339414839718,1.0508792354170022,0.29356819463414807,0.45583244899995634,0.8504608823998874,0.8510709556266979,95.66,3.462061628841187,0.4881178620726386,0.7897375730539518,40,10
grid,dgp1,600,20,500,5,4,0.13578747390788978,RF-tuned,1.3901774375441758,0.8463630346039184,0.053004280562476136,0.944,7.414562692507972,4.5387989852261015,-2.6132862497134783,0.009102397674999343,4.581856764000008,0.8504608823998874,0.8510709556266979,95.66,3.462061628841187,0.4881178620726386,0.7897375730539518,40,10
grid,dgp1,600,20,500,5,4,0.13578747390788978,SSRF-tuned,1.3985951255595364,0.8487286118017499,0.05684526432978113,0.942,7.402876706273992,4.536908954262366,-2.1416638093134712,0.032461871129134255,6.718884847999959,0.8504608823998874,0.8510709556266979,95.66,3.462061628841187,0.4881178620726386,0.7897375730539518,40,10
grid,dgp1,600,20,10,5,5,0.11991089348530976,RF,1.4008481963385138,0.8649762269983121,0.17076811919985202,0.978,5.691893980759594,5.17478754599947,2.8696182732007,0.004196307891362075,0.0767925009999999,0.8302666735599106,0.8305931486420579,94.8,3.4628536172850763,0.5312598798648016,0.7334985242203693,10,6
grid,dgp1,600,20,10,5,5,0.11991089348530976,SSRF,1.3839418772715653,0.8569121184147982,0.14898693461287166,0.98,5.583133641307729,5.026294864038012,-1.1207331032156285,0.26267082794555247,0.0767925009999999,0.8302666735599106,0.8305931486420579,94.8,3.4628536172850763,0.5312598798648016,0.7334985242203693,10,6
grid,dgp1,600,20,10,5,5,0.11991089348530976,SSRF-JS,1.3852992376103461,0.8579061979328155,0.15075216698693497,0.98,5.619741073920059,5.079026478853188,,,0.0767925009999999,0.8302666735599106,0.8305931486420579,94.8,3.4628536172850763,0.5312598798648016,0.7334985242203693,10,6
grid,dgp1,600,20,10,5,5,0.11991089348530976,RF-H,1.4054221880099569,0.861743163777596,0.14534884130243364,0.964,5.525465585166044,4.717526746399685,0.7648454288349644,0.44454422575013064,0.029968795000002046,0.8302666735599106,0.8305931486420579,94.8,3.4628536172850763,0.5312598798648016,0.7334985242203693,10,6
grid,dgp1,600,20,10,5,5,0.11991089348530976,SSRF-H,1.4188151746970807,0.8635467923385287,0.16133274722845672,0.982,5.66077374266356,5.076225992767097,1.3622001219153397,0.17344178512713598,0.029968795000002046,0.8302666735599106,0.8305931486420579,94.8,3.4628536172850763,0.5312598798648016,0.7334985242203693,10,6
grid,dgp1,600,20,10,5,5,0.11991089348530976,SSRF-JS-H,1.4206488465807183,0.8644349430908754,0.16257228189844738,0.982,5.674947256119278,5.076834242041321,1.4242799245262576,0.15467773908110807,0.029968795000002046,0.8302666735599106,0.8305931486420579,94.8,3.4628536172850763,0.5312598798648016,0.7334985242203693,10,6
grid,dgp1,600,20,10,5,5,0.11991089348530976,SSRF-rob,1.3923541379988742,0.8612392775226497,0.1601180287589878,0.982,5.704100373652964,5.20211758650324,2.4752294402571082,0.01348003242967983,0.05428765200002772,0.8302666735599106,0.8305931486420579,94.8,3.4628536172850763,0.5312598798648016,0.7334985242203693,10,6
grid,dgp1,600,20,10,5,5,0.11991089348530976,RidgeRF,1.4439089327938446,0.8823825916884735,0.1619358171134168,0.98,5.791800219023095,5.299985162584671,1.9760312034631047,0.04842603747567395,0.029694431999985227,0.8302666735599106,0.8305931486420579,94.8,3.4628536172850763,0.5312598798648016,0.7334985242203693,10,6
grid,dgp1,600,20,10,5,5,0.11991089348530976,LassoRF,1.4235513157594204,0.872441796956911,0.14484667494753045,0.958,5.7857564739072345,4.805492066878636,1.335083348215099,0.18215321655189168,0.03422697500002414,0.8302666735599106,0.8305931486420579,94.8,3.4628536172850763,0.5312598798648016,0.7334985242203693,10,6
grid,dgp1,600,20,10,5,5,0.11991089348530976,GBM,1.373067092002049,0.8572690729693564,0.1402401525441275,0.978,5.603637507446636,5.0043097569928845,-0.4848776828820006,0.6278694136403333,0.17638332299998183,0.8302666735599106,0.8305931486420579,94.8,3.4628536172850763,0.5312598798648016,0.7334985242203693,10,6
grid,dgp1,600,20,10,5,5,0.11991089348530976,RF-tuned,1.3959973517845254,0.8639750003145948,0.14777636188494847,0.97,5.595931511704486,4.973411600452642,0.4442406888681218,0.65696479093613,3.3503862910000066,0.8302666735599106,0.8305931486420579,94.8,3.4628536172850763,0.5312598798648016,0.7334985242203693,10,6
grid,dgp1,600,20,10,5,5,0.11991089348530976,SSRF-tuned,1.3975607037679176,0.8533225471894476,0.1280606126399824,0.982,5.885249529588488,5.323325248203814,0.634250917029612,0.5260622872989064,3.39878249100002,0.8302666735599106,0.8305931486420579,94.8,3.4628536172850763,0.5312598798648016,0.7334985242203693,10,6
grid,dgp1,600,20,500,5,5,0.11991089348530976,RF,1.3606429640616673,0.8475138963940103,0.1054585448947278,0.962,6.482705901337911,4.687917952016894,0.5187931118566654,0.6040199185777543,2.749589248999996,0.8330453704413604,0.8334071221692646,95.402,3.468038072948778,0.5476780906804983,0.7744970090898734,10,6
grid,dgp1,600,20,500,5,5,0.11991089348530976,SSRF,1.357483939285799,0.845635375630844,0.10248304954486352,0.962,6.495225874740587,4.801251036973057,-2.114504234619966,0.03471942219913466,2.749589248999996,0.8330453704413604,0.8334071221692646,95.402,3.468038072948778,0.5476780906804983,0.7744970090898734,10,6
grid,dgp1,600,20,500,5,5,0.11991089348530976,SSRF-JS,1.358180505644874,0.845918813237605,0.1027806768223227,0.962,6.49364883072406,4.795317972073093,,,2.749589248999996,0.8330453704413604,0.8334071221692646,95.402,3.468038072948778,0.5476780906804983,0.7744970090898734,10,6
grid,dgp1,600,20,500,5,5,0.11991089348530976,RF-H,1.3551005631266408,0.8451934573092241,0.10021703199585283,0.964,6.420270985471081,4.629204710181667,-0.25593974098088873,0.798050057260532,1.0830642020000028,0.8330453704413604,0.8334071221692646,95.402,3.468038072948778,0.5476780906804983,0.7744970090898734,10,6
grid,dgp1,600,20,500,5,5,0.11991089348530976,SSRF-H,1.4152282663584097,0.8632319706668393,0.15951888557472937,0.964,6.540282490597709,4.805044815523201,2.665412769573107,0.007813443880225819,1.0830642020000028,0.8330453704413604,0.8334071221692646,95.402,3.468038072948778,0.5476780906804983,0.7744970090898734,10,6
grid,dgp1,600,20,500,5,5,0.11991089348530976,SSRF-JS-H,1.4140373466586456,0.8629926324977195,0.15794206741199723,0.964,6.538771168699918,4.808922242880213,2.639370000830774,0.008435388913633017,1.0830642020000028,0.8330453704413604,0.8334071221692646,95.402,3.468038072948778,0.5476780906804983,0.7744970090898734,10,6
grid,dgp1,600,20,500,5,5,0.11991089348530976,SSRF-rob,1.3587506389046666,0.8463413920962124,0.10346607533637323,0.962,6.491608665730882,4.756044103575623,0.23043061326563005,0.8178043528897182,3.0632787409999764,0.8330453704413604,0.8334071221692646,95.402,3.468038072948778,0.5476780906804983,0.7744970090898734,10,6
grid,dgp1,600,20,500,5,5,0.11991089348530976,RidgeRF,1.3756999250254132,0.8531164312849139,0.12098611851724658,0.96,6.453129553436163,4.804548987457556,1.171966492279914,0.24148992466343921,1.6627280449999944,0.8330453704413604,0.8334071221692646,95.402,3.468038072948778,0.5476780906804983,0.7744970090898734,10,6
grid,dgp1,600,20,500,5,5,0.11991089348530976,LassoRF,1.3536470285570303,0.8424989351790222,0.10616733914399736,0.96,6.511723370724233,4.653101019638674,-0.30404449495718733,0.7611573094033628,0.8437157179999986,0.8330453704413604,0.8334071221692646,95.402,3.468038072948778,0.5476780906804983,0.7744970090898734,10,6
grid,dgp1,600,20,500,5,5,0.11991089348530976,GBM,1.373067092002049,0.8572690729693564,0.1402401525441275,0.964,6.446138622434836,4.714651018448885,0.9347622806928728,0.35013670964248694,0.19998147200004723,0.8330453704413604,0.8334071221692646,95.402,3.468038072948778,0.5476780906804983,0.7744970090898734,10,6
grid,dgp1,600,20,500,5,5,0.11991089348530976,RF-tuned,1.3493718833077983,0.8443792003661902,0.09553842148210887,0.962,6.449569343717911,4.652623770198999,-1.5751950729295163,0.11552803254435777,4.646506719000001,0.8330453704413604,0.8334071221692646,95.402,3.468038072948778,0.5476780906804983,0.7744970090898734,10,6
grid,dgp1,600,20,500,5,5,0.11991089348530976,SSRF-tuned,1.3526541704917163,0.8430124146806233,0.09748194579596507,0.964,6.475129088188344,4.775448396538726,-1.2752274849140883,0.20252521164911677,7.041985548000014,0.8330453704413604,0.8334071221692646,95.402,3.468038072948778,0.5476780906804983,0.7744970090898734,10,6
grid,dgp1,600,20,10,5,6,0.14929076660485951,RF,1.5033091059223311,0.9247024630225853,0.1630699858084474,0.932,6.74496661341876,4.6342042901417155,4.397137672063352,1.2143866760451431e-05,0.06822588300002508,0.8670274276063052,0.8676612625151676,96.7,3.4481335931463564,0.4225712368856468,0.7857943486474601,40,10
grid,dgp1,600,20,10,5,6,0.14929076660485951,SSRF,1.481705635978428,0.9123555706579963,0.14367417162557145,0.942,6.709587216962769,4.763364271818402,1.3645105726220261,0.17271420679376548,0.06822588300002508,0.8670274276063052,0.8676612625151676,96.7,3.4481335931463564,0.4225712368856468,0.7857943486474601,40,10
grid,dgp1,600,20,10,5,6,0.14929076660485951,SSRF-JS,1.4799823116347672,0.9123539404239466,0.14361943666211663,0.942,6.699747183967334,4.751847550404762,,,0.06822588300002508,0.8670274276063052,0.8676612625151676,96.7,3.4481335931463564,0.4225712368856468,0.7857943486474601,40,10
grid,dgp1,600,20,10,5,6,0.14929076660485951,RF-H,1.4226250658369723,0.8761432124947377,0.11492485181418705,0.934,6.662397134760175,4.802145233913054,-2.0660563560890055,0.0390805047806654,0.030769989000020814,0.8670274276063052,0.8676612625151676,96.7,3.4481335931463564,0.4225712368856468,0.7857943486474601,40,10
grid,dgp1,600,20,10,5,6,0.14929076660485951,SSRF-H,1.4809724078042588,0.888431458236973,0.1745131155847252,0.934,6.823491498213562,4.802781301472171,0.029651923098665982,0.9763505773350215,0.030769989000020814,0.8670274276063052,0.8676612625151676,96.7,3.4481335931463564,0.4225712368856468,0.7857943486474601,40,10
grid,dgp1,600,20,10,5,6,0.14929076660485951,SSRF-JS-H,1.478274991694122,0.8875919413359259,0.17195200532368704,0.932,6.830821832781139,4.778532430790663,-0.051007387223753003,0.9593298306891572,0.030769989000020814,0.8670274276063052,0.8676612625151676,96.7,3.4481335931463564,0.4225712368856468,0.7857943486474601,40,10
grid,dgp1,600,20,10,5,6,0.14929076660485951,SSRF-rob,1.4883729765545355,0.9169601287924282,0.15043790447553926,0.942,6.705170608881353,4.748297747893189,3.998976608943551,6.830475924138951e-05,0.08689541299997927,0.8670274276063052,0.8676612625151676,96.7,3.4481335931463564,0.4225712368856468,0.7857943486474601,40,10
grid,dgp1,600,20,10,5,6,0.14929076660485951,RidgeRF,1.4542659759150607,0.8929755620957007,0.153828153455917,0.946,6.65522287512356,4.8032166320586045,-0.879614236008814,0.3792798590317853,0.050039295999965816,0.8670274276063052,0.8676612625151676,96.7,3.4481335931463564,0.4225712368856468,0.7857943486474601,40,10
grid,dgp1,600,20,10,5,6,0.14929076660485951,LassoRF,1.4401000917491689,0.8879964181416333,0.11966068953288757,0.932,6.701682650854958,4.638682328609876,-1.351430368604942,0.1768635510901826,0.07615953800001307,0.8670274276063052,0.8676612625151676,96.7,3.4481335931463564,0.4225712368856468,0.7857943486474601,40,10
grid,dgp1,600,20,10,5,6,0.14929076660485951,GBM,1.4464730077369174,0.8853097239381426,0.12736457636236143,0.93,6.751672552184662,4.585988321168534,-1.1043436990878066,0.2697099906716048,0.27896210500000507,0.8670274276063052,0.8676612625151676,96.7,3.4481335931463564,0.4225712368856468,0.7857943486474601,40,10
grid,dgp1,600,20,10,5,6,0.14929076660485951,RF-tuned,1.381758232384266,0.8658159554341832,0.07061656439034651,0.934,6.57885474466353,4.522651608551036,-4.30851254189283,1.8059363544784714e-05,3.175232474999973,0.8670274276063052,0.8676612625151676,96.7,3.4481335931463564,0.4225712368856468,0.7857943486474601,40,10
grid,dgp1,600,20,10,5,6,0.14929076660485951,SSRF-tuned,1.3950216322756839,0.868813041739531,0.07909337349725087,0.942,6.6219058722126265,4.83253115692024,-3.9402725883737335,8.705094382048211e-05,3.2310151770000175,0.8670274276063052,0.8676612625151676,96.7,3.4481335931463564,0.4225712368856468,0.7857943486474601,40,10
grid,dgp1,600,20,500,5,6,0.14929076660485951,RF,1.3966209578893165,0.8698235866268562,0.07977063752220374,0.934,7.097025247245168,4.660559961728745,0.39611751711943344,0.692102923246251,2.3397920279999767,0.856368259961683,0.8569871115856512,95.624,3.458900460228274,0.4614773148605207,0.7841387877563283,40,10
grid,dgp1,600,20,500,5,6,0.14929076660485951,SSRF,1.395073058400125,0.8675855329181789,0.07908743876504296,0.936,7.120622853014684,4.71410231716968,0.7145779420906218,0.47503681700944983,2.3397920279999767,0.856368259961683,0.8569871115856512,95.624,3.458900460228274,0.4614773148605207,0.7841387877563283,40,10
grid,dgp1,600,20,500,5,6,0.14929076660485951,SSRF-JS,1.3948475420562523,0.867706070156129,0.07914773955370984,0.936,7.119152115880821,4.708866518820785,,,2.3397920279999767,0.856368259961683,0.8569871115856512,95.624,3.458900460228274,0.4614773148605207,0.7841387877563283,40,10
grid,dgp1,600,20,500,5,6,0.14929076660485951,RF-H,1.403071198200838,0.8648716894184943,0.08982226957472704,0.936,7.245318240342448,4.604156232469498,0.6598481369293308,0.5095033810207525,1.171678087000032,0.856368259961683,0.8569871115856512,95.624,3.458900460228274,0.4614773148605207,0.7841387877563283,40,10
grid,dgp1,600,20,500,5,6,0.14929076660485951,SSRF-H,1.4737972489308995,0.8859326920801555,0.16443660424420795,0.928,7.4111296067135655,4.718137154911249,3.2646372435402724,0.0011332610628124484,1.171678087000032,0.856368259961683,0.8569871115856512,95.624,3.458900460228274,0.4614773148605207,0.7841387877563283,40,10
grid,dgp1,600,20,500,5,6,0.14929076660485951,SSRF-JS-H,1.4723512569009807,0.8854673756260524,0.1630838092309974,0.928,7.407847744488576,4.719296439397547,3.2296563012524744,0.0012798147363620403,1.171678087000032,0.856368259961683,0.8569871115856512,95.624,3.458900460228274,0.4614773148605207,0.7841387877563283,40,10
grid,dgp1,600,20,500,5,6,0.14929076660485951,SSRF-rob,1.394988291249972,0.8683432791928184,0.07875832528180728,0.936,7.107663472071881,4.690233395151374,0.07222253959614883,0.9424392643853938,2.994748125000001,0.856368259961683,0.8569871115856512,95.624,3.458900460228274,0.4614773148605207,0.7841387877563283,40,10
grid,dgp1,600,20,500,5,6,0.14929076660485951,RidgeRF,1.431262056310197,0.883403588042543,0.09764829871770919,0.938,7.149438058451711,4.731954676602362,2.521720488698414,0.011832804365446476,1.5963770710000063,0.856368259961683,0.8569871115856512,95.624,3.458900460228274,0.4614773148605207,0.7841387877563283,40,10
grid,dgp1,600,20,500,5,6,0.14929076660485951,LassoRF,1.3958086303673114,0.8714652749140211,0.07898893907882204,0.928,7.174567834372184,4.553772778375338,0.08208514134052601,0.9345954516159123,1.1255297469999732,0.856368259961683,0.8569871115856512,95.624,3.458900460228274,0.4614773148605207,0.7841387877563283,40,10
grid,dgp1,600,20,500,5,6,0.14929076660485951,GBM,1.4464730077369174,0.8853097239381426,0.12736457636236143,0.942,7.14894259855685,4.785167647694567,2.8413557723031193,0.0045835557134643,0.22338434099998494,0.856368259961683,0.8569871115856512,95.624,3.458900460228274,0.4614773148605207,0.7841387877563283,40,10
grid,dgp1,600,20,500,5,6,0.14929076660485951,RF-tuned,1.3768672794329728,0.8600972656361833,0.06630402539339758,0.938,7.162030663014645,4.552695632330292,-1.79883327034396,0.07234679994926901,4.082735504000027,0.856368259961683,0.8569871115856512,95.624,3.458900460228274,0.4614773148605207,0.7841387877563283,40,10
grid,dgp1,600,20,500,5,6,0.14929076660485951,SSRF-tuned,1.3815998881294216,0.8620364907967039,0.06713753236290346,0.936,7.173083650433076,4.584133205416481,-1.4667543118889026,0.14275761473745865,6.041398840999989,0.856368259961683,0.8569871115856512,95.624,3.458900460228274,0.4614773148605207,0.7841387877563283,40,10
grid,dgp1,600,20,10,5,7,0.1363648869778999,RF,1.4043126161957846,0.8585009423052307,0.1526198296525197,0.954,6.534362991728927,4.768311195213512,3.7968088067558052,0.0001554033070708985,0.031682655999986764,0.8309965530468965,0.8315232106484485,95.9,3.4511491395801657,0.5273056962613777,0.7358470857708076,40,10
grid,dgp1,600,20,10,5,7,0.1363648869778999,SSRF,1.3804633808976943,0.847816393787605,0.1297378409907857,0.948,6.524602497740338,4.531091355221977,-2.535772412565484,0.011371417562289262,0.031682655999986764,0.8309965530468965,0.8315232106484485,95.9,3.4511491395801657,0.5273056962613777,0.7358470857708076,40,10
grid,dgp1,600,20,10,5,7,0.1363648869778999,SSRF-JS,1.3831605608855384,0.8486837213071465,0.13138157390745048,0.95,6.521468837249993,4.5575369365436975,,,0.031682655999986764,0.8309965530468965,0.8315232106484485,95.9,3.4511491395801657,0.5273056962613777,0.7358470857708076,40,10
grid,dgp1,600,20,10,5,7,0.1363648869778999,RF-H,1.3811281850238497,0.8553777680853557,0.13887259704929242,0.938,6.545987570488799,4.640998610406305,-0.08297152527122992,0.9338908026968984,0.014488429999971686,0.8309965530468965,0.8315232106484485,95.9,3.4511491395801657,0.5273056962613777,0.7358470857708076,40,10
grid,dgp1,600,20,10,5,7,0.1363648869778999,SSRF-H,1.4150952489537763,0.866526388055803,0.16767520060486435,0.944,6.603243168605216,4.5775232814041535,1.2107727647678814,0.22626886881252226,0.014488429999971686,0.8309965530468965,0.8315232106484485,95.9,3.4511491395801657,0.5273056962613777,0.7358470857708076,40,10
grid,dgp1,600,20,10,5,7,0.1363648869778999,SSRF-JS-H,1.4135096820503121,0.8658918177298036,0.16565527454225304,0.944,6.600083168931574,4.556406425339225,1.1614033912808412,0.24575531003235096,0.014488429999971686,0.8309965530468965,0.8315232106484485,95.9,3.4511491395801657,0.5273056962613777,0.7358470857708076,40,10
grid,dgp1,600,20,10,5,7,0.1363648869778999,SSRF-rob,1.3925323057659038,0.8531746418110027,0.14089519410699122,0.954,6.529954801303243,4.701555418494749,3.3295822131672805,0.000901562012199303,0.04278013900000133,0.8309965530468965,0.8315232106484485,95.9,3.4511491395801657,0.5273056962613777,0.7358470857708076,40,10
grid,dgp1,600,20,10,5,7,0.1363648869778999,RidgeRF,1.4032996021591104,0.8585044332136165,0.15527771759117479,0.942,6.656180343427324,4.489920730538148,0.734315973704826,0.4629284994700534,0.04930913300000839,0.8309965530468965,0.8315232106484485,95.9,3.4511491395801657,0.5273056962613777,0.7358470857708076,40,10
grid,dgp1,600,20,10,5,7,0.1363648869778999,LassoRF,1.3793220232147854,0.8564569414640049,0.11418285184445724,0.946,6.35175405423088,4.531749768444527,-0.13841650023746643,0.8899391523987276,0.07392228800000566,0.8309965530468965,0.8315232106484485,95.9,3.4511491395801657,0.5273056962613777,0.7358470857708076,40,10
grid,dgp1,600,20,10,5,7,0.1363648869778999,GBM,1.3649413874707055,0.8456225571642946,0.11789968797927165,0.94,6.647128099958208,4.391837367210861,-0.8142726011562897,0.4156828536392668,0.14208537399997567,0.8309965530468965,0.8315232106484485,95.9,3.4511491395801657,0.5273056962613777,0.7358470857708076,40,10
grid,dgp1,600,20,10,5,7,0.1363648869778999,RF-tuned,1.3416246805571277,0.8317064991777278,0.08048664291771035,0.948,6.523618671611863,4.611446743187607,-2.105383928875652,0.03550704455210286,3.227589749999993,0.8309965530468965,0.8315232106484485,95.9,3.4511491395801657,0.5273056962613777,0.7358470857708076,40,10
grid,dgp1,600,20,10,5,7,0.1363648869778999,SSRF-tuned,1.3507379204338723,0.837313394122324,0.09763125628669918,0.944,6.574093948774084,4.629034834987022,-1.547921482712228,0.12195791529783052,3.2559863600000085,0.8309965530468965,0.8315232106484485,95.9,3.4511491395801657,0.5273056962613777,0.7358470857708076,40,10
grid,dgp1,600,20,500,5,7,0.1363648869778999,RF,1.322888881636546,0.8252667580687334,0.07304296424773642,0.964,6.214121104620786,4.6853108551573595,-1.151906699371263,0.24963500334818,1.8737510259999794,0.8336573205361217,0.8340734468860297,95.772,3.4589442250497355,0.5117416413445045,0.7286231892726266,40,10
grid,dgp1,600,20,500,5,7,0.1363648869778999,SSRF,1.3273370667435538,0.8273657104669303,0.07718103376733507,0.962,6.23456401172118,4.668624382523574,0.07799787250231179,0.937845364426529,1.8737510259999794,0.8336573205361217,0.8340734468860297,95.772,3.4589442250497355,0.5117416413445045,0.7286231892726266,40,10
grid,dgp1,600,20,500,5,7,0.1363648869778999,SSRF-JS,1.3273139780449363,0.8273578348871593,0.07713304909634204,0.962,6.235792545130502,4.676054855812039,,,1.8737510259999794,0.8336573205361217,0.8340734468860297,95.772,3.4589442250497355,0.5117416413445045,0.7286231892726266,40,10
grid,dgp1,600,20,500,5,7,0.1363648869778999,RF-H,1.350884717623755,0.8382768939237231,0.09950047874515924,0.96,6.297076111517209,4.742970478917477,2.215089474423794,0.02697886525830664,0.7094824369999628,0.8336573205361217,0.8340734468860297,95.772,3.4589442250497355,0.5117416413445045,0.7286231892726266,40,10
grid,dgp1,600,20,500,5,7,0.1363648869778999,SSRF-H,1.4120520057893247,0.8635346042176861,0.16018584140741435,0.962,6.395240203216107,4.823320447490844,4.6256604085055475,4.224379306282739e-06,0.7094824369999628,0.8336573205361217,0.8340734468860297,95.772,3.4589442250497355,0.5117416413445045,0.7286231892726266,40,10
grid,dgp1,600,20,500,5,7,0.1363648869778999,SSRF-JS-H,1.411093051771994,0.8631269195786518,0.1590918567669121,0.962,6.394617347348555,4.824791808482527,4.60638381157493,4.626321466326517e-06,0.7094824369999628,0.8336573205361217,0.8340734468860297,95.772,3.4589442250497355,0.5117416413445045,0.7286231892726266,40,10
grid,dgp1,600,20,500,5,7,0.1363648869778999,SSRF-rob,1.3245572609908565,0.826184738188904,0.07452111287127267,0.962,6.21942526580097,4.660746779881564,-1.4678918815485638,0.14244835816497292,2.0299556450000296,0.8336573205361217,0.8340734468860297,95.772,3.4589442250497355,0.5117416413445045,0.7286231892726266,40,10
grid,dgp1,600,20,500,5,7,0.1363648869778999,RidgeRF,1.339477849587313,0.833736062598889,0.08831493884732232,0.958,6.270187545096888,4.65776225960141,0.970496786584932,0.3320338338979919,0.9853075839999974,0.8336573205361217,0.8340734468860297,95.772,3.4589442250497355,0.5117416413445045,0.7286231892726266,40,10
grid,dgp1,600,20,500,5,7,0.1363648869778999,LassoRF,1.3325123785417983,0.8287496600977416,0.07251710824058662,0.962,6.259660067739538,4.811236596281083,0.44360671092986576,0.6574230109775605,0.7116797979999774,0.8336573205361217,0.8340734468860297,95.772,3.4589442250497355,0.5117416413445045,0.7286231892726266,40,10
grid,dgp1,600,20,500,5,7,0.1363648869778999,GBM,1.3649413874707055,0.8456225571642946,0.11789968797927165,0.962,6.239364176970676,4.772278170384754,2.4767710746059834,0.013422313985541367,0.06634507199999007,0.8336573205361217,0.8340734468860297,95.772,3.4589442250497355,0.5117416413445045,0.7286231892726266,40,10
grid,dgp1,600,20,500,5,7,0.1363648869778999,RF-tuned,1.327296158045767,0.8270546539745768,0.07231150609435134,0.962,6.267393136928579,4.795780568214754,-0.0019659002307009016,0.9984318320526722,2.8344200239999964,0.8336573205361217,0.8340734468860297,95.772,3.4589442250497355,0.5117416413445045,0.7286231892726266,40,10
grid,dgp1,600,20,500,5,7,0.1363648869778999,SSRF-tuned,1.3299213066861384,0.8280824120994895,0.07261822851512192,0.962,6.270250214234323,4.755583442611099,0.34072731097536607,0.7333805161069455,4.21257797100003,0.8336573205361217,0.8340734468860297,95.772,3.4589442250497355,0.5117416413445045,0.7286231892726266,40,10
grid,dgp1,600,20,10,5,8,0.12409133021635849,RF,1.3373091588796582,0.8603883187553046,0.13950021649133765,0.95,6.136650168156785,4.4788962966108485,3.179825865092689,0.0015189913516587725,0.030251224999972237,0.8277211679986589,0.8280401401683729,95.6,3.425680271952804,0.6188861243616016,0.8416384446659013,40,6
grid,dgp1,600,20,10,5,8,0.12409133021635849,SSRF,1.3152124997999795,0.8479087555774992,0.10929926623597992,0.95,6.124963850308265,4.487694299978024,0.14509483854986996,0.8846652610611327,0.030251224999972237,0.8277211679986589,0.8280401401683729,95.6,3.425680271952804,0.6188861243616016,0.8416384446659013,40,6
grid,dgp1,600,20,10,5,8,0.12409133021635849,SSRF-JS,1.3150189038178086,0.8486780951906405,0.11041693817123384,0.95,6.115621844440962,4.466384699237382,,,0.030251224999972237,0.8277211679986589,0.8280401401683729,95.6,3.425680271952804,0.6188861243616016,0.8416384446659013,40,6
grid,dgp1,600,20,10,5,8,0.12409133021635849,RF-H,1.3408127579217657,0.8509370561681676,0.12370295765159409,0.95,6.215771352469488,4.5111813000700804,0.9306244180857998,0.35227270618766454,0.013189672999999402,0.8277211679986589,0.8280401401683729,95.6,3.425680271952804,0.6188861243616016,0.8416384446659013,40,6
grid,dgp1,600,20,10,5,8,0.12409133021635849,SSRF-H,1.3648922087673439,0.8488307964700004,0.13299222313520126,0.958,6.347026897764446,4.611179956445127,1.698594019858358,0.08970707978946427,0.013189672999999402,0.8277211679986589,0.8280401401683729,95.6,3.425680271952804,0.6188861243616016,0.8416384446659013,40,6
grid,dgp1,600,20,10,5,8,0.12409133021635849,SSRF-JS-H,1.3625982470501963,0.8487987008796547,0.13540145768521095,0.958,6.338953152132233,4.663398808745144,1.6232451151274871,0.1048525015848643,0.013189672999999402,0.8277211679986589,0.8280401401683729,95.6,3.425680271952804,0.6188861243616016,0.8416384446659013,40,6
grid,dgp1,600,20,10,5,8,0.12409133021635849,SSRF-rob,1.325729439608468,0.8545073093047605,0.12452324893352222,0.95,6.124573205001625,4.499453288319095,2.7817053876675635,0.005509196969370557,0.0404254759999958,0.8277211679986589,0.8280401401683729,95.6,3.425680271952804,0.6188861243616016,0.8416384446659013,40,6
grid,dgp1,600,20,10,5,8,0.12409133021635849,RidgeRF,1.397689725694976,0.8742733582115879,0.16342378404309355,0.956,6.231845668313031,4.7731361777722645,2.9683182384987052,0.003065784029567217,0.02596748700000262,0.8277211679986589,0.8280401401683729,95.6,3.425680271952804,0.6188861243616016,0.8416384446659013,40,6
grid,dgp1,600,20,10,5,8,0.12409133021635849,LassoRF,1.3052077250108425,0.8497966115712557,0.14129960980671638,0.954,6.0584041034787735,4.536035986748757,-0.33725317108124275,0.7359969008319929,0.03863892300000771,0.8277211679986589,0.8280401401683729,95.6,3.425680271952804,0.6188861243616016,0.8416384446659013,40,6
grid,dgp1,600,20,10,5,8,0.12409133021635849,GBM,1.2812262442475952,0.8247006970159474,0.1071363194331322,0.948,6.085155914458763,4.374010409098588,-1.5031425873431894,0.13311831799573215,0.10532606999998961,0.8277211679986589,0.8280401401683729,95.6,3.425680271952804,0.6188861243616016,0.8416384446659013,40,6
grid,dgp1,600,20,10,5,8,0.12409133021635849,RF-tuned,1.2742869004344148,0.8211974376922162,0.06554166598287153,0.96,6.1567091885563565,4.465216973787612,-2.011283955422195,0.044563680146032396,2.1522749370000156,0.8277211679986589,0.8280401401683729,95.6,3.425680271952804,0.6188861243616016,0.8416384446659013,40,6
grid,dgp1,600,20,10,5,8,0.12409133021635849,SSRF-tuned,1.2943063365575576,0.8250945744811837,0.06283105078581612,0.952,6.215014266421498,4.403223938266305,-1.0507353351488653,0.29363426586704305,2.177519096000026,0.8277211679986589,0.8280401401683729,95.6,3.425680271952804,0.6188861243616016,0.8416384446659013,40,6
grid,dgp1,600,20,500,5,8,0.12409133021635849,RF,1.2654228149058113,0.8181575585425248,0.06340942605224759,0.958,5.684850264782353,4.54000219034985,-0.6351697086408185,0.5254631875321495,1.835796667000011,0.8155621045391156,0.8157182464922541,95.714,3.4598837457930736,0.6862163280618376,0.856349729243944,40,6
grid,dgp1,600,20,500,5,8,0.12409133021635849,SSRF,1.2691689458010378,0.8180052147668142,0.05985862780821576,0.952,5.606346147327331,4.425309749423653,0.5947818131821401,0.5521240120164256,1.835796667000011,0.8155621045391156,0.8157182464922541,95.714,3.4598837457930736,0.6862163280618376,0.856349729243944,40,6
grid,dgp1,600,20,500,5,8,0.12409133021635849,SSRF-JS,1.2689663809580627,0.8180175897463273,0.06040092779675148,0.954,5.6091677985340525,4.44786028166513,,,1.835796667000011,0.8155621045391156,0.8157182464922541,95.714,3.4598837457930736,0.6862163280618376,0.856349729243944,40,6
grid,dgp1,600,20,500,5,8,0.12409133021635849,RF-H,1.2889447121997242,0.8201565728812459,0.06425854627100813,0.954,5.568684085619201,4.487564623603906,1.9407231414473805,0.052572897860058726,0.7943605849999926,0.8155621045391156,0.8157182464922541,95.714,3.4598837457930736,0.6862163280618376,0.856349729243944,40,6
grid,dgp1,600,20,500,5,8,0.12409133021635849,SSRF-H,1.3696016099804738,0.8497643037801013,0.1361002625338038,0.96,5.621089913402456,4.710648002159869,4.623683121967047,4.264012829874091e-06,0.7943605849999926,0.8155621045391156,0.8157182464922541,95.714,3.4598837457930736,0.6862163280618376,0.856349729243944,40,6
grid,dgp1,600,20,500,5,8,0.12409133021635849,SSRF-JS-H,1.3677016225415954,0.848956780749677,0.13467157802598548,0.96,5.6176970631561725,4.708917929027591,4.582577059770456,5.173502592790623e-06,0.7943605849999926,0.8155621045391156,0.8157182464922541,95.714,3.4598837457930736,0.6862163280618376,0.856349729243944,40,6
grid,dgp1,600,20,500,5,8,0.12409133021635849,SSRF-rob,1.2656321450809596,0.8175884998803765,0.06107062671354715,0.956,5.653391762548458,4.515167871775473,-1.0078727995221588,0.31375958211080585,3.2506711350000046,0.8155621045391156,0.8157182464922541,95.714,3.4598837457930736,0.6862163280618376,0.856349729243944,40,6
grid,dgp1,600,20,500,5,8,0.12409133021635849,RidgeRF,1.306449455338157,0.8337023883520385,0.08730088481176684,0.96,5.655665149020989,4.569728570287978,2.886212532463625,0.003983029450251505,1.3768332899999791,0.8155621045391156,0.8157182464922541,95.714,3.4598837457930736,0.6862163280618376,0.856349729243944,40,6
grid,dgp1,600,20,500,5,8,0.12409133021635849,LassoRF,1.2792592469609958,0.8291922796500706,0.08193778337754878,0.96,5.696371418760164,4.4909412008530705,0.6363266251217338,0.5247093154834545,1.1282336439999767,0.8155621045391156,0.8157182464922541,95.714,3.4598837457930736,0.6862163280618376,0.856349729243944,40,6
grid,dgp1,600,20,500,5,8,0.12409133021635849,GBM,1.2812262442475952,0.8247006970159474,0.1071363194331322,0.948,5.644473369761845,4.374010409098588,0.7789028212352874,0.436221420690588,0.11643670499995551,0.8155621045391156,0.8157182464922541,95.714,3.4598837457930736,0.6862163280618376,0.856349729243944,40,6
grid,dgp1,600,20,500,5,8,0.12409133021635849,RF-tuned,1.2721444876776364,0.8152488054965106,0.05267577603437547,0.952,5.622814921990318,4.352652507089144,0.3983248432645015,0.6904758626828148,4.066442590000008,0.8155621045391156,0.8157182464922541,95.714,3.4598837457930736,0.6862163280618376,0.856349729243944,40,6
grid,dgp1,600,20,500,5,8,0.12409133021635849,SSRF-tuned,1.2709714421731593,0.8153237045472771,0.052636931882857986,0.95,5.613626895026391,4.306113660515574,0.2985589462915195,0.765338682311546,5.985181570999998,0.8155621045391156,0.8157182464922541,95.714,3.4598837457930736,0.6862163280618376,0.856349729243944,40,6
grid,dgp1,600,20,10,5,9,0.13939405262253388,RF,1.4593468422594924,0.9054841400943086,0.1464539336945755,0.93,6.612991079369909,4.439825209887092,4.470760219291526,8.686508952890925e-06,0.051546432999998615,0.836337461323026,0.836925837849258,96.4,3.4464956401939233,0.5992116322444762,0.872231457901604,20,10
grid,dgp1,600,20,10,5,9,0.13939405262253388,SSRF,1.4277825442242034,0.8932238231770894,0.12189815391866787,0.938,6.509641693007888,4.496020783295193,-2.391828172676597,0.016948771085875506,0.051546432999998615,0.836337461323026,0.836925837849258,96.4,3.4464956401939233,0.5992116322444762,0.872231457901604,20,10
grid,dgp1,600,20,10,5,9,0.13939405262253388,SSRF-JS,1.4309769744915786,0.8944302575333175,0.12418227568197729,0.938,6.516843988841152,4.536692870227243,,,0.051546432999998615,0.836337461323026,0.836925837849258,96.4,3.4464956401939233,0.5992116322444762,0.872231457901604,20,10
grid,dgp1,600,20,10,5,9,0.13939405262253388,RF-H,1.4014172709883852,0.8759668404396181,0.12754114762407917,0.944,6.4376573349501065,4.610066959740401,-1.084574766996049,0.2783717025794719,0.03320114099994953,0.836337461323026,0.836925837849258,96.4,3.4464956401939233,0.5992116322444762,0.872231457901604,20,10
grid,dgp1,600,20,10,5,9,0.13939405262253388,SSRF-H,1.4363628659209888,0.8866369038800701,0.15815572438820505,0.944,6.43436283141541,4.7653266762018855,0.18257140917357667,0.8551713613541011,0.03320114099994953,0.836337461323026,0.836925837849258,96.4,3.4464956401939233,0.5992116322444762,0.872231457901604,20,10
grid,dgp1,600,20,10,5,9,0.13939405262253388,SSRF-JS-H,1.4355449738127364,0.8869573510554445,0.15785555703105206,0.95,6.431247053884502,4.882511304187093,0.15470000365767686,0.8770890752338381,0.03320114099994953,0.836337461323026,0.836925837849258,96.4,3.4464956401939233,0.5992116322444762,0.872231457901604,20,10
grid,dgp1,600,20,10,5,9,0.13939405262253388,SSRF-rob,1.4439338825340533,0.8992902855106959,0.13378318206376744,0.938,6.561884575431334,4.488007929534134,4.047458948121186,5.577576745703911e-05,0.08060206300001482,0.836337461323026,0.836925837849258,96.4,3.4464956401939233,0.5992116322444762,0.872231457901604,20,10
grid,dgp1,600,20,10,5,9,0.13939405262253388,RidgeRF,1.4588051194718716,0.9029604922864246,0.16894436796352819,0.938,6.438461076229815,4.749877775994462,0.8551303731712373,0.39268400829246075,0.15108802199995353,0.836337461323026,0.836925837849258,96.4,3.4464956401939233,0.5992116322444762,0.872231457901604,20,10
grid,dgp1,600,20,10,5,9,0.13939405262253388,LassoRF,1.4822403784440854,0.9057329581861356,0.15612725837966682,0.936,6.649166181291595,4.74830776710378,1.6318733136819046,0.10302133435437273,0.05280556700000716,0.836337461323026,0.836925837849258,96.4,3.4464956401939233,0.5992116322444762,0.872231457901604,20,10
grid,dgp1,600,20,10,5,9,0.13939405262253388,GBM,1.4718602902430196,0.8948287332679781,0.16763319729508033,0.942,6.549286519053052,4.941681724969536,1.0989512445157579,0.2720541034827299,0.3295768180000209,0.836337461323026,0.836925837849258,96.4,3.4464956401939233,0.5992116322444762,0.872231457901604,20,10
grid,dgp1,600,20,10,5,9,0.13939405262253388,RF-tuned,1.3919386317250535,0.8734750343062856,0.07618373396205724,0.93,6.49035996510386,4.337813803786588,-1.6390467591217333,0.10151837882225391,4.309020264000026,0.836337461323026,0.836925837849258,96.4,3.4464956401939233,0.5992116322444762,0.872231457901604,20,10
grid,dgp1,600,20,10,5,9,0.13939405262253388,SSRF-tuned,1.371542828443336,0.8698613014839496,0.08679439870036765,0.942,6.431369089534259,4.534937194199732,-2.7540320394531412,0.005993464853554606,4.374444152000024,0.836337461323026,0.836925837849258,96.4,3.4464956401939233,0.5992116322444762,0.872231457901604,20,10
grid,dgp1,600,20,500,5,9,0.13939405262253388,RF,1.37435810364933,0.8670100070913362,0.06922654474529423,0.932,6.675298987691557,4.325709308686029,0.5198360050317086,0.6032930455391611,3.108389962999979,0.8377860442291436,0.838241139345904,95.736,3.462708555514159,0.5841322243818344,0.8578995540347216,20,10
grid,dgp1,600,20,500,5,9,0.13939405262253388,SSRF,1.3716675816715174,0.8648976409325977,0.07145833126231556,0.936,6.664875538728499,4.39698260180895,-1.5564896369694217,0.11990842747029339,3.108389962999979,0.8377860442291436,0.838241139345904,95.736,3.462708555514159,0.5841322243818344,0.8578995540347216,20,10
grid,dgp1,600,20,500,5,9,0.13939405262253388,SSRF-JS,1.3721479848405012,0.865115145425043,0.07161029234095827,0.936,6.665573001213279,4.399573224916765,,,3.108389962999979,0.8377860442291436,0.838241139345904,95.736,3.462708555514159,0.5841322243818344,0.8578995540347216,20,10
grid,dgp1,600,20,500,5,9,0.13939405262253388,RF-H,1.3871098195145877,0.8712979075989242,0.09972745315508189,0.94,6.665047438961376,4.590728073189505,1.2129398426890772,0.2254395536047867,1.4496747510000318,0.8377860442291436,0.838241139345904,95.736,3.462708555514159,0.5841322243818344,0.8578995540347216,20,10
grid,dgp1,600,20,500,5,9,0.13939405262253388,SSRF-H,1.4432700300591668,0.8904953377036007,0.16457212968306317,0.944,6.777683960640519,4.745689735779793,3.473260819546113,0.0005362213663247513,1.4496747510000318,0.8377860442291436,0.838241139345904,95.736,3.462708555514159,0.5841322243818344,0.8578995540347216,20,10
grid,dgp1,600,20,500,5,9,0.13939405262253388,SSRF-JS-H,1.4425615445034146,0.8903111293536571,0.16388213869216275,0.942,6.772954681997747,4.74915888114514,3.4602514554906407,0.0005624838151236291,1.4496747510000318,0.8377860442291436,0.838241139345904,95.736,3.462708555514159,0.5841322243818344,0.8578995540347216,20,10
grid,dgp1,600,20,500,5,9,0.13939405262253388,SSRF-rob,1.3725729481279183,0.8657414009953729,0.0697157439420356,0.932,6.668792485444491,4.363170427061293,0.20195535591869934,0.8399927425401305,3.848286592000022,0.8377860442291436,0.838241139345904,95.736,3.462708555514159,0.5841322243818344,0.8578995540347216,20,10
grid,dgp1,600,20,500,5,9,0.13939405262253388,RidgeRF,1.3953817320417456,0.8758471867137385,0.08833786347935088,0.936,6.535259532556216,4.626599743149445,1.5211640873452812,0.12853510281045713,1.1021868299999937,0.8377860442291436,0.838241139345904,95.736,3.462708555514159,0.5841322243818344,0.8578995540347216,20,10
grid,dgp1,600,20,500,5,9,0.13939405262253388,LassoRF,1.4445851292698753,0.8927288603281169,0.12434638274025164,0.938,6.81831931996987,4.607167370070223,3.3196444209613905,0.000933905737571845,0.5430538230000366,0.8377860442291436,0.838241139345904,95.736,3.462708555514159,0.5841322243818344,0.8578995540347216,20,10
grid,dgp1,600,20,500,5,9,0.13939405262253388,GBM,1.4718602902430196,0.8948287332679781,0.16763319729508033,0.932,6.793542432078953,4.590935327476146,3.1449125805466225,0.0017104405997453883,0.2068269990000431,0.8377860442291436,0.838241139345904,95.736,3.462708555514159,0.5841322243818344,0.8578995540347216,20,10
grid,dgp1,600,20,500,5,9,0.13939405262253388,RF-tuned,1.3594716721784164,0.8615412977830242,0.05618137226346618,0.932,6.577574051920014,4.304130215730967,-1.4589173303753409,0.14490219782369215,4.035098642000037,0.8377860442291436,0.838241139345904,95.736,3.462708555514159,0.5841322243818344,0.8578995540347216,20,10
grid,dgp1,600,20,500,5,9,0.13939405262253388,SSRF-tuned,1.36592571137488,0.8643896323683432,0.06258319590473446,0.934,6.632715904344591,4.310254060210695,-1.0032573652326089,0.3159796408911775,6.495159040000033,0.8377860442291436,0.838241139345904,95.736,3.462708555514159,0.5841322243818344,0.8578995540347216,20,10
grid,dgp1,1200,20,10,5,0,0.13767036370416502,RF,1.2816981330011388,0.8448404170837152,0.1319170148864921,0.9666666666666667,5.5950614899785265,4.875192491068748,3.4799656493211297,0.0005194841479482659,0.07655795599998783,0.8488137729387951,0.8479053060724425,191.0,3.4374361837463128,0.45145525010392945,0.7235922810641686,40,6
grid,dgp1,1200,20,10,5,0,0.13767036370416502,SSRF,1.2657640209192254,0.8358667281960905,0.11499173456398244,0.9666666666666667,5.602396474054764,4.911070788982818,-0.8535852425814621,0.39350533200582105,0.07655795599998783,0.8488137729387951,0.8479053060724425,191.0,3.4374361837463128,0.45145525010392945,0.7235922810641686,40,6
grid,dgp1,1200,20,10,5,0,0.13767036370416502,SSRF-JS,1.2666711374693855,0.8367421423561071,0.11657193957185326,0.9666666666666667,5.609552446852813,4.939654725971448,,,0.07655795599998783,0.8488137729387951,0.8479053060724425,191.0,3.4374361837463128,0.45145525010392945,0.7235922810641686,40,6
grid,dgp1,1200,20,10,5,0,0.13767036370416502,RF-H,1.2862967034258954,0.8428683050677926,0.12822787284109116,0.965,5.5289105297588845,4.71890989031003,0.8225537014697571,0.41092538791889227,0.0549283220000234,0.8488137729387951,0.8479053060724425,191.0,3.4374361837463128,0.45145525010392945,0.7235922810641686,40,6
grid,dgp1,1200,20,10,5,0,0.13767036370416502,SSRF-H,1.3223646174738524,0.8530729887552035,0.16897590939658666,0.9583333333333334,5.715726927791511,4.839038422706566,2.438583393030123,0.014889310137408341,0.0549283220000234,0.8488137729387951,0.8479053060724425,191.0,3.4374361837463128,0.45145525010392945,0.7235922810641686,40,6
grid,dgp1,1200,20,10,5,0,0.13767036370416502,SSRF-JS-H,1.3224840303537921,0.8531878046155934,0.16939555100221423,0.9566666666666667,5.702990076353641,4.836213915508384,2.438613585920069,0.014888072627892924,0.0549283220000234,0.8488137729387951,0.8479053060724425,191.0,3.4374361837463128,0.45145525010392945,0.7235922810641686,40,6
grid,dgp1,1200,20,10,5,0,0.13767036370416502,SSRF-rob,1.2724418681763188,0.839981311764081,0.12270328244190949,0.965,5.578005110984224,4.8403845962670005,2.8464569869696765,0.004496193173697812,0.10104335500000161,0.8488137729387951,0.8479053060724425,191.0,3.4374361837463128,0.45145525010392945,0.7235922810641686,40,6
grid,dgp1,1200,20,10,5,0,0.13767036370416502,RidgeRF,1.3180486045437028,0.8530219259995201,0.12952902420773293,0.9666666666666667,5.640450687650087,4.839050157571156,2.0922747206554613,0.036623813536569516,0.04404748999996855,0.8488137729387951,0.8479053060724425,191.0,3.4374361837463128,0.45145525010392945,0.7235922810641686,40,6
grid,dgp1,1200,20,10,5,0,0.13767036370416502,LassoRF,1.2693837581799505,0.8234401586915318,0.14121400526437108,0.9733333333333334,5.530127560411878,4.90018194717195,0.08806154915022338,0.9298424621983998,0.05105560300000889,0.8488137729387951,0.8479053060724425,191.0,3.4374361837463128,0.45145525010392945,0.7235922810641686,40,6
grid,dgp1,1200,20,10,5,0,0.13767036370416502,GBM,1.265768992727099,0.8258551205166462,0.10351874105274132,0.9733333333333334,5.634844036168756,5.03312656490361,-0.0366215444320033,0.9707928610510621,0.5471841730000051,0.8488137729387951,0.8479053060724425,191.0,3.4374361837463128,0.45145525010392945,0.7235922810641686,40,6
grid,dgp1,1200,20,10,5,0,0.13767036370416502,RF-tuned,1.2209217817829456,0.8074935999686145,0.06489240875369934,0.9633333333333334,5.585288225009538,4.792577884809953,-2.3705818919314514,0.0179175418934958,5.118251180999948,0.8488137729387951,0.8479053060724425,191.0,3.4374361837463128,0.45145525010392945,0.7235922810641686,40,6
grid,dgp1,1200,20,10,5,0,0.13767036370416502,SSRF-tuned,1.2281044751352528,0.8145555042173261,0.07872958336801268,0.9683333333333334,5.509546207074389,4.749183137118124,-2.2341855585739725,0.025654622371402116,5.157369636999931,0.8488137729387951,0.8479053060724425,191.0,3.4374361837463128,0.45145525010392945,0.7235922810641686,40,6
grid,dgp1,1200,20,500,5,0,0.13767036370416502,RF,1.2130386318434985,0.8091976876853556,0.054845436928762724,0.9416666666666667,5.879699660011312,4.425987951362328,-1.5568616310122687,0.11976723902961828,4.8229401429999825,0.8452420023988582,0.8441915327699112,191.13,3.4602552978352548,0.469033385747225,0.7274624021183611,40,6
grid,dgp1,1200,20,500,5,0,0.13767036370416502,SSRF,1.2183325420204199,0.8108458673298696,0.06112266841542502,0.945,5.891684510531306,4.483119280823215,1.3998432753658865,0.16181893808989734,4.8229401429999825,0.8452420023988582,0.8441915327699112,191.13,3.4602552978352548,0.469033385747225,0.7274624021183611,40,6
grid,dgp1,1200,20,500,5,0,0.13767036370416502,SSRF-JS,1.2180437280656895,0.8107477011281323,0.060900184705752876,0.945,5.889067052955036,4.486406425425649,,,4.8229401429999825,0.8452420023988582,0.8441915327699112,191.13,3.4602552978352548,0.469033385747225,0.7274624021183611,40,6
grid,dgp1,1200,20,500,5,0,0.13767036370416502,RF-H,1.2413261748926023,0.8200063236958862,0.08415831644349854,0.95,5.93496483728064,4.6431284804440365,3.035853715549757,0.002450297847532553,1.4241777120000165,0.8452420023988582,0.8441915327699112,191.13,3.4602552978352548,0.469033385747225,0.7274624021183611,40,6
grid,dgp1,1200,20,500,5,0,0.13767036370416502,SSRF-H,1.3187029776488224,0.8506811838855619,0.16603323366500655,0.9533333333333334,6.023483404136802,4.799100111738135,6.382986234077722,2.4768113512783183e-10,1.4241777120000165,0.8452420023988582,0.8441915327699112,191.13,3.4602552978352548,0.469033385747225,0.7274624021183611,40,6
grid,dgp1,1200,20,500,5,0,0.13767036370416502,SSRF-JS-H,1.3186346268341713,0.8505995118739534,0.16601458577670644,0.9533333333333334,6.022949846332781,4.802484772035408,6.383321487135167,2.4715706931503213e-10,1.4241777120000165,0.8452420023988582,0.8441915327699112,191.13,3.4602552978352548,0.469033385747225,0.7274624021183611,40,6
grid,dgp1,1200,20,500,5,0,0.13767036370416502,SSRF-rob,1.2149909390513614,0.8096253597584175,0.05735660352519429,0.9433333333333334,5.886160178610353,4.427702338707007,-2.015805561746406,0.04404303809047163,5.410366716999988,0.8452420023988582,0.8441915327699112,191.13,3.4602552978352548,0.469033385747225,0.7274624021183611,40,6
grid,dgp1,1200,20,500,5,0,0.13767036370416502,RidgeRF,1.2194812628826894,0.8099747031166769,0.061945285884777906,0.9433333333333334,5.9337727382834675,4.369374273944513,0.16975113123785146,0.8652344963329742,3.6544162920000076,0.8452420023988582,0.8441915327699112,191.13,3.4602552978352548,0.469033385747225,0.7274624021183611,40,6
grid,dgp1,1200,20,500,5,0,0.13767036370416502,LassoRF,1.226605570642129,0.8136161396988323,0.10342946960836769,0.9533333333333334,5.816898620307134,4.544786991323819,0.5008483284036388,0.6165697975027742,1.4107112270000357,0.8452420023988582,0.8441915327699112,191.13,3.4602552978352548,0.469033385747225,0.7274624021183611,40,6
grid,dgp1,1200,20,500,5,0,0.13767036370416502,GBM,1.265768992727099,0.8258551205166462,0.10351874105274132,0.9516666666666667,5.894757875126487,4.5884793327543365,2.419016920820848,0.015710614358484056,0.6984973109999828,0.8452420023988582,0.8441915327699112,191.13,3.4602552978352548,0.469033385747225,0.7274624021183611,40,6
grid,dgp1,1200,20,500,5,0,0.13767036370416502,RF-tuned,1.2217079180940857,0.8087420306758869,0.05736807413014811,0.9483333333333334,5.935266435430072,4.5239825802866305,0.549238111939364,0.5829443245161573,6.984181850000027,0.8452420023988582,0.8441915327699112,191.13,3.4602552978352548,0.469033385747225,0.7274624021183611,40,6
grid,dgp1,1200,20,500,5,0,0.13767036370416502,SSRF-tuned,1.2211099225250226,0.8094307278137133,0.05996692154481689,0.9483333333333334,5.927009322201162,4.516542543369598,0.5511742882270084,0.5816168948080598,9.778612504000023,0.8452420023988582,0.8441915327699112,191.13,3.4602552978352548,0.469033385747225,0.7274624021183611,40,6
grid,dgp1,1200,20,10,5,1,0.14659170922935164,RF,1.2723503799668756,0.8445626369545242,0.1329478585403281,0.9366666666666666,6.160404646084281,4.300113030400087,4.206322433902304,2.7888705637604298e-05,0.06186005999995814,0.8562313984589516,0.8553578956655743,192.0,3.438022425971816,0.4361907113557981,0.743038731469378,80,10
grid,dgp1,1200,20,10,5,1,0.14659170922935164,SSRF,1.2514336868190894,0.8359545798732482,0.11078282259554975,0.9383333333333334,6.162269188473749,4.230587588200905,-2.2439019468133345,0.02502061138709443,0.06186005999995814,0.8562313984589516,0.8553578956655743,192.0,3.438022425971816,0.4361907113557981,0.743038731469378,80,10
grid,dgp1,1200,20,10,5,1,0.14659170922935164,SSRF-JS,1.25361226628716,0.8368989309037073,0.11263928039328545,0.9383333333333334,6.160728701547582,4.238097710682198,,,0.06186005999995814,0.8562313984589516,0.8553578956655743,192.0,3.438022425971816,0.4361907113557981,0.743038731469378,80,10
grid,dgp1,1200,20,10,5,1,0.14659170922935164,RF-H,1.267072320821574,0.8529986305542053,0.13938916922891362,0.94,6.0803461525466025,4.389827056448349,0.5930197755421878,0.5532797522013865,0.041588075999982266,0.8562313984589516,0.8553578956655743,192.0,3.438022425971816,0.4361907113557981,0.743038731469378,80,10
grid,dgp1,1200,20,10,5,1,0.14659170922935164,SSRF-H,1.3082560686942792,0.8617172479342369,0.1642861920276528,0.9383333333333334,6.186720972468314,4.424897714640623,2.218777979073644,0.026688519121927358,0.041588075999982266,0.8562313984589516,0.8553578956655743,192.0,3.438022425971816,0.4361907113557981,0.743038731469378,80,10
grid,dgp1,1200,20,10,5,1,0.14659170922935164,SSRF-JS-H,1.309272573091388,0.862859937535891,0.16613355749703976,0.9433333333333334,6.178633241600396,4.464525819220354,2.2650288996609724,0.023688754366242605,0.041588075999982266,0.8562313984589516,0.8553578956655743,192.0,3.438022425971816,0.4361907113557981,0.743038731469378,80,10
grid,dgp1,1200,20,10,5,1,0.14659170922935164,SSRF-rob,1.2609339203482761,0.839751733547359,0.12040883853477001,0.9383333333333334,6.164131595085034,4.250217586098573,3.810700134328738,0.00014560625852108483,0.1592368130000068,0.8562313984589516,0.8553578956655743,192.0,3.438022425971816,0.4361907113557981,0.743038731469378,80,10
grid,dgp1,1200,20,10,5,1,0.14659170922935164,RidgeRF,1.2696595628504737,0.8519137085796994,0.13000761090284454,0.9466666666666667,5.925568071314293,4.607283840482359,0.6374026229622674,0.5239843116921235,0.15943098299999292,0.8562313984589516,0.8553578956655743,192.0,3.438022425971816,0.4361907113557981,0.743038731469378,80,10
grid,dgp1,1200,20,10,5,1,0.14659170922935164,LassoRF,1.2561737203076853,0.842318688391063,0.13274286713903324,0.9416666666666667,5.963908431520744,4.49692273750784,0.11962924706523223,0.9047968911336889,0.0959261309999988,0.8562313984589516,0.8553578956655743,192.0,3.438022425971816,0.4361907113557981,0.743038731469378,80,10
grid,dgp1,1200,20,10,5,1,0.14659170922935164,GBM,1.2168678764357646,0.8214477857868856,0.08671679496214657,0.9516666666666667,6.039713211243588,4.500071691035019,-2.0271762544753686,0.042865276201258,0.5340403000000151,0.8562313984589516,0.8553578956655743,192.0,3.438022425971816,0.4361907113557981,0.743038731469378,80,10
grid,dgp1,1200,20,10,5,1,0.14659170922935164,RF-tuned,1.2026725777409883,0.8204138036433278,0.0674320404092285,0.9433333333333334,5.993403798119167,4.4280725604255275,-3.200395388578883,0.0014083874289776504,5.0458081799999945,0.8562313984589516,0.8553578956655743,192.0,3.438022425971816,0.4361907113557981,0.743038731469378,80,10
grid,dgp1,1200,20,10,5,1,0.14659170922935164,SSRF-tuned,1.211539366372402,0.8238413940629552,0.07285347169459024,0.9416666666666667,6.036702388317508,4.3795152538472175,-2.6422027372703156,0.008344112047768209,5.122305709999978,0.8562313984589516,0.8553578956655743,192.0,3.438022425971816,0.4361907113557981,0.743038731469378,80,10
grid,dgp1,1200,20,500,5,1,0.14659170922935164,RF,1.1955137248017738,0.8183601991197056,0.06267805182560374,0.9466666666666667,5.987220310234228,4.407322605347964,-1.3339667136160656,0.18246808471972142,4.1370189799999935,0.8577429176054547,0.8569065037838963,191.192,3.460469190786135,0.4322676179440872,0.7412201751516955,80,10
grid,dgp1,1200,20,500,5,1,0.14659170922935164,SSRF,1.1995312793021982,0.8198351260752901,0.06431684406786994,0.95,6.008336203884185,4.523569100343982,-0.46843719957908736,0.6395571174815151,4.1370189799999935,0.8577429176054547,0.8569065037838963,191.192,3.460469190786135,0.4322676179440872,0.7412201751516955,80,10
grid,dgp1,1200,20,500,5,1,0.14659170922935164,SSRF-JS,1.1996250235380768,0.819815587739847,0.06432410094131429,0.95,6.009176025374758,4.508237305572115,,,4.1370189799999935,0.8577429176054547,0.8569065037838963,191.192,3.460469190786135,0.4322676179440872,0.7412201751516955,80,10
grid,dgp1,1200,20,500,5,1,0.14659170922935164,RF-H,1.2115221747890994,0.8234202573390854,0.07754169475814462,0.95,6.042726944020196,4.434955067118207,1.5599874766663182,0.11902673300902115,1.6308936009999684,0.8577429176054547,0.8569065037838963,191.192,3.460469190786135,0.4322676179440872,0.7412201751516955,80,10
grid,dgp1,1200,20,500,5,1,0.14659170922935164,SSRF-H,1.2968618619850827,0.8568641708462834,0.1501114088125895,0.95,6.198203760742173,4.495732163396676,5.84048211354479,6.6965011578632634e-09,1.6308936009999684,0.8577429176054547,0.8569065037838963,191.192,3.460469190786135,0.4322676179440872,0.7412201751516955,80,10
grid,dgp1,1200,20,500,5,1,0.14659170922935164,SSRF-JS-H,1.2967399445428343,0.856851232303072,0.1502255442965547,0.95,6.1982732164028205,4.498380311086395,5.832167384324773,7.029278053030682e-09,1.6308936009999684,0.8577429176054547,0.8569065037838963,191.192,3.460469190786135,0.4322676179440872,0.7412201751516955,80,10
grid,dgp1,1200,20,500,5,1,0.14659170922935164,SSRF-rob,1.197272041271306,0.8189765132320725,0.06303865655488686,0.9483333333333334,5.998651307008314,4.459534317451854,-1.7680123077852623,0.07731312162876525,6.146141505000003,0.8577429176054547,0.8569065037838963,191.192,3.460469190786135,0.4322676179440872,0.7412201751516955,80,10
grid,dgp1,1200,20,500,5,1,0.14659170922935164,RidgeRF,1.2080860493718812,0.8223408591271394,0.0723043671697739,0.9466666666666667,5.990727015217686,4.410509130319639,0.9372146333882154,0.348836901860755,3.7985790019999968,0.8577429176054547,0.8569065037838963,191.192,3.460469190786135,0.4322676179440872,0.7412201751516955,80,10
grid,dgp1,1200,20,500,5,1,0.14659170922935164,LassoRF,1.2039247365231527,0.8204964606191938,0.07702672954113016,0.935,5.989967722186589,4.386435772047535,0.38210035837060463,0.7024546384632666,1.3732853970000178,0.8577429176054547,0.8569065037838963,191.192,3.460469190786135,0.4322676179440872,0.7412201751516955,80,10
grid,dgp1,1200,20,500,5,1,0.14659170922935164,GBM,1.2168678764357646,0.8214477857868856,0.08671679496214657,0.9416666666666667,6.063830500941352,4.413766466326293,1.2624346018465544,0.20703792892785786,0.5009545489999709,0.8577429176054547,0.8569065037838963,191.192,3.460469190786135,0.4322676179440872,0.7412201751516955,80,10
grid,dgp1,1200,20,500,5,1,0.14659170922935164,RF-tuned,1.1944834149299604,0.8167177394726045,0.057672236137690534,0.9483333333333334,5.9899857255526,4.472747145260954,-0.7708211678850774,0.4409648017208929,7.063636478000035,0.8577429176054547,0.8569065037838963,191.192,3.460469190786135,0.4322676179440872,0.7412201751516955,80,10
grid,dgp1,1200,20,500,5,1,0.14659170922935164,SSRF-tuned,1.192562398604834,0.8166386947264688,0.05866879700441335,0.9483333333333334,5.984604334748968,4.493037955854475,-1.2092857540889883,0.2267914763489468,10.410716791000027,0.8577429176054547,0.8569065037838963,191.192,3.460469190786135,0.4322676179440872,0.7412201751516955,80,10
grid,dgp1,1200,20,10,5,2,0.12101829531890168,RF,1.3358386399834743,0.8394050301203172,0.12182571062139383,0.9583333333333334,6.93478704100971,4.649561531543186,3.1966705455780935,0.0014265421517657693,0.12824079899996832,0.8478273538110905,0.8467742646370823,190.3,3.4444768954459972,0.5107206205237186,0.8088770996695394,40,6
grid,dgp1,1200,20,10,5,2,0.12101829531890168,SSRF,1.3168864014632045,0.8298787030506528,0.09832296454214691,0.9566666666666667,6.909187836491306,4.60620551177407,-2.7913892483144043,0.005331525176357679,0.12824079899996832,0.8478273538110905,0.8467742646370823,190.3,3.4444768954459972,0.5107206205237186,0.8088770996695394,40,6
grid,dgp1,1200,20,10,5,2,0.12101829531890168,SSRF-JS,1.3198585919979722,0.8311772412651127,0.10019892004534071,0.9566666666666667,6.9226768804886065,4.64128858260394,,,0.12824079899996832,0.8478273538110905,0.8467742646370823,190.3,3.4444768954459972,0.5107206205237186,0.8088770996695394,40,6
grid,dgp1,1200,20,10,5,2,0.12101829531890168,RF-H,1.3373260031543808,0.8292230276748767,0.10851280711663326,0.9533333333333334,6.999671767711291,4.632004731845135,0.8051192624201725,0.4209104859499879,0.04756670799997664,0.8478273538110905,0.8467742646370823,190.3,3.4444768954459972,0.5107206205237186,0.8088770996695394,40,6
grid,dgp1,1200,20,10,5,2,0.12101829531890168,SSRF-H,1.3765377296261059,0.8441969005358956,0.1301227328002679,0.9583333333333334,7.064633855284516,4.9694286617265275,2.2821951349592036,0.022652363555200984,0.04756670799997664,0.8478273538110905,0.8467742646370823,190.3,3.4444768954459972,0.5107206205237186,0.8088770996695394,40,6
grid,dgp1,1200,20,10,5,2,0.12101829531890168,SSRF-JS-H,1.3830247943008005,0.8462313104730431,0.13724978129035545,0.96,7.058300320636245,4.965875609000464,2.4833456218795678,0.013151347225893825,0.04756670799997664,0.8478273538110905,0.8467742646370823,190.3,3.4444768954459972,0.5107206205237186,0.8088770996695394,40,6
grid,dgp1,1200,20,10,5,2,0.12101829531890168,SSRF-rob,1.3270245239098937,0.8348841265312344,0.11011724371286145,0.9583333333333334,6.932805481865116,4.662073673671736,2.8047796744303404,0.005116408861839959,0.13706692700003487,0.8478273538110905,0.8467742646370823,190.3,3.4444768954459972,0.5107206205237186,0.8088770996695394,40,6
grid,dgp1,1200,20,10,5,2,0.12101829531890168,RidgeRF,1.3589434909206668,0.8465949833159773,0.14832408429158722,0.965,6.842566733041766,4.863183347940889,1.3988056835338616,0.1621298737898885,0.0485599809999826,0.8478273538110905,0.8467742646370823,190.3,3.4444768954459972,0.5107206205237186,0.8088770996695394,40,6
grid,dgp1,1200,20,10,5,2,0.12101829531890168,LassoRF,1.3493182835372846,0.8524757257402644,0.12307554649558028,0.9533333333333334,6.954791063544165,4.636414889943352,1.1824111503394927,0.23727702705879528,0.05419752900002095,0.8478273538110905,0.8467742646370823,190.3,3.4444768954459972,0.5107206205237186,0.8088770996695394,40,6
grid,dgp1,1200,20,10,5,2,0.12101829531890168,GBM,1.2912770503636413,0.8153242680590465,0.08021822804801453,0.9583333333333334,6.840182421864053,4.666555102962854,-1.2960869801610553,0.19519494267231788,0.21805884099995865,0.8478273538110905,0.8467742646370823,190.3,3.4444768954459972,0.5107206205237186,0.8088770996695394,40,6
grid,dgp1,1200,20,10,5,2,0.12101829531890168,RF-tuned,1.2706923361309581,0.8075426026886995,0.06066573429555378,0.9583333333333334,6.859802167407879,4.615351136543798,-2.8449155869607496,0.0045178588289485405,5.115528981000011,0.8478273538110905,0.8467742646370823,190.3,3.4444768954459972,0.5107206205237186,0.8088770996695394,40,6
grid,dgp1,1200,20,10,5,2,0.12101829531890168,SSRF-tuned,1.3042129582044188,0.8172413862140627,0.06646472429488401,0.9583333333333334,6.992056850678954,4.800463965040003,-0.9039455358670541,0.36620586160075574,5.156001332000017,0.8478273538110905,0.8467742646370823,190.3,3.4444768954459972,0.5107206205237186,0.8088770996695394,40,6
grid,dgp1,1200,20,500,5,2,0.12101829531890168,RF,1.266331132575806,0.8074363224573402,0.05457648082207513,0.955,6.954401984122531,4.4811314483723015,-1.0651682621648562,0.28701424332350084,4.590448478999974,0.8248626973412388,0.823373680871829,191.3,3.4598248013728554,0.6138330544392498,0.8157489249752627,40,6
grid,dgp1,1200,20,500,5,2,0.12101829531890168,SSRF,1.2714404660310774,0.8084338967257465,0.052656308311317755,0.9533333333333334,6.961178673981105,4.515038662774489,-0.698223034050781,0.48517311315842704,4.590448478999974,0.8248626973412388,0.823373680871829,191.3,3.4598248013728554,0.6138330544392498,0.8157489249752627,40,6
grid,dgp1,1200,20,500,5,2,0.12101829531890168,SSRF-JS,1.2716518428114432,0.8085157137134806,0.0528310010320262,0.9533333333333334,6.960972869097157,4.513347602613793,,,4.590448478999974,0.8248626973412388,0.823373680871829,191.3,3.4598248013728554,0.6138330544392498,0.8157489249752627,40,6
grid,dgp1,1200,20,500,5,2,0.12101829531890168,RF-H,1.2836001279260507,0.8103920851986859,0.05934816464736225,0.9566666666666667,7.039773329160475,4.739896421095918,1.3637193172330386,0.17291188940963043,2.0208529810000186,0.8248626973412388,0.823373680871829,191.3,3.4598248013728554,0.6138330544392498,0.8157489249752627,40,6
grid,dgp1,1200,20,500,5,2,0.12101829531890168,SSRF-H,1.3816927372772696,0.8465025293315663,0.13522932251744896,0.9533333333333334,7.1949054104562125,4.846838785580844,5.367895898179327,9.557167821141671e-08,2.0208529810000186,0.8248626973412388,0.823373680871829,191.3,3.4598248013728554,0.6138330544392498,0.8157489249752627,40,6
grid,dgp1,1200,20,500,5,2,0.12101829531890168,SSRF-JS-H,1.3814411773216149,0.8464778567594291,0.1352727317037642,0.9533333333333334,7.19398421032534,4.849599532051722,5.383573810336262,8.778630288929813e-08,2.0208529810000186,0.8248626973412388,0.823373680871829,191.3,3.4598248013728554,0.6138330544392498,0.8157489249752627,40,6
grid,dgp1,1200,20,500,5,2,0.12101829531890168,SSRF-rob,1.2675411155230962,0.8072978258070261,0.052791206995032446,0.955,6.952624729963043,4.448786330068663,-1.4480793456259637,0.14785629449034182,6.767233713999985,0.8248626973412388,0.823373680871829,191.3,3.4598248013728554,0.6138330544392498,0.8157489249752627,40,6
grid,dgp1,1200,20,500,5,2,0.12101829531890168,RidgeRF,1.2884210651252344,0.8161734265111114,0.06972815876322855,0.9583333333333334,7.028403275518305,4.672931074356046,1.5199446777689885,0.12878852469682545,3.36106694099999,0.8248626973412388,0.823373680871829,191.3,3.4598248013728554,0.6138330544392498,0.8157489249752627,40,6
grid,dgp1,1200,20,500,5,2,0.12101829531890168,LassoRF,1.2844358335655444,0.816076837044251,0.052321383841444025,0.95,7.00001822813551,4.561539887607355,1.3824207288982115,0.16709999728180516,1.616755458,0.8248626973412388,0.823373680871829,191.3,3.4598248013728554,0.6138330544392498,0.8157489249752627,40,6
grid,dgp1,1200,20,500,5,2,0.12101829531890168,GBM,1.2912770503636413,0.8153242680590465,0.08021822804801453,0.955,7.021208434305165,4.652461153066114,1.2074110055576472,0.22751202487262356,0.20161431999997603,0.8248626973412388,0.823373680871829,191.3,3.4598248013728554,0.6138330544392498,0.8157489249752627,40,6
grid,dgp1,1200,20,500,5,2,0.12101829531890168,RF-tuned,1.2715887294217263,0.8063940950241238,0.04765483374555414,0.9516666666666667,7.003485349348252,4.630256176512759,-0.009337779227141355,0.9925511917752935,6.8487726520000365,0.8248626973412388,0.823373680871829,191.3,3.4598248013728554,0.6138330544392498,0.8157489249752627,40,6
grid,dgp1,1200,20,500,5,2,0.12101829531890168,SSRF-tuned,1.2726100171079444,0.8064852570620945,0.0485650296135027,0.9533333333333334,6.9899509272658085,4.629352759765564,0.16663433996382757,0.8676858680527442,9.852146181000023,0.8248626973412388,0.823373680871829,191.3,3.4598248013728554,0.6138330544392498,0.8157489249752627,40,6
grid,dgp1,1200,20,10,5,3,0.13570401203175,RF,1.5510588190989998,0.9022337462845044,0.15069412885812136,0.945,7.222089882742251,4.86791544743856,5.225092062168069,2.0512962661677406e-07,0.1298780509999915,0.8307704663388698,0.8292882936967988,190.4,3.4620913765573746,0.5765741121690355,0.8036332206378036,40,10
grid,dgp1,1200,20,10,5,3,0.13570401203175,SSRF,1.5178814137435608,0.8898884661692119,0.11942106511891547,0.945,7.181967350506571,4.866820266581982,-1.0546536015888752,0.291796250536146,0.1298780509999915,0.8307704663388698,0.8292882936967988,190.4,3.4620913765573746,0.5765741121690355,0.8036332206378036,40,10
grid,dgp1,1200,20,10,5,3,0.13570401203175,SSRF-JS,1.5190152424939416,0.8905470577700187,0.12138594244275434,0.945,7.189522811348732,4.866091762012837,,,0.1298780509999915,0.8307704663388698,0.8292882936967988,190.4,3.4620913765573746,0.5765741121690355,0.8036332206378036,40,10
grid,dgp1,1200,20,10,5,3,0.13570401203175,RF-H,1.4981476610405036,0.8803224819922878,0.12540926651567696,0.9466666666666667,7.173587955810269,4.932898790346923,-0.7374540749270084,0.4609905505486119,0.047145333999992545,0.8307704663388698,0.8292882936967988,190.4,3.4620913765573746,0.5765741121690355,0.8036332206378036,40,10
grid,dgp1,1200,20,10,5,3,0.13570401203175,SSRF-H,1.5250199977606649,0.8891025110675425,0.14119462210711836,0.9483333333333334,7.235004504026633,5.0124764168654155,0.22010002272826976,0.8258307250453923,0.047145333999992545,0.8307704663388698,0.8292882936967988,190.4,3.4620913765573746,0.5765741121690355,0.8036332206378036,40,10
grid,dgp1,1200,20,10,5,3,0.13570401203175,SSRF-JS-H,1.5243047029717987,0.8886166177735352,0.14241839258103922,0.9483333333333334,7.23278422528858,5.017515075105155,0.19240465849076363,0.8474578256613691,0.047145333999992545,0.8307704663388698,0.8292882936967988,190.4,3.4620913765573746,0.5765741121690355,0.8036332206378036,40,10
grid,dgp1,1200,20,10,5,3,0.13570401203175,SSRF-rob,1.536006512238713,0.8966155701064948,0.13630419781493847,0.9416666666666667,7.207342549835199,4.847114482004917,4.905650468161048,1.0593376033537319e-06,0.07539574299994456,0.8307704663388698,0.8292882936967988,190.4,3.4620913765573746,0.5765741121690355,0.8036332206378036,40,10
grid,dgp1,1200,20,10,5,3,0.13570401203175,RidgeRF,1.5310449650624467,0.908166904263467,0.15326940590075452,0.9483333333333334,6.965567481407919,4.918439872033484,0.4386199809559028,0.6610159366010706,0.3115285290000429,0.8307704663388698,0.8292882936967988,190.4,3.4620913765573746,0.5765741121690355,0.8036332206378036,40,10
grid,dgp1,1200,20,10,5,3,0.13570401203175,LassoRF,1.5106808896882564,0.889574245633742,0.13765811146609838,0.9433333333333334,6.930155029690007,4.931976872337004,-0.2960951489587216,0.7672086933495522,0.044213915999989695,0.8307704663388698,0.8292882936967988,190.4,3.4620913765573746,0.5765741121690355,0.8036332206378036,40,10
grid,dgp1,1200,20,10,5,3,0.13570401203175,GBM,1.4909436997288303,0.8794883561996673,0.102639269082435,0.9416666666666667,7.2355912811260215,4.69868578951948,-1.1955781469682485,0.23209762484359264,0.17881869899997582,0.8307704663388698,0.8292882936967988,190.4,3.4620913765573746,0.5765741121690355,0.8036332206378036,40,10
grid,dgp1,1200,20,10,5,3,0.13570401203175,RF-tuned,1.4813579311689258,0.8739643343580051,0.08025697962869467,0.9466666666666667,7.19543495490138,4.7495295262897335,-1.7348688716040195,0.08302100528715214,5.776733391999983,0.8307704663388698,0.8292882936967988,190.4,3.4620913765573746,0.5765741121690355,0.8036332206378036,40,10
grid,dgp1,1200,20,10,5,3,0.13570401203175,SSRF-tuned,1.497560657877805,0.8781640267827325,0.08029381376589327,0.9416666666666667,7.257471984097668,4.714595995146794,-1.008715339141318,0.31331469202684803,5.918195476000051,0.8307704663388698,0.8292882936967988,190.4,3.4620913765573746,0.5765741121690355,0.8036332206378036,40,10
grid,dgp1,1200,20,500,5,3,0.13570401203175,RF,1.4547214621331679,0.8689232477926507,0.07071849578210183,0.935,7.958706925885958,4.5375972867025345,0.8993454579077858,0.3686492597785713,6.122950676999949,0.8363109967258641,0.8350530429853984,191.27,3.4628310257904222,0.5422930364357519,0.7839019916796424,40,10
grid,dgp1,1200,20,500,5,3,0.13570401203175,SSRF,1.4504547995460049,0.8670706416640779,0.06524036060124928,0.935,7.967239190573494,4.554254765659052,-0.2915713523751505,0.7706648166099241,6.122950676999949,0.8363109967258641,0.8350530429853984,191.27,3.4628310257904222,0.5422930364357519,0.7839019916796424,40,10
grid,dgp1,1200,20,500,5,3,0.13570401203175,SSRF-JS,1.4505488371978514,0.8671736783439368,0.0655598980587665,0.935,7.967760410524191,4.549114193292721,,,6.122950676999949,0.8363109967258641,0.8350530429853984,191.27,3.4628310257904222,0.5422930364357519,0.7839019916796424,40,10
grid,dgp1,1200,20,500,5,3,0.13570401203175,RF-H,1.459805943956342,0.8676149065894105,0.06919278769629963,0.935,8.016813645392387,4.552397064411427,0.8193592411082451,0.41274431554457497,1.590115749000006,0.8363109967258641,0.8350530429853984,191.27,3.4628310257904222,0.5422930364357519,0.7839019916796424,40,10
grid,dgp1,1200,20,500,5,3,0.13570401203175,SSRF-H,1.5271301767669412,0.8906017997581103,0.13717843246341205,0.93,8.089989117925679,4.6671630855306345,3.655881766611999,0.00026739674372305654,1.590115749000006,0.8363109967258641,0.8350530429853984,191.27,3.4628310257904222,0.5422930364357519,0.7839019916796424,40,10
grid,dgp1,1200,20,500,5,3,0.13570401203175,SSRF-JS-H,1.5273055634801622,0.8907682950446039,0.13708488442718297,0.93,8.087055748882939,4.67581940651069,3.6735811296562564,0.0002497230786142093,1.590115749000006,0.8363109967258641,0.8350530429853984,191.27,3.4628310257904222,0.5422930364357519,0.7839019916796424,40,10
grid,dgp1,1200,20,500,5,3,0.13570401203175,SSRF-rob,1.451866378839331,0.8677150324700833,0.06743243214135651,0.935,7.961714465793785,4.544627505294177,0.5175921584313051,0.6048383320050104,5.745576982999978,0.8363109967258641,0.8350530429853984,191.27,3.4628310257904222,0.5422930364357519,0.7839019916796424,40,10
grid,dgp1,1200,20,500,5,3,0.13570401203175,RidgeRF,1.4562784071520527,0.8695133902647963,0.0757580722764357,0.9333333333333333,7.954272006422349,4.410420116647123,0.5090647374519293,0.6108005134727957,3.0110236520000626,0.8363109967258641,0.8350530429853984,191.27,3.4628310257904222,0.5422930364357519,0.7839019916796424,40,10
grid,dgp1,1200,20,500,5,3,0.13570401203175,LassoRF,1.4844685622309324,0.8740293564153961,0.09967018995564418,0.925,8.070488487055615,4.572058420934253,2.3412822816190912,0.01938073713055648,1.4658724330000723,0.8363109967258641,0.8350530429853984,191.27,3.4628310257904222,0.5422930364357519,0.7839019916796424,40,10
grid,dgp1,1200,20,500,5,3,0.13570401203175,GBM,1.4909436997288303,0.8794883561996673,0.102639269082435,0.9316666666666666,8.101739629068977,4.56006070428663,2.3873954816476655,0.017122410809234778,0.17231822799999463,0.8363109967258641,0.8350530429853984,191.27,3.4628310257904222,0.5422930364357519,0.7839019916796424,40,10
grid,dgp1,1200,20,500,5,3,0.13570401203175,RF-tuned,1.4451612099380007,0.8603049147206735,0.0534354929352245,0.9366666666666666,8.039011638279383,4.43352870776115,-0.6823201426354653,0.4951683314601065,7.345552467000061,0.8363109967258641,0.8350530429853984,191.27,3.4628310257904222,0.5422930364357519,0.7839019916796424,40,10
grid,dgp1,1200,20,500,5,3,0.13570401203175,SSRF-tuned,1.4458844365181036,0.8611830086455615,0.05616287062939302,0.9333333333333333,8.042000747295994,4.440074865232615,-0.6837716682382504,0.4942514799633885,11.744711515000063,0.8363109967258641,0.8350530429853984,191.27,3.4628310257904222,0.5422930364357519,0.7839019916796424,40,10
grid,dgp1,1200,20,10,5,4,0.13030752541352836,RF,1.318164472881565,0.8507311409100335,0.14244316472068058,0.94,6.4913773383914535,4.86687662474846,3.816544891778352,0.00014224208432024265,0.106664697000042,0.8466503625457886,0.8457184071061701,191.3,3.45981705934781,0.46828974009626495,0.7319294882333471,80,10
grid,dgp1,1200,20,10,5,4,0.13030752541352836,SSRF,1.3005819094593112,0.8424715058648992,0.12471204559216739,0.9333333333333333,6.525011837776408,4.718564386348771,-1.5880326735408679,0.11254260053601939,0.106664697000042,0.8466503625457886,0.8457184071061701,191.3,3.45981705934781,0.46828974009626495,0.7319294882333471,80,10
grid,dgp1,1200,20,10,5,4,0.13030752541352836,SSRF-JS,1.3019884625167018,0.843126322032435,0.1254508364261828,0.935,6.523163464201516,4.71500683796176,,,0.106664697000042,0.8466503625457886,0.8457184071061701,191.3,3.45981705934781,0.46828974009626495,0.7319294882333471,80,10
grid,dgp1,1200,20,10,5,4,0.13030752541352836,RF-H,1.3045788039132837,0.8476980815937778,0.1392271787631148,0.9416666666666667,6.407438051515286,4.66087029901763,0.11658068808726511,0.9072118653316269,0.03977350499997101,0.8466503625457886,0.8457184071061701,191.3,3.45981705934781,0.46828974009626495,0.7319294882333471,80,10
grid,dgp1,1200,20,10,5,4,0.13030752541352836,SSRF-H,1.3412044307851314,0.852873136984049,0.16032698726299785,0.9366666666666666,6.560648610183985,4.768699957545338,1.758143252026187,0.07897825937905639,0.03977350499997101,0.8466503625457886,0.8457184071061701,191.3,3.45981705934781,0.46828974009626495,0.7319294882333471,80,10
grid,dgp1,1200,20,10,5,4,0.13030752541352836,SSRF-JS-H,1.3405044340814525,0.8529033977042346,0.16068881631847745,0.9366666666666666,6.550031140230164,4.778471618254328,1.721517376922181,0.08541492092024987,0.03977350499997101,0.8466503625457886,0.8457184071061701,191.3,3.45981705934781,0.46828974009626495,0.7319294882333471,80,10
grid,dgp1,1200,20,10,5,4,0.13030752541352836,SSRF-rob,1.3083801540599616,0.8461400885984283,0.13210444206500946,0.935,6.514552036585208,4.757324142218893,3.3922269899555006,0.0007158776597209572,0.13003827499994713,0.8466503625457886,0.8457184071061701,191.3,3.45981705934781,0.46828974009626495,0.7319294882333471,80,10
grid,dgp1,1200,20,10,5,4,0.13030752541352836,RidgeRF,1.3237958032868697,0.8553740023461497,0.13968686918529152,0.9366666666666666,6.490370480802704,4.768595152226755,0.9043519487655516,0.3659904768880343,0.24806646700005786,0.8466503625457886,0.8457184071061701,191.3,3.45981705934781,0.46828974009626495,0.7319294882333471,80,10
grid,dgp1,1200,20,10,5,4,0.13030752541352836,LassoRF,1.348730602180073,0.8514610738945246,0.16779103575492438,0.9416666666666667,6.714207808988714,4.947423975826838,1.6174839665259266,0.10603688336704975,0.06055738999998539,0.8466503625457886,0.8457184071061701,191.3,3.45981705934781,0.46828974009626495,0.7319294882333471,80,10
grid,dgp1,1200,20,10,5,4,0.13030752541352836,GBM,1.2583284070743677,0.8228280660777308,0.08699426977347262,0.9383333333333334,6.4020495491275184,4.76372949211182,-2.579289192213119,0.010018639342901096,0.29928061100008563,0.8466503625457886,0.8457184071061701,191.3,3.45981705934781,0.46828974009626495,0.7319294882333471,80,10
grid,dgp1,1200,20,10,5,4,0.13030752541352836,RF-tuned,1.2571688778081935,0.8229526346935745,0.07981792281941931,0.9333333333333333,6.420533054222452,4.656401255877765,-2.6497140074817804,0.008161950210909976,6.650999901000091,0.8466503625457886,0.8457184071061701,191.3,3.45981705934781,0.46828974009626495,0.7319294882333471,80,10
grid,dgp1,1200,20,10,5,4,0.13030752541352836,SSRF-tuned,1.2543527320012267,0.8221116749524267,0.07098266722969546,0.9416666666666667,6.357904299812552,4.80143119856949,-2.8140244856648744,0.00497250811063757,6.738612579000119,0.8466503625457886,0.8457184071061701,191.3,3.45981705934781,0.46828974009626495,0.7319294882333471,80,10
grid,dgp1,1200,20,500,5,4,0.13030752541352836,RF,1.2425391407873578,0.8152894371258959,0.06988323135713638,0.96,6.031380079807648,5.023323171700597,-1.843424349819504,0.06551374260415983,5.05074953999997,0.8437148574235616,0.8426330333168776,191.314,3.459822180491882,0.46544092120652125,0.7126994721342942,80,10
grid,dgp1,1200,20,500,5,4,0.13030752541352836,SSRF,1.2482984843724096,0.8172489999821728,0.07422492255283591,0.9616666666666667,6.061670716201463,5.077335870178139,0.4288373752371461,0.6681186113389611,5.05074953999997,0.8437148574235616,0.8426330333168776,191.314,3.459822180491882,0.46544092120652125,0.7126994721342942,80,10
grid,dgp1,1200,20,500,5,4,0.13030752541352836,SSRF-JS,1.2482067253515996,0.8172213014638225,0.07407182260333109,0.9616666666666667,6.06045277665957,5.079074849098177,,,5.05074953999997,0.8437148574235616,0.8426330333168776,191.314,3.459822180491882,0.46544092120652125,0.7126994721342942,80,10
grid,dgp1,1200,20,500,5,4,0.13030752541352836,RF-H,1.2676882266996776,0.8264579095224395,0.09126646119239921,0.96,6.091006658093098,5.055297437938885,2.302545559985605,0.021475034341151326,1.6398184679999304,0.8437148574235616,0.8426330333168776,191.314,3.459822180491882,0.46544092120652125,0.7126994721342942,80,10
grid,dgp1,1200,20,500,5,4,0.13030752541352836,SSRF-H,1.3357242941841976,0.8506929458613235,0.15408597179618921,0.9616666666666667,6.204620773081525,5.239747605849286,5.649246694017248,2.0113760894459272e-08,1.6398184679999304,0.8437148574235616,0.8426330333168776,191.314,3.459822180491882,0.46544092120652125,0.7126994721342942,80,10
grid,dgp1,1200,20,500,5,4,0.13030752541352836,SSRF-JS-H,1.3355729117629827,0.8505975368667882,0.15397176731373324,0.9616666666666667,6.204559464683347,5.238995069977476,5.6456467567921695,2.05280862315461e-08,1.6398184679999304,0.8437148574235616,0.8426330333168776,191.314,3.459822180491882,0.46544092120652125,0.7126994721342942,80,10
grid,dgp1,1200,20,500,5,4,0.13030752541352836,SSRF-rob,1.2451530802783155,0.8161493876819286,0.07165202888839502,0.9616666666666667,6.0413597329302915,5.0306018025749575,-2.1797150515890293,0.02947262223571836,5.97067373099992,0.8437148574235616,0.8426330333168776,191.314,3.459822180491882,0.46544092120652125,0.7126994721342942,80,10
grid,dgp1,1200,20,500,5,4,0.13030752541352836,RidgeRF,1.263488978593296,0.8286843637016879,0.08294352455788861,0.9633333333333334,6.165562533061277,5.149278043214216,1.559752625390055,0.11908224363376176,3.2099737300000015,0.8437148574235616,0.8426330333168776,191.314,3.459822180491882,0.46544092120652125,0.7126994721342942,80,10
grid,dgp1,1200,20,500,5,4,0.13030752541352836,LassoRF,1.3160543580568207,0.8403968525603815,0.14072712536251225,0.96,6.266084717083698,5.223455444866862,3.3643773605788785,0.0007914200848165852,1.1220153510000728,0.8437148574235616,0.8426330333168776,191.314,3.459822180491882,0.46544092120652125,0.7126994721342942,80,10
grid,dgp1,1200,20,500,5,4,0.13030752541352836,GBM,1.2583284070743677,0.8228280660777308,0.08699426977347262,0.96,6.03412064524419,4.987048526274317,1.1199615180939149,0.26295445181647786,0.2653189279999424,0.8437148574235616,0.8426330333168776,191.314,3.459822180491882,0.46544092120652125,0.7126994721342942,80,10
grid,dgp1,1200,20,500,5,4,0.13030752541352836,RF-tuned,1.2430518596225537,0.8172343144106284,0.06805623653418194,0.96,6.040101887891449,4.993883499102173,-0.6997244654872989,0.48423512415706854,7.634372646999964,0.8437148574235616,0.8426330333168776,191.314,3.459822180491882,0.46544092120652125,0.7126994721342942,80,10
grid,dgp1,1200,20,500,5,4,0.13030752541352836,SSRF-tuned,1.242130109685103,0.8164438256605204,0.06860511443358916,0.9616666666666667,6.060793854851838,5.041172676855512,-0.9779540449377723,0.3282943265661452,11.915659413999947,0.8437148574235616,0.8426330333168776,191.314,3.459822180491882,0.46544092120652125,0.7126994721342942,80,10
grid,dgp1,1200,20,10,5,5,0.12167422159696076,RF,1.3675134546372065,0.8533257624390593,0.13452439507462605,0.955,6.748608402721395,4.780709347149588,4.9634376135433484,7.925465865300986e-07,0.09805638199998157,0.8440178774944871,0.8429306626101667,192.1,3.449131889564367,0.5413329781435998,0.8359881267320006,40,10
grid,dgp1,1200,20,10,5,5,0.12167422159696076,SSRF,1.3369473763164619,0.8407870553226025,0.10769351226904822,0.95,6.709492482368812,4.635620990583228,-2.388510524674978,0.017070792571167503,0.09805638199998157,0.8440178774944871,0.8429306626101667,192.1,3.449131889564367,0.5413329781435998,0.8359881267320006,40,10
grid,dgp1,1200,20,10,5,5,0.12167422159696076,SSRF-JS,1.3399667199324312,0.842287396020347,0.11026150092530787,0.9533333333333334,6.714436860633555,4.648397028832096,,,0.09805638199998157,0.8440178774944871,0.8429306626101667,192.1,3.449131889564367,0.5413329781435998,0.8359881267320006,40,10
grid,dgp1,1200,20,10,5,5,0.12167422159696076,RF-H,1.3462170278427594,0.8375574567074561,0.12675698656790066,0.94,6.644742224126874,4.435506814070155,0.22635885836359765,0.8209609058915391,0.022235506000015448,0.8440178774944871,0.8429306626101667,192.1,3.449131889564367,0.5413329781435998,0.8359881267320006,40,10
grid,dgp1,1200,20,10,5,5,0.12167422159696076,SSRF-H,1.35939125999533,0.8450764449860441,0.14480823154096992,0.9483333333333334,6.773283110867843,4.505668158867685,0.6886855802972974,0.4911543836098596,0.022235506000015448,0.8440178774944871,0.8429306626101667,192.1,3.449131889564367,0.5413329781435998,0.8359881267320006,40,10
grid,dgp1,1200,20,10,5,5,0.12167422159696076,SSRF-JS-H,1.3579014367570061,0.844487710154714,0.144682660904326,0.9483333333333334,6.769875901682727,4.519518741711676,0.63616561976017,0.5247898939057712,0.022235506000015448,0.8440178774944871,0.8429306626101667,192.1,3.449131889564367,0.5413329781435998,0.8359881267320006,40,10
grid,dgp1,1200,20,10,5,5,0.12167422159696076,SSRF-rob,1.3517490333186488,0.8469929446908537,0.12047627021207702,0.955,6.727892658005491,4.722089866556003,4.390848896567782,1.2286584624486538e-05,0.08215217299994038,0.8440178774944871,0.8429306626101667,192.1,3.449131889564367,0.5413329781435998,0.8359881267320006,40,10
grid,dgp1,1200,20,10,5,5,0.12167422159696076,RidgeRF,1.3560662897547238,0.8440115886489391,0.12371760900857863,0.9516666666666667,6.7964339437469565,4.865630123058955,0.6481593481902298,0.5170059924160196,0.3113251490000266,0.8440178774944871,0.8429306626101667,192.1,3.449131889564367,0.5413329781435998,0.8359881267320006,40,10
grid,dgp1,1200,20,10,5,5,0.12167422159696076,LassoRF,1.3582458981070724,0.8513371809902284,0.13092873498889893,0.9533333333333334,6.76843956333436,4.628495770986909,0.7146087091732887,0.4749899652239185,0.05140366700004506,0.8440178774944871,0.8429306626101667,192.1,3.449131889564367,0.5413329781435998,0.8359881267320006,40,10
grid,dgp1,1200,20,10,5,5,0.12167422159696076,GBM,1.3222376312045938,0.8254766632328646,0.07537551025894738,0.9533333333333334,6.731561044650621,4.7022356685473605,-0.8572960793384806,0.39145259391042336,0.19690777499999967,0.8440178774944871,0.8429306626101667,192.1,3.449131889564367,0.5413329781435998,0.8359881267320006,40,10
grid,dgp1,1200,20,10,5,5,0.12167422159696076,RF-tuned,1.3013390450128601,0.8200146239839954,0.06026127914521969,0.9516666666666667,6.6077480409000335,4.6433520762486795,-1.8186893946870346,0.06920820869332141,5.733688195000013,0.8440178774944871,0.8429306626101667,192.1,3.449131889564367,0.5413329781435998,0.8359881267320006,40,10
grid,dgp1,1200,20,10,5,5,0.12167422159696076,SSRF-tuned,1.304428917116935,0.8265413285642419,0.0745062650650106,0.9516666666666667,6.595888050695813,4.591278146788098,-1.8664317460279127,0.06222494668542824,5.849426935999986,0.8440178774944871,0.8429306626101667,192.1,3.449131889564367,0.5413329781435998,0.8359881267320006,40,10
grid,dgp1,1200,20,500,5,5,0.12167422159696076,RF,1.2875396134177446,0.8144311154923222,0.051797051631100245,0.9533333333333334,6.598688029321525,4.614915253147188,0.33681084005832906,0.736318443747154,5.322081408000031,0.8470864006712022,0.8460622960740247,191.204,3.4614723722023113,0.5197044425586111,0.8175157503354469,40,10
grid,dgp1,1200,20,500,5,5,0.12167422159696076,SSRF,1.286233102494983,0.8124617026744784,0.054426701158638006,0.9533333333333334,6.609106241103241,4.636698971936728,-0.31087371345365294,0.7559506636858078,5.322081408000031,0.8470864006712022,0.8460622960740247,191.204,3.4614723722023113,0.5197044425586111,0.8175157503354469,40,10
grid,dgp1,1200,20,500,5,5,0.12167422159696076,SSRF-JS,1.2862991516759026,0.8124906925182881,0.054423945325281074,0.9533333333333334,6.609180104406842,4.635189505426916,,,5.322081408000031,0.8470864006712022,0.8460622960740247,191.204,3.4614723722023113,0.5197044425586111,0.8175157503354469,40,10
grid,dgp1,1200,20,500,5,5,0.12167422159696076,RF-H,1.3034180625757636,0.819814547417048,0.0696839248732407,0.9533333333333334,6.661361178188719,4.647080527825218,1.8116667491801997,0.0702878150139771,1.7528014370000164,0.8470864006712022,0.8460622960740247,191.204,3.4614723722023113,0.5197044425586111,0.8175157503354469,40,10
grid,dgp1,1200,20,500,5,5,0.12167422159696076,SSRF-H,1.361201510252731,0.8464646934751676,0.14631801625412738,0.955,6.703877731651821,4.74972778980432,4.034917960230918,5.807885130830777e-05,1.7528014370000164,0.8470864006712022,0.8460622960740247,191.204,3.4614723722023113,0.5197044425586111,0.8175157503354469,40,10
grid,dgp1,1200,20,500,5,5,0.12167422159696076,SSRF-JS-H,1.3615896195040769,0.8466329842316789,0.14676851602727314,0.955,6.704250997683699,4.745427360839664,4.048285888703625,5.4902225358576564e-05,1.7528014370000164,0.8470864006712022,0.8460622960740247,191.204,3.4614723722023113,0.5197044425586111,0.8175157503354469,40,10
grid,dgp1,1200,20,500,5,5,0.12167422159696076,SSRF-rob,1.286181752885278,0.813053277344637,0.05252133812651588,0.9533333333333334,6.607008288157252,4.667268241719788,-0.0685841743466024,0.945332051764642,6.097286643999951,0.8470864006712022,0.8460622960740247,191.204,3.4614723722023113,0.5197044425586111,0.8175157503354469,40,10
grid,dgp1,1200,20,500,5,5,0.12167422159696076,RidgeRF,1.2920143548406795,0.8155559013862022,0.055870160220070984,0.9516666666666667,6.5631152286556125,4.682159100729458,0.4272312460455312,0.6692876140760315,3.44354432800003,0.8470864006712022,0.8460622960740247,191.204,3.4614723722023113,0.5197044425586111,0.8175157503354469,40,10
grid,dgp1,1200,20,500,5,5,0.12167422159696076,LassoRF,1.2913258037363884,0.8234947782894253,0.07090002493102894,0.955,6.526251764008188,4.646862697567096,0.3848510198643412,0.7004160499073468,1.6560604109999986,0.8470864006712022,0.8460622960740247,191.204,3.4614723722023113,0.5197044425586111,0.8175157503354469,40,10
grid,dgp1,1200,20,500,5,5,0.12167422159696076,GBM,1.3222376312045938,0.8254766632328646,0.07537551025894738,0.95,6.7273943707371995,4.613733241574246,2.716271473772983,0.006697115561824503,0.2794212000000016,0.8470864006712022,0.8460622960740247,191.204,3.4614723722023113,0.5197044425586111,0.8175157503354469,40,10
grid,dgp1,1200,20,500,5,5,0.12167422159696076,RF-tuned,1.2848469261873539,0.8144045594366219,0.04360281730690664,0.955,6.56998689419866,4.676682007657845,-0.18210489509211614,0.8555311897142749,9.239610135999897,0.8470864006712022,0.8460622960740247,191.204,3.4614723722023113,0.5197044425586111,0.8175157503354469,40,10
grid,dgp1,1200,20,500,5,5,0.12167422159696076,SSRF-tuned,1.28037185156645,0.8127371857546525,0.046446840625181424,0.9566666666666667,6.587422651130476,4.803218463345887,-0.9934737536036592,0.32067958241352196,13.725316657999997,0.8470864006712022,0.8460622960740247,191.204,3.4614723722023113,0.5197044425586111,0.8175157503354469,40,10
grid,dgp1,1200,20,10,5,6,0.14339087561070615,RF,1.51786828149408,0.8828819205343793,0.14421942825135578,0.9483333333333334,7.364246373248697,4.976803644566395,3.0620024124884107,0.002247568692137584,0.12758065900004567,0.832817178276116,0.8315495616352054,192.6,3.418947029996858,0.5055703579356445,0.722954196873786,20,6
grid,dgp1,1200,20,10,5,6,0.14339087561070615,SSRF,1.500958369673667,0.8751490515576372,0.12328832171406393,0.9466666666666667,7.381771961162367,4.92157009655001,0.12838324518652514,0.8978672198364301,0.12758065900004567,0.832817178276116,0.8315495616352054,192.6,3.418947029996858,0.5055703579356445,0.722954196873786,20,6
grid,dgp1,1200,20,10,5,6,0.14339087561070615,SSRF-JS,1.5008004550908565,0.8756119813195302,0.12505120785705026,0.9466666666666667,7.381034532539356,4.903594800383729,,,0.12758065900004567,0.832817178276116,0.8315495616352054,192.6,3.418947029996858,0.5055703579356445,0.722954196873786,20,6
grid,dgp1,1200,20,10,5,6,0.14339087561070615,RF-H,1.5171811627442597,0.8878830439811202,0.1096655005865338,0.9483333333333334,7.410116478975834,5.060976754869339,0.6263688962799759,0.5311922336242487,0.023787892999962423,0.832817178276116,0.8315495616352054,192.6,3.418947029996858,0.5055703579356445,0.722954196873786,20,6
grid,dgp1,1200,20,10,5,6,0.14339087561070615,SSRF-H,1.540611360657251,0.8942163614288335,0.15081639752813533,0.955,7.539566413969096,5.168781167123538,1.4542334297276642,0.14614331102496778,0.023787892999962423,0.832817178276116,0.8315495616352054,192.6,3.418947029996858,0.5055703579356445,0.722954196873786,20,6
grid,dgp1,1200,20,10,5,6,0.14339087561070615,SSRF-JS-H,1.542036302713902,0.8955328634199042,0.15000279840750796,0.95,7.527100162509666,5.158413276646431,1.5014702155857729,0.13349727747554183,0.023787892999962423,0.832817178276116,0.8315495616352054,192.6,3.418947029996858,0.5055703579356445,0.722954196873786,20,6
grid,dgp1,1200,20,10,5,6,0.14339087561070615,SSRF-rob,1.5090240595700548,0.8786630638722016,0.13376002665696368,0.9466666666666667,7.370828404324887,4.942911500633259,2.8015031106051445,0.005168308119939386,0.12203912000006767,0.832817178276116,0.8315495616352054,192.6,3.418947029996858,0.5055703579356445,0.722954196873786,20,6
grid,dgp1,1200,20,10,5,6,0.14339087561070615,RidgeRF,1.548885517400602,0.8959772768373617,0.15525144186254225,0.95,7.536884004980613,5.226146922797908,1.4631206374036427,0.14369645546771484,0.3289355220000516,0.832817178276116,0.8315495616352054,192.6,3.418947029996858,0.5055703579356445,0.722954196873786,20,6
grid,dgp1,1200,20,10,5,6,0.14339087561070615,LassoRF,1.5430532626009772,0.8846452976698924,0.1343467405296041,0.955,7.529239578016131,5.30909394093802,1.3272332381903162,0.1846842094351409,0.05068884100001014,0.832817178276116,0.8315495616352054,192.6,3.418947029996858,0.5055703579356445,0.722954196873786,20,6
grid,dgp1,1200,20,10,5,6,0.14339087561070615,GBM,1.5050344979815542,0.8748861940502165,0.1143861364911335,0.955,7.565346720893039,5.164431979656448,0.18861026991789107,0.8504302010845743,0.3337352500000179,0.832817178276116,0.8315495616352054,192.6,3.418947029996858,0.5055703579356445,0.722954196873786,20,6
grid,dgp1,1200,20,10,5,6,0.14339087561070615,RF-tuned,1.4739102874588064,0.8663578102571673,0.08907020748451887,0.95,7.441841130796959,5.123996068898276,-1.1749758471745915,0.2402376637227497,5.471602586000017,0.832817178276116,0.8315495616352054,192.6,3.418947029996858,0.5055703579356445,0.722954196873786,20,6
grid,dgp1,1200,20,10,5,6,0.14339087561070615,SSRF-tuned,1.4750844686210325,0.862579130902033,0.08392269399165111,0.9516666666666667,7.456874668271287,5.048236846397265,-1.2519331960316733,0.2108383733292689,5.5221991539999635,0.832817178276116,0.8315495616352054,192.6,3.418947029996858,0.5055703579356445,0.722954196873786,20,6
grid,dgp1,1200,20,500,5,6,0.14339087561070615,RF,1.448767381264343,0.8544406643992407,0.0661924937756176,0.9433333333333334,7.5636285176366345,4.826811698460483,-1.1029515652095374,0.2702695239877515,5.7066725070000075,0.8313458440122109,0.8299928181272734,191.242,3.4604715607641796,0.5158542099073525,0.7191031240394506,20,6
grid,dgp1,1200,20,500,5,6,0.14339087561070615,SSRF,1.4537459409853595,0.8564917009278461,0.06978656088470124,0.9433333333333334,7.57633063507611,4.837300923943993,0.5916894353917452,0.5541701135660063,5.7066725070000075,0.8313458440122109,0.8299928181272734,191.242,3.4604715607641796,0.5158542099073525,0.7191031240394506,20,6
grid,dgp1,1200,20,500,5,6,0.14339087561070615,SSRF-JS,1.4535724142763726,0.8563680473424529,0.06985106019607144,0.9433333333333334,7.575632044038222,4.839842399145347,,,5.7066725070000075,0.8313458440122109,0.8299928181272734,191.242,3.4604715607641796,0.5158542099073525,0.7191031240394506,20,6
grid,dgp1,1200,20,500,5,6,0.14339087561070615,RF-H,1.4713775982123238,0.8661068807221621,0.08263771731400371,0.94,7.581573160139575,4.85895007174209,1.6760556275833822,0.09398800478914997,2.21271764100004,0.8313458440122109,0.8299928181272734,191.242,3.4604715607641796,0.5158542099073525,0.7191031240394506,20,6
grid,dgp1,1200,20,500,5,6,0.14339087561070615,SSRF-H,1.541063180086851,0.8945755777596502,0.15144119220580923,0.9433333333333334,7.673423473757384,4.952298631333642,4.332505147931505,1.5975304864924906e-05,2.21271764100004,0.8313458440122109,0.8299928181272734,191.242,3.4604715607641796,0.5158542099073525,0.7191031240394506,20,6
grid,dgp1,1200,20,500,5,6,0.14339087561070615,SSRF-JS-H,1.541199127603667,0.8946789530593672,0.15170755214290388,0.9433333333333334,7.672904084189904,4.959728162548385,4.339492089844855,1.5483389039713233e-05,2.21271764100004,0.8313458440122109,0.8299928181272734,191.242,3.4604715607641796,0.5158542099073525,0.7191031240394506,20,6
grid,dgp1,1200,20,500,5,6,0.14339087561070615,SSRF-rob,1.450484703330403,0.8551073180231347,0.06731561644048052,0.9433333333333334,7.569487137344732,4.832642554172615,-1.369806428470335,0.17100379856563036,5.45292847199994,0.8313458440122109,0.8299928181272734,191.242,3.4604715607641796,0.5158542099073525,0.7191031240394506,20,6
grid,dgp1,1200,20,500,5,6,0.14339087561070615,RidgeRF,1.481046724910108,0.8666981594058791,0.08318726234735672,0.9433333333333334,7.534875284054188,4.955824051656347,2.4913579894072835,0.012859953181640248,3.6095439680000254,0.8313458440122109,0.8299928181272734,191.242,3.4604715607641796,0.5158542099073525,0.7191031240394506,20,6
grid,dgp1,1200,20,500,5,6,0.14339087561070615,LassoRF,1.472747735364925,0.8599327431566515,0.0783988701947163,0.9483333333333334,7.634940814915608,5.111412561893295,1.512455617005836,0.13068151526169186,1.8202188779999915,0.8313458440122109,0.8299928181272734,191.242,3.4604715607641796,0.5158542099073525,0.7191031240394506,20,6
grid,dgp1,1200,20,500,5,6,0.14339087561070615,GBM,1.5050344979815542,0.8748861940502165,0.1143861364911335,0.9416666666666667,7.715365195014241,4.927622071672599,3.336666163130244,0.0008738847681957726,0.24420053599999392,0.8313458440122109,0.8299928181272734,191.242,3.4604715607641796,0.5158542099073525,0.7191031240394506,20,6
grid,dgp1,1200,20,500,5,6,0.14339087561070615,RF-tuned,1.4473670604322593,0.8541526437614152,0.05908042644140581,0.945,7.575944698299507,4.920681285782117,-1.1257483175314786,0.26049734637514116,7.741071151000028,0.8313458440122109,0.8299928181272734,191.242,3.4604715607641796,0.5158542099073525,0.7191031240394506,20,6
grid,dgp1,1200,20,500,5,6,0.14339087561070615,SSRF-tuned,1.4534207706941624,0.8565527379137474,0.06647806210516309,0.945,7.561071440999461,4.8954449508370965,-0.03183977888798402,0.9746051228820939,11.973264227999948,0.8313458440122109,0.8299928181272734,191.242,3.4604715607641796,0.5158542099073525,0.7191031240394506,20,6
grid,dgp1,1200,20,10,5,7,0.1202788910785338,RF,1.3519712751499071,0.8629801241688957,0.14223861725620496,0.9616666666666667,6.136608864127802,4.715758820514538,5.899880575772296,4.7271690818884115e-09,0.13522718399997302,0.8386564749581942,0.837481843017815,189.8,3.4688569906752544,0.5676518823016221,0.8334609163655424,80,10
grid,dgp1,1200,20,10,5,7,0.1202788910785338,SSRF,1.3184580866928648,0.8488380245452114,0.11660600843117175,0.9616666666666667,6.110876476396917,4.71744634177439,-1.012329995142015,0.3115845379632721,0.13522718399997302,0.8386564749581942,0.837481843017815,189.8,3.4688569906752544,0.5676518823016221,0.8334609163655424,80,10
grid,dgp1,1200,20,10,5,7,0.1202788910785338,SSRF-JS,1.319651225173869,0.8488121204626746,0.11758801854106257,0.9616666666666667,6.120525310393487,4.726336195815683,,,0.13522718399997302,0.8386564749581942,0.837481843017815,189.8,3.4688569906752544,0.5676518823016221,0.8334609163655424,80,10
grid,dgp1,1200,20,10,5,7,0.1202788910785338,RF-H,1.304879306051033,0.8443719033513357,0.13058367502170862,0.9583333333333334,6.124453093642604,4.789523069524228,-0.5844575670473889,0.5590224564128929,0.0464978479999445,0.8386564749581942,0.837481843017815,189.8,3.4688569906752544,0.5676518823016221,0.8334609163655424,80,10
grid,dgp1,1200,20,10,5,7,0.1202788910785338,SSRF-H,1.3115902219109545,0.8451752516191681,0.1481403893714487,0.965,6.17094729469956,4.859099252145737,-0.32179675708837646,0.7476627631364878,0.0464978479999445,0.8386564749581942,0.837481843017815,189.8,3.4688569906752544,0.5676518823016221,0.8334609163655424,80,10
grid,dgp1,1200,20,10,5,7,0.1202788910785338,SSRF-JS-H,1.3102820439561769,0.8446963650526927,0.14763349808052864,0.965,6.183177058638217,4.895111019140108,-0.37354421514022285,0.7088094798100529,0.0464978479999445,0.8386564749581942,0.837481843017815,189.8,3.4688569906752544,0.5676518823016221,0.8334609163655424,80,10
grid,dgp1,1200,20,10,5,7,0.1202788910785338,SSRF-rob,1.334142689768366,0.8552823500506509,0.12831900636134083,0.9616666666666667,6.119044516211645,4.677095756296411,5.361831545302139,9.875921064215374e-08,0.15876870299996426,0.8386564749581942,0.837481843017815,189.8,3.4688569906752544,0.5676518823016221,0.8334609163655424,80,10
grid,dgp1,1200,20,10,5,7,0.1202788910785338,RidgeRF,1.3064227542377005,0.8504162062729808,0.14940242763239092,0.9516666666666667,6.097435957132558,4.688995335651103,-0.4668857363182315,0.6406664558121604,0.08412548399996922,0.8386564749581942,0.837481843017815,189.8,3.4688569906752544,0.5676518823016221,0.8334609163655424,80,10
grid,dgp1,1200,20,10,5,7,0.1202788910785338,LassoRF,1.3312097994479293,0.8609361805713828,0.1544386796461884,0.96,6.164433194167177,4.837648771239884,0.41645926137018846,0.6771485101719711,0.12784650100002182,0.8386564749581942,0.837481843017815,189.8,3.4688569906752544,0.5676518823016221,0.8334609163655424,80,10
grid,dgp1,1200,20,10,5,7,0.1202788910785338,GBM,1.3125531605248004,0.8428596367858606,0.11058523372687115,0.955,6.138480374054043,4.648750045150741,-0.2899433496665289,0.7719097104894593,0.7734207099999821,0.8386564749581942,0.837481843017815,189.8,3.4688569906752544,0.5676518823016221,0.8334609163655424,80,10
grid,dgp1,1200,20,10,5,7,0.1202788910785338,RF-tuned,1.2364836779022024,0.8196389383042783,0.05794692955273592,0.955,5.971198661603818,4.515844814632816,-4.402329548835303,1.166370222975539e-05,6.529364098999963,0.8386564749581942,0.837481843017815,189.8,3.4688569906752544,0.5676518823016221,0.8334609163655424,80,10
grid,dgp1,1200,20,10,5,7,0.1202788910785338,SSRF-tuned,1.234259828580827,0.8172550697285973,0.05885578375380995,0.96,5.972513240202716,4.544968970283465,-4.533098807873085,6.3942724219401606e-06,6.625209903999917,0.8386564749581942,0.837481843017815,189.8,3.4688569906752544,0.5676518823016221,0.8334609163655424,80,10
grid,dgp1,1200,20,500,5,7,0.1202788910785338,RF,1.2479885457691717,0.821408213298877,0.06274454746899925,0.93,6.235055074965494,4.255981091221452,0.6065150882156272,0.5442875821571967,4.7530444599999555,0.8400839053925612,0.8389346587562454,191.22,3.4582261586656067,0.5561078007700266,0.8295009475365035,80,10
grid,dgp1,1200,20,500,5,7,0.1202788910785338,SSRF,1.2453147410514296,0.8195506442385656,0.0639087054017331,0.9366666666666666,6.19766458901583,4.3309876561046625,-1.5234894711842757,0.12789998755634702,4.7530444599999555,0.8400839053925612,0.8389346587562454,191.22,3.4582261586656067,0.5561078007700266,0.8295009475365035,80,10
grid,dgp1,1200,20,500,5,7,0.1202788910785338,SSRF-JS,1.245709802576834,0.8197105165607758,0.06410202424545396,0.9366666666666666,6.201563997467514,4.3240774875068455,,,4.7530444599999555,0.8400839053925612,0.8389346587562454,191.22,3.4582261586656067,0.5561078007700266,0.8295009475365035,80,10
grid,dgp1,1200,20,500,5,7,0.1202788910785338,RF-H,1.2483585187352024,0.8192214442226455,0.072833725505422,0.9433333333333334,6.144909097632465,4.393995107229771,0.2742317269344003,0.7839537857114278,1.7235771040000145,0.8400839053925612,0.8389346587562454,191.22,3.4582261586656067,0.5561078007700266,0.8295009475365035,80,10
grid,dgp1,1200,20,500,5,7,0.1202788910785338,SSRF-H,1.3132651468291079,0.8466926487406962,0.14869092784078425,0.9366666666666666,6.241475903973224,4.512294107517353,3.7692151677913928,0.00017173037661128145,1.7235771040000145,0.8400839053925612,0.8389346587562454,191.22,3.4582261586656067,0.5561078007700266,0.8295009475365035,80,10
grid,dgp1,1200,20,500,5,7,0.1202788910785338,SSRF-JS-H,1.3129820515265256,0.8465715282785862,0.14830205829779516,0.9366666666666666,6.241171890284664,4.511533735225243,3.7644968406567365,0.0001749665399031855,1.7235771040000145,0.8400839053925612,0.8389346587562454,191.22,3.4582261586656067,0.5561078007700266,0.8295009475365035,80,10
grid,dgp1,1200,20,500,5,7,0.1202788910785338,SSRF-rob,1.2460796019951093,0.8202063908393004,0.06271830573645519,0.9333333333333333,6.229214346072858,4.248575601986968,0.20524456883482559,0.837415888086887,5.552313103000074,0.8400839053925612,0.8389346587562454,191.22,3.4582261586656067,0.5561078007700266,0.8295009475365035,80,10
grid,dgp1,1200,20,500,5,7,0.1202788910785338,RidgeRF,1.2326760150078613,0.8162395066693626,0.06934950779033082,0.935,6.061631380657715,4.313092672273554,-1.0073153263943158,0.3139865056204559,2.8152119579999635,0.8400839053925612,0.8389346587562454,191.22,3.4582261586656067,0.5561078007700266,0.8295009475365035,80,10
grid,dgp1,1200,20,500,5,7,0.1202788910785338,LassoRF,1.2721510617471337,0.8324486508473299,0.09483508121456555,0.9416666666666667,6.1446219829200395,4.388498504291483,2.2435414489227155,0.025043889590172147,2.1358697410000786,0.8400839053925612,0.8389346587562454,191.22,3.4582261586656067,0.5561078007700266,0.8295009475365035,80,10
grid,dgp1,1200,20,500,5,7,0.1202788910785338,GBM,1.3125531605248004,0.8428596367858606,0.11058523372687115,0.945,6.365087895641535,4.519072076030526,3.551625352735208,0.00039770937454600906,0.7704200740000715,0.8400839053925612,0.8389346587562454,191.22,3.4582261586656067,0.5561078007700266,0.8295009475365035,80,10
grid,dgp1,1200,20,500,5,7,0.1202788910785338,RF-tuned,1.2301267158356013,0.8129506884491785,0.04774485975285534,0.94,6.123037113094356,4.312424465230179,-1.6088239123253663,0.10791810096995985,8.179812347000052,0.8400839053925612,0.8389346587562454,191.22,3.4582261586656067,0.5561078007700266,0.8295009475365035,80,10
grid,dgp1,1200,20,500,5,7,0.1202788910785338,SSRF-tuned,1.2276285443077735,0.8124806886824153,0.04946296881727454,0.9416666666666667,6.1134769358880146,4.310806150718789,-2.166292749309934,0.03048534676544416,11.43286625799999,0.8400839053925612,0.8389346587562454,191.22,3.4582261586656067,0.5561078007700266,0.8295009475365035,80,10
grid,dgp1,1200,20,10,5,8,0.12943929126288223,RF,1.4524916334197728,0.8587627338903826,0.132940340684399,0.9633333333333334,6.575180766289223,4.970074847349554,4.990601691002438,6.907756117803207e-07,0.06386317300007249,0.821926505170992,0.8203080801645,191.1,3.4581916796757124,0.5893891777257119,0.7659758026385582,80,10
grid,dgp1,1200,20,10,5,8,0.12943929126288223,SSRF,1.413579132572399,0.8449097734175312,0.10428597545893246,0.9583333333333334,6.510998501536698,4.844390841187694,-1.6674468978350803,0.09568671329718942,0.06386317300007249,0.821926505170992,0.8203080801645,191.1,3.4581916796757124,0.5893891777257119,0.7659758026385582,80,10
grid,dgp1,1200,20,10,5,8,0.12943929126288223,SSRF-JS,1.4156695068544614,0.8454560286780143,0.10576526661306643,0.9566666666666667,6.513381994770895,4.828585657318629,,,0.06386317300007249,0.821926505170992,0.8203080801645,191.1,3.4581916796757124,0.5893891777257119,0.7659758026385582,80,10
grid,dgp1,1200,20,10,5,8,0.12943929126288223,RF-H,1.4120484513237015,0.842172806129281,0.11206611130328957,0.935,6.768668177217684,4.287005379731638,-0.1290084144152796,0.8973726272601407,0.022311237000053552,0.821926505170992,0.8203080801645,191.1,3.4581916796757124,0.5893891777257119,0.7659758026385582,80,10
grid,dgp1,1200,20,10,5,8,0.12943929126288223,SSRF-H,1.4105525459502197,0.8390604209139576,0.13424383064305212,0.9466666666666667,6.684455119207968,4.399819004937671,-0.17892190527166657,0.8580292505648086,0.022311237000053552,0.821926505170992,0.8203080801645,191.1,3.4581916796757124,0.5893891777257119,0.7659758026385582,80,10
grid,dgp1,1200,20,10,5,8,0.12943929126288223,SSRF-JS-H,1.4132445946123144,0.8404629087590331,0.13658461320758397,0.9383333333333334,6.722607261110105,4.331611267670895,-0.08369094569939985,0.9333161264241516,0.022311237000053552,0.821926505170992,0.8203080801645,191.1,3.4581916796757124,0.5893891777257119,0.7659758026385582,80,10
grid,dgp1,1200,20,10,5,8,0.12943929126288223,SSRF-rob,1.434857680417859,0.8524997782593075,0.11958799507178312,0.9616666666666667,6.5462053381343015,4.927627213217638,4.413505386005631,1.1086422789068334e-05,0.08737323000002561,0.821926505170992,0.8203080801645,191.1,3.4581916796757124,0.5893891777257119,0.7659758026385582,80,10
grid,dgp1,1200,20,10,5,8,0.12943929126288223,RidgeRF,1.4812230792396948,0.8552809023336438,0.1373745118372738,0.9666666666666667,6.649407493675835,4.875976728344205,1.8211632984955324,0.06883115360147858,0.09564279100004569,0.821926505170992,0.8203080801645,191.1,3.4581916796757124,0.5893891777257119,0.7659758026385582,80,10
grid,dgp1,1200,20,10,5,8,0.12943929126288223,LassoRF,1.4724227180899196,0.8632354435905245,0.1395408980039611,0.9583333333333334,6.5567713341572675,4.586253200605341,1.730948479131744,0.08371821668720203,0.08670524599995133,0.821926505170992,0.8203080801645,191.1,3.4581916796757124,0.5893891777257119,0.7659758026385582,80,10
grid,dgp1,1200,20,10,5,8,0.12943929126288223,GBM,1.4128022981969475,0.8369437310917234,0.06831016191399461,0.955,6.5639638541565075,4.6726373603645905,-0.09309303634599947,0.925845202029607,0.33929989600005683,0.821926505170992,0.8203080801645,191.1,3.4581916796757124,0.5893891777257119,0.7659758026385582,80,10
grid,dgp1,1200,20,10,5,8,0.12943929126288223,RF-tuned,1.3737082489389656,0.8350603354718328,0.06344410633911762,0.9516666666666667,6.465175764038782,4.490699232689596,-1.9053549580505365,0.05697296064795863,5.116982942999925,0.821926505170992,0.8203080801645,191.1,3.4581916796757124,0.5893891777257119,0.7659758026385582,80,10
grid,dgp1,1200,20,10,5,8,0.12943929126288223,SSRF-tuned,1.3825227337296822,0.8314399504283421,0.05584124559928576,0.9416666666666667,6.527469088779322,4.436269927329327,-1.6059418057306616,0.10855001365162373,5.2156351289999066,0.821926505170992,0.8203080801645,191.1,3.4581916796757124,0.5893891777257119,0.7659758026385582,80,10
grid,dgp1,1200,20,500,5,8,0.12943929126288223,RF,1.3792057850556654,0.8286373674056823,0.055799239487803166,0.93,7.44380675982696,4.306334532578412,1.936121349346395,0.053087633381989095,4.767197304999968,0.8293717301575171,0.8279396441854836,191.272,3.4610673303691852,0.5743364255659421,0.7886584350152329,80,10
grid,dgp1,1200,20,500,5,8,0.12943929126288223,SSRF,1.3677482024294951,0.8244458040970107,0.05404501272357529,0.92,7.478684150626477,4.145004561299474,-0.9020784570104893,0.36719636550632995,4.767197304999968,0.8293717301575171,0.8279396441854836,191.272,3.4610673303691852,0.5743364255659421,0.7886584350152329,80,10
grid,dgp1,1200,20,500,5,8,0.12943929126288223,SSRF-JS,1.3680649798280862,0.8245169798438812,0.05418796024242094,0.92,7.473869310262322,4.156650430718842,,,4.767197304999968,0.8293717301575171,0.8279396441854836,191.272,3.4610673303691852,0.5743364255659421,0.7886584350152329,80,10
grid,dgp1,1200,20,500,5,8,0.12943929126288223,RF-H,1.3703288337230586,0.8260853613736453,0.06478998390577226,0.9266666666666666,7.419490784382751,4.189186226874759,0.2113853821914841,0.8326224852183038,1.5886310299999877,0.8293717301575171,0.8279396441854836,191.272,3.4610673303691852,0.5743364255659421,0.7886584350152329,80,10
grid,dgp1,1200,20,500,5,8,0.12943929126288223,SSRF-H,1.4180788922242553,0.8428663097403685,0.14278049821042296,0.9216666666666666,7.490009036661941,4.13505433779576,2.1326368011375756,0.033157212566545594,1.5886310299999877,0.8293717301575171,0.8279396441854836,191.272,3.4610673303691852,0.5743364255659421,0.7886584350152329,80,10
grid,dgp1,1200,20,500,5,8,0.12943929126288223,SSRF-JS-H,1.417982931294141,0.8429323891903795,0.14295772910169055,0.9233333333333333,7.488106398530987,4.137229780938782,2.1285115575161404,0.033498118316122524,1.5886310299999877,0.8293717301575171,0.8279396441854836,191.272,3.4610673303691852,0.5743364255659421,0.7886584350152329,80,10
grid,dgp1,1200,20,500,5,8,0.12943929126288223,SSRF-rob,1.3731359182324365,0.8264419282331655,0.05397708003647999,0.9233333333333333,7.483042626916403,4.178327944307015,1.5668423000195097,0.1174154218697438,6.872543502999974,0.8293717301575171,0.8279396441854836,191.272,3.4610673303691852,0.5743364255659421,0.7886584350152329,80,10
grid,dgp1,1200,20,500,5,8,0.12943929126288223,RidgeRF,1.3829758166052912,0.8270335265785652,0.05912957105481639,0.935,7.465755080224238,4.342627477725715,1.2016462219406308,0.2297379167744723,3.0076147989999527,0.8293717301575171,0.8279396441854836,191.272,3.4610673303691852,0.5743364255659421,0.7886584350152329,80,10
grid,dgp1,1200,20,500,5,8,0.12943929126288223,LassoRF,1.4179872188625071,0.8420630681780704,0.08934404179522716,0.9233333333333333,7.700391542344244,4.136539112609628,2.7171713248510145,0.006679046787538585,1.0881923240000333,0.8293717301575171,0.8279396441854836,191.272,3.4610673303691852,0.5743364255659421,0.7886584350152329,80,10
grid,dgp1,1200,20,500,5,8,0.12943929126288223,GBM,1.4128022981969475,0.8369437310917234,0.06831016191399461,0.9266666666666666,7.432325048211263,4.2815358977337326,1.9703985347800432,0.04902250469806762,0.4044025809999994,0.8293717301575171,0.8279396441854836,191.272,3.4610673303691852,0.5743364255659421,0.7886584350152329,80,10
grid,dgp1,1200,20,500,5,8,0.12943929126288223,RF-tuned,1.3693240368060307,0.8284862348068499,0.05238088043823659,0.9266666666666666,7.5114580353829945,4.0898445273130255,0.12986082664958262,0.8966983193981923,7.355531675000066,0.8293717301575171,0.8279396441854836,191.272,3.4610673303691852,0.5743364255659421,0.7886584350152329,80,10
grid,dgp1,1200,20,500,5,8,0.12943929126288223,SSRF-tuned,1.3668334811476026,0.8264346977544621,0.04921660144667758,0.925,7.491569461762645,4.12718759336709,-0.15006102592889614,0.8807417070750048,10.785683202000087,0.8293717301575171,0.8279396441854836,191.272,3.4610673303691852,0.5743364255659421,0.7886584350152329,80,10
grid,dgp1,1200,20,10,5,9,0.13468377039818674,RF,1.5264966633861747,0.8716065962764454,0.16285431899731365,0.9483333333333334,6.6529765916432275,4.60395504233879,3.652188599453883,0.0002712296407393513,0.07013704499991036,0.8519572756117686,0.8508204616541759,192.7,3.430246145756253,0.537450857122909,0.8855280042539441,20,10
grid,dgp1,1200,20,10,5,9,0.13468377039818674,SSRF,1.5033031426584627,0.859404241319905,0.131288304949012,0.95,6.651963958405518,4.680644885387583,-1.7086050346456203,0.08778294457170308,0.07013704499991036,0.8519572756117686,0.8508204616541759,192.7,3.430246145756253,0.537450857122909,0.8855280042539441,20,10
grid,dgp1,1200,20,10,5,9,0.13468377039818674,SSRF-JS,1.5051960237338282,0.8599902191790894,0.13281789923790527,0.9516666666666667,6.649952087074339,4.659656771311819,,,0.07013704499991036,0.8519572756117686,0.8508204616541759,192.7,3.430246145756253,0.537450857122909,0.8855280042539441,20,10
grid,dgp1,1200,20,10,5,9,0.13468377039818674,RF-H,1.5236893821500992,0.8564368992412108,0.10846216639590653,0.9533333333333334,6.687970519513463,4.8363801653697704,0.7500957996720335,0.4533441687061292,0.02468150900006094,0.8519572756117686,0.8508204616541759,192.7,3.430246145756253,0.537450857122909,0.8855280042539441,20,10
grid,dgp1,1200,20,10,5,9,0.13468377039818674,SSRF-H,1.5542367751610193,0.8632286568938472,0.13314030915143013,0.9466666666666667,6.838886905707778,4.943801963152546,1.6033364489271205,0.10912376719838592,0.02468150900006094,0.8519572756117686,0.8508204616541759,192.7,3.430246145756253,0.537450857122909,0.8855280042539441,20,10
grid,dgp1,1200,20,10,5,9,0.13468377039818674,SSRF-JS-H,1.5559904923498378,0.8634726695608208,0.13291636104421245,0.9483333333333334,6.832834931599051,4.952530072312457,1.6823708357505527,0.09275732573430402,0.02468150900006094,0.8519572756117686,0.8508204616541759,192.7,3.430246145756253,0.537450857122909,0.8855280042539441,20,10
grid,dgp1,1200,20,10,5,9,0.13468377039818674,SSRF-rob,1.5143938578166027,0.8651068104759023,0.14629158788322558,0.9483333333333334,6.64953713542045,4.6022532263886635,3.2666367703025925,0.0011191432058432211,0.1612178950000498,0.8519572756117686,0.8508204616541759,192.7,3.430246145756253,0.537450857122909,0.8855280042539441,20,10
grid,dgp1,1200,20,10,5,9,0.13468377039818674,RidgeRF,1.5866043588436416,0.8758559730805878,0.16152612674208458,0.945,6.999057973900247,4.644517712772645,2.5587428822888736,0.01062709074028875,0.13111226999990322,0.8519572756117686,0.8508204616541759,192.7,3.430246145756253,0.537450857122909,0.8855280042539441,20,10
grid,dgp1,1200,20,10,5,9,0.13468377039818674,LassoRF,1.5653959884824102,0.8677681026935958,0.16623490637530158,0.9433333333333334,6.923927453409509,4.545927341926111,1.9398450759134491,0.052632785173920095,0.09503685399999995,0.8519572756117686,0.8508204616541759,192.7,3.430246145756253,0.537450857122909,0.8855280042539441,20,10
grid,dgp1,1200,20,10,5,9,0.13468377039818674,GBM,1.4981679026053478,0.8464380265019867,0.10127010856639271,0.9533333333333334,6.765323747574167,4.7271466846952945,-0.28622265026377186,0.7747570418594655,0.44378074700000525,0.8519572756117686,0.8508204616541759,192.7,3.430246145756253,0.537450857122909,0.8855280042539441,20,10
grid,dgp1,1200,20,10,5,9,0.13468377039818674,RF-tuned,1.462386383561183,0.8354303944941788,0.07431434106477809,0.95,6.694442500266235,4.716055076498535,-1.6711529028993979,0.094952436763205,5.4337321489999795,0.8519572756117686,0.8508204616541759,192.7,3.430246145756253,0.537450857122909,0.8855280042539441,20,10
grid,dgp1,1200,20,10,5,9,0.13468377039818674,SSRF-tuned,1.4750129391777185,0.841328360909512,0.07504496303451672,0.9466666666666667,6.688490576287209,4.5613642379918735,-1.4067513299413237,0.15976027737960993,5.6032873450000125,0.8519572756117686,0.8508204616541759,192.7,3.430246145756253,0.537450857122909,0.8855280042539441,20,10
grid,dgp1,1200,20,500,5,9,0.13468377039818674,RF,1.462526819881567,0.8342915137969773,0.06894373894329775,0.95,6.764804006965489,4.666098569146741,0.47212523528543116,0.6369233127888996,5.866873141000042,0.8523747571282263,0.8514322160616128,191.424,3.4567042132568404,0.5256120698225043,0.8634638516434001,20,10
grid,dgp1,1200,20,500,5,9,0.13468377039818674,SSRF,1.460043531805746,0.8322323838875004,0.06191681482450531,0.9533333333333334,6.7507892984235625,4.728035143896389,-1.113329522438217,0.2657900757591564,5.866873141000042,0.8523747571282263,0.8514322160616128,191.424,3.4567042132568404,0.5256120698225043,0.8634638516434001,20,10
grid,dgp1,1200,20,500,5,9,0.13468377039818674,SSRF-JS,1.4603357954666862,0.8323533837285627,0.0623224883731019,0.9533333333333334,6.749717592029312,4.726425764940344,,,5.866873141000042,0.8523747571282263,0.8514322160616128,191.424,3.4567042132568404,0.5256120698225043,0.8634638516434001,20,10
grid,dgp1,1200,20,500,5,9,0.13468377039818674,RF-H,1.472665916911138,0.8320882438742921,0.05960813406464169,0.945,6.761360253560019,4.6123409963593085,1.142010581004089,0.2536776301928313,1.6561883460000217,0.8523747571282263,0.8514322160616128,191.424,3.4567042132568404,0.5256120698225043,0.8634638516434001,20,10
grid,dgp1,1200,20,500,5,9,0.13468377039818674,SSRF-H,1.5525585546617415,0.8615730226776507,0.13142729342373977,0.9516666666666667,6.861912376532284,5.0217310668687025,3.9582261570813206,7.994513362366099e-05,1.6561883460000217,0.8523747571282263,0.8514322160616128,191.424,3.4567042132568404,0.5256120698225043,0.8634638516434001,20,10
grid,dgp1,1200,20,500,5,9,0.13468377039818674,SSRF-JS-H,1.5531088795032786,0.8618544698496013,0.13161175192694363,0.9516666666666667,6.8610946556075065,5.0242476284645,3.9736145030012158,7.501254190531075e-05,1.6561883460000217,0.8523747571282263,0.8514322160616128,191.424,3.4567042132568404,0.5256120698225043,0.8634638516434001,20,10
grid,dgp1,1200,20,500,5,9,0.13468377039818674,SSRF-rob,1.4605065906643846,0.8329011293519459,0.06461857671370488,0.9533333333333334,6.750943792773112,4.696585207021667,0.0766537402894966,0.9389117945359461,5.688042924999991,0.8523747571282263,0.8514322160616128,191.424,3.4567042132568404,0.5256120698225043,0.8634638516434001,20,10
grid,dgp1,1200,20,500,5,9,0.13468377039818674,RidgeRF,1.496560117615798,0.8433994333599469,0.07088937746465222,0.9533333333333334,6.847888543585904,4.587096030733983,3.2697217956191005,0.0011071176544335322,3.5271701619999476,0.8523747571282263,0.8514322160616128,191.424,3.4567042132568404,0.5256120698225043,0.8634638516434001,20,10
grid,dgp1,1200,20,500,5,9,0.13468377039818674,LassoRF,1.5044356355276176,0.8447882641126345,0.10831622925080107,0.9433333333333334,6.909341333923462,4.6400363729959615,2.281087364704721,0.022718032735849318,1.7545388560000674,0.8523747571282263,0.8514322160616128,191.424,3.4567042132568404,0.5256120698225043,0.8634638516434001,20,10
grid,dgp1,1200,20,500,5,9,0.13468377039818674,GBM,1.4981679026053478,0.8464380265019867,0.10127010856639271,0.9516666666666667,6.679214159317308,4.711370853177335,2.650534829986487,0.008142261373465938,0.6416444510000474,0.8523747571282263,0.8514322160616128,191.424,3.4567042132568404,0.5256120698225043,0.8634638516434001,20,10
grid,dgp1,1200,20,500,5,9,0.13468377039818674,RF-tuned,1.4486457927799612,0.8279133905594319,0.05296634697137827,0.9466666666666667,6.738737461737522,4.528970098069834,-1.4222297939084847,0.15521963681745463,8.632414505000042,0.8523747571282263,0.8514322160616128,191.424,3.4567042132568404,0.5256120698225043,0.8634638516434001,20,10
grid,dgp1,1200,20,500,5,9,0.13468377039818674,SSRF-tuned,1.4533088302457031,0.829481094268763,0.05424475599281147,0.9533333333333334,6.737001669672898,4.643097054700288,-1.0879470962277025,0.2768371037518679,15.574882828,0.8523747571282263,0.8514322160616128,191.424,3.4567042132568404,0.5256120698225043,0.8634638516434001,20,10
grid,dgp1,2000,24,10,5,0,0.13215061435293102,RF,1.4038573464159958,0.8390040590229405,0.12925208927578924,0.943,6.743096243960907,4.548398774595788,5.583301677137736,2.6819950827983092e-08,0.2064935239999386,0.8445660040687016,0.842916029033205,320.7,3.421672813268955,0.506652270942692,0.787457897768914,80,12
grid,dgp1,2000,24,10,5,0,0.13215061435293102,SSRF,1.379549625311961,0.8268466179117187,0.10804130323980246,0.945,6.758310340027263,4.5051286220738245,-1.1152683218567998,0.2648695116121618,0.2064935239999386,0.8445660040687016,0.842916029033205,320.7,3.421672813268955,0.506652270942692,0.787457897768914,80,12
grid,dgp1,2000,24,10,5,0,0.13215061435293102,SSRF-JS,1.3806312044950872,0.8276167373029785,0.1094039678734368,0.945,6.753943851547735,4.573021630810273,,,0.2064935239999386,0.8445660040687016,0.842916029033205,320.7,3.421672813268955,0.506652270942692,0.787457897768914,80,12
grid,dgp1,2000,24,10,5,0,0.13215061435293102,RF-H,1.3631526028992214,0.8166187105261679,0.10898819566212607,0.935,6.86630462371887,4.224355871379535,-0.9421734094142888,0.34621771120836,0.045498971999904825,0.8445660040687016,0.842916029033205,320.7,3.421672813268955,0.506652270942692,0.787457897768914,80,12
grid,dgp1,2000,24,10,5,0,0.13215061435293102,SSRF-H,1.3971779219439158,0.8290424208320128,0.14315728208560394,0.947,6.949956284925417,4.432423114474637,0.8177816196000196,0.41357935665619494,0.045498971999904825,0.8445660040687016,0.842916029033205,320.7,3.421672813268955,0.506652270942692,0.787457897768914,80,12
grid,dgp1,2000,24,10,5,0,0.13215061435293102,SSRF-JS-H,1.395451565247333,0.828665362879486,0.14422548432734317,0.945,6.9547813035804555,4.356566854266644,0.7339548882223904,0.46306230631846945,0.045498971999904825,0.8445660040687016,0.842916029033205,320.7,3.421672813268955,0.506652270942692,0.787457897768914,80,12
grid,dgp1,2000,24,10,5,0,0.13215061435293102,SSRF-rob,1.392828822828256,0.833709937296426,0.11958275345755992,0.946,6.740763406626197,4.597203434072876,5.081257992705658,4.0983567081871535e-07,0.3087772889999769,0.8445660040687016,0.842916029033205,320.7,3.421672813268955,0.506652270942692,0.787457897768914,80,12
grid,dgp1,2000,24,10,5,0,0.13215061435293102,RidgeRF,1.3933752049332804,0.8336574608554086,0.1358105141079876,0.935,6.88914770288161,4.399798260115561,0.6443895154390472,0.5193968146508149,0.2032860320000509,0.8445660040687016,0.842916029033205,320.7,3.421672813268955,0.506652270942692,0.787457897768914,80,12
grid,dgp1,2000,24,10,5,0,0.13215061435293102,LassoRF,1.400317040415146,0.8340454020146639,0.12680312592026866,0.943,6.775366784440685,4.435427774340844,0.9641198490810539,0.33510245666297367,0.06418886599999496,0.8445660040687016,0.842916029033205,320.7,3.421672813268955,0.506652270942692,0.787457897768914,80,12
grid,dgp1,2000,24,10,5,0,0.13215061435293102,GBM,1.345233898828897,0.8039888490470612,0.06885735823281947,0.941,6.796928322650954,4.405761752599774,-1.773945843497448,0.07622430507266902,0.4166767000000391,0.8445660040687016,0.842916029033205,320.7,3.421672813268955,0.506652270942692,0.787457897768914,80,12
grid,dgp1,2000,24,10,5,0,0.13215061435293102,RF-tuned,1.3313063118930712,0.8011146628691151,0.05665250438525646,0.936,6.806826907925059,4.215430373725141,-3.4081982601581955,0.0006668998233928039,12.234152466999944,0.8445660040687016,0.842916029033205,320.7,3.421672813268955,0.506652270942692,0.787457897768914,80,12
grid,dgp1,2000,24,10,5,0,0.13215061435293102,SSRF-tuned,1.3339924788244562,0.8017707799670614,0.05634936221531579,0.943,6.764428445489606,4.435713423707158,-3.2600227201849554,0.0011327456431863931,12.409605896999892,0.8445660040687016,0.842916029033205,320.7,3.421672813268955,0.506652270942692,0.787457897768914,80,12
grid,dgp1,2000,24,500,5,0,0.13215061435293102,RF,1.3233033266313543,0.7993007173249684,0.050333073628480475,0.969,6.279127648356909,5.046275325708752,0.35641316974445675,0.7215687814458438,12.511559121999994,0.8484105305081839,0.8467985643312287,319.24,3.4565679703239067,0.5197029985807979,0.8248963249991648,80,12
grid,dgp1,2000,24,500,5,0,0.13215061435293102,SSRF,1.3221551966688447,0.7985675847857855,0.05229110063961126,0.969,6.259014909714393,4.9659303971422,0.5296854972241615,0.5963888253824537,12.511559121999994,0.8484105305081839,0.8467985643312287,319.24,3.4565679703239067,0.5197029985807979,0.8248963249991648,80,12
grid,dgp1,2000,24,500,5,0,0.13215061435293102,SSRF-JS,1.3220684494332258,0.7985639307982124,0.05241277973838451,0.969,6.260400340393584,4.972252505190867,,,12.511559121999994,0.8484105305081839,0.8467985643312287,319.24,3.4565679703239067,0.5197029985807979,0.8248963249991648,80,12
grid,dgp1,2000,24,500,5,0,0.13215061435293102,RF-H,1.3305567989996216,0.8008010595195129,0.060055045490431995,0.969,6.360496140805214,5.042456259139898,1.1304255122260232,0.2584325799177464,2.839740292999977,0.8484105305081839,0.8467985643312287,319.24,3.4565679703239067,0.5197029985807979,0.8248963249991648,80,12
grid,dgp1,2000,24,500,5,0,0.13215061435293102,SSRF-H,1.395954704799763,0.8272201731401289,0.14134616883521495,0.968,6.359617787485144,4.935031264710873,4.325793293565266,1.594717051740516e-05,2.839740292999977,0.8484105305081839,0.8467985643312287,319.24,3.4565679703239067,0.5197029985807979,0.8248963249991648,80,12
grid,dgp1,2000,24,500,5,0,0.13215061435293102,SSRF-JS-H,1.3969619002251266,0.8276858180913659,0.1425809204475758,0.968,6.364610325968497,4.948386015368395,4.35489364019875,1.3986407455892712e-05,2.839740292999977,0.8484105305081839,0.8467985643312287,319.24,3.4565679703239067,0.5197029985807979,0.8248963249991648,80,12
grid,dgp1,2000,24,500,5,0,0.13215061435293102,SSRF-rob,1.3220524733323609,0.7985384943109304,0.05054659897271382,0.968,6.25559761778394,4.977517302814315,-0.008239925824212615,0.9934263870007793,12.650946771999998,0.8484105305081839,0.8467985643312287,319.24,3.4565679703239067,0.5197029985807979,0.8248963249991648,80,12
grid,dgp1,2000,24,500,5,0,0.13215061435293102,RidgeRF,1.3321248171775533,0.8042715862803099,0.05773173487861242,0.968,6.288107430167516,5.045754559375559,1.3415803394066004,0.17988448567078064,7.277382826000007,0.8484105305081839,0.8467985643312287,319.24,3.4565679703239067,0.5197029985807979,0.8248963249991648,80,12
grid,dgp1,2000,24,500,5,0,0.13215061435293102,LassoRF,1.352761459822028,0.8117106820231172,0.07969867301692452,0.972,6.317332270961012,4.998985116773708,3.017908782122379,0.0025774038454384534,3.3221142629998894,0.8484105305081839,0.8467985643312287,319.24,3.4565679703239067,0.5197029985807979,0.8248963249991648,80,12
grid,dgp1,2000,24,500,5,0,0.13215061435293102,GBM,1.345233898828897,0.8039888490470612,0.06885735823281947,0.97,6.37715982604175,5.1968590661097895,2.0340478635760633,0.04207855747339948,0.6888191170000937,0.8484105305081839,0.8467985643312287,319.24,3.4565679703239067,0.5197029985807979,0.8248963249991648,80,12
grid,dgp1,2000,24,500,5,0,0.13215061435293102,RF-tuned,1.3145593945318954,0.7943545066195947,0.04212732914269361,0.967,6.258881345855407,4.824500750891788,-1.1428288453625404,0.2532465127518993,15.114001539000014,0.8484105305081839,0.8467985643312287,319.24,3.4565679703239067,0.5197029985807979,0.8248963249991648,80,12
grid,dgp1,2000,24,500,5,0,0.13215061435293102,SSRF-tuned,1.3162006333417209,0.7950180148953191,0.04335730684009911,0.968,6.264140599484806,4.873898603192279,-1.0482314085659286,0.2946587209646038,22.951672336,0.8484105305081839,0.8467985643312287,319.24,3.4565679703239067,0.5197029985807979,0.8248963249991648,80,12
grid,dgp1,2000,24,10,5,1,0.15879998264351014,RF,1.3181695104338742,0.8429584091263769,0.12360815538628213,0.952,6.316678238221131,4.677816899734212,4.5041357837902405,7.048818544617155e-06,0.23942599999998038,0.877721470380385,0.8767224392143816,317.8,3.4697408440899022,0.3829578062381861,0.7799899507725628,40,8
grid,dgp1,2000,24,10,5,1,0.15879998264351014,SSRF,1.3040542124469858,0.8357650637323116,0.10489156271859378,0.957,6.305338516970238,4.731589881490517,-0.9661292192610472,0.3340963905729489,0.23942599999998038,0.877721470380385,0.8767224392143816,317.8,3.4697408440899022,0.3829578062381861,0.7799899507725628,40,8
grid,dgp1,2000,24,10,5,1,0.15879998264351014,SSRF-JS,1.3046623980454741,0.8363805284925295,0.10630326306718033,0.957,6.311360440234726,4.750964042810423,,,0.23942599999998038,0.877721470380385,0.8767224392143816,317.8,3.4697408440899022,0.3829578062381861,0.7799899507725628,40,8
grid,dgp1,2000,24,10,5,1,0.15879998264351014,RF-H,1.315395896924353,0.8417599721929896,0.10579168838305815,0.953,6.2117561450556895,4.610227307355887,0.593762489480559,0.5527381611421162,0.05993558300008317,0.877721470380385,0.8767224392143816,317.8,3.4697408440899022,0.3829578062381861,0.7799899507725628,40,8
grid,dgp1,2000,24,10,5,1,0.15879998264351014,SSRF-H,1.3535057381702496,0.8523979891271108,0.13136524849350412,0.95,6.326964067142575,4.6620427744292225,2.570205488641146,0.01023565722865567,0.05993558300008317,0.877721470380385,0.8767224392143816,317.8,3.4697408440899022,0.3829578062381861,0.7799899507725628,40,8
grid,dgp1,2000,24,10,5,1,0.15879998264351014,SSRF-JS-H,1.3561521286790503,0.8532263947352507,0.13297173473454435,0.951,6.3405781949337,4.715345202102819,2.6890151674257448,0.007225848823130132,0.05993558300008317,0.877721470380385,0.8767224392143816,317.8,3.4697408440899022,0.3829578062381861,0.7799899507725628,40,8
grid,dgp1,2000,24,10,5,1,0.15879998264351014,SSRF-rob,1.3102566887299831,0.8391582521210277,0.1136933905983782,0.955,6.312113455506889,4.733240671237944,3.9871794718433304,6.926722155525735e-05,0.2351060129999496,0.877721470380385,0.8767224392143816,317.8,3.4697408440899022,0.3829578062381861,0.7799899507725628,40,8
grid,dgp1,2000,24,10,5,1,0.15879998264351014,RidgeRF,1.3487493020008428,0.8507996550406343,0.1355028924401974,0.952,6.309615845718697,4.67385229941609,2.168823274726061,0.030213659994462676,0.20876708499997676,0.877721470380385,0.8767224392143816,317.8,3.4697408440899022,0.3829578062381861,0.7799899507725628,40,8
grid,dgp1,2000,24,10,5,1,0.15879998264351014,LassoRF,1.3445334396907125,0.8545720141416348,0.11443674099215954,0.954,6.3327215124874225,4.784691765833748,2.2560239649725595,0.02417679577545241,0.10084565800002565,0.877721470380385,0.8767224392143816,317.8,3.4697408440899022,0.3829578062381861,0.7799899507725628,40,8
grid,dgp1,2000,24,10,5,1,0.15879998264351014,GBM,1.2620476027742809,0.8173733168747108,0.055794752670562574,0.957,6.183349815662417,4.694000753241118,-3.0865837069918483,0.0020524889179164086,0.7936537040000076,0.877721470380385,0.8767224392143816,317.8,3.4697408440899022,0.3829578062381861,0.7799899507725628,40,8
grid,dgp1,2000,24,10,5,1,0.15879998264351014,RF-tuned,1.277855208427815,0.8212776588460151,0.05660179629450869,0.951,6.1834392818063195,4.657412058079279,-1.8292141145198464,0.06751643160421911,11.693717969999966,0.877721470380385,0.8767224392143816,317.8,3.4697408440899022,0.3829578062381861,0.7799899507725628,40,8
grid,dgp1,2000,24,10,5,1,0.15879998264351014,SSRF-tuned,1.2814052537262581,0.8238794642223615,0.06309682329932577,0.96,6.253727663777838,4.75935212501459,-1.6985120326412801,0.08956677972874859,11.785463556999957,0.877721470380385,0.8767224392143816,317.8,3.4697408440899022,0.3829578062381861,0.7799899507725628,40,8
grid,dgp1,2000,24,500,5,1,0.15879998264351014,RF,1.265182199152503,0.8215018315372461,0.04742903040399158,0.95,6.2541190078165725,4.577367343639393,-0.6844696674945194,0.49375798213317057,10.011302401999956,0.8764038338917253,0.8753913303854104,319.056,3.456394333527079,0.3823847796610025,0.7728209677826863,40,8
grid,dgp1,2000,24,500,5,1,0.15879998264351014,SSRF,1.2667699791891054,0.8214837310534592,0.04800977598548815,0.95,6.284569719941139,4.6137696323618105,-0.14459648958922372,0.8850440451959991,10.011302401999956,0.8764038338917253,0.8753913303854104,319.056,3.456394333527079,0.3823847796610025,0.7728209677826863,40,8
grid,dgp1,2000,24,500,5,1,0.15879998264351014,SSRF-JS,1.2667886927635168,0.8215228481383937,0.04804817900696429,0.95,6.283519848006361,4.611600704738967,,,10.011302401999956,0.8764038338917253,0.8753913303854104,319.056,3.456394333527079,0.3823847796610025,0.7728209677826863,40,8
grid,dgp1,2000,24,500,5,1,0.15879998264351014,RF-H,1.2790800201939265,0.8247575510852132,0.056468598172861866,0.951,6.373001421299242,4.5677548902488,1.8924441197087623,0.05857619591390506,2.946396218000018,0.8764038338917253,0.8753913303854104,319.056,3.456394333527079,0.3823847796610025,0.7728209677826863,40,8
grid,dgp1,2000,24,500,5,1,0.15879998264351014,SSRF-H,1.3592114608773338,0.8533887026109188,0.13411495810081325,0.948,6.555319166240668,4.695652918442336,6.36759337654939,2.375515110276761e-10,2.946396218000018,0.8764038338917253,0.8753913303854104,319.056,3.456394333527079,0.3823847796610025,0.7728209677826863,40,8
grid,dgp1,2000,24,500,5,1,0.15879998264351014,SSRF-JS-H,1.3602144288669087,0.8537006471711557,0.13495189485512907,0.947,6.557226614743223,4.67997519453028,6.416197996810051,1.7395780494037559e-10,2.946396218000018,0.8764038338917253,0.8753913303854104,319.056,3.456394333527079,0.3823847796610025,0.7728209677826863,40,8
grid,dgp1,2000,24,500,5,1,0.15879998264351014,SSRF-rob,1.265554674284272,0.8212528525179293,0.047277710501999255,0.95,6.2689692419764125,4.593539479751472,-1.140809197964976,0.2540859846548976,12.078434697000034,0.8764038338917253,0.8753913303854104,319.056,3.456394333527079,0.3823847796610025,0.7728209677826863,40,8
grid,dgp1,2000,24,500,5,1,0.15879998264351014,RidgeRF,1.2775973641051854,0.8256723056476939,0.056478027941992436,0.952,6.267567928360276,4.631667931337523,1.4586757614843193,0.14481147058668012,6.773603232000028,0.8764038338917253,0.8753913303854104,319.056,3.456394333527079,0.3823847796610025,0.7728209677826863,40,8
grid,dgp1,2000,24,500,5,1,0.15879998264351014,LassoRF,1.2910930467056392,0.827485977428424,0.06198233900664932,0.953,6.358540458866418,4.649027985070097,3.1790499759785846,0.0015001941488530055,2.1809344179999925,0.8764038338917253,0.8753913303854104,319.056,3.456394333527079,0.3823847796610025,0.7728209677826863,40,8
grid,dgp1,2000,24,500,5,1,0.15879998264351014,GBM,1.2620476027742809,0.8173733168747108,0.055794752670562574,0.948,6.2755839055820655,4.529095903859357,-0.6098283210829681,0.5420448496299677,0.7528137650000417,0.8764038338917253,0.8753913303854104,319.056,3.456394333527079,0.3823847796610025,0.7728209677826863,40,8
grid,dgp1,2000,24,500,5,1,0.15879998264351014,RF-tuned,1.2699225479841663,0.8196653870996865,0.04472453425797634,0.949,6.330244241504715,4.583245621353699,0.6905077541523335,0.4899550996331383,16.24292811600003,0.8764038338917253,0.8753913303854104,319.056,3.456394333527079,0.3823847796610025,0.7728209677826863,40,8
grid,dgp1,2000,24,500,5,1,0.15879998264351014,SSRF-tuned,1.2723797797892757,0.8214800912956124,0.04740364273182807,0.947,6.339873592211147,4.524439343474307,1.4123369786022684,0.1580064185494207,22.548599715000023,0.8764038338917253,0.8753913303854104,319.056,3.456394333527079,0.3823847796610025,0.7728209677826863,40,8
grid,dgp1,2000,24,10,5,2,0.1377697140744546,RF,1.1941040852661768,0.8048344890764669,0.13958476265395875,0.952,5.963706951360582,4.478643420662046,4.426006293986151,1.0116492349033607e-05,0.14777635500001907,0.8694018951088232,0.8682540853122761,320.9,3.4140270896518854,0.43288041480026074,0.8302807765397875,80,8
grid,dgp1,2000,24,10,5,2,0.1377697140744546,SSRF,1.179719065255722,0.7960780029212334,0.11442806964952236,0.954,5.965407231941451,4.508185457327029,-0.2031334612204071,0.8390513924690558,0.14777635500001907,0.8694018951088232,0.8682540853122761,320.9,3.4140270896518854,0.43288041480026074,0.8302807765397875,80,8
grid,dgp1,2000,24,10,5,2,0.1377697140744546,SSRF-JS,1.1798814690653052,0.7965375480187008,0.11636759338782467,0.954,5.963484658066598,4.5037849475235925,,,0.14777635500001907,0.8694018951088232,0.8682540853122761,320.9,3.4140270896518854,0.43288041480026074,0.8302807765397875,80,8
grid,dgp1,2000,24,10,5,2,0.1377697140744546,RF-H,1.1808731749113428,0.8056592032569485,0.1054870578707466,0.949,5.968986732295606,4.486057465834547,0.05736549716297444,0.9542597802767628,0.07720967099999143,0.8694018951088232,0.8682540853122761,320.9,3.4140270896518854,0.43288041480026074,0.8302807765397875,80,8
grid,dgp1,2000,24,10,5,2,0.1377697140744546,SSRF-H,1.2447846331820795,0.8143645038623094,0.13132461593540176,0.952,6.211568589428616,4.636410770212055,3.4627149095868104,0.0005460079323553772,0.07720967099999143,0.8694018951088232,0.8682540853122761,320.9,3.4140270896518854,0.43288041480026074,0.8302807765397875,80,8
grid,dgp1,2000,24,10,5,2,0.1377697140744546,SSRF-JS-H,1.247149193544648,0.8159183389511476,0.1338248805958495,0.952,6.224583592089133,4.633341725472448,3.551563871838681,0.00039181371496765927,0.07720967099999143,0.8694018951088232,0.8682540853122761,320.9,3.4140270896518854,0.43288041480026074,0.8302807765397875,80,8
grid,dgp1,2000,24,10,5,2,0.1377697140744546,SSRF-rob,1.1857833405627536,0.8001807677677147,0.12671799755907318,0.953,5.960726289965356,4.463562873411933,3.775538658041107,0.00016432179850975375,0.19348717899993062,0.8694018951088232,0.8682540853122761,320.9,3.4140270896518854,0.43288041480026074,0.8302807765397875,80,8
grid,dgp1,2000,24,10,5,2,0.1377697140744546,RidgeRF,1.17582108371085,0.797509975485729,0.12636553850925333,0.951,5.980393824084661,4.413908520010126,-0.19396555321644057,0.8462225617824054,0.5008578759999409,0.8694018951088232,0.8682540853122761,320.9,3.4140270896518854,0.43288041480026074,0.8302807765397875,80,8
grid,dgp1,2000,24,10,5,2,0.1377697140744546,LassoRF,1.2235743463009456,0.8122137848280658,0.1316607366361108,0.949,6.041772934328747,4.414073363414283,2.1413105224843565,0.0323695943533316,0.12657697200006623,0.8694018951088232,0.8682540853122761,320.9,3.4140270896518854,0.43288041480026074,0.8302807765397875,80,8
grid,dgp1,2000,24,10,5,2,0.1377697140744546,GBM,1.1395929120491117,0.7754625085642642,0.06708092495446509,0.954,5.8667883723079655,4.421949865008778,-2.5294575975708855,0.01150018340954629,1.0080013130000225,0.8694018951088232,0.8682540853122761,320.9,3.4140270896518854,0.43288041480026074,0.8302807765397875,80,8
grid,dgp1,2000,24,10,5,2,0.1377697140744546,RF-tuned,1.1365119891329398,0.7764491817215069,0.05733765278361447,0.954,5.89180923476545,4.376461509066387,-3.15942698758388,0.0016044363314159813,12.528218355000035,0.8694018951088232,0.8682540853122761,320.9,3.4140270896518854,0.43288041480026074,0.8302807765397875,80,8
grid,dgp1,2000,24,10,5,2,0.1377697140744546,SSRF-tuned,1.1291043411470683,0.7708554002271529,0.050237030707954614,0.955,5.902000075543946,4.380589769340638,-3.957524828082419,7.837607034097698e-05,12.681815649999976,0.8694018951088232,0.8682540853122761,320.9,3.4140270896518854,0.43288041480026074,0.8302807765397875,80,8
grid,dgp1,2000,24,500,5,2,0.1377697140744546,RF,1.1281808302472627,0.7743355522054385,0.056978120657159605,0.967,5.647041436017852,4.475906323595489,-1.5626362909700184,0.1182964533186107,11.27496123100002,0.8681754877283498,0.866996724816805,318.87,3.457931511499364,0.4452752205537745,0.8346817762431435,80,8
grid,dgp1,2000,24,500,5,2,0.1377697140744546,SSRF,1.1322469556211996,0.7735920887644682,0.054042872289612034,0.966,5.683735044204261,4.532737910453085,-0.4981669230212483,0.6184211956632077,11.27496123100002,0.8681754877283498,0.866996724816805,318.87,3.457931511499364,0.4452752205537745,0.8346817762431435,80,8
grid,dgp1,2000,24,500,5,2,0.1377697140744546,SSRF-JS,1.1323313513339313,0.7736589281445773,0.05429389148028193,0.966,5.682170669414339,4.528318349230816,,,11.27496123100002,0.8681754877283498,0.866996724816805,318.87,3.457931511499364,0.4452752205537745,0.8346817762431435,80,8
grid,dgp1,2000,24,500,5,2,0.1377697140744546,RF-H,1.1405030394487612,0.7751979145962402,0.05280870101710293,0.963,5.761429647208404,4.620124012310064,1.1638742833862579,0.24461385706014177,2.8706032270000605,0.8681754877283498,0.866996724816805,318.87,3.457931511499364,0.4452752205537745,0.8346817762431435,80,8
grid,dgp1,2000,24,500,5,2,0.1377697140744546,SSRF-H,1.2467534081977873,0.8138514474224382,0.13190055539184964,0.964,6.018337802333239,4.875007073518992,7.669738801830492,2.6729589582140367e-14,2.8706032270000605,0.8681754877283498,0.866996724816805,318.87,3.457931511499364,0.4452752205537745,0.8346817762431435,80,8
grid,dgp1,2000,24,500,5,2,0.1377697140744546,SSRF-JS-H,1.248002203455304,0.8143541368158149,0.132866219575161,0.965,6.019800303961874,4.880867301393449,7.721692608253491,1.801325807574498e-14,2.8706032270000605,0.8681754877283498,0.866996724816805,318.87,3.457931511499364,0.4452752205537745,0.8346817762431435,80,8
grid,dgp1,2000,24,500,5,2,0.1377697140744546,SSRF-rob,1.129638357078323,0.7736864573882857,0.05496182616554427,0.969,5.679342072743627,4.547200926519293,-2.0551609784828484,0.03999313534298593,12.484191083000042,0.8681754877283498,0.866996724816805,318.87,3.457931511499364,0.4452752205537745,0.8346817762431435,80,8
grid,dgp1,2000,24,500,5,2,0.1377697140744546,RidgeRF,1.1201393605511458,0.7720067424355952,0.0556922806539849,0.961,5.640629295816299,4.438934787923387,-1.325459275168385,0.18517032748299905,6.913316956000017,0.8681754877283498,0.866996724816805,318.87,3.457931511499364,0.4452752205537745,0.8346817762431435,80,8
grid,dgp1,2000,24,500,5,2,0.1377697140744546,LassoRF,1.1561263432756366,0.7839927194683616,0.08148725572904425,0.965,5.775353319731692,4.640708264916561,2.12398812482472,0.03379360656690164,1.6866221610000594,0.8681754877283498,0.866996724816805,318.87,3.457931511499364,0.4452752205537745,0.8346817762431435,80,8
grid,dgp1,2000,24,500,5,2,0.1377697140744546,GBM,1.1395929120491117,0.7754625085642642,0.06708092495446509,0.964,5.741287771135405,4.527117694082066,0.8014641580660977,0.4229582403778105,0.8562500819999741,0.8681754877283498,0.866996724816805,318.87,3.457931511499364,0.4452752205537745,0.8346817762431435,80,8
grid,dgp1,2000,24,500,5,2,0.1377697140744546,RF-tuned,1.1252623281026912,0.7712480833347031,0.046170262269054095,0.967,5.730357982599085,4.5892937948364905,-1.1321477721492528,0.25770809840334785,14.058651850999922,0.8681754877283498,0.866996724816805,318.87,3.457931511499364,0.4452752205537745,0.8346817762431435,80,8
grid,dgp1,2000,24,500,5,2,0.1377697140744546,SSRF-tuned,1.1268510299432357,0.7717637679410393,0.04563829404346798,0.966,5.712300659199724,4.550502097477165,-1.0014042983139857,0.31675258745626994,20.827862180999887,0.8681754877283498,0.866996724816805,318.87,3.457931511499364,0.4452752205537745,0.8346817762431435,80,8
grid,dgp1,2000,24,10,5,3,0.1327200050548563,RF,1.4401857335849009,0.8703542497972635,0.13741225332309817,0.957,6.757084682147644,4.83372580113101,7.06014136353759,2.285735994725388e-12,0.14147216200001367,0.8611961232830666,0.8597464235539561,319.4,3.456805458218416,0.4717603777250249,0.8315182896919444,20,8
grid,dgp1,2000,24,10,5,3,0.1327200050548563,SSRF,1.411096443207514,0.8578240279848964,0.11255912732067407,0.958,6.678125304196434,4.792262902099028,-2.4761365437178844,0.013363525001379285,0.14147216200001367,0.8611961232830666,0.8597464235539561,319.4,3.456805458218416,0.4717603777250249,0.8315182896919444,20,8
grid,dgp1,2000,24,10,5,3,0.1327200050548563,SSRF-JS,1.413336180634115,0.8593990778479933,0.1143286463084425,0.959,6.6814449089228924,4.795269228190436,,,0.14147216200001367,0.8611961232830666,0.8597464235539561,319.4,3.456805458218416,0.4717603777250249,0.8315182896919444,20,8
grid,dgp1,2000,24,10,5,3,0.1327200050548563,RF-H,1.3961293306356006,0.8522710478967601,0.11109793748560838,0.954,6.663819638413641,4.581708787511702,-0.8889860943295665,0.3741175145228533,0.058766223000020545,0.8611961232830666,0.8597464235539561,319.4,3.456805458218416,0.4717603777250249,0.8315182896919444,20,8
grid,dgp1,2000,24,10,5,3,0.1327200050548563,SSRF-H,1.4253850318547778,0.8581343856186096,0.14952314562802932,0.956,6.694853650933517,4.800447455415673,0.5905244909450263,0.5549058237049337,0.058766223000020545,0.8611961232830666,0.8597464235539561,319.4,3.456805458218416,0.4717603777250249,0.8315182896919444,20,8
grid,dgp1,2000,24,10,5,3,0.1327200050548563,SSRF-JS-H,1.4261931497353553,0.858552917603394,0.15116108305475884,0.955,6.692314691481477,4.800889181570126,0.6263081820249641,0.5311843295036096,0.058766223000020545,0.8611961232830666,0.8597464235539561,319.4,3.456805458218416,0.4717603777250249,0.8315182896919444,20,8
grid,dgp1,2000,24,10,5,3,0.1327200050548563,SSRF-rob,1.4263659677336427,0.8647792432185669,0.1253301170230428,0.96,6.726991047786293,4.857854532381458,6.595288134989366,5.416688692436459e-11,0.23141907199999423,0.8611961232830666,0.8597464235539561,319.4,3.456805458218416,0.4717603777250249,0.8315182896919444,20,8
grid,dgp1,2000,24,10,5,3,0.1327200050548563,RidgeRF,1.4151386235774563,0.8550070416474131,0.12158715382742415,0.957,6.709629771407383,4.740698652568325,0.09140451932729782,0.9271803290093947,0.48164673100006894,0.8611961232830666,0.8597464235539561,319.4,3.456805458218416,0.4717603777250249,0.8315182896919444,20,8
grid,dgp1,2000,24,10,5,3,0.1327200050548563,LassoRF,1.4272586053988066,0.857555000421886,0.12749017456764913,0.954,6.804053173120802,4.654445632474386,0.7203696020674141,0.4713816846061544,0.11559744200008026,0.8611961232830666,0.8597464235539561,319.4,3.456805458218416,0.4717603777250249,0.8315182896919444,20,8
grid,dgp1,2000,24,10,5,3,0.1327200050548563,GBM,1.3659613538133362,0.8342951627951763,0.0727428253343158,0.959,6.59401683082017,4.600235737019089,-2.855965566939572,0.004334924958978434,0.6291527509999923,0.8611961232830666,0.8597464235539561,319.4,3.456805458218416,0.4717603777250249,0.8315182896919444,20,8
grid,dgp1,2000,24,10,5,3,0.1327200050548563,RF-tuned,1.3644402001935552,0.8383028059357552,0.06714984322499941,0.953,6.6539904324466175,4.448591266395793,-3.03225861871267,0.002458509087863739,10.9675015360001,0.8611961232830666,0.8597464235539561,319.4,3.456805458218416,0.4717603777250249,0.8315182896919444,20,8
grid,dgp1,2000,24,10,5,3,0.1327200050548563,SSRF-tuned,1.3714413231849907,0.838855405373785,0.07445437071572532,0.954,6.656011198149879,4.6252955855814735,-2.8020651046613074,0.005126597363338897,11.110751287000085,0.8611961232830666,0.8597464235539561,319.4,3.456805458218416,0.4717603777250249,0.8315182896919444,20,8
grid,dgp1,2000,24,500,5,3,0.1327200050548563,RF,1.3489606627189068,0.8284691588219308,0.05137131670423136,0.959,6.703000285021767,4.6575368603554725,1.0883124563620414,0.27658838508219785,10.489544765000119,0.8553381556833565,0.8538791110935793,319.148,3.4611323511175436,0.4982128264377585,0.8364097228713765,20,8
grid,dgp1,2000,24,500,5,3,0.1327200050548563,SSRF,1.345427852075552,0.8270800084280089,0.05115837987554559,0.959,6.720288367775901,4.66245243345483,-2.0892746170609704,0.03680917214879092,10.489544765000119,0.8553381556833565,0.8538791110935793,319.148,3.4611323511175436,0.4982128264377585,0.8364097228713765,20,8
grid,dgp1,2000,24,500,5,3,0.1327200050548563,SSRF-JS,1.3457490793830822,0.8272569926108485,0.05138041677239354,0.959,6.721467593966989,4.669538259270434,,,10.489544765000119,0.8553381556833565,0.8538791110935793,319.148,3.4611323511175436,0.4982128264377585,0.8364097228713765,20,8
grid,dgp1,2000,24,500,5,3,0.1327200050548563,RF-H,1.3430157770782234,0.8250100037243933,0.05917129746852255,0.956,6.760251297111178,4.552553374079458,-0.40962863499128566,0.6821222771497364,3.9471787550000954,0.8553381556833565,0.8538791110935793,319.148,3.4611323511175436,0.4982128264377585,0.8364097228713765,20,8
grid,dgp1,2000,24,500,5,3,0.1327200050548563,SSRF-H,1.41916496861443,0.8550475519130346,0.14205550434073963,0.958,6.885174316094701,4.814275801920954,4.815068995639682,1.5819521814191607e-06,3.9471787550000954,0.8553381556833565,0.8538791110935793,319.148,3.4611323511175436,0.4982128264377585,0.8364097228713765,20,8
grid,dgp1,2000,24,500,5,3,0.1327200050548563,SSRF-JS-H,1.419734242329255,0.8553124090341065,0.14285963961468928,0.958,6.8858454416536725,4.818090483697206,4.843561320002404,1.3733297483103973e-06,3.9471787550000954,0.8553381556833565,0.8538791110935793,319.148,3.4611323511175436,0.4982128264377585,0.8364097228713765,20,8
grid,dgp1,2000,24,500,5,3,0.1327200050548563,SSRF-rob,1.3467909446979651,0.8276363142410983,0.05066196503127393,0.959,6.713857403351557,4.6761977921075575,0.6508951860434147,0.5151889574095052,12.436764640000092,0.8553381556833565,0.8538791110935793,319.148,3.4611323511175436,0.4982128264377585,0.8364097228713765,20,8
grid,dgp1,2000,24,500,5,3,0.1327200050548563,RidgeRF,1.3552732574214799,0.8310998205222724,0.05661314792649719,0.955,6.711075454989301,4.551285412487858,1.161166184630397,0.24571295991915307,6.8021507400001155,0.8553381556833565,0.8538791110935793,319.148,3.4611323511175436,0.4982128264377585,0.8364097228713765,20,8
grid,dgp1,2000,24,500,5,3,0.1327200050548563,LassoRF,1.3726814019454474,0.8350235439588461,0.07847528497100152,0.953,6.783089954018138,4.551316786238458,2.8571078607079747,0.004319418694190267,3.6382425710000916,0.8553381556833565,0.8538791110935793,319.148,3.4611323511175436,0.4982128264377585,0.8364097228713765,20,8
grid,dgp1,2000,24,500,5,3,0.1327200050548563,GBM,1.3659613538133362,0.8342951627951763,0.0727428253343158,0.956,6.724564947256717,4.565120603737149,2.061477006055662,0.039386590166583635,0.7113833349999368,0.8553381556833565,0.8538791110935793,319.148,3.4611323511175436,0.4982128264377585,0.8364097228713765,20,8
grid,dgp1,2000,24,500,5,3,0.1327200050548563,RF-tuned,1.3366589341059507,0.8239399980222688,0.043434908858786,0.959,6.7000271880339755,4.563453858469655,-2.0891966680692056,0.03681619362974677,17.026336324999875,0.8553381556833565,0.8538791110935793,319.148,3.4611323511175436,0.4982128264377585,0.8364097228713765,20,8
grid,dgp1,2000,24,500,5,3,0.1327200050548563,SSRF-tuned,1.341094313264911,0.8249973019851521,0.04701356582554025,0.958,6.7157228177484845,4.551854260433549,-1.295385119229799,0.19533697907935316,25.6180888399997,0.8553381556833565,0.8538791110935793,319.148,3.4611323511175436,0.4982128264377585,0.8364097228713765,20,8
grid,dgp1,2000,24,10,5,4,0.12831810995793128,RF,1.3696880619766523,0.8536444546464593,0.13812961442254754,0.952,6.552362371072451,4.739189169381958,5.700455223490976,1.3725244226139093e-08,0.2941657530000157,0.8576208815533773,0.8562642730808154,320.7,3.4636143226126554,0.4972104912771179,0.8495212520861004,40,12
grid,dgp1,2000,24,10,5,4,0.12831810995793128,SSRF,1.3445723111450512,0.8430440203259818,0.11120338250754827,0.955,6.5436310690441,4.77240659476699,-2.5371595103290296,0.011251039170964323,0.2941657530000157,0.8576208815533773,0.8562642730808154,320.7,3.4636143226126554,0.4972104912771179,0.8495212520861004,40,12
grid,dgp1,2000,24,10,5,4,0.12831810995793128,SSRF-JS,1.3468859727820153,0.8439521073137621,0.11313943896795885,0.957,6.553313337912037,4.805940075218581,,,0.2941657530000157,0.8576208815533773,0.8562642730808154,320.7,3.4636143226126554,0.4972104912771179,0.8495212520861004,40,12
grid,dgp1,2000,24,10,5,4,0.12831810995793128,RF-H,1.3607513429500688,0.8495600722146841,0.11535562726040174,0.958,6.613832970508836,4.743337543323539,0.670547358621183,0.5025863872976404,0.07912410700009787,0.8576208815533773,0.8562642730808154,320.7,3.4636143226126554,0.4972104912771179,0.8495212520861004,40,12
grid,dgp1,2000,24,10,5,4,0.12831810995793128,SSRF-H,1.3861333870179788,0.8524192038516948,0.13813372277359287,0.957,6.788186750531083,4.891404229078971,1.8615946035177533,0.06280692273212145,0.07912410700009787,0.8576208815533773,0.8562642730808154,320.7,3.4636143226126554,0.4972104912771179,0.8495212520861004,40,12
grid,dgp1,2000,24,10,5,4,0.12831810995793128,SSRF-JS-H,1.386046192893617,0.8530143726907368,0.1387298815527054,0.957,6.792727909533705,4.902449196687898,1.851819056924217,0.06419917149404782,0.07912410700009787,0.8576208815533773,0.8562642730808154,320.7,3.4636143226126554,0.4972104912771179,0.8495212520861004,40,12
grid,dgp1,2000,24,10,5,4,0.12831810995793128,SSRF-rob,1.3579961098218896,0.8488201802590839,0.1253283733001801,0.955,6.550206750984065,4.776191804831389,5.147538981941686,2.898013678214215e-07,0.314889679000089,0.8576208815533773,0.8562642730808154,320.7,3.4636143226126554,0.4972104912771179,0.8495212520861004,40,12
grid,dgp1,2000,24,10,5,4,0.12831810995793128,RidgeRF,1.3598279011983365,0.8540068521315369,0.129671549838499,0.958,6.496040314128561,4.823445397331596,0.5288639606814884,0.5969585390316352,0.3331663829999343,0.8576208815533773,0.8562642730808154,320.7,3.4636143226126554,0.4972104912771179,0.8495212520861004,40,12
grid,dgp1,2000,24,10,5,4,0.12831810995793128,LassoRF,1.363258945282105,0.8540544147446226,0.11329640004068554,0.955,6.495220003578857,4.7235571228296624,0.8186382900988292,0.4130903912277724,0.11518596700011585,0.8576208815533773,0.8562642730808154,320.7,3.4636143226126554,0.4972104912771179,0.8495212520861004,40,12
grid,dgp1,2000,24,10,5,4,0.12831810995793128,GBM,1.3309570677467715,0.8335208952915054,0.08126632673541698,0.958,6.495796704630502,4.7950074402341745,-0.8511996916672163,0.3947603852091424,1.4546801660001165,0.8576208815533773,0.8562642730808154,320.7,3.4636143226126554,0.4972104912771179,0.8495212520861004,40,12
grid,dgp1,2000,24,10,5,4,0.12831810995793128,RF-tuned,1.2778649205714518,0.8159408273632566,0.05677122344103904,0.955,6.339613396607467,4.5590608489026385,-4.372596363347633,1.2908549216808797e-05,11.759073095000076,0.8576208815533773,0.8562642730808154,320.7,3.4636143226126554,0.4972104912771179,0.8495212520861004,40,12
grid,dgp1,2000,24,10,5,4,0.12831810995793128,SSRF-tuned,1.2912507058560858,0.8215279987837603,0.061206025685124,0.961,6.348066066698285,4.7402099051106905,-3.4930118329126003,0.00048799040067004006,12.01809303500022,0.8576208815533773,0.8562642730808154,320.7,3.4636143226126554,0.4972104912771179,0.8495212520861004,40,12
grid,dgp1,2000,24,500,5,4,0.12831810995793128,RF,1.2812074490905612,0.8173141927376466,0.049307973359951573,0.931,6.6825726555646545,4.295608599076075,-0.3194339718204811,0.749430831152841,11.33759664299987,0.86118372478871,0.8598589164290664,319.044,3.460491656549507,0.4808095065787371,0.8476798155156073,40,12
grid,dgp1,2000,24,500,5,4,0.12831810995793128,SSRF,1.2820210036024051,0.816537089342393,0.047927073688002024,0.937,6.727788246558159,4.315978153797716,-0.8569467624562095,0.3915770257227931,11.33759664299987,0.86118372478871,0.8598589164290664,319.044,3.460491656549507,0.4808095065787371,0.8476798155156073,40,12
grid,dgp1,2000,24,500,5,4,0.12831810995793128,SSRF-JS,1.2821862335539698,0.8166342906877694,0.04817926518890755,0.936,6.728757421066344,4.310480405852632,,,11.33759664299987,0.86118372478871,0.8598589164290664,319.044,3.460491656549507,0.4808095065787371,0.8476798155156073,40,12
grid,dgp1,2000,24,500,5,4,0.12831810995793128,RF-H,1.2942283155449,0.8197410118720213,0.05450460723053199,0.933,6.852476802304034,4.309009286793125,1.4898938059972888,0.13640991614411246,3.842365290999851,0.86118372478871,0.8598589164290664,319.044,3.460491656549507,0.4808095065787371,0.8476798155156073,40,12
grid,dgp1,2000,24,500,5,4,0.12831810995793128,SSRF-H,1.3791099033580083,0.8496637338931567,0.13404019544001516,0.934,7.125312025127264,4.4731186174724495,5.91607242040171,3.869350206601688e-09,3.842365290999851,0.86118372478871,0.8598589164290664,319.044,3.460491656549507,0.4808095065787371,0.8476798155156073,40,12
grid,dgp1,2000,24,500,5,4,0.12831810995793128,SSRF-JS-H,1.3806350924513788,0.8502855221674872,0.1351398772236645,0.934,7.125683459760116,4.482652285568947,5.981813438996508,2.60776193636551e-09,3.842365290999851,0.86118372478871,0.8598589164290664,319.044,3.460491656549507,0.4808095065787371,0.8476798155156073,40,12
grid,dgp1,2000,24,500,5,4,0.12831810995793128,SSRF-rob,1.2809473006903944,0.8166771858790005,0.04807163691818203,0.935,6.697870578716369,4.314234279672498,-0.7648534572234729,0.44444909304939983,12.533788060999996,0.86118372478871,0.8598589164290664,319.044,3.460491656549507,0.4808095065787371,0.8476798155156073,40,12
grid,dgp1,2000,24,500,5,4,0.12831810995793128,RidgeRF,1.2958930928973125,0.8268011022473429,0.054846696283749295,0.931,6.722491875741763,4.3429432365471365,1.2718498248307402,0.20357442398554598,7.389010024999834,0.86118372478871,0.8598589164290664,319.044,3.460491656549507,0.4808095065787371,0.8476798155156073,40,12
grid,dgp1,2000,24,500,5,4,0.12831810995793128,LassoRF,1.304494480735058,0.8280288142853144,0.06719873236613151,0.932,6.817495496131417,4.285072480061656,2.2743347952364084,0.023051416401986664,1.7029182289998062,0.86118372478871,0.8598589164290664,319.044,3.460491656549507,0.4808095065787371,0.8476798155156073,40,12
grid,dgp1,2000,24,500,5,4,0.12831810995793128,GBM,1.3309570677467715,0.8335208952915054,0.08126632673541698,0.933,6.742814488248288,4.422716761863307,3.5390814050081794,0.0004106941026328617,1.19585958499988,0.86118372478871,0.8598589164290664,319.044,3.460491656549507,0.4808095065787371,0.8476798155156073,40,12
grid,dgp1,2000,24,500,5,4,0.12831810995793128,RF-tuned,1.2694382757681542,0.8124846808230175,0.03618230546676885,0.928,6.756631773289783,4.172937743664633,-1.9701533164820138,0.04895863430872666,17.635995234999882,0.86118372478871,0.8598589164290664,319.044,3.460491656549507,0.4808095065787371,0.8476798155156073,40,12
grid,dgp1,2000,24,500,5,4,0.12831810995793128,SSRF-tuned,1.272316798594468,0.8128949677722701,0.037897700297335725,0.931,6.740819993764942,4.265150263457663,-1.7666684095145855,0.07743635943978351,27.79893714900004,0.86118372478871,0.8598589164290664,319.044,3.460491656549507,0.4808095065787371,0.8476798155156073,40,12
grid,dgp1,2000,24,10,5,5,0.11722528958086476,RF,1.366972638206694,0.8569118909882328,0.1562726068637145,0.957,6.246900872795683,4.865655634836739,7.590698740020523,4.8498520403580333e-14,0.3128799449998496,0.8166239863791741,0.8141404509492363,319.7,3.4727021832461236,0.6843855574354272,0.8536937347056035,40,12
grid,dgp1,2000,24,10,5,5,0.11722528958086476,SSRF,1.325443379331514,0.8423275742277208,0.11958827027459143,0.957,6.1541834000308535,4.81024551685555,-1.919584526593235,0.05505259552162245,0.3128799449998496,0.8166239863791741,0.8141404509492363,319.7,3.4727021832461236,0.6843855574354272,0.8536937347056035,40,12
grid,dgp1,2000,24,10,5,5,0.11722528958086476,SSRF-JS,1.3273397187357214,0.8430254732649974,0.12175626597523553,0.959,6.1682265373636485,4.896774864157061,,,0.3128799449998496,0.8166239863791741,0.8141404509492363,319.7,3.4727021832461236,0.6843855574354272,0.8536937347056035,40,12
grid,dgp1,2000,24,10,5,5,0.11722528958086476,RF-H,1.3079478371916324,0.8439561865735528,0.12572261330545018,0.958,5.996726933063913,4.748873010048401,-1.0045414040877614,0.31523930375386516,0.09045393199994578,0.8166239863791741,0.8141404509492363,319.7,3.4727021832461236,0.6843855574354272,0.8536937347056035,40,12
grid,dgp1,2000,24,10,5,5,0.11722528958086476,SSRF-H,1.3193796987955326,0.8441947648782775,0.13404220626244204,0.957,6.026738216554707,4.785351125637879,-0.4085804804385528,0.6828913211976332,0.09045393199994578,0.8166239863791741,0.8141404509492363,319.7,3.4727021832461236,0.6843855574354272,0.8536937347056035,40,12
grid,dgp1,2000,24,10,5,5,0.11722528958086476,SSRF-JS-H,1.3199534042307326,0.8442417764569067,0.13636644259325997,0.957,6.000755075323436,4.767405685439074,-0.3771575954030188,0.7060965254024248,0.09045393199994578,0.8166239863791741,0.8141404509492363,319.7,3.4727021832461236,0.6843855574354272,0.8536937347056035,40,12
grid,dgp1,2000,24,10,5,5,0.11722528958086476,SSRF-rob,1.3515196476710352,0.8514293641158506,0.1425476912744125,0.957,6.219559800672919,4.8677514990848465,7.057820299195069,2.3232863712653827e-12,0.3148989740000161,0.8166239863791741,0.8141404509492363,319.7,3.4727021832461236,0.6843855574354272,0.8536937347056035,40,12
grid,dgp1,2000,24,10,5,5,0.11722528958086476,RidgeRF,1.344350400700186,0.8527958837337196,0.14496277199164023,0.956,6.281197921672242,4.878241967315384,0.7949463257999083,0.4267390962501251,0.34127077099992675,0.8166239863791741,0.8141404509492363,319.7,3.4727021832461236,0.6843855574354272,0.8536937347056035,40,12
grid,dgp1,2000,24,10,5,5,0.11722528958086476,LassoRF,1.32855840164959,0.8563608984394306,0.11606184453531374,0.965,6.126845700622394,4.902390538803462,0.05608318423590145,0.9552811446038987,0.1569569410000895,0.8166239863791741,0.8141404509492363,319.7,3.4727021832461236,0.6843855574354272,0.8536937347056035,40,12
grid,dgp1,2000,24,10,5,5,0.11722528958086476,GBM,1.2932773287635868,0.8331679315768072,0.09243615461894371,0.958,6.182726966512624,4.766061585847834,-1.692072890585736,0.09078792301651613,0.5713215590001255,0.8166239863791741,0.8141404509492363,319.7,3.4727021832461236,0.6843855574354272,0.8536937347056035,40,12
grid,dgp1,2000,24,10,5,5,0.11722528958086476,RF-tuned,1.292240695323477,0.8393194420204413,0.07291394579143928,0.961,6.119928763639345,4.811126103668483,-2.0817709761502248,0.037490339555421276,12.586539610999807,0.8166239863791741,0.8141404509492363,319.7,3.4727021832461236,0.6843855574354272,0.8536937347056035,40,12
grid,dgp1,2000,24,10,5,5,0.11722528958086476,SSRF-tuned,1.2847272984912883,0.8333403199465693,0.07550979418603544,0.963,6.103223410145892,4.7797166224873475,-2.8179360769737185,0.004880886181840478,12.848811919999662,0.8166239863791741,0.8141404509492363,319.7,3.4727021832461236,0.6843855574354272,0.8536937347056035,40,12
grid,dgp1,2000,24,500,5,5,0.11722528958086476,RF,1.2758291132621171,0.8284944644579427,0.06414553862280288,0.945,6.4697415305826915,4.614619167860534,2.5347286990636206,0.011329148873672227,11.567402451999897,0.8292403407159014,0.8271344167826981,319.392,3.4575702204603034,0.6497472584733294,0.889772251447212,40,12
grid,dgp1,2000,24,500,5,5,0.11722528958086476,SSRF,1.2660445483358092,0.8251635320811906,0.059018583409374915,0.944,6.460558862458226,4.548564682237961,-1.641405609168555,0.10087055151703352,11.567402451999897,0.8292403407159014,0.8271344167826981,319.392,3.4575702204603034,0.6497472584733294,0.889772251447212,40,12
grid,dgp1,2000,24,500,5,5,0.11722528958086476,SSRF-JS,1.2663873722624113,0.8252538057740378,0.059343995895387976,0.943,6.462523039571263,4.543105895361478,,,11.567402451999897,0.8292403407159014,0.8271344167826981,319.392,3.4575702204603034,0.6497472584733294,0.889772251447212,40,12
grid,dgp1,2000,24,500,5,5,0.11722528958086476,RF-H,1.260045667304541,0.8248621434445104,0.057687524448682435,0.946,6.407748574190309,4.520061081549345,-0.967340519264337,0.33349085072836254,3.7958998899998733,0.8292403407159014,0.8271344167826981,319.392,3.4575702204603034,0.6497472584733294,0.889772251447212,40,12
grid,dgp1,2000,24,500,5,5,0.11722528958086476,SSRF-H,1.3232324732064193,0.8468882135809676,0.1349289958680871,0.948,6.493236430865982,4.62612173425835,3.7301690979648816,0.00019668469926596282,3.7958998899998733,0.8292403407159014,0.8271344167826981,319.392,3.4575702204603034,0.6497472584733294,0.889772251447212,40,12
grid,dgp1,2000,24,500,5,5,0.11722528958086476,SSRF-JS-H,1.3238913555641378,0.8471464523696502,0.13553905624476903,0.95,6.494266195590903,4.626948459020996,3.7744224688420145,0.00016505396027200172,3.7958998899998733,0.8292403407159014,0.8271344167826981,319.392,3.4575702204603034,0.6497472584733294,0.889772251447212,40,12
grid,dgp1,2000,24,500,5,5,0.11722528958086476,SSRF-rob,1.271395105897151,0.8269318806030124,0.06136276834173387,0.944,6.4679105117871165,4.555107616309206,2.0926141468190296,0.03650942450594136,12.209889705000023,0.8292403407159014,0.8271344167826981,319.392,3.4575702204603034,0.6497472584733294,0.889772251447212,40,12
grid,dgp1,2000,24,500,5,5,0.11722528958086476,RidgeRF,1.263455614889474,0.8295006178272404,0.06458843805742326,0.941,6.420012006866921,4.402936212871346,-0.3593225029014521,0.7193917929426931,6.899154855000006,0.8292403407159014,0.8271344167826981,319.392,3.4575702204603034,0.6497472584733294,0.889772251447212,40,12
grid,dgp1,2000,24,500,5,5,0.11722528958086476,LassoRF,1.281364185705146,0.8339986594903962,0.07478829097651948,0.955,6.443675765098995,4.654803982917856,1.4854153707726203,0.13759150386125665,1.569035662000033,0.8292403407159014,0.8271344167826981,319.392,3.4575702204603034,0.6497472584733294,0.889772251447212,40,12
grid,dgp1,2000,24,500,5,5,0.11722528958086476,GBM,1.2932773287635868,0.8331679315768072,0.09243615461894371,0.95,6.494934868808599,4.5838570854140475,1.9498229405358698,0.05133686098763746,0.4602291310000055,0.8292403407159014,0.8271344167826981,319.392,3.4575702204603034,0.6497472584733294,0.889772251447212,40,12
grid,dgp1,2000,24,500,5,5,0.11722528958086476,RF-tuned,1.2632690991498818,0.8262988839345091,0.05167080867471689,0.946,6.385539185759894,4.547198424032856,-0.47241354295206345,0.6366832079436044,17.88135507600009,0.8292403407159014,0.8271344167826981,319.392,3.4575702204603034,0.6497472584733294,0.889772251447212,40,12
grid,dgp1,2000,24,500,5,5,0.11722528958086476,SSRF-tuned,1.2596248160635914,0.8238302552577986,0.05037716594548003,0.945,6.385399228822546,4.56857270962587,-1.2865204936039278,0.19841044345860898,24.530400968000095,0.8292403407159014,0.8271344167826981,319.392,3.4575702204603034,0.6497472584733294,0.889772251447212,40,12
grid,dgp1,2000,24,10,5,6,0.14722714401558554,RF,1.416447987099495,0.8867676484503484,0.1375029924765249,0.949,6.751687933954292,4.76419077382116,4.51171693918076,6.8039194492268065e-06,0.14303040100003273,0.8494424779871016,0.84783199398671,316.6,3.4819332758722528,0.4960925419175627,0.7902714197520903,80,12
grid,dgp1,2000,24,10,5,6,0.14722714401558554,SSRF,1.3982381135149626,0.8788871950916496,0.11452376113388187,0.953,6.715638229244669,4.7636022094240165,-1.775474103385293,0.07597175154230977,0.14303040100003273,0.8494424779871016,0.84783199398671,316.6,3.4819332758722528,0.4960925419175627,0.7902714197520903,80,12
grid,dgp1,2000,24,10,5,6,0.14722714401558554,SSRF-JS,1.3995926832102301,0.8798458908802445,0.11592434892204949,0.952,6.712395634464114,4.749777720807248,,,0.14303040100003273,0.8494424779871016,0.84783199398671,316.6,3.4819332758722528,0.4960925419175627,0.7902714197520903,80,12
grid,dgp1,2000,24,10,5,6,0.14722714401558554,RF-H,1.4057360824189231,0.8780905276070966,0.10832120497496547,0.949,6.696988360024329,4.816422925972361,0.3154176810921787,0.7524774677977507,0.03827652599989051,0.8494424779871016,0.84783199398671,316.6,3.4819332758722528,0.4960925419175627,0.7902714197520903,80,12
grid,dgp1,2000,24,10,5,6,0.14722714401558554,SSRF-H,1.444825789771423,0.8926621705167254,0.13680894462552956,0.952,6.6998776607541455,4.976446680867611,2.3965098094598143,0.016643418229056933,0.03827652599989051,0.8494424779871016,0.84783199398671,316.6,3.4819332758722528,0.4960925419175627,0.7902714197520903,80,12
grid,dgp1,2000,24,10,5,6,0.14722714401558554,SSRF-JS-H,1.4491278951560311,0.8941363823453276,0.13897152002690574,0.952,6.699895079660786,4.979167859880085,2.6049227582454413,0.009257628809433592,0.03827652599989051,0.8494424779871016,0.84783199398671,316.6,3.4819332758722528,0.4960925419175627,0.7902714197520903,80,12
grid,dgp1,2000,24,10,5,6,0.14722714401558554,SSRF-rob,1.4074196875245044,0.883214035040457,0.1262578323929818,0.948,6.730682433003902,4.726443421774248,3.946794984223166,8.194267834695621e-05,0.16001557599997795,0.8494424779871016,0.84783199398671,316.6,3.4819332758722528,0.4960925419175627,0.7902714197520903,80,12
grid,dgp1,2000,24,10,5,6,0.14722714401558554,RidgeRF,1.3902477681671723,0.8697571634465605,0.11860848593330493,0.956,6.61223251483184,4.835290767151262,-0.4343563937036391,0.6640765366376333,0.24358310599996003,0.8494424779871016,0.84783199398671,316.6,3.4819332758722528,0.4960925419175627,0.7902714197520903,80,12
grid,dgp1,2000,24,10,5,6,0.14722714401558554,LassoRF,1.3919058108501832,0.8721922708807044,0.1086475539992148,0.952,6.587112998378224,4.846484000096829,-0.32380811588774694,0.7461171849774727,0.09370883299993693,0.8494424779871016,0.84783199398671,316.6,3.4819332758722528,0.4960925419175627,0.7902714197520903,80,12
grid,dgp1,2000,24,10,5,6,0.14722714401558554,GBM,1.366493952506221,0.8598134371276324,0.07965328852710589,0.951,6.740991259094011,4.862892172627158,-1.7858869763954976,0.0742690975434937,0.5024097210000491,0.8494424779871016,0.84783199398671,316.6,3.4819332758722528,0.4960925419175627,0.7902714197520903,80,12
grid,dgp1,2000,24,10,5,6,0.14722714401558554,RF-tuned,1.355486581851686,0.8544437954783444,0.055618850416019425,0.945,6.6580549264704585,4.757137041697964,-2.639540326670227,0.008366378353237726,10.001593894000052,0.8494424779871016,0.84783199398671,316.6,3.4819332758722528,0.4960925419175627,0.7902714197520903,80,12
grid,dgp1,2000,24,10,5,6,0.14722714401558554,SSRF-tuned,1.3469606583814606,0.8542417629678005,0.0536286654949442,0.946,6.6853971685305735,4.772950819185639,-3.279017607344516,0.001059571243129701,10.316440499999999,0.8494424779871016,0.84783199398671,316.6,3.4819332758722528,0.4960925419175627,0.7902714197520903,80,12
grid,dgp1,2000,24,500,5,6,0.14722714401558554,RF,1.3368978902724415,0.8497342653984344,0.05049894979450049,0.936,6.26228780744715,4.61055957916228,-2.1305992551892174,0.03324392597700983,14.015170756000089,0.8579326214564409,0.8565484846658306,318.716,3.4620790964949153,0.4738537715980382,0.8121497138192361,80,12
grid,dgp1,2000,24,500,5,6,0.14722714401558554,SSRF,1.3423462036985785,0.8513948233167593,0.05255871636239225,0.938,6.252731658852201,4.597682057793189,0.10318836178119478,0.9178238269844867,14.015170756000089,0.8579326214564409,0.8565484846658306,318.716,3.4620790964949153,0.4738537715980382,0.8121497138192361,80,12
grid,dgp1,2000,24,500,5,6,0.14722714401558554,SSRF-JS,1.3423288198397272,0.851428203499479,0.05260785077942669,0.937,6.2570331310711005,4.587179092167346,,,14.015170756000089,0.8579326214564409,0.8565484846658306,318.716,3.4620790964949153,0.4738537715980382,0.8121497138192361,80,12
grid,dgp1,2000,24,500,5,6,0.14722714401558554,RF-H,1.3599711208097502,0.8567035817735172,0.062402188912629726,0.94,6.208283550089741,4.709035731383549,2.5977266993209347,0.009453207672183425,6.056640489999836,0.8579326214564409,0.8565484846658306,318.716,3.4620790964949153,0.4738537715980382,0.8121497138192361,80,12
grid,dgp1,2000,24,500,5,6,0.14722714401558554,SSRF-H,1.4471481708233254,0.8928732607241191,0.1394124275203517,0.943,6.251880737659725,4.874079667455492,7.420382212645189,1.7176711172142234e-13,6.056640489999836,0.8579326214564409,0.8565484846658306,318.716,3.4620790964949153,0.4738537715980382,0.8121497138192361,80,12
grid,dgp1,2000,24,500,5,6,0.14722714401558554,SSRF-JS-H,1.4482345371082614,0.8933186535073531,0.1401909835730026,0.944,6.252223132958487,4.8845778959348545,7.4672725426043955,1.215821342717674e-13,6.056640489999836,0.8579326214564409,0.8565484846658306,318.716,3.4620790964949153,0.4738537715980382,0.8121497138192361,80,12
grid,dgp1,2000,24,500,5,6,0.14722714401558554,SSRF-rob,1.3389361849242865,0.85026920726613,0.0509426664043669,0.936,6.269143805329595,4.56354299567694,-2.544632786492209,0.011013888005644885,25.157718448999958,0.8579326214564409,0.8565484846658306,318.716,3.4620790964949153,0.4738537715980382,0.8121497138192361,80,12
grid,dgp1,2000,24,500,5,6,0.14722714401558554,RidgeRF,1.3447249193578805,0.8514210417773975,0.05303664196451183,0.934,6.239302953412833,4.522591513707726,0.2976769702149624,0.7659806545960537,14.49329223199993,0.8579326214564409,0.8565484846658306,318.716,3.4620790964949153,0.4738537715980382,0.8121497138192361,80,12
grid,dgp1,2000,24,500,5,6,0.14722714401558554,LassoRF,1.35695857081567,0.8568627217647385,0.0767583665491293,0.934,6.290327884153157,4.50763242781277,1.2821317786090451,0.1999450920810407,3.2762029730001814,0.8579326214564409,0.8565484846658306,318.716,3.4620790964949153,0.4738537715980382,0.8121497138192361,80,12
grid,dgp1,2000,24,500,5,6,0.14722714401558554,GBM,1.366493952506221,0.8598134371276324,0.07965328852710589,0.939,6.379409183996748,4.623073905090598,1.9651027858346315,0.049540628145072374,1.6107104379998418,0.8579326214564409,0.8565484846658306,318.716,3.4620790964949153,0.4738537715980382,0.8121497138192361,80,12
grid,dgp1,2000,24,500,5,6,0.14722714401558554,RF-tuned,1.337022576586456,0.8469341986113484,0.04453639391673474,0.934,6.24519621464462,4.570841733595578,-0.8452845078443136,0.3980531685742736,31.919478394999942,0.8579326214564409,0.8565484846658306,318.716,3.4620790964949153,0.4738537715980382,0.8121497138192361,80,12
grid,dgp1,2000,24,500,5,6,0.14722714401558554,SSRF-tuned,1.336776792504355,0.8478084610069857,0.04487262127483642,0.935,6.236548074404952,4.57459994032646,-1.0193188739933314,0.30817495200403894,48.33308525799998,0.8579326214564409,0.8565484846658306,318.716,3.4620790964949153,0.4738537715980382,0.8121497138192361,80,12
grid,dgp1,2000,24,10,5,7,0.13691292991785634,RF,1.3550781757872232,0.8667643443455911,0.14701504064299767,0.948,6.024777149039959,4.806375290798476,7.671409666771241,2.6393463096413892e-14,0.4805413579999822,0.8572776597075025,0.8558551014699891,317.2,3.480439756017022,0.5018100650815309,0.8494265604084376,80,12
grid,dgp1,2000,24,10,5,7,0.13691292991785634,SSRF,1.3233402019263067,0.8544387613594083,0.11861958793628158,0.951,5.946549470929284,4.772101623152002,-3.2102253059006665,0.0013473503657592636,0.4805413579999822,0.8572776597075025,0.8558551014699891,317.2,3.480439756017022,0.5018100650815309,0.8494265604084376,80,12
grid,dgp1,2000,24,10,5,7,0.13691292991785634,SSRF-JS,1.3262968984561967,0.855361231103171,0.12143057867833722,0.951,5.9542327338542185,4.7707948351975435,,,0.4805413579999822,0.8572776597075025,0.8558551014699891,317.2,3.480439756017022,0.5018100650815309,0.8494265604084376,80,12
grid,dgp1,2000,24,10,5,7,0.13691292991785634,RF-H,1.2936130429417207,0.8429610676882882,0.09158991110190594,0.948,5.90521681783277,4.651746352242264,-1.808288980349678,0.07071175494701841,0.16753442300000643,0.8572776597075025,0.8558551014699891,317.2,3.480439756017022,0.5018100650815309,0.8494265604084376,80,12
grid,dgp1,2000,24,10,5,7,0.13691292991785634,SSRF-H,1.3297958641331724,0.8577835183639624,0.1415949892089971,0.952,5.917994804425019,4.791117871213492,0.17794752320292262,0.8587822182118162,0.16753442300000643,0.8572776597075025,0.8558551014699891,317.2,3.480439756017022,0.5018100650815309,0.8494265604084376,80,12
grid,dgp1,2000,24,10,5,7,0.13691292991785634,SSRF-JS-H,1.3293317939135176,0.8574016493390091,0.1406968000535336,0.952,5.926956878928151,4.783856654069831,0.15484717466997835,0.8769574321364628,0.16753442300000643,0.8572776597075025,0.8558551014699891,317.2,3.480439756017022,0.5018100650815309,0.8494265604084376,80,12
grid,dgp1,2000,24,10,5,7,0.13691292991785634,SSRF-rob,1.3412887239610767,0.8612803950707236,0.13450914337561978,0.949,5.990537568624202,4.7769671080531415,7.213011023008226,7.731433752180646e-13,0.549035781999919,0.8572776597075025,0.8558551014699891,317.2,3.480439756017022,0.5018100650815309,0.8494265604084376,80,12
grid,dgp1,2000,24,10,5,7,0.13691292991785634,RidgeRF,1.3474378092157921,0.8635385552066658,0.12470814736695829,0.948,6.076961333778049,4.7284078398392575,1.028724462535644,0.30373362648832486,0.6449161359998925,0.8572776597075025,0.8558551014699891,317.2,3.480439756017022,0.5018100650815309,0.8494265604084376,80,12
grid,dgp1,2000,24,10,5,7,0.13691292991785634,LassoRF,1.3325472732475707,0.8499634643537299,0.12513894176834947,0.948,6.098980599533864,4.569641079881338,0.29726621185860536,0.7662941619608216,0.2621285559998796,0.8572776597075025,0.8558551014699891,317.2,3.480439756017022,0.5018100650815309,0.8494265604084376,80,12
grid,dgp1,2000,24,10,5,7,0.13691292991785634,GBM,1.297247204249307,0.8480410181698752,0.08108557493450572,0.949,5.902771745955299,4.602974721184269,-1.7889060011444509,0.07378132114811274,2.0724741080000513,0.8572776597075025,0.8558551014699891,317.2,3.480439756017022,0.5018100650815309,0.8494265604084376,80,12
grid,dgp1,2000,24,10,5,7,0.13691292991785634,RF-tuned,1.2557628711111484,0.8308748032912955,0.050700695507708275,0.954,5.818384092440469,4.631974530587088,-4.557266157884449,5.495419245780868e-06,25.321718233999945,0.8572776597075025,0.8558551014699891,317.2,3.480439756017022,0.5018100650815309,0.8494265604084376,80,12
grid,dgp1,2000,24,10,5,7,0.13691292991785634,SSRF-tuned,1.263621229891638,0.8329273434331482,0.051799838652800155,0.945,5.836938503956596,4.590230253493787,-4.15340417213143,3.41348522710121e-05,25.685508055000128,0.8572776597075025,0.8558551014699891,317.2,3.480439756017022,0.5018100650815309,0.8494265604084376,80,12
grid,dgp1,2000,24,500,5,7,0.13691292991785634,RF,1.2639397428418415,0.8325296479426044,0.05018281877371206,0.949,6.007031127345605,4.621496325270234,1.5613657308328808,0.11859577151715393,20.980688049000037,0.8521785755923302,0.8506535368279845,318.938,3.4597494103459074,0.5170298768437701,0.8450213801924726,80,12
grid,dgp1,2000,24,500,5,7,0.13691292991785634,SSRF,1.2591477373966107,0.8297365045156107,0.04950682562402277,0.952,6.012789858045553,4.679586032170728,-1.438133253711985,0.15055277792783636,20.980688049000037,0.8521785755923302,0.8506535368279845,318.938,3.4597494103459074,0.5170298768437701,0.8450213801924726,80,12
grid,dgp1,2000,24,500,5,7,0.13691292991785634,SSRF-JS,1.2593715244373582,0.8299537442414566,0.049685873584015376,0.952,6.0125001493219505,4.685535502881509,,,20.980688049000037,0.8521785755923302,0.8506535368279845,318.938,3.4597494103459074,0.5170298768437701,0.8450213801924726,80,12
grid,dgp1,2000,24,500,5,7,0.13691292991785634,RF-H,1.2631041960530744,0.8315519032446242,0.05192121507078364,0.957,6.026953551832612,4.761747889921936,0.6366497014720768,0.5244259371808697,3.812444031000041,0.8521785755923302,0.8506535368279845,318.938,3.4597494103459074,0.5170298768437701,0.8450213801924726,80,12
grid,dgp1,2000,24,500,5,7,0.13691292991785634,SSRF-H,1.3262979977433211,0.8565503123571925,0.13506203229539268,0.954,6.136346374128343,4.805405601067909,4.7362466001778385,2.330208780812074e-06,3.812444031000041,0.8521785755923302,0.8506535368279845,318.938,3.4597494103459074,0.5170298768437701,0.8450213801924726,80,12
grid,dgp1,2000,24,500,5,7,0.13691292991785634,SSRF-JS-H,1.3273076962644645,0.857051321515296,0.13603393596721183,0.953,6.1358616906099455,4.803927503492246,4.7864924325875515,1.8216456934645928e-06,3.812444031000041,0.8521785755923302,0.8506535368279845,318.938,3.4597494103459074,0.5170298768437701,0.8450213801924726,80,12
grid,dgp1,2000,24,500,5,7,0.13691292991785634,SSRF-rob,1.2611423201557537,0.8311017420245437,0.04917615686847544,0.95,6.00665910314083,4.618133621248409,1.0873400077106428,0.277017659795342,16.40413607000005,0.8521785755923302,0.8506535368279845,318.938,3.4597494103459074,0.5170298768437701,0.8450213801924726,80,12
grid,dgp1,2000,24,500,5,7,0.13691292991785634,RidgeRF,1.2541990314240856,0.8299508856478929,0.04742414646954536,0.95,5.977749277742733,4.604001617594748,-0.6448956690603428,0.5190687996217549,13.903095180000037,0.8521785755923302,0.8506535368279845,318.938,3.4597494103459074,0.5170298768437701,0.8450213801924726,80,12
grid,dgp1,2000,24,500,5,7,0.13691292991785634,LassoRF,1.285626356805611,0.8359275952805094,0.07840688413735836,0.948,6.129421426024553,4.571116458734877,2.183409521169922,0.029121593911614962,3.242261600999882,0.8521785755923302,0.8506535368279845,318.938,3.4597494103459074,0.5170298768437701,0.8450213801924726,80,12
grid,dgp1,2000,24,500,5,7,0.13691292991785634,GBM,1.297247204249307,0.8480410181698752,0.08108557493450572,0.948,6.069720100502056,4.576050436200204,3.2452200923427745,0.0011929814324150383,1.9309424949999539,0.8521785755923302,0.8506535368279845,318.938,3.4597494103459074,0.5170298768437701,0.8450213801924726,80,12
grid,dgp1,2000,24,500,5,7,0.13691292991785634,RF-tuned,1.250460351532055,0.8259646922251201,0.03874932839084303,0.952,6.013452021007342,4.6098947734509474,-1.4211681779523924,0.15542384738863216,32.52369621799994,0.8521785755923302,0.8506535368279845,318.938,3.4597494103459074,0.5170298768437701,0.8450213801924726,80,12
grid,dgp1,2000,24,500,5,7,0.13691292991785634,SSRF-tuned,1.2478138457600325,0.8255931938262059,0.03847324189323896,0.953,6.007172212823559,4.638906186333265,-2.1518478762683895,0.03152877161760329,49.218441243999905,0.8521785755923302,0.8506535368279845,318.938,3.4597494103459074,0.5170298768437701,0.8450213801924726,80,12
grid,dgp1,2000,24,10,5,8,0.1349164311945586,RF,1.345197038502338,0.8432355776734037,0.13180407660994006,0.943,6.997250120216586,4.264684730717989,6.483400507891536,1.1266836277635664e-10,0.4467693709998457,0.856624223562295,0.8550722800662387,318.7,3.4685686582151707,0.49390735243293815,0.8353413598159805,40,12
grid,dgp1,2000,24,10,5,8,0.1349164311945586,SSRF,1.320116452782064,0.8328731198925604,0.11014022851572063,0.941,6.961015053106829,4.206125083721054,-2.202401896601751,0.027750722508099877,0.4467693709998457,0.856624223562295,0.8550722800662387,318.7,3.4685686582151707,0.49390735243293815,0.8353413598159805,40,12
grid,dgp1,2000,24,10,5,8,0.1349164311945586,SSRF-JS,1.3223786819507564,0.8333539863017458,0.11181395311704284,0.942,6.964506017010128,4.240060970874765,,,0.4467693709998457,0.856624223562295,0.8550722800662387,318.7,3.4685686582151707,0.49390735243293815,0.8353413598159805,40,12
grid,dgp1,2000,24,10,5,8,0.1349164311945586,RF-H,1.3319674078885175,0.8343024638137215,0.1205250586836324,0.943,6.920012020373861,4.225329513899509,0.5186105084448032,0.6040897803524138,0.12061277699990569,0.856624223562295,0.8550722800662387,318.7,3.4685686582151707,0.49390735243293815,0.8353413598159805,40,12
grid,dgp1,2000,24,10,5,8,0.1349164311945586,SSRF-H,1.353418938768582,0.83631862565493,0.1538827433825318,0.942,6.938807580546676,4.324678096917089,1.5862597835467453,0.11283855098928194,0.12061277699990569,0.856624223562295,0.8550722800662387,318.7,3.4685686582151707,0.49390735243293815,0.8353413598159805,40,12
grid,dgp1,2000,24,10,5,8,0.1349164311945586,SSRF-JS-H,1.3582359774738093,0.8380723642716678,0.15789730375769842,0.945,6.938631201900489,4.350276625018458,1.8088402546854896,0.07062600955942715,0.12061277699990569,0.856624223562295,0.8550722800662387,318.7,3.4685686582151707,0.49390735243293815,0.8353413598159805,40,12
grid,dgp1,2000,24,10,5,8,0.1349164311945586,SSRF-rob,1.333340566612383,0.8383541362852173,0.12119192319567988,0.943,6.981052978033034,4.243966046671923,5.919563653717585,3.7894909412187e-09,0.5061311710001064,0.856624223562295,0.8550722800662387,318.7,3.4685686582151707,0.49390735243293815,0.8353413598159805,40,12
grid,dgp1,2000,24,10,5,8,0.1349164311945586,RidgeRF,1.3670763644579729,0.848080687736094,0.13079483140139223,0.945,7.039991821014578,4.278167898452166,2.1605326318621643,0.0308499361173795,0.6294961540002078,0.856624223562295,0.8550722800662387,318.7,3.4685686582151707,0.49390735243293815,0.8353413598159805,40,12
grid,dgp1,2000,24,10,5,8,0.1349164311945586,LassoRF,1.341080105756981,0.8359293731925078,0.10158410608670619,0.944,7.093681839329629,4.275834400892312,0.8413191876387658,0.40026977278674086,0.23460205199990014,0.856624223562295,0.8550722800662387,318.7,3.4685686582151707,0.49390735243293815,0.8353413598159805,40,12
grid,dgp1,2000,24,10,5,8,0.1349164311945586,GBM,1.2802766224385191,0.8093222749858713,0.06369923826043121,0.938,6.913083852113664,4.117888817870331,-2.300371247238366,0.02152973052972945,1.3892102090001117,0.856624223562295,0.8550722800662387,318.7,3.4685686582151707,0.49390735243293815,0.8353413598159805,40,12
grid,dgp1,2000,24,10,5,8,0.1349164311945586,RF-tuned,1.2919821205655235,0.8165124318367056,0.057778643595479254,0.935,6.985926235130512,4.058998314304938,-1.9483657216417645,0.05151097978873964,23.126544060000015,0.856624223562295,0.8550722800662387,318.7,3.4685686582151707,0.49390735243293815,0.8353413598159805,40,12
grid,dgp1,2000,24,10,5,8,0.1349164311945586,SSRF-tuned,1.2756234528926993,0.8106286002138214,0.06115570455896672,0.931,6.90780510727022,4.073233118254804,-3.1321020545268023,0.0017607294789273788,23.51412149900011,0.856624223562295,0.8550722800662387,318.7,3.4685686582151707,0.49390735243293815,0.8353413598159805,40,12
grid,dgp1,2000,24,500,5,8,0.1349164311945586,RF,1.2607777616479443,0.8047299013505674,0.04525332847410904,0.954,6.093121039487707,4.373155555839957,0.5029899030243206,0.615026783291789,19.89428518999989,0.8577921566082107,0.8563876408536657,318.666,3.4621435790041057,0.5060439303392552,0.866204721869638,40,12
grid,dgp1,2000,24,500,5,8,0.1349164311945586,SSRF,1.2594049981502518,0.8034732443392032,0.04676306220988234,0.953,6.109198501355464,4.303678132937817,-0.14467895384411436,0.8849789413714186,19.89428518999989,0.8577921566082107,0.8563876408536657,318.666,3.4621435790041057,0.5060439303392552,0.866204721869638,40,12
grid,dgp1,2000,24,500,5,8,0.1349164311945586,SSRF-JS,1.2594311121323116,0.8035421414792508,0.046795799361480366,0.953,6.108525889147045,4.307858890476232,,,19.89428518999989,0.8577921566082107,0.8563876408536657,318.666,3.4621435790041057,0.5060439303392552,0.866204721869638,40,12
grid,dgp1,2000,24,500,5,8,0.1349164311945586,RF-H,1.2791735659680232,0.8081349618525581,0.056239875122571746,0.956,6.1501686544048,4.465588142675786,2.9423717963648253,0.0032945796520547806,3.5934663769999133,0.8577921566082107,0.8563876408536657,318.666,3.4621435790041057,0.5060439303392552,0.866204721869638,40,12
grid,dgp1,2000,24,500,5,8,0.1349164311945586,SSRF-H,1.3403637872136982,0.8304909196550302,0.13954485881244025,0.949,6.30252371401426,4.370065735916769,5.698580464407243,1.3874562663520678e-08,3.5934663769999133,0.8577921566082107,0.8563876408536657,318.666,3.4621435790041057,0.5060439303392552,0.866204721869638,40,12
grid,dgp1,2000,24,500,5,8,0.1349164311945586,SSRF-JS-H,1.3409614149416962,0.8308398510048077,0.1403591606343145,0.949,6.303093569374684,4.370621724782679,5.718127794078421,1.2392331824169406e-08,3.5934663769999133,0.8577921566082107,0.8563876408536657,318.666,3.4621435790041057,0.5060439303392552,0.866204721869638,40,12
grid,dgp1,2000,24,500,5,8,0.1349164311945586,SSRF-rob,1.2594864155421692,0.8040077447570569,0.04529072766200102,0.954,6.102506199646615,4.380788210146081,0.038092153230701586,0.9696180111456473,15.078198100999998,0.8577921566082107,0.8563876408536657,318.666,3.4621435790041057,0.5060439303392552,0.866204721869638,40,12
grid,dgp1,2000,24,500,5,8,0.1349164311945586,RidgeRF,1.2689259326570468,0.8077424223025289,0.050053729369599446,0.95,6.087936294394633,4.214506910688875,1.3148009171452189,0.18872763393528214,8.94965251099984,0.8577921566082107,0.8563876408536657,318.666,3.4621435790041057,0.5060439303392552,0.866204721869638,40,12
grid,dgp1,2000,24,500,5,8,0.1349164311945586,LassoRF,1.3036984546391137,0.8186484950152667,0.06191210893218256,0.954,6.224409993313233,4.3865047989593915,4.12050834825804,3.934629753932165e-05,2.1231732430001102,0.8577921566082107,0.8563876408536657,318.666,3.4621435790041057,0.5060439303392552,0.866204721869638,40,12
grid,dgp1,2000,24,500,5,8,0.1349164311945586,GBM,1.2802766224385191,0.8093222749858713,0.06369923826043121,0.949,6.148250685058827,4.291900892732137,1.9763630614785368,0.04825094153287458,0.8550900299999284,0.8577921566082107,0.8563876408536657,318.666,3.4621435790041057,0.5060439303392552,0.866204721869638,40,12
grid,dgp1,2000,24,500,5,8,0.1349164311945586,RF-tuned,1.2680929179430267,0.8049895606726022,0.03788318693219567,0.955,6.110786570998107,4.4739028473371505,1.7083772566170794,0.08772160856397454,20.62616413899991,0.8577921566082107,0.8563876408536657,318.666,3.4621435790041057,0.5060439303392552,0.866204721869638,40,12
grid,dgp1,2000,24,500,5,8,0.1349164311945586,SSRF-tuned,1.2625944580457014,0.803544843220142,0.040049997015685304,0.955,6.108833321768285,4.4127603921136895,0.804084900570017,0.4214435539346657,33.113010826999925,0.8577921566082107,0.8563876408536657,318.666,3.4621435790041057,0.5060439303392552,0.866204721869638,40,12
grid,dgp1,2000,24,10,5,9,0.11864762675177926,RF,1.3097971588715327,0.8338241374221775,0.13428490199391258,0.95,5.933241926399087,4.512836607102264,6.113345097337906,1.1700314298103646e-09,0.30560235300004024,0.8406429057446205,0.8386853886039883,320.1,3.4416887158788727,0.541602532101844,0.8129068142075289,40,8
grid,dgp1,2000,24,10,5,9,0.11864762675177926,SSRF,1.2847760226133444,0.8241153674353414,0.11143954779723868,0.957,5.907838464041964,4.617322266785293,-1.5385511905647666,0.1240721669391581,0.30560235300004024,0.8406429057446205,0.8386853886039883,320.1,3.4416887158788727,0.541602532101844,0.8129068142075289,40,8
grid,dgp1,2000,24,10,5,9,0.11864762675177926,SSRF-JS,1.2862535833116222,0.8248898482989571,0.11249001939553037,0.956,5.900923988327604,4.627680137143945,,,0.30560235300004024,0.8406429057446205,0.8386853886039883,320.1,3.4416887158788727,0.541602532101844,0.8129068142075289,40,8
grid,dgp1,2000,24,10,5,9,0.11864762675177926,RF-H,1.311802355230524,0.8307047187864951,0.11169657681555961,0.957,5.962038067627698,4.868412264187263,1.424707850507814,0.15439776481307926,0.0863453679999111,0.8406429057446205,0.8386853886039883,320.1,3.4416887158788727,0.541602532101844,0.8129068142075289,40,8
grid,dgp1,2000,24,10,5,9,0.11864762675177926,SSRF-H,1.3178135197400012,0.8397489825114031,0.14805499649271106,0.951,5.933808941389309,4.743965480392175,1.7240994824106564,0.08484448894875307,0.0863453679999111,0.8406429057446205,0.8386853886039883,320.1,3.4416887158788727,0.541602532101844,0.8129068142075289,40,8
grid,dgp1,2000,24,10,5,9,0.11864762675177926,SSRF-JS-H,1.3195951691602776,0.8401867874798706,0.14985746532909022,0.951,5.934289915802222,4.782683437872356,1.810518974464381,0.07036542645460078,0.0863453679999111,0.8406429057446205,0.8386853886039883,320.1,3.4416887158788727,0.541602532101844,0.8129068142075289,40,8
grid,dgp1,2000,24,10,5,9,0.11864762675177926,SSRF-rob,1.2981893652597671,0.8294640123152669,0.12344232766319971,0.954,5.915563979153008,4.60606134753825,5.535389444363154,3.5144020508863414e-08,0.3343017439999585,0.8406429057446205,0.8386853886039883,320.1,3.4416887158788727,0.541602532101844,0.8129068142075289,40,8
grid,dgp1,2000,24,10,5,9,0.11864762675177926,RidgeRF,1.3013102220245127,0.8360373355151338,0.13265239046863353,0.954,5.921981204154739,4.634214200860987,0.7228770709359994,0.46983997668882616,0.7413183319999916,0.8406429057446205,0.8386853886039883,320.1,3.4416887158788727,0.541602532101844,0.8129068142075289,40,8
grid,dgp1,2000,24,10,5,9,0.11864762675177926,LassoRF,1.3385740913382216,0.8405139342732889,0.13015364384887831,0.958,6.037637414938663,4.768030748245904,2.4855289752143896,0.01301709293148721,0.14078028400012954,0.8406429057446205,0.8386853886039883,320.1,3.4416887158788727,0.541602532101844,0.8129068142075289,40,8
grid,dgp1,2000,24,10,5,9,0.11864762675177926,GBM,1.2380467331661897,0.8054316999856563,0.07107325369613557,0.952,5.785768245712292,4.515412454468978,-2.7042525825651453,0.006903859725542291,0.7743369629999961,0.8406429057446205,0.8386853886039883,320.1,3.4416887158788727,0.541602532101844,0.8129068142075289,40,8
grid,dgp1,2000,24,10,5,9,0.11864762675177926,RF-tuned,1.2367471664130476,0.8104497800608468,0.05604696176134275,0.948,5.734184853705681,4.505848031197195,-3.347014016594863,0.0008320067548174343,14.866860619000136,0.8406429057446205,0.8386853886039883,320.1,3.4416887158788727,0.541602532101844,0.8129068142075289,40,8
grid,dgp1,2000,24,10,5,9,0.11864762675177926,SSRF-tuned,1.2345152168460174,0.8069628270210968,0.06750914646468667,0.937,5.729541357200529,4.333535753196529,-3.5380692085745427,0.0004122618018475267,15.058756136000056,0.8406429057446205,0.8386853886039883,320.1,3.4416887158788727,0.541602532101844,0.8129068142075289,40,8
grid,dgp1,2000,24,500,5,9,0.11864762675177926,RF,1.2365373456937765,0.8049955779209285,0.048677503775264454,0.934,6.244826318010577,4.292814495942845,0.598014649087888,0.5498979015273379,14.56610775299987,0.8517864041819944,0.8502525767881557,318.848,3.4589028143166414,0.5180045817880289,0.8450631244593233,40,8
grid,dgp1,2000,24,500,5,9,0.11864762675177926,SSRF,1.2344796116919567,0.8045541367358492,0.05027808012312877,0.937,6.236074222267052,4.3081561793935474,-2.0178158762514733,0.04374381505258918,14.56610775299987,0.8517864041819944,0.8502525767881557,318.848,3.4589028143166414,0.5180045817880289,0.8450631244593233,40,8
grid,dgp1,2000,24,500,5,9,0.11864762675177926,SSRF-JS,1.234797697093955,0.8047168101730969,0.05043886331735247,0.937,6.23654957692053,4.302908177202751,,,14.56610775299987,0.8517864041819944,0.8502525767881557,318.848,3.4589028143166414,0.5180045817880289,0.8450631244593233,40,8
grid,dgp1,2000,24,500,5,9,0.11864762675177926,RF-H,1.237106698370463,0.8048044182735834,0.05998037362302469,0.935,6.234975349218608,4.328586751993823,0.327114211478618,0.7436157526076926,4.0363433130000885,0.8517864041819944,0.8502525767881557,318.848,3.4589028143166414,0.5180045817880289,0.8450631244593233,40,8
grid,dgp1,2000,24,500,5,9,0.11864762675177926,SSRF-H,1.3091397120453756,0.8366035095393922,0.14261938050503692,0.943,6.25406047594635,4.615355704651757,4.995982158960194,6.362719395492027e-07,4.0363433130000885,0.8517864041819944,0.8502525767881557,318.848,3.4589028143166414,0.5180045817880289,0.8450631244593233,40,8
grid,dgp1,2000,24,500,5,9,0.11864762675177926,SSRF-JS-H,1.309833124862709,0.8368694147825589,0.14336634811229096,0.943,6.252855926297352,4.630218209679222,5.032565871145864,5.272887020140638e-07,4.0363433130000885,0.8517864041819944,0.8502525767881557,318.848,3.4589028143166414,0.5180045817880289,0.8450631244593233,40,8
grid,dgp1,2000,24,500,5,9,0.11864762675177926,SSRF-rob,1.2350764767297235,0.8046201406057876,0.048794233006106746,0.936,6.239695897172767,4.298592042002996,0.1744018463730493,0.8615673236765422,15.934136380999917,0.8517864041819944,0.8502525767881557,318.848,3.4589028143166414,0.5180045817880289,0.8450631244593233,40,8
grid,dgp1,2000,24,500,5,9,0.11864762675177926,RidgeRF,1.243635635698861,0.8097827994942304,0.05663691487863973,0.934,6.213959505544435,4.303606709520905,1.124556358631671,0.26091208916442427,9.241853713999944,0.8517864041819944,0.8502525767881557,318.848,3.4589028143166414,0.5180045817880289,0.8450631244593233,40,8
grid,dgp1,2000,24,500,5,9,0.11864762675177926,LassoRF,1.2673739940414732,0.8174312169403419,0.07870712300199058,0.941,6.274514531313858,4.390402046548722,3.1192728858777334,0.001838839605016798,2.176940663999858,0.8517864041819944,0.8502525767881557,318.848,3.4589028143166414,0.5180045817880289,0.8450631244593233,40,8
grid,dgp1,2000,24,500,5,9,0.11864762675177926,GBM,1.2380467331661897,0.8054316999856563,0.07107325369613557,0.938,6.311733608840512,4.282599434696061,0.2663704721389505,0.7899813756406012,0.773134483999911,0.8517864041819944,0.8502525767881557,318.848,3.4589028143166414,0.5180045817880289,0.8450631244593233,40,8
grid,dgp1,2000,24,500,5,9,0.11864762675177926,RF-tuned,1.221504889540382,0.8007191590075426,0.04350402162044654,0.937,6.1998584590104935,4.2667488637043585,-2.5913870579282228,0.009628557261344128,19.32772774199998,0.8517864041819944,0.8502525767881557,318.848,3.4589028143166414,0.5180045817880289,0.8450631244593233,40,8
grid,dgp1,2000,24,500,5,9,0.11864762675177926,SSRF-tuned,1.2247420568399785,0.8018843799283664,0.04728701890839991,0.937,6.189700200448382,4.320414369406152,-2.1846052558316122,0.02903359671444666,26.121280706000107,0.8517864041819944,0.8502525767881557,318.848,3.4589028143166414,0.5180045817880289,0.8450631244593233,40,8
grid,dgp2,300,10,10,5,0,0.13441810627275594,RF,0.7589064667684704,0.6420127625395389,0.09542391536553686,0.956,4.6812221965930245,3.478063329062514,4.405417163672156,1.169765848149843e-05,0.031705535999890344,0.7460983711531494,0.7508575632157085,47.2,3.5703742119039266,0.46741297749527905,0.3758371238467622,10,5
grid,dgp2,300,10,10,5,0,0.13441810627275594,SSRF,0.7346933248906207,0.6293101551516395,0.07351582721859726,0.954,4.669166854005086,3.4149761822999674,-2.1483190954822633,0.0319282845079348,0.031705535999890344,0.7460983711531494,0.7508575632157085,47.2,3.5703742119039266,0.46741297749527905,0.3758371238467622,10,5
grid,dgp2,300,10,10,5,0,0.13441810627275594,SSRF-JS,0.7362982066984165,0.6302370564262599,0.07520925295432221,0.954,4.665335092885625,3.415342038792353,,,0.031705535999890344,0.7460983711531494,0.7508575632157085,47.2,3.5703742119039266,0.46741297749527905,0.3758371238467622,10,5
grid,dgp2,300,10,10,5,0,0.13441810627275594,RF-H,0.7505431381509553,0.63100669292163,0.0954058038209162,0.95,4.7515805889987,3.5201997079348293,0.9313652146632033,0.3518896954380474,0.02191214200001923,0.7460983711531494,0.7508575632157085,47.2,3.5703742119039266,0.46741297749527905,0.3758371238467622,10,5
grid,dgp2,300,10,10,5,0,0.13441810627275594,SSRF-H,0.7464582619518358,0.634374029609869,0.09713411896555385,0.954,4.761387637762128,3.547303686910411,0.6808473717725538,0.4961258447690619,0.02191214200001923,0.7460983711531494,0.7508575632157085,47.2,3.5703742119039266,0.46741297749527905,0.3758371238467622,10,5
grid,dgp2,300,10,10,5,0,0.13441810627275594,SSRF-JS-H,0.7481402745051803,0.6341157021044705,0.09789995285363605,0.952,4.765643023442198,3.5431402739523437,0.7786409243699839,0.4363756522214051,0.02191214200001923,0.7460983711531494,0.7508575632157085,47.2,3.5703742119039266,0.46741297749527905,0.3758371238467622,10,5
grid,dgp2,300,10,10,5,0,0.13441810627275594,SSRF-rob,0.7462975279404573,0.6354239090797063,0.08411526097716276,0.956,4.672826796575746,3.452043352214616,3.6673358092853814,0.0002580169918020311,0.047193596000170146,0.7460983711531494,0.7508575632157085,47.2,3.5703742119039266,0.46741297749527905,0.3758371238467622,10,5
grid,dgp2,300,10,10,5,0,0.13441810627275594,RidgeRF,0.7759083096711179,0.6480500055466141,0.0989554928233826,0.95,4.842003357065913,3.6664267975038802,2.9143273958234377,0.0036440684310576556,0.031538768000018536,0.7460983711531494,0.7508575632157085,47.2,3.5703742119039266,0.46741297749527905,0.3758371238467622,10,5
grid,dgp2,300,10,10,5,0,0.13441810627275594,LassoRF,0.7498941543609601,0.6335775659486553,0.0821447423683279,0.95,4.8601153938344375,3.5810191550739696,0.9276551369240226,0.3538105516405808,0.07183019900003274,0.7460983711531494,0.7508575632157085,47.2,3.5703742119039266,0.46741297749527905,0.3758371238467622,10,5
grid,dgp2,300,10,10,5,0,0.13441810627275594,GBM,0.7631266790296,0.6354704874455004,0.10048498837097551,0.952,4.837713234854955,3.5229553715433894,1.5967640576076674,0.11063456159481606,0.07120136799994725,0.7460983711531494,0.7508575632157085,47.2,3.5703742119039266,0.46741297749527905,0.3758371238467622,10,5
grid,dgp2,300,10,10,5,0,0.13441810627275594,RF-tuned,0.7634291131334487,0.6394377796699682,0.0902968249130925,0.95,4.802220040379785,3.550698405857155,2.208937275149991,0.027405341522335678,2.606013523999991,0.7460983711531494,0.7508575632157085,47.2,3.5703742119039266,0.46741297749527905,0.3758371238467622,10,5
grid,dgp2,300,10,10,5,0,0.13441810627275594,SSRF-tuned,0.7241273932898573,0.615289326227524,0.07051625044544194,0.952,4.6581852225630165,3.382312461596402,-1.0734192723933123,0.2833422536688015,2.6388715110001613,0.7460983711531494,0.7508575632157085,47.2,3.5703742119039266,0.46741297749527905,0.3758371238467622,10,5
grid,dgp2,300,10,500,5,0,0.13441810627275594,RF,0.7178003421889423,0.6177454849519258,0.06294235235388074,0.966,4.935065780997867,3.6654270764796952,2.215234610709022,0.02696887394410459,1.4278462419999869,0.77685503275946,0.7813535646909165,47.55,3.4829248203181815,0.4062569044644596,0.40002697448337254,10,5
grid,dgp2,300,10,500,5,0,0.13441810627275594,SSRF,0.7083353996081169,0.613027631087542,0.05461936777468548,0.966,4.8681707307792905,3.554924646283479,-2.5933785619585565,0.00964279600918645,1.4278462419999869,0.77685503275946,0.7813535646909165,47.55,3.4829248203181815,0.4062569044644596,0.40002697448337254,10,5
grid,dgp2,300,10,500,5,0,0.13441810627275594,SSRF-JS,0.7091410473203894,0.613308321766121,0.05520378511857173,0.966,4.8805679815388885,3.581808816617667,,,1.4278462419999869,0.77685503275946,0.7813535646909165,47.55,3.4829248203181815,0.4062569044644596,0.40002697448337254,10,5
grid,dgp2,300,10,500,5,0,0.13441810627275594,RF-H,0.714264099560268,0.6143541959353511,0.0584005598674809,0.962,4.8540452492007296,3.554251490574655,0.7276119733720902,0.46702163717872436,0.9225809740000841,0.77685503275946,0.7813535646909165,47.55,3.4829248203181815,0.4062569044644596,0.40002697448337254,10,5
grid,dgp2,300,10,500,5,0,0.13441810627275594,SSRF-H,0.7413001845878565,0.6328813445086723,0.09012717696625348,0.958,4.889579501349083,3.5983089866316997,2.6057145149376466,0.009304658553486665,0.9225809740000841,0.77685503275946,0.7813535646909165,47.55,3.4829248203181815,0.4062569044644596,0.40002697448337254,10,5
grid,dgp2,300,10,500,5,0,0.13441810627275594,SSRF-JS-H,0.739634684472833,0.6317850988336763,0.08829237374142378,0.958,4.885753920067286,3.589612452362102,2.533231007379594,0.011453659082884472,0.9225809740000841,0.77685503275946,0.7813535646909165,47.55,3.4829248203181815,0.4062569044644596,0.40002697448337254,10,5
grid,dgp2,300,10,500,5,0,0.13441810627275594,SSRF-rob,0.7123625253358495,0.6149301062014657,0.057988649761090076,0.966,4.907700080651793,3.621821634189049,1.620807803390199,0.10537443445259152,2.2374897930001225,0.77685503275946,0.7813535646909165,47.55,3.4829248203181815,0.4062569044644596,0.40002697448337254,10,5
grid,dgp2,300,10,500,5,0,0.13441810627275594,RidgeRF,0.7311339363443122,0.6244595728402529,0.06327313460912615,0.966,4.973183964743228,3.7032509716770807,2.4706583009669245,0.0136524681338832,1.2682748510001147,0.77685503275946,0.7813535646909165,47.55,3.4829248203181815,0.4062569044644596,0.40002697448337254,10,5
grid,dgp2,300,10,500,5,0,0.13441810627275594,LassoRF,0.7159005322377167,0.615587112300726,0.056431374024147864,0.968,4.9215164438691925,3.7322565910659122,0.9041290708396679,0.36614493646153373,0.9837501489998886,0.77685503275946,0.7813535646909165,47.55,3.4829248203181815,0.4062569044644596,0.40002697448337254,10,5
grid,dgp2,300,10,500,5,0,0.13441810627275594,GBM,0.7631266790296,0.6354704874455004,0.10048498837097551,0.95,5.170599381182321,3.521013399827935,4.057228860383932,5.353024928789855e-05,0.07928035600002659,0.77685503275946,0.7813535646909165,47.55,3.4829248203181815,0.4062569044644596,0.40002697448337254,10,5
grid,dgp2,300,10,500,5,0,0.13441810627275594,RF-tuned,0.7174947060798836,0.6160109106905632,0.06031984717984126,0.966,4.891718755966414,3.637487375287535,1.5424499670394705,0.12328097508888441,3.743004239000129,0.77685503275946,0.7813535646909165,47.55,3.4829248203181815,0.4062569044644596,0.40002697448337254,10,5
grid,dgp2,300,10,500,5,0,0.13441810627275594,SSRF-tuned,0.7111635055827774,0.6122064762508898,0.054848457924957385,0.964,4.884915645724195,3.5939489761162258,0.56969399591341,0.5690133419533796,5.387652254000159,0.77685503275946,0.7813535646909165,47.55,3.4829248203181815,0.4062569044644596,0.40002697448337254,10,5
grid,dgp2,300,10,10,5,1,0.147366473211822,RF,0.7418468144170052,0.6215998949263315,0.08039807292676453,0.926,5.364055668516345,3.2037674068975144,3.1959158854194483,0.0014375925819090773,0.03035347099989849,0.8112048074941953,0.8150371810271816,47.4,3.508165855399225,0.36772432689818,0.4465126069456359,20,5
grid,dgp2,300,10,10,5,1,0.147366473211822,SSRF,0.7285977167754627,0.6165205818516825,0.06320669985863862,0.936,5.323741410722354,3.210477735691028,-1.7992364501260416,0.07228297933445614,0.03035347099989849,0.8112048074941953,0.8150371810271816,47.4,3.508165855399225,0.36772432689818,0.4465126069456359,20,5
grid,dgp2,300,10,10,5,1,0.147366473211822,SSRF-JS,0.7299961120355453,0.6177185331254472,0.06478103728316588,0.936,5.328102122157801,3.2119934819174825,,,0.03035347099989849,0.8112048074941953,0.8150371810271816,47.4,3.508165855399225,0.36772432689818,0.4465126069456359,20,5
grid,dgp2,300,10,10,5,1,0.147366473211822,RF-H,0.7155800752072095,0.6136248454076024,0.06492811958021975,0.934,5.295542595119939,3.173365766820962,-1.151321391655497,0.24987551417275994,0.021571997999899395,0.8112048074941953,0.8150371810271816,47.4,3.508165855399225,0.36772432689818,0.4465126069456359,20,5
grid,dgp2,300,10,10,5,1,0.147366473211822,SSRF-H,0.7570549025411579,0.6371045498101173,0.08527070772965863,0.94,5.34447067860628,3.450636110011265,1.8956617195836156,0.05829319723839016,0.021571997999899395,0.8112048074941953,0.8150371810271816,47.4,3.508165855399225,0.36772432689818,0.4465126069456359,20,5
grid,dgp2,300,10,10,5,1,0.147366473211822,SSRF-JS-H,0.7544926527521234,0.6359330499922443,0.08417785446009166,0.94,5.341411987897309,3.3957010246287567,1.742884377900897,0.08166149429504135,0.021571997999899395,0.8112048074941953,0.8150371810271816,47.4,3.508165855399225,0.36772432689818,0.4465126069456359,20,5
grid,dgp2,300,10,10,5,1,0.147366473211822,SSRF-rob,0.7338743614775476,0.6186033574660968,0.07029997083522328,0.936,5.339984441228232,3.199877113562536,2.334949692354003,0.019743334258451945,0.04742959599980168,0.8112048074941953,0.8150371810271816,47.4,3.508165855399225,0.36772432689818,0.4465126069456359,20,5
grid,dgp2,300,10,10,5,1,0.147366473211822,RidgeRF,0.7132420832131746,0.6100687895405549,0.06925251707896563,0.93,5.270142593532453,3.280265626049114,-0.9932808352626674,0.32081363450157646,0.030653397999913068,0.8112048074941953,0.8150371810271816,47.4,3.508165855399225,0.36772432689818,0.4465126069456359,20,5
grid,dgp2,300,10,10,5,1,0.147366473211822,LassoRF,0.7092574853960341,0.5988755908724032,0.03823434026922579,0.934,5.341206171819942,3.148582373050769,-1.3519031308105292,0.17671229563679852,0.06489963900003204,0.8112048074941953,0.8150371810271816,47.4,3.508165855399225,0.36772432689818,0.4465126069456359,20,5
grid,dgp2,300,10,10,5,1,0.147366473211822,GBM,0.7716711351056961,0.632987527358445,0.08172758118903424,0.93,5.412196690805031,3.3342189052161126,2.118774363288023,0.034355823780494676,0.11369007999996938,0.8112048074941953,0.8150371810271816,47.4,3.508165855399225,0.36772432689818,0.4465126069456359,20,5
grid,dgp2,300,10,10,5,1,0.147366473211822,RF-tuned,0.6782164199438524,0.583928469697897,0.017966548126947774,0.936,5.186659973637805,3.121243291310292,-4.176295905502354,3.22173434770442e-05,2.5989164860000074,0.8112048074941953,0.8150371810271816,47.4,3.508165855399225,0.36772432689818,0.4465126069456359,20,5
grid,dgp2,300,10,10,5,1,0.147366473211822,SSRF-tuned,0.69908740445052,0.6016489506069929,0.03987284252721521,0.932,5.20676255829352,3.1561882624516953,-2.7892129864446473,0.005384064552136603,2.630259899000066,0.8112048074941953,0.8150371810271816,47.4,3.508165855399225,0.36772432689818,0.4465126069456359,20,5
grid,dgp2,300,10,500,5,1,0.147366473211822,RF,0.6919599470636889,0.5949113918295365,0.032348903909978945,0.968,4.324059829298092,3.379817763630932,0.010963297125232974,0.9912549186243834,1.368719401999897,0.7984899826641937,0.8028007738717124,47.664,3.4587020311217804,0.3958352765302971,0.44868437183846666,20,5
grid,dgp2,300,10,500,5,1,0.147366473211822,SSRF,0.6916448246123799,0.5955279395302396,0.027633440056920925,0.97,4.351596146458591,3.507170171461953,-1.0675459393644804,0.28598328511975674,1.368719401999897,0.7984899826641937,0.8028007738717124,47.664,3.4587020311217804,0.3958352765302971,0.44868437183846666,20,5
grid,dgp2,300,10,500,5,1,0.147366473211822,SSRF-JS,0.6919224326451401,0.595614314667035,0.027807986886263094,0.97,4.348976165525874,3.4954868948281677,,,1.368719401999897,0.7984899826641937,0.8028007738717124,47.664,3.4587020311217804,0.3958352765302971,0.44868437183846666,20,5
grid,dgp2,300,10,500,5,1,0.147366473211822,RF-H,0.7016979008618298,0.6047130201830136,0.035326230750313686,0.968,4.293429356279859,3.4723435757545857,1.5468435552330948,0.12221768437583286,0.8934622369999943,0.7984899826641937,0.8028007738717124,47.664,3.4587020311217804,0.3958352765302971,0.44868437183846666,20,5
grid,dgp2,300,10,500,5,1,0.147366473211822,SSRF-H,0.7575323285151251,0.638734083396501,0.07888672023005219,0.962,4.384631681897974,3.527195012700022,5.425081486081904,7.268453694560176e-08,0.8934622369999943,0.7984899826641937,0.8028007738717124,47.664,3.4587020311217804,0.3958352765302971,0.44868437183846666,20,5
grid,dgp2,300,10,500,5,1,0.147366473211822,SSRF-JS-H,0.7537362019619217,0.6365004551362471,0.07549415501016879,0.962,4.379233140449421,3.5196231299069067,5.2801770895424465,1.5835132635921466e-07,0.8934622369999943,0.7984899826641937,0.8028007738717124,47.664,3.4587020311217804,0.3958352765302971,0.44868437183846666,20,5
grid,dgp2,300,10,500,5,1,0.147366473211822,SSRF-rob,0.6908777448790367,0.5948098055384872,0.028596880652328897,0.968,4.323864215094661,3.4078625917186147,-0.7308041784945589,0.4650701288121392,2.341802834999953,0.7984899826641937,0.8028007738717124,47.664,3.4587020311217804,0.3958352765302971,0.44868437183846666,20,5
grid,dgp2,300,10,500,5,1,0.147366473211822,RidgeRF,0.6929870331603475,0.5980777806538022,0.040000846205791314,0.966,4.272991647653427,3.4650972795023174,0.1488431650466171,0.8817074287904237,1.10678034700004,0.7984899826641937,0.8028007738717124,47.664,3.4587020311217804,0.3958352765302971,0.44868437183846666,20,5
grid,dgp2,300,10,500,5,1,0.147366473211822,LassoRF,0.6856392820647252,0.588313795994922,0.02332440198374782,0.962,4.314599936478946,3.2821056863267293,-0.8267829003515363,0.40855755136570154,0.9992942129999847,0.7984899826641937,0.8028007738717124,47.664,3.4587020311217804,0.3958352765302971,0.44868437183846666,20,5
grid,dgp2,300,10,500,5,1,0.147366473211822,GBM,0.7716711351056961,0.632987527358445,0.08172758118903424,0.968,4.607056932971755,3.6940662980155117,4.904729874580405,1.091593861637107e-06,0.12085735400000885,0.7984899826641937,0.8028007738717124,47.664,3.4587020311217804,0.3958352765302971,0.44868437183846666,20,5
grid,dgp2,300,10,500,5,1,0.147366473211822,RF-tuned,0.6741681361953874,0.5852947633213744,0.017847407840226554,0.96,4.225512102547352,3.289623424175443,-3.1201293694093497,0.0018595694268165317,3.5919013679999807,0.7984899826641937,0.8028007738717124,47.664,3.4587020311217804,0.3958352765302971,0.44868437183846666,20,5
grid,dgp2,300,10,500,5,1,0.147366473211822,SSRF-tuned,0.6765104213834681,0.586134110780913,0.018022818912184973,0.962,4.252078302465902,3.331864242812002,-3.624447410424341,0.0003041806123351351,5.039240039999868,0.7984899826641937,0.8028007738717124,47.664,3.4587020311217804,0.3958352765302971,0.44868437183846666,20,5
grid,dgp2,300,10,10,5,2,0.1551754901188975,RF,0.667578199746072,0.5976138233635157,0.07234274938624413,0.954,4.256265496456498,3.383203991174767,4.31815874725116,1.730187950778002e-05,0.031721195000045554,0.7824914512870026,0.7866013803595402,47.1,3.5611403360324814,0.3918704777207873,0.38351706097093285,10,5
grid,dgp2,300,10,10,5,2,0.1551754901188975,SSRF,0.6484064444212045,0.5813015367672857,0.04916713267554102,0.96,4.187858686485509,3.3164533409840926,-1.291917998258501,0.196684331133255,0.031721195000045554,0.7824914512870026,0.7866013803595402,47.1,3.5611403360324814,0.3918704777207873,0.38351706097093285,10,5
grid,dgp2,300,10,10,5,2,0.1551754901188975,SSRF-JS,0.6493327126468007,0.5823526613225183,0.05078615965818493,0.958,4.185619245179384,3.3055976060851586,,,0.031721195000045554,0.7824914512870026,0.7866013803595402,47.1,3.5611403360324814,0.3918704777207873,0.38351706097093285,10,5
grid,dgp2,300,10,10,5,2,0.1551754901188975,RF-H,0.6897536101184357,0.6028187048164252,0.09287560397086161,0.956,4.180654058673728,3.330111794531497,2.639142801176495,0.008441004591597872,0.016589838000072632,0.7824914512870026,0.7866013803595402,47.1,3.5611403360324814,0.3918704777207873,0.38351706097093285,10,5
grid,dgp2,300,10,10,5,2,0.1551754901188975,SSRF-H,0.6973358507655918,0.6053823969611386,0.09182447328465011,0.96,4.237269994404405,3.4178437095538294,3.2799538597051976,0.0010741188217998855,0.016589838000072632,0.7824914512870026,0.7866013803595402,47.1,3.5611403360324814,0.3918704777207873,0.38351706097093285,10,5
grid,dgp2,300,10,10,5,2,0.1551754901188975,SSRF-JS-H,0.6959200920661442,0.6046679774006632,0.09171772764259578,0.962,4.226384293687623,3.4026963469176077,3.157124058985323,0.001641084801794224,0.016589838000072632,0.7824914512870026,0.7866013803595402,47.1,3.5611403360324814,0.3918704777207873,0.38351706097093285,10,5
grid,dgp2,300,10,10,5,2,0.1551754901188975,SSRF-rob,0.6537964390008175,0.5869328094531838,0.05729487124230558,0.952,4.200267029565745,3.289967213973054,2.656438526532823,0.008022956825818188,0.04235056099992107,0.7824914512870026,0.7866013803595402,47.1,3.5611403360324814,0.3918704777207873,0.38351706097093285,10,5
grid,dgp2,300,10,10,5,2,0.1551754901188975,RidgeRF,0.6758588351728074,0.5920151362934856,0.0754999288706777,0.974,4.260400402006576,3.6593868585494556,1.811707620510382,0.07033156875333829,0.03040408100014247,0.7824914512870026,0.7866013803595402,47.1,3.5611403360324814,0.3918704777207873,0.38351706097093285,10,5
grid,dgp2,300,10,10,5,2,0.1551754901188975,LassoRF,0.6557821685929486,0.587658534099747,0.05944495739950473,0.964,4.2456623839132845,3.3595742566969182,0.4956724979758104,0.6202345125945634,0.06523172500010332,0.7824914512870026,0.7866013803595402,47.1,3.5611403360324814,0.3918704777207873,0.38351706097093285,10,5
grid,dgp2,300,10,10,5,2,0.1551754901188975,GBM,0.6635558025018234,0.5836843018414968,0.06640510540666185,0.962,4.296787249586298,3.40365458848023,1.0829023366036263,0.2791130759776917,0.08815372599997318,0.7824914512870026,0.7866013803595402,47.1,3.5611403360324814,0.3918704777207873,0.38351706097093285,10,5
grid,dgp2,300,10,10,5,2,0.1551754901188975,RF-tuned,0.6468236997664742,0.5792931607160519,0.04765855742368452,0.974,4.282056656691231,3.6025944036140065,-0.23718114919313182,0.8125648884196175,2.6970668769999975,0.7824914512870026,0.7866013803595402,47.1,3.5611403360324814,0.3918704777207873,0.38351706097093285,10,5
grid,dgp2,300,10,10,5,2,0.1551754901188975,SSRF-tuned,0.6371017591949578,0.568254265740761,0.04680346595406802,0.952,4.224583113533322,3.216476042372079,-0.9891139663638987,0.3228468876415816,2.736349313999881,0.7824914512870026,0.7866013803595402,47.1,3.5611403360324814,0.3918704777207873,0.38351706097093285,10,5
grid,dgp2,300,10,500,5,2,0.1551754901188975,RF,0.6315725951349689,0.5675151694861956,0.039304323158848006,0.95,4.451999675738665,3.1611159907599893,0.23358270455374885,0.8153568105876235,1.4561848609998833,0.7937189937010742,0.7980632381657954,47.468,3.479101065513507,0.37159103348946027,0.40314200608996553,10,5
grid,dgp2,300,10,500,5,2,0.1551754901188975,SSRF,0.6310902210937126,0.56550226203544,0.03501797164316632,0.942,4.460721420820757,3.0764981342538436,0.9142508484822078,0.36080565478346577,1.4561848609998833,0.7937189937010742,0.7980632381657954,47.468,3.479101065513507,0.37159103348946027,0.40314200608996553,10,5
grid,dgp2,300,10,500,5,2,0.1551754901188975,SSRF-JS,0.6308794285606266,0.5655755696030041,0.03524031244603268,0.942,4.458526528385693,3.084238925877995,,,1.4561848609998833,0.7937189937010742,0.7980632381657954,47.468,3.479101065513507,0.37159103348946027,0.40314200608996553,10,5
grid,dgp2,300,10,500,5,2,0.1551754901188975,RF-H,0.6451241391061946,0.5729824058690702,0.043999966154622414,0.942,4.452629163174432,3.132374232936144,2.643098977029435,0.008343697024138154,0.8972429099999317,0.7937189937010742,0.7980632381657954,47.468,3.479101065513507,0.37159103348946027,0.40314200608996553,10,5
grid,dgp2,300,10,500,5,2,0.1551754901188975,SSRF-H,0.6905125665012234,0.600710039104242,0.08302717491220014,0.938,4.5782564579611975,3.206877437949179,5.630009652599142,2.3409215532953085e-08,0.8972429099999317,0.7937189937010742,0.7980632381657954,47.468,3.479101065513507,0.37159103348946027,0.40314200608996553,10,5
grid,dgp2,300,10,500,5,2,0.1551754901188975,SSRF-JS-H,0.687246411020666,0.5988873538517969,0.08035548435764565,0.938,4.568129750706182,3.2002600350613055,5.500343770045994,4.815075147815195e-08,0.8972429099999317,0.7937189937010742,0.7980632381657954,47.468,3.479101065513507,0.37159103348946027,0.40314200608996553,10,5
grid,dgp2,300,10,500,5,2,0.1551754901188975,SSRF-rob,0.6302094534002044,0.5656976749955043,0.03592161828936826,0.944,4.453199368364267,3.0971245159221445,-0.5481652399636877,0.5837009122656882,2.2358763469999303,0.7937189937010742,0.7980632381657954,47.468,3.479101065513507,0.37159103348946027,0.40314200608996553,10,5
grid,dgp2,300,10,500,5,2,0.1551754901188975,RidgeRF,0.6349914563587633,0.5699765232031013,0.04164705452727495,0.94,4.470273566405516,3.1599580255734527,0.4860252774408339,0.6270558321545568,1.1436084130000381,0.7937189937010742,0.7980632381657954,47.468,3.479101065513507,0.37159103348946027,0.40314200608996553,10,5
grid,dgp2,300,10,500,5,2,0.1551754901188975,LassoRF,0.6279249503853533,0.5646020686334261,0.032559615352435275,0.948,4.408427499319297,3.1337723690154182,-0.4595724891257271,0.6459231002241218,0.9993444189999536,0.7937189937010742,0.7980632381657954,47.468,3.479101065513507,0.37159103348946027,0.40314200608996553,10,5
grid,dgp2,300,10,500,5,2,0.1551754901188975,GBM,0.6635558025018234,0.5836843018414968,0.06640510540666185,0.95,4.519134149244832,3.2859052118438976,3.365812805056409,0.000792245673745013,0.09572509500003434,0.7937189937010742,0.7980632381657954,47.468,3.479101065513507,0.37159103348946027,0.40314200608996553,10,5
grid,dgp2,300,10,500,5,2,0.1551754901188975,RF-tuned,0.6249520967281945,0.5626212682555619,0.029854422015671473,0.946,4.429825866038744,3.096533858802673,-1.2548716327259022,0.20981884592510686,3.854503844999954,0.7937189937010742,0.7980632381657954,47.468,3.479101065513507,0.37159103348946027,0.40314200608996553,10,5
grid,dgp2,300,10,500,5,2,0.1551754901188975,SSRF-tuned,0.627027740198801,0.562438556506004,0.03155806084972118,0.946,4.443698438977537,3.1520928853441745,-1.2110321620213305,0.22616948583308666,5.519670629000075,0.7937189937010742,0.7980632381657954,47.468,3.479101065513507,0.37159103348946027,0.40314200608996553,10,5
grid,dgp2,300,10,10,5,3,0.109821706114376,RF,0.6630442403700476,0.6167631535889944,0.08519726710841852,0.936,4.610705826780715,3.235295032318774,3.013520641235383,0.0026474916181474712,0.03125255500003732,0.6774492227349723,0.6815427770935831,47.5,3.558548683852099,0.6663443285961022,0.35802493393178714,20,5
grid,dgp2,300,10,10,5,3,0.109821706114376,SSRF,0.6429844945669237,0.6029690609359043,0.06352443401709756,0.942,4.555741136543862,3.2675404552423872,-1.9819733273082951,0.04775593428733533,0.03125255500003732,0.6774492227349723,0.6815427770935831,47.5,3.558548683852099,0.6663443285961022,0.35802493393178714,20,5
grid,dgp2,300,10,10,5,3,0.109821706114376,SSRF-JS,0.645060233031802,0.6045801587438693,0.06543196417232437,0.942,4.5639707572540935,3.259181293445089,,,0.03125255500003732,0.6774492227349723,0.6815427770935831,47.5,3.558548683852099,0.6663443285961022,0.35802493393178714,20,5
grid,dgp2,300,10,10,5,3,0.109821706114376,RF-H,0.6735300550871733,0.6101557845560949,0.09935908861942912,0.942,4.639530878238378,3.394732475406402,2.2539465098244587,0.024415586554969008,0.017125442999940788,0.6774492227349723,0.6815427770935831,47.5,3.558548683852099,0.6663443285961022,0.35802493393178714,20,5
grid,dgp2,300,10,10,5,3,0.109821706114376,SSRF-H,0.6657824163432664,0.6106299601137438,0.08607095887354967,0.95,4.570976297745081,3.392182972841968,2.019824164350709,0.0436681919418464,0.017125442999940788,0.6774492227349723,0.6815427770935831,47.5,3.558548683852099,0.6663443285961022,0.35802493393178714,20,5
grid,dgp2,300,10,10,5,3,0.109821706114376,SSRF-JS-H,0.6674699915296228,0.6117773635646025,0.08898402651340825,0.942,4.597980285454426,3.31701882621067,2.143036154723683,0.032351221683826294,0.017125442999940788,0.6774492227349723,0.6815427770935831,47.5,3.558548683852099,0.6663443285961022,0.35802493393178714,20,5
grid,dgp2,300,10,10,5,3,0.109821706114376,SSRF-rob,0.6553980276524355,0.6119988871845535,0.07689160352038102,0.938,4.574472793661306,3.2600714518377734,2.410559899025947,0.016107810342626747,0.047722499999963475,0.6774492227349723,0.6815427770935831,47.5,3.558548683852099,0.6663443285961022,0.35802493393178714,20,5
grid,dgp2,300,10,10,5,3,0.109821706114376,RidgeRF,0.6679157162178174,0.6104892144233721,0.08024990112388976,0.936,4.636323453167397,3.3135430218240107,1.6784061740695129,0.09358058399587668,0.026353278999977192,0.6774492227349723,0.6815427770935831,47.5,3.558548683852099,0.6663443285961022,0.35802493393178714,20,5
grid,dgp2,300,10,10,5,3,0.109821706114376,LassoRF,0.6586093979144205,0.6120598803078171,0.07297432557659227,0.948,4.5206045188161275,3.2637530351000525,1.2642406674041462,0.20643854221794497,0.07142585600013263,0.6774492227349723,0.6815427770935831,47.5,3.558548683852099,0.6663443285961022,0.35802493393178714,20,5
grid,dgp2,300,10,10,5,3,0.109821706114376,GBM,0.6844582428695535,0.6087105180857764,0.08704862561555154,0.942,4.998719760148778,3.3817839175373985,1.178955540214028,0.2386965917648057,0.09495684000012261,0.6774492227349723,0.6815427770935831,47.5,3.558548683852099,0.6663443285961022,0.35802493393178714,20,5
grid,dgp2,300,10,10,5,3,0.109821706114376,RF-tuned,0.6267287921652168,0.5898325679799781,0.044040089013665795,0.944,4.46719852135936,3.2521700827722007,-1.6376301116258003,0.10181379605194099,2.7060789050001404,0.6774492227349723,0.6815427770935831,47.5,3.558548683852099,0.6663443285961022,0.35802493393178714,20,5
grid,dgp2,300,10,10,5,3,0.109821706114376,SSRF-tuned,0.620594912407239,0.5892101872103541,0.039873005606126395,0.95,4.427892945925264,3.267890562105763,-2.5697759246097545,0.010320474655909781,2.7381692930000554,0.6774492227349723,0.6815427770935831,47.5,3.558548683852099,0.6663443285961022,0.35802493393178714,20,5
grid,dgp2,300,10,500,5,3,0.109821706114376,RF,0.6273084499223194,0.5936649536745442,0.04618967515929194,0.954,4.210245317195224,3.366577850450761,0.15234846420401174,0.8789428646360081,1.4520132999998623,0.6876302470129031,0.6928239199682907,47.692,3.4744370134120195,0.6112091098045365,0.3645364829943822,20,5
grid,dgp2,300,10,500,5,3,0.109821706114376,SSRF,0.6264607657326341,0.5914063222652503,0.04515783943804701,0.956,4.2353045897360895,3.3469056744365533,-0.5585949514747126,0.5765633641485901,1.4520132999998623,0.6876302470129031,0.6928239199682907,47.692,3.4744370134120195,0.6112091098045365,0.3645364829943822,20,5
grid,dgp2,300,10,500,5,3,0.109821706114376,SSRF-JS,0.62663842416127,0.5916327441765318,0.04517182960518106,0.956,4.236232339175916,3.3631969977552436,,,1.4520132999998623,0.6876302470129031,0.6928239199682907,47.692,3.4744370134120195,0.6112091098045365,0.3645364829943822,20,5
grid,dgp2,300,10,500,5,3,0.109821706114376,RF-H,0.6323344833620994,0.5923981716478267,0.05090454353143234,0.948,4.2893080322047235,3.328554219166582,1.1743168005225297,0.24054800988093136,0.9305245699999887,0.6876302470129031,0.6928239199682907,47.692,3.4744370134120195,0.6112091098045365,0.3645364829943822,20,5
grid,dgp2,300,10,500,5,3,0.109821706114376,SSRF-H,0.6659002692562674,0.6112083508332147,0.08366589197910017,0.944,4.370111218468885,3.3791886631673402,4.545674744219282,6.14612116463157e-06,0.9305245699999887,0.6876302470129031,0.6928239199682907,47.692,3.4744370134120195,0.6112091098045365,0.3645364829943822,20,5
grid,dgp2,300,10,500,5,3,0.109821706114376,SSRF-JS-H,0.6642457192527214,0.6103333370571503,0.08189447248447436,0.944,4.369342769126685,3.3750160245984597,4.448745744107751,9.606793709917192e-06,0.9305245699999887,0.6876302470129031,0.6928239199682907,47.692,3.4744370134120195,0.6112091098045365,0.3645364829943822,20,5
grid,dgp2,300,10,500,5,3,0.109821706114376,SSRF-rob,0.6261759928776994,0.5923171830101478,0.04490986162666919,0.954,4.216605002204873,3.4159123021371616,-0.15421374998065498,0.877472348637883,2.420096416999968,0.6876302470129031,0.6928239199682907,47.692,3.4744370134120195,0.6112091098045365,0.3645364829943822,20,5
grid,dgp2,300,10,500,5,3,0.109821706114376,RidgeRF,0.6549695672341348,0.6041940913028243,0.05777271700782689,0.962,4.2331114578442115,3.412493811978891,3.079932547125538,0.0021270786487541803,1.1400862830000733,0.6876302470129031,0.6928239199682907,47.692,3.4744370134120195,0.6112091098045365,0.3645364829943822,20,5
grid,dgp2,300,10,500,5,3,0.109821706114376,LassoRF,0.6251046092035955,0.5933608390003828,0.04483918652565983,0.954,4.2070120927431915,3.33372339690002,-0.36400731043914825,0.7159295752023979,1.1829208750000362,0.6876302470129031,0.6928239199682907,47.692,3.4744370134120195,0.6112091098045365,0.3645364829943822,20,5
grid,dgp2,300,10,500,5,3,0.109821706114376,GBM,0.6844582428695535,0.6087105180857764,0.08704862561555154,0.946,4.303345354963243,3.409381951182056,1.7205540168793687,0.08564144224961688,0.09553093699992132,0.6876302470129031,0.6928239199682907,47.692,3.4744370134120195,0.6112091098045365,0.3645364829943822,20,5
grid,dgp2,300,10,500,5,3,0.109821706114376,RF-tuned,0.6143240774410262,0.5836675887362395,0.03323135726037363,0.954,4.222861373145336,3.334354474744884,-2.0099973344351727,0.04469992518117186,3.5991465410002093,0.6876302470129031,0.6928239199682907,47.692,3.4744370134120195,0.6112091098045365,0.3645364829943822,20,5
grid,dgp2,300,10,500,5,3,0.109821706114376,SSRF-tuned,0.6149697970956954,0.5853011357248266,0.036132739648238016,0.954,4.216653207926589,3.3870792865170243,-2.5522891686223184,0.010849602665537443,5.139950348000184,0.6876302470129031,0.6928239199682907,47.692,3.4744370134120195,0.6112091098045365,0.3645364829943822,20,5
grid,dgp2,300,10,10,5,4,0.09970944933915195,RF,0.6902378423074459,0.6137768626732751,0.10820666090011359,0.932,4.84326774308249,3.1216895912329696,4.135558627317697,3.838497318920896e-05,0.031921776000217505,0.6585096368318905,0.663071149090824,47.6,3.5469646522683833,0.6398297165212878,0.32347223790077007,20,3
grid,dgp2,300,10,10,5,4,0.09970944933915195,SSRF,0.6681362787539481,0.6021931506630018,0.08579498417430054,0.936,4.849820667762888,3.0849958042947123,-1.1715435441752138,0.24165970196455303,0.031921776000217505,0.6585096368318905,0.663071149090824,47.6,3.5469646522683833,0.6398297165212878,0.32347223790077007,20,3
grid,dgp2,300,10,10,5,4,0.09970944933915195,SSRF-JS,0.6691959574888434,0.6035603330863705,0.08851370183292023,0.934,4.850497450498718,3.0553305826306576,,,0.031921776000217505,0.6585096368318905,0.663071149090824,47.6,3.5469646522683833,0.6398297165212878,0.32347223790077007,20,3
grid,dgp2,300,10,10,5,4,0.09970944933915195,RF-H,0.6639648570373865,0.5995008151739694,0.08307775083590815,0.926,4.917252017866394,3.051618185336843,-0.4714269353877662,0.6374388194075792,0.02238702300019213,0.6585096368318905,0.663071149090824,47.6,3.5469646522683833,0.6398297165212878,0.32347223790077007,20,3
grid,dgp2,300,10,10,5,4,0.09970944933915195,SSRF-H,0.6835952851857707,0.6130299692531113,0.09949994489916093,0.924,4.924444430078597,3.1130824335989726,1.5862846843429297,0.11299119973319387,0.02238702300019213,0.6585096368318905,0.663071149090824,47.6,3.5469646522683833,0.6398297165212878,0.32347223790077007,20,3
grid,dgp2,300,10,10,5,4,0.09970944933915195,SSRF-JS-H,0.68345106336,0.6127881225095482,0.09863952357567778,0.928,4.9301117428672585,3.1104282961584526,1.5756228896784317,0.11542934142811676,0.02238702300019213,0.6585096368318905,0.663071149090824,47.6,3.5469646522683833,0.6398297165212878,0.32347223790077007,20,3
grid,dgp2,300,10,10,5,4,0.09970944933915195,SSRF-rob,0.6819934467164478,0.6089740909361819,0.09925547906571947,0.934,4.826137071880954,3.1315474588001,3.6377332477649365,0.0002891113079197696,0.04843455499985794,0.6585096368318905,0.663071149090824,47.6,3.5469646522683833,0.6398297165212878,0.32347223790077007,20,3
grid,dgp2,300,10,10,5,4,0.09970944933915195,RidgeRF,0.6972378779483646,0.6210692349754229,0.1145465213856384,0.934,4.787184762431294,3.2039873537608945,1.7600932546626686,0.07869799761542759,0.031238970000003974,0.6585096368318905,0.663071149090824,47.6,3.5469646522683833,0.6398297165212878,0.32347223790077007,20,3
grid,dgp2,300,10,10,5,4,0.09970944933915195,LassoRF,0.6761193149992797,0.6075725882437512,0.08841817203075553,0.934,4.69154839818751,3.2094100044822134,0.5160063371650033,0.6059641675870251,0.0657427999999527,0.6585096368318905,0.663071149090824,47.6,3.5469646522683833,0.6398297165212878,0.32347223790077007,20,3
grid,dgp2,300,10,10,5,4,0.09970944933915195,GBM,0.7000459543640638,0.6035827334040648,0.11013050711304684,0.928,5.108687695329554,3.1272090352799045,1.1603670009996814,0.24617663747578317,0.06127608099995996,0.6585096368318905,0.663071149090824,47.6,3.5469646522683833,0.6398297165212878,0.32347223790077007,20,3
grid,dgp2,300,10,10,5,4,0.09970944933915195,RF-tuned,0.6339790417984366,0.5817268679836046,0.051758949526348026,0.938,4.672480832032683,3.0894038991654087,-3.4704052172239064,0.0005418861014425728,2.6385656839997864,0.6585096368318905,0.663071149090824,47.6,3.5469646522683833,0.6398297165212878,0.32347223790077007,20,3
grid,dgp2,300,10,10,5,4,0.09970944933915195,SSRF-tuned,0.6612415543218838,0.5956615397601216,0.07124157889020624,0.926,4.774571503110832,3.0741649519706065,-0.8347589072160132,0.4040530411674384,2.6691808629996103,0.6585096368318905,0.663071149090824,47.6,3.5469646522683833,0.6398297165212878,0.32347223790077007,20,3
grid,dgp2,300,10,500,5,4,0.09970944933915195,RF,0.652752564668272,0.5869504345173298,0.06676102507683962,0.964,4.530270905920944,3.4546751152124506,1.5100331799570288,0.13135116977843078,1.422088181999925,0.7163911921140563,0.7211758254942677,47.604,3.480603938413485,0.5646342196362419,0.39649221640778853,20,3
grid,dgp2,300,10,500,5,4,0.09970944933915195,SSRF,0.6458447350601809,0.5855497934228103,0.06082141473075795,0.958,4.5071051315958455,3.362992436943152,-1.9136006823687657,0.05595675011605485,1.422088181999925,0.7163911921140563,0.7211758254942677,47.604,3.480603938413485,0.5646342196362419,0.39649221640778853,20,3
grid,dgp2,300,10,500,5,4,0.09970944933915195,SSRF-JS,0.6466080800844818,0.5858013670775392,0.06149266212604461,0.96,4.513182180924524,3.3828826520696174,,,1.422088181999925,0.7163911921140563,0.7211758254942677,47.604,3.480603938413485,0.5646342196362419,0.39649221640778853,20,3
grid,dgp2,300,10,500,5,4,0.09970944933915195,RF-H,0.6436004038956241,0.5874001417458914,0.06352913307798098,0.956,4.498770738882799,3.279202094709826,-0.50536594451574,0.6134133079228639,0.8636359930001163,0.7163911921140563,0.7211758254942677,47.604,3.480603938413485,0.5646342196362419,0.39649221640778853,20,3
grid,dgp2,300,10,500,5,4,0.09970944933915195,SSRF-H,0.675336046925377,0.6083908370466663,0.09234855340948919,0.946,4.6017487771704,3.2157429145656895,3.1808945935490835,0.001513455574436116,0.8636359930001163,0.7163911921140563,0.7211758254942677,47.604,3.480603938413485,0.5646342196362419,0.39649221640778853,20,3
grid,dgp2,300,10,500,5,4,0.09970944933915195,SSRF-JS-H,0.6740114488812321,0.6075609875864284,0.09110295908951135,0.944,4.595871844939671,3.2153381004643866,3.099772798367135,0.001990911972596011,0.8636359930001163,0.7163911921140563,0.7211758254942677,47.604,3.480603938413485,0.5646342196362419,0.39649221640778853,20,3
grid,dgp2,300,10,500,5,4,0.09970944933915195,SSRF-rob,0.6497376327815343,0.5858881454347734,0.06390829339618338,0.964,4.533659369935176,3.4604729437740196,1.1932028623354969,0.23307322767525765,2.293394631000183,0.7163911921140563,0.7211758254942677,47.604,3.480603938413485,0.5646342196362419,0.39649221640778853,20,3
grid,dgp2,300,10,500,5,4,0.09970944933915195,RidgeRF,0.6469189561313965,0.5928766278175116,0.07132407040955534,0.958,4.440831738301327,3.32384638820701,0.030504543073808864,0.9756707631545839,1.130890116000046,0.7163911921140563,0.7211758254942677,47.604,3.480603938413485,0.5646342196362419,0.39649221640778853,20,3
grid,dgp2,300,10,500,5,4,0.09970944933915195,LassoRF,0.6642870393529788,0.5968907341513865,0.06661459248844491,0.966,4.556161899098898,3.558961947534164,2.440432896268112,0.014842561868204715,1.070562900999903,0.7163911921140563,0.7211758254942677,47.604,3.480603938413485,0.5646342196362419,0.39649221640778853,20,3
grid,dgp2,300,10,500,5,4,0.09970944933915195,GBM,0.7000459543640638,0.6035827334040648,0.11013050711304684,0.958,4.667209717331727,3.559547895283098,2.1477503492336067,0.03197358752209175,0.07178297500013286,0.7163911921140563,0.7211758254942677,47.604,3.480603938413485,0.5646342196362419,0.39649221640778853,20,3
grid,dgp2,300,10,500,5,4,0.09970944933915195,RF-tuned,0.6445910885623736,0.5866466547176492,0.05415252518666695,0.96,4.490758038137619,3.3088316697562026,-0.4168496264626162,0.676877953730154,3.653666592000036,0.7163911921140563,0.7211758254942677,47.604,3.480603938413485,0.5646342196362419,0.39649221640778853,20,3
grid,dgp2,300,10,500,5,4,0.09970944933915195,SSRF-tuned,0.6455142874585955,0.5873050937164132,0.05737667806883336,0.96,4.49817936211091,3.340291669506055,-0.30025237653298764,0.7640471236420611,5.016249508999863,0.7163911921140563,0.7211758254942677,47.604,3.480603938413485,0.5646342196362419,0.39649221640778853,20,3
grid,dgp2,300,10,10,5,5,0.10240086563354392,RF,0.8005124254617619,0.6343104910353462,0.1187080163941892,0.958,4.970229478453748,3.2848716746009865,6.022991743486357,2.4036400069988527e-09,0.03156473800004278,0.7124804400341972,0.7166561343774505,48.1,3.4169351777845978,0.48139450943075734,0.34266529158556824,10,5
grid,dgp2,300,10,10,5,5,0.10240086563354392,SSRF,0.7717637213165297,0.6147597825477135,0.09333687444335803,0.958,4.968726284671895,3.285651606320855,-0.7802476952325782,0.43542991783105595,0.03156473800004278,0.7124804400341972,0.7166561343774505,48.1,3.4169351777845978,0.48139450943075734,0.34266529158556824,10,5
grid,dgp2,300,10,10,5,5,0.10240086563354392,SSRF-JS,0.7723537861033589,0.6151638169112263,0.09496046041144306,0.956,4.966184212868718,3.2653877269894847,,,0.03156473800004278,0.7124804400341972,0.7166561343774505,48.1,3.4169351777845978,0.48139450943075734,0.34266529158556824,10,5
grid,dgp2,300,10,10,5,5,0.10240086563354392,RF-H,0.8392735851986907,0.6454914071019336,0.14865370979943388,0.952,5.288631582768244,3.502177580859763,4.077200967774757,4.920398642313593e-05,0.023077143000136857,0.7124804400341972,0.7166561343774505,48.1,3.4169351777845978,0.48139450943075734,0.34266529158556824,10,5
grid,dgp2,300,10,10,5,5,0.10240086563354392,SSRF-H,0.7829525019038904,0.6126186340382367,0.10590228582679662,0.956,5.1033468935291,3.4220233551813517,0.895024267007019,0.37098970636378986,0.023077143000136857,0.7124804400341972,0.7166561343774505,48.1,3.4169351777845978,0.48139450943075734,0.34266529158556824,10,5
grid,dgp2,300,10,10,5,5,0.10240086563354392,SSRF-JS-H,0.7957991020967661,0.6198602481349724,0.11649248251828001,0.956,5.155534344888899,3.449327711924844,1.7240680453016042,0.08500492257623572,0.023077143000136857,0.7124804400341972,0.7166561343774505,48.1,3.4169351777845978,0.48139450943075734,0.34266529158556824,10,5
grid,dgp2,300,10,10,5,5,0.10240086563354392,SSRF-rob,0.7865445919523677,0.6251063724737549,0.10667608487049414,0.956,4.961007388503933,3.2542179766853825,5.479640687154115,5.395293954446196e-08,0.04712957800006734,0.7124804400341972,0.7166561343774505,48.1,3.4169351777845978,0.48139450943075734,0.34266529158556824,10,5
grid,dgp2,300,10,10,5,5,0.10240086563354392,RidgeRF,0.8225641635673872,0.6372493581582797,0.11926470267462967,0.954,5.059575428172133,3.3886520419317123,3.100043967435122,0.0019891076961293702,0.029175780999821654,0.7124804400341972,0.7166561343774505,48.1,3.4169351777845978,0.48139450943075734,0.34266529158556824,10,5
grid,dgp2,300,10,10,5,5,0.10240086563354392,LassoRF,0.7995087307115527,0.6302407180381934,0.12577815061618064,0.956,5.076328309773412,3.3729306800018577,2.2124828712145383,0.027158851823563226,0.07123749299989868,0.7124804400341972,0.7166561343774505,48.1,3.4169351777845978,0.48139450943075734,0.34266529158556824,10,5
grid,dgp2,300,10,10,5,5,0.10240086563354392,GBM,0.8877107159691842,0.6591779675593973,0.20975646184920754,0.958,5.581474690231764,3.7637633753165853,3.6114999013105598,0.0003195723573626545,0.14930797400006668,0.7124804400341972,0.7166561343774505,48.1,3.4169351777845978,0.48139450943075734,0.34266529158556824,10,5
grid,dgp2,300,10,10,5,5,0.10240086563354392,RF-tuned,0.7797554551336147,0.614379731874833,0.09648098448465033,0.958,5.0927736776969645,3.414053412727248,0.7361544424080296,0.46180952955455823,2.7581857940001555,0.7124804400341972,0.7166561343774505,48.1,3.4169351777845978,0.48139450943075734,0.34266529158556824,10,5
grid,dgp2,300,10,10,5,5,0.10240086563354392,SSRF-tuned,0.7635830380340787,0.6048935120174918,0.08803243500432428,0.958,5.0431234616827805,3.2211988793428716,-0.9391496952649584,0.34788090052667187,2.7950220770001124,0.7124804400341972,0.7166561343774505,48.1,3.4169351777845978,0.48139450943075734,0.34266529158556824,10,5
grid,dgp2,300,10,500,5,5,0.10240086563354392,RF,0.7575730842958556,0.6020228667645225,0.07765287720876218,0.928,5.14328181640665,2.9682836891148825,2.1506213247135793,0.031745464937491835,1.426892596000016,0.7192230533825459,0.7239254479269641,47.664,3.4727932233647127,0.48782783871928664,0.34412585980607413,10,5
grid,dgp2,300,10,500,5,5,0.10240086563354392,SSRF,0.7492958343498525,0.5953297960205721,0.07373248109913719,0.928,5.131050736599175,2.9541565838736057,-2.869073626602568,0.004203480642189768,1.426892596000016,0.7192230533825459,0.7239254479269641,47.664,3.4727932233647127,0.48782783871928664,0.34412585980607413,10,5
grid,dgp2,300,10,500,5,5,0.10240086563354392,SSRF-JS,0.7501429617515205,0.595966798555123,0.07407868381126602,0.928,5.133663500590152,2.9630597256308757,,,1.426892596000016,0.7192230533825459,0.7239254479269641,47.664,3.4727932233647127,0.48782783871928664,0.34412585980607413,10,5
grid,dgp2,300,10,500,5,5,0.10240086563354392,RF-H,0.7556011860318247,0.5980954391252371,0.08569057375639258,0.932,5.117716727538058,2.934392157777715,1.0559633908299169,0.2912402353286355,0.9025637059999099,0.7192230533825459,0.7239254479269641,47.664,3.4727932233647127,0.48782783871928664,0.34412585980607413,10,5
grid,dgp2,300,10,500,5,5,0.10240086563354392,SSRF-H,0.7619103476751123,0.5996764767214777,0.09497294003724932,0.932,5.150541559079548,2.9759263894999757,1.3955761270507334,0.16315228364749423,0.9025637059999099,0.7192230533825459,0.7239254479269641,47.664,3.4727932233647127,0.48782783871928664,0.34412585980607413,10,5
grid,dgp2,300,10,500,5,5,0.10240086563354392,SSRF-JS-H,0.7617379357716961,0.5995254959436502,0.09462322128838978,0.932,5.149798334466844,2.976090803035946,1.4014132876625478,0.1614011058571567,0.9025637059999099,0.7192230533825459,0.7239254479269641,47.664,3.4727932233647127,0.48782783871928664,0.34412585980607413,10,5
grid,dgp2,300,10,500,5,5,0.10240086563354392,SSRF-rob,0.7536666220172947,0.5988952931564893,0.07539965994516279,0.93,5.142141965490272,2.957370629153325,1.8470172998899397,0.06504019530492894,2.348224916999925,0.7192230533825459,0.7239254479269641,47.664,3.4727932233647127,0.48782783871928664,0.34412585980607413,10,5
grid,dgp2,300,10,500,5,5,0.10240086563354392,RidgeRF,0.7677075977241332,0.605516421390723,0.08439984404107156,0.936,5.069899047367459,3.090181637179124,2.1519242518875084,0.031642398636714454,1.1088217629999235,0.7192230533825459,0.7239254479269641,47.664,3.4727932233647127,0.48782783871928664,0.34412585980607413,10,5
grid,dgp2,300,10,500,5,5,0.10240086563354392,LassoRF,0.7619742121210341,0.605686302780073,0.08874542494963437,0.932,5.1532542737799965,2.944735987517149,1.949166038210051,0.05155517298020067,0.9686137030000737,0.7192230533825459,0.7239254479269641,47.664,3.4727932233647127,0.48782783871928664,0.34412585980607413,10,5
grid,dgp2,300,10,500,5,5,0.10240086563354392,GBM,0.8877107159691842,0.6591779675593973,0.20975646184920754,0.93,5.701099220479046,3.3889119506314382,4.5569686718640625,5.831229887816185e-06,0.1489878630000021,0.7192230533825459,0.7239254479269641,47.664,3.4727932233647127,0.48782783871928664,0.34412585980607413,10,5
grid,dgp2,300,10,500,5,5,0.10240086563354392,RF-tuned,0.749337387821659,0.5965047081846396,0.07202273615319099,0.924,5.115510815780408,2.9077719129799484,-0.1536915434517365,0.8778839927268925,4.084731312000031,0.7192230533825459,0.7239254479269641,47.664,3.4727932233647127,0.48782783871928664,0.34412585980607413,10,5
grid,dgp2,300,10,500,5,5,0.10240086563354392,SSRF-tuned,0.7477027582566511,0.5955409843045605,0.07375976731977386,0.928,5.129709892493121,2.921738570706398,-1.0508826588594553,0.29356662289588625,5.842929071000071,0.7192230533825459,0.7239254479269641,47.664,3.4727932233647127,0.48782783871928664,0.34412585980607413,10,5
grid,dgp2,300,10,10,5,6,0.1558642568710379,RF,0.7241136328228809,0.6330838757474412,0.0815642380776282,0.956,4.609830153677203,3.4884113585560206,4.483701886815279,8.185537762928548e-06,0.03132274299991877,0.7978172177801818,0.8023192941827629,47.8,3.4742458645398386,0.32122126414418306,0.3567141837952995,20,3
grid,dgp2,300,10,10,5,6,0.1558642568710379,SSRF,0.707198019912202,0.6244776356199566,0.06949835204558415,0.96,4.583472551951038,3.5164721228815377,-2.5622580218140047,0.01054507212879928,0.03132274299991877,0.7978172177801818,0.8023192941827629,47.8,3.4742458645398386,0.32122126414418306,0.3567141837952995,20,3
grid,dgp2,300,10,10,5,6,0.1558642568710379,SSRF-JS,0.7090395155845258,0.6256294712798715,0.07070976972341123,0.96,4.574154516611055,3.485743981438397,,,0.03132274299991877,0.7978172177801818,0.8023192941827629,47.8,3.4742458645398386,0.32122126414418306,0.3567141837952995,20,3
grid,dgp2,300,10,10,5,6,0.1558642568710379,RF-H,0.7029604658030796,0.6213069583115508,0.07246597674259116,0.968,4.576924399181262,3.6232800762819584,-0.4516474882067475,0.651620987350534,0.017801598999994894,0.7978172177801818,0.8023192941827629,47.8,3.4742458645398386,0.32122126414418306,0.3567141837952995,20,3
grid,dgp2,300,10,10,5,6,0.1558642568710379,SSRF-H,0.7101984950324914,0.6289524719374613,0.09013864224839037,0.962,4.501563100447682,3.569753433896996,0.0875378750537195,0.9302615241600788,0.017801598999994894,0.7978172177801818,0.8023192941827629,47.8,3.4742458645398386,0.32122126414418306,0.3567141837952995,20,3
grid,dgp2,300,10,10,5,6,0.1558642568710379,SSRF-JS-H,0.7089137155324036,0.6281446753752192,0.08886350683255033,0.962,4.499853233251608,3.5734970941943587,-0.009497713011695573,0.9924239316195246,0.017801598999994894,0.7978172177801818,0.8023192941827629,47.8,3.4742458645398386,0.32122126414418306,0.3567141837952995,20,3
grid,dgp2,300,10,10,5,6,0.1558642568710379,SSRF-rob,0.7137947722970008,0.627936261826829,0.07390286385139216,0.958,4.5813839794405276,3.466399662613602,3.651657017117211,0.0002740719082268419,0.04859875300007843,0.7978172177801818,0.8023192941827629,47.8,3.4742458645398386,0.32122126414418306,0.3567141837952995,20,3
grid,dgp2,300,10,10,5,6,0.1558642568710379,RidgeRF,0.7179770612629682,0.6282333774311971,0.08918560374918139,0.964,4.672647738217782,3.7004580588883065,0.6348529812065743,0.5256696707552718,0.031675418000077116,0.7978172177801818,0.8023192941827629,47.8,3.4742458645398386,0.32122126414418306,0.3567141837952995,20,3
grid,dgp2,300,10,10,5,6,0.1558642568710379,LassoRF,0.6801972752215624,0.6139804384659409,0.0483641444294383,0.95,4.538263949014663,3.41944288061057,-2.301329886262546,0.021578088587052256,0.0713106149999021,0.7978172177801818,0.8023192941827629,47.8,3.4742458645398386,0.32122126414418306,0.3567141837952995,20,3
grid,dgp2,300,10,10,5,6,0.1558642568710379,GBM,0.6755123261227807,0.612846365555958,0.05040741240443785,0.96,4.501696189083919,3.4740955773503552,-2.723038801783687,0.006581165144780587,0.06617557399999896,0.7978172177801818,0.8023192941827629,47.8,3.4742458645398386,0.32122126414418306,0.3567141837952995,20,3
grid,dgp2,300,10,10,5,6,0.1558642568710379,RF-tuned,0.6842621055491956,0.6066489641107489,0.05267032337770346,0.96,4.616092955788267,3.5164241523806905,-2.196793280223903,0.028264295447275864,2.6513199089999944,0.7978172177801818,0.8023192941827629,47.8,3.4742458645398386,0.32122126414418306,0.3567141837952995,20,3
grid,dgp2,300,10,10,5,6,0.1558642568710379,SSRF-tuned,0.6948284567472147,0.6155184465844661,0.05617357559526379,0.956,4.540547474750703,3.4269786715029156,-1.5242195810323904,0.1277703564078693,2.6815266619998965,0.7978172177801818,0.8023192941827629,47.8,3.4742458645398386,0.32122126414418306,0.3567141837952995,20,3
grid,dgp2,300,10,500,5,6,0.1558642568710379,RF,0.6927477054663607,0.6146753006987951,0.047801877204797706,0.928,5.359651404852356,3.1506560715468224,1.5999445361321465,0.1099270660902486,1.299174579999999,0.8021587011922707,0.8064247880932707,47.438,3.485772229391983,0.316493127841211,0.3628463499361111,20,3
grid,dgp2,300,10,500,5,6,0.1558642568710379,SSRF,0.688285746649112,0.613266255492388,0.04836839605496364,0.93,5.303170108798466,3.183871291158337,-1.3973611207291328,0.1626152602083173,1.299174579999999,0.8021587011922707,0.8064247880932707,47.438,3.485772229391983,0.316493127841211,0.3628463499361111,20,3
grid,dgp2,300,10,500,5,6,0.1558642568710379,SSRF-JS,0.6886146513866566,0.613466489852952,0.04830914487361546,0.93,5.308774878597401,3.173683290614737,,,1.299174579999999,0.8021587011922707,0.8064247880932707,47.438,3.485772229391983,0.316493127841211,0.3628463499361111,20,3
grid,dgp2,300,10,500,5,6,0.1558642568710379,RF-H,0.6937758938366588,0.6174928782127163,0.06009534582727704,0.928,5.300857445163916,3.1019441386114934,0.9252665024791665,0.3550507486315094,0.760443462000012,0.8021587011922707,0.8064247880932707,47.438,3.485772229391983,0.316493127841211,0.3628463499361111,20,3
grid,dgp2,300,10,500,5,6,0.1558642568710379,SSRF-H,0.7125350766954164,0.6296358025401806,0.0889491508160744,0.926,5.249999257586577,3.156409958951323,2.4684218293310827,0.013737542600691944,0.760443462000012,0.8021587011922707,0.8064247880932707,47.438,3.485772229391983,0.316493127841211,0.3628463499361111,20,3
grid,dgp2,300,10,500,5,6,0.1558642568710379,SSRF-JS-H,0.7115083452510435,0.6289154874974663,0.08731010903258421,0.926,5.244464419598231,3.174420485204607,2.4250793673494426,0.015481452463230752,0.760443462000012,0.8021587011922707,0.8064247880932707,47.438,3.485772229391983,0.316493127841211,0.3628463499361111,20,3
grid,dgp2,300,10,500,5,6,0.1558642568710379,SSRF-rob,0.6896168614653397,0.613700587621035,0.04767800853660232,0.926,5.345765745555249,3.1249707418046806,1.1270422259817505,0.2599952621281615,1.8578025299998444,0.8021587011922707,0.8064247880932707,47.438,3.485772229391983,0.316493127841211,0.3628463499361111,20,3
grid,dgp2,300,10,500,5,6,0.1558642568710379,RidgeRF,0.6897702901488912,0.6106492389427896,0.05254130475268561,0.928,5.348562570915683,3.1819821000301665,0.16006303745108874,0.8728637749395395,1.0547759510000105,0.8021587011922707,0.8064247880932707,47.438,3.485772229391983,0.316493127841211,0.3628463499361111,20,3
grid,dgp2,300,10,500,5,6,0.1558642568710379,LassoRF,0.6733389976789473,0.60534686911418,0.03821967495029955,0.934,5.2375892871849405,3.2104929502477852,-2.713931450875694,0.006763464799846748,0.9655666270000438,0.8021587011922707,0.8064247880932707,47.438,3.485772229391983,0.316493127841211,0.3628463499361111,20,3
grid,dgp2,300,10,500,5,6,0.1558642568710379,GBM,0.6755123261227807,0.612846365555958,0.05040741240443785,0.934,5.137785951893664,3.2288347993236663,-1.4925729196306896,0.1358647421518306,0.0964832380000189,0.8021587011922707,0.8064247880932707,47.438,3.485772229391983,0.316493127841211,0.3628463499361111,20,3
grid,dgp2,300,10,500,5,6,0.1558642568710379,RF-tuned,0.6791052262339698,0.6086322337619147,0.04442920656272136,0.93,5.272405124824662,3.1121392863901134,-2.1995965745952453,0.028063980393777242,3.156597421000015,0.8021587011922707,0.8064247880932707,47.438,3.485772229391983,0.316493127841211,0.3628463499361111,20,3
grid,dgp2,300,10,500,5,6,0.1558642568710379,SSRF-tuned,0.6793300755173648,0.60869055996916,0.044723280520022245,0.932,5.247059313201411,3.180639084064464,-2.5346599133064767,0.011407353928749812,4.473962109000013,0.8021587011922707,0.8064247880932707,47.438,3.485772229391983,0.316493127841211,0.3628463499361111,20,3
grid,dgp2,300,10,10,5,7,0.1911319039190298,RF,0.6361566194594886,0.5913030595197949,0.07812973991132097,0.956,4.404595306383485,3.352587184866933,2.9934135053161746,0.002826648537380843,0.030540128999973604,0.8206888338416615,0.8241773983390184,47.1,3.488492556535637,0.2836690020861512,0.3676744870311081,10,3
grid,dgp2,300,10,10,5,7,0.1911319039190298,SSRF,0.6282135653802619,0.5865294155944809,0.06754087350308882,0.954,4.355883159531145,3.3424247889672105,-0.5241167141353407,0.6003136242529118,0.030540128999973604,0.8206888338416615,0.8241773983390184,47.1,3.488492556535637,0.2836690020861512,0.3676744870311081,10,3
grid,dgp2,300,10,10,5,7,0.1911319039190298,SSRF-JS,0.6285921203041386,0.5867387252615867,0.0692295202755798,0.954,4.364165965747913,3.3502894271971186,,,0.030540128999973604,0.8206888338416615,0.8241773983390184,47.1,3.488492556535637,0.2836690020861512,0.3676744870311081,10,3
grid,dgp2,300,10,10,5,7,0.1911319039190298,RF-H,0.6588633851986536,0.603228761947637,0.09270844773782144,0.952,4.365605931588737,3.4868264485648246,2.5884349307324857,0.009781355335797938,0.021269849999953294,0.8206888338416615,0.8241773983390184,47.1,3.488492556535637,0.2836690020861512,0.3676744870311081,10,3
grid,dgp2,300,10,10,5,7,0.1911319039190298,SSRF-H,0.6575511036622902,0.6058672075400503,0.09571024400194858,0.958,4.288707548672893,3.521159363442188,2.5321094204876955,0.011490122218545689,0.021269849999953294,0.8206888338416615,0.8241773983390184,47.1,3.488492556535637,0.2836690020861512,0.3676744870311081,10,3
grid,dgp2,300,10,10,5,7,0.1911319039190298,SSRF-JS-H,0.654820887032904,0.6041501324369655,0.09401518115696979,0.956,4.2895648457578135,3.480104034572617,2.318602256192182,0.020617697998751457,0.021269849999953294,0.8206888338416615,0.8241773983390184,47.1,3.488492556535637,0.2836690020861512,0.3676744870311081,10,3
grid,dgp2,300,10,10,5,7,0.1911319039190298,SSRF-rob,0.6305613168761028,0.5878572361628607,0.07124667685312089,0.954,4.373904039216651,3.356646988700866,2.8665233662762675,0.004237214829666995,0.03535567599988099,0.8206888338416615,0.8241773983390184,47.1,3.488492556535637,0.2836690020861512,0.3676744870311081,10,3
grid,dgp2,300,10,10,5,7,0.1911319039190298,RidgeRF,0.6355054086648745,0.5932734282085828,0.0780394252889162,0.956,4.281283960037862,3.410444656768561,0.5709109417554695,0.5681884114030147,0.014718579999907888,0.8206888338416615,0.8241773983390184,47.1,3.488492556535637,0.2836690020861512,0.3676744870311081,10,3
grid,dgp2,300,10,10,5,7,0.1911319039190298,LassoRF,0.6188497697383584,0.5812899333510316,0.07028549459865602,0.956,4.249963242286052,3.248402302182266,-0.8700663094343859,0.3844731748547129,0.03303912399996989,0.8206888338416615,0.8241773983390184,47.1,3.488492556535637,0.2836690020861512,0.3676744870311081,10,3
grid,dgp2,300,10,10,5,7,0.1911319039190298,GBM,0.6475554998048799,0.5959024609061349,0.0907823681410557,0.95,4.331837639256701,3.3807144731848475,1.6034359156683686,0.1091545387158008,0.08677542800000992,0.8206888338416615,0.8241773983390184,47.1,3.488492556535637,0.2836690020861512,0.3676744870311081,10,3
grid,dgp2,300,10,10,5,7,0.1911319039190298,RF-tuned,0.5925244478631252,0.5669164588100088,0.057805701495462304,0.966,4.17423342814676,3.3513796108811884,-3.0647217227407038,0.002237208414113209,2.6222037030001957,0.8206888338416615,0.8241773983390184,47.1,3.488492556535637,0.2836690020861512,0.3676744870311081,10,3
grid,dgp2,300,10,10,5,7,0.1911319039190298,SSRF-tuned,0.6192788251128347,0.5806625997860154,0.06838698903598112,0.952,4.3470149062821415,3.346373740783858,-1.0659712011651377,0.28669421257655126,2.6532703500001844,0.8206888338416615,0.8241773983390184,47.1,3.488492556535637,0.2836690020861512,0.3676744870311081,10,3
grid,dgp2,300,10,500,5,7,0.1911319039190298,RF,0.6006339206314724,0.568601753762435,0.04850070674145281,0.968,4.113103587208781,3.443434713288447,-1.05066137583873,0.29366822787525404,1.4739560009998058,0.8134805692356623,0.8176209896461201,47.494,3.477817223312772,0.28537545149982707,0.3532779971043081,10,3
grid,dgp2,300,10,500,5,7,0.1911319039190298,SSRF,0.6030627913531293,0.5704244936528505,0.048702471643237995,0.966,4.127147043925016,3.4550360738333104,1.52952021505567,0.12645209585518474,1.4739560009998058,0.8134805692356623,0.8176209896461201,47.494,3.477817223312772,0.28537545149982707,0.3532779971043081,10,3
grid,dgp2,300,10,500,5,7,0.1911319039190298,SSRF-JS,0.6027916435801238,0.5702083530947065,0.04866740016787645,0.966,4.124222770251701,3.449219170583972,,,1.4739560009998058,0.8134805692356623,0.8176209896461201,47.494,3.477817223312772,0.28537545149982707,0.3532779971043081,10,3
grid,dgp2,300,10,500,5,7,0.1911319039190298,RF-H,0.6215134518645407,0.5843664524829983,0.060996313657359136,0.96,4.15506114539083,3.400623098951122,3.5763216308345145,0.0003651590041206822,0.9027411790000315,0.8134805692356623,0.8176209896461201,47.494,3.477817223312772,0.28537545149982707,0.3532779971043081,10,3
grid,dgp2,300,10,500,5,7,0.1911319039190298,SSRF-H,0.6537976184378674,0.6048049817499056,0.09165600471102511,0.96,4.227419361605421,3.5469343710504835,5.974883955921773,3.1991729837596677e-09,0.9027411790000315,0.8134805692356623,0.8176209896461201,47.494,3.477817223312772,0.28537545149982707,0.3532779971043081,10,3
grid,dgp2,300,10,500,5,7,0.1911319039190298,SSRF-JS-H,0.6521696353964824,0.6038712505997412,0.08996593743539254,0.96,4.222934465529775,3.536794354302955,5.906310994005352,4.791914560994618e-09,0.9027411790000315,0.8134805692356623,0.8176209896461201,47.494,3.477817223312772,0.28537545149982707,0.3532779971043081,10,3
grid,dgp2,300,10,500,5,7,0.1911319039190298,SSRF-rob,0.6016729046594277,0.5693268197074044,0.04815576774425622,0.966,4.106269259285666,3.4044663998360685,-1.749979346667766,0.08042888226319803,2.087051825999879,0.8134805692356623,0.8176209896461201,47.494,3.477817223312772,0.28537545149982707,0.3532779971043081,10,3
grid,dgp2,300,10,500,5,7,0.1911319039190298,RidgeRF,0.6096582470370426,0.578235594039997,0.049981817510341114,0.962,4.126874407725241,3.3928102488792673,1.1634215494145177,0.24493631476705563,0.8624422479999794,0.8134805692356623,0.8176209896461201,47.494,3.477817223312772,0.28537545149982707,0.3532779971043081,10,3
grid,dgp2,300,10,500,5,7,0.1911319039190298,LassoRF,0.594050731487945,0.5639962497778659,0.04227327048914573,0.958,4.0934848306553775,3.232309161531497,-1.5421884152970895,0.12334450055855051,0.9803933139999117,0.8134805692356623,0.8176209896461201,47.494,3.477817223312772,0.28537545149982707,0.3532779971043081,10,3
grid,dgp2,300,10,500,5,7,0.1911319039190298,GBM,0.6475554998048799,0.5959024609061349,0.0907823681410557,0.962,4.168638858511393,3.510879603728587,4.740872766034147,2.4367720044083116e-06,0.15528681700016023,0.8134805692356623,0.8176209896461201,47.494,3.477817223312772,0.28537545149982707,0.3532779971043081,10,3
grid,dgp2,300,10,500,5,7,0.1911319039190298,RF-tuned,0.5959186043825656,0.5668385211469625,0.04126115634581802,0.966,4.115151235999058,3.4069187139441413,-2.9018675553605067,0.0037909078263844,3.8720471819999602,0.8134805692356623,0.8176209896461201,47.494,3.477817223312772,0.28537545149982707,0.3532779971043081,10,3
grid,dgp2,300,10,500,5,7,0.1911319039190298,SSRF-tuned,0.6025879776022044,0.5703669368888951,0.04573804636265515,0.964,4.119225307933463,3.3951092445865805,-0.10873013747902023,0.9134383719831952,5.336902903000009,0.8134805692356623,0.8176209896461201,47.494,3.477817223312772,0.28537545149982707,0.3532779971043081,10,3
grid,dgp2,300,10,10,5,8,0.18977003933808548,RF,0.6497612667688963,0.6075793722471425,0.076272740773369,0.942,4.459132494630481,3.1198253865215597,4.011119906274622,6.493743766957612e-05,0.02895125499981077,0.8328433809234361,0.8368697876029065,47.2,3.493327876927746,0.2877928099340966,0.4068542826459317,20,5
grid,dgp2,300,10,10,5,8,0.18977003933808548,SSRF,0.6351337732884144,0.5981689055824153,0.05876872373345222,0.946,4.422183636457137,3.107704111107185,-2.318286626460364,0.020634907426761148,0.02895125499981077,0.8328433809234361,0.8368697876029065,47.2,3.493327876927746,0.2877928099340966,0.4068542826459317,20,5
grid,dgp2,300,10,10,5,8,0.18977003933808548,SSRF-JS,0.6376165163639337,0.5994898077473276,0.06053936806056368,0.946,4.438500607182911,3.118813574349964,,,0.02895125499981077,0.8328433809234361,0.8368697876029065,47.2,3.493327876927746,0.2877928099340966,0.4068542826459317,20,5
grid,dgp2,300,10,10,5,8,0.18977003933808548,RF-H,0.6459487244217176,0.6038301784336467,0.05783262482027268,0.948,4.509673029981767,3.176366066047983,0.7300963621221355,0.4655024498822581,0.02175151000005826,0.8328433809234361,0.8368697876029065,47.2,3.493327876927746,0.2877928099340966,0.4068542826459317,20,5
grid,dgp2,300,10,10,5,8,0.18977003933808548,SSRF-H,0.6773012355906747,0.6210379263573854,0.08384273380838572,0.954,4.54281268867554,3.269393784925308,2.723637884248363,0.006569330029338283,0.02175151000005826,0.8328433809234361,0.8368697876029065,47.2,3.493327876927746,0.2877928099340966,0.4068542826459317,20,5
grid,dgp2,300,10,10,5,8,0.18977003933808548,SSRF-JS-H,0.6748352523442636,0.6195451086510171,0.08131900880534258,0.954,4.536110330077967,3.2534127806784245,2.5958161874791026,0.009575121872252441,0.02175151000005826,0.8328433809234361,0.8368697876029065,47.2,3.493327876927746,0.2877928099340966,0.4068542826459317,20,5
grid,dgp2,300,10,10,5,8,0.18977003933808548,SSRF-rob,0.6406218188669409,0.6016869479955432,0.0651511959148514,0.944,4.442270711809038,3.125260312803455,2.910873929352141,0.0036842398048030846,0.04703710700005104,0.8328433809234361,0.8368697876029065,47.2,3.493327876927746,0.2877928099340966,0.4068542826459317,20,5
grid,dgp2,300,10,10,5,8,0.18977003933808548,RidgeRF,0.6469355023855885,0.6035279307781327,0.06651310682400446,0.942,4.604054177669921,3.0982967700307826,0.7287933539849041,0.4662988875519468,0.0194105400000808,0.8328433809234361,0.8368697876029065,47.2,3.493327876927746,0.2877928099340966,0.4068542826459317,20,5
grid,dgp2,300,10,10,5,8,0.18977003933808548,LassoRF,0.6485456281574047,0.6021696773165786,0.06359799846961058,0.942,4.650564910408471,3.135872217699514,0.8255838155585902,0.40923732361023607,0.03348132699989037,0.8328433809234361,0.8368697876029065,47.2,3.493327876927746,0.2877928099340966,0.4068542826459317,20,5
grid,dgp2,300,10,10,5,8,0.18977003933808548,GBM,0.6743447537986931,0.6179327799349488,0.09986030698600018,0.926,4.6548746287144995,3.109382282961609,2.5124321124574935,0.012146838550163045,0.09058245799997167,0.8328433809234361,0.8368697876029065,47.2,3.493327876927746,0.2877928099340966,0.4068542826459317,20,5
grid,dgp2,300,10,10,5,8,0.18977003933808548,RF-tuned,0.6480061224315254,0.6030549153583,0.06482703314234786,0.936,4.656848243155702,2.9710191133869595,0.963271961842444,0.3356441648103449,2.6632682499998737,0.8328433809234361,0.8368697876029065,47.2,3.493327876927746,0.2877928099340966,0.4068542826459317,20,5
grid,dgp2,300,10,10,5,8,0.18977003933808548,SSRF-tuned,0.6355600712402792,0.5970894678722696,0.05281678363160081,0.948,4.539182809318267,3.1356646195621796,-0.2155538504488202,0.8293795316585907,2.699245106999797,0.8328433809234361,0.8368697876029065,47.2,3.493327876927746,0.2877928099340966,0.4068542826459317,20,5
grid,dgp2,300,10,500,5,8,0.18977003933808548,RF,0.624402241110338,0.5896117026441687,0.04367910990082188,0.954,4.478266113994714,3.2428219487222445,1.4377751642401777,0.1508110152947573,1.318728190999991,0.8225663962504954,0.8266787472514745,47.45,3.4851972123803376,0.2928806768207434,0.3860881242659446,20,5
grid,dgp2,300,10,500,5,8,0.18977003933808548,SSRF,0.6200465689468346,0.5873598041002888,0.036576023109116014,0.952,4.491754074968484,3.2237526833023247,-1.392658433464628,0.1640329670705279,1.318728190999991,0.8225663962504954,0.8266787472514745,47.45,3.4851972123803376,0.2928806768207434,0.3860881242659446,20,5
grid,dgp2,300,10,500,5,8,0.18977003933808548,SSRF-JS,0.6203426759305148,0.5874189273038127,0.036887337308194705,0.952,4.492236417106731,3.2242115913623977,,,1.318728190999991,0.8225663962504954,0.8266787472514745,47.45,3.4851972123803376,0.2928806768207434,0.3860881242659446,20,5
grid,dgp2,300,10,500,5,8,0.18977003933808548,RF-H,0.627913176861199,0.590350425665527,0.03942669227741819,0.948,4.536765658403952,3.0996245678685663,1.2761344620328852,0.20220459606252078,0.8737643420001859,0.8225663962504954,0.8266787472514745,47.45,3.4851972123803376,0.2928806768207434,0.3860881242659446,20,5
grid,dgp2,300,10,500,5,8,0.18977003933808548,SSRF-H,0.6671343868150099,0.6139979949918702,0.07268411102745376,0.928,4.7512131134689755,2.989508350124502,4.021786324656991,6.211003560237002e-05,0.8737643420001859,0.8225663962504954,0.8266787472514745,47.45,3.4851972123803376,0.2928806768207434,0.3860881242659446,20,5
grid,dgp2,300,10,500,5,8,0.18977003933808548,SSRF-JS-H,0.6642131273175857,0.6121764882061664,0.06997085276576576,0.928,4.743019482523614,2.975370540574445,3.8970603605363703,0.00010385693510739591,0.8737643420001859,0.8225663962504954,0.8266787472514745,47.45,3.4851972123803376,0.2928806768207434,0.3860881242659446,20,5
grid,dgp2,300,10,500,5,8,0.18977003933808548,SSRF-rob,0.6210788400625349,0.5877745955255825,0.03860711347640017,0.952,4.48642010534749,3.2190976408660745,0.7171494921679568,0.4734494987412598,2.182922592000068,0.8225663962504954,0.8266787472514745,47.45,3.4851972123803376,0.2928806768207434,0.3860881242659446,20,5
grid,dgp2,300,10,500,5,8,0.18977003933808548,RidgeRF,0.6126765739664594,0.5832645014824661,0.04028917653192849,0.946,4.438939000961706,3.1142388234701346,-1.1669959575274171,0.24349048370791754,1.0799287550000827,0.8225663962504954,0.8266787472514745,47.45,3.4851972123803376,0.2928806768207434,0.3860881242659446,20,5
grid,dgp2,300,10,500,5,8,0.18977003933808548,LassoRF,0.6174037984466234,0.5848835006062588,0.032869492139324163,0.95,4.499320288049528,3.1936081260767812,-0.6481126329012598,0.5170610323695427,1.0208719940001174,0.8225663962504954,0.8266787472514745,47.45,3.4851972123803376,0.2928806768207434,0.3860881242659446,20,5
grid,dgp2,300,10,500,5,8,0.18977003933808548,GBM,0.6743447537986931,0.6179327799349488,0.09986030698600018,0.958,4.382288839869607,3.3873582537360747,4.485203006621021,8.129252695895814e-06,0.155844259000105,0.8225663962504954,0.8266787472514745,47.45,3.4851972123803376,0.2928806768207434,0.3860881242659446,20,5
grid,dgp2,300,10,500,5,8,0.18977003933808548,RF-tuned,0.6218923660340395,0.5882228564578263,0.03703736585974008,0.948,4.504060654427754,3.1750321115894824,0.33251495490331406,0.7395702083766842,3.59424510000008,0.8225663962504954,0.8266787472514745,47.45,3.4851972123803376,0.2928806768207434,0.3860881242659446,20,5
grid,dgp2,300,10,500,5,8,0.18977003933808548,SSRF-tuned,0.6213718624202658,0.5885640739729988,0.037131714679031744,0.952,4.488318291930089,3.1730637730460223,0.2828780644148294,0.7773289120626915,5.083365429000196,0.8225663962504954,0.8266787472514745,47.45,3.4851972123803376,0.2928806768207434,0.3860881242659446,20,5
grid,dgp2,300,10,10,5,9,0.11708626853772909,RF,0.7348865154114805,0.6280038214442382,0.12189369057867058,0.944,4.551394083008553,3.4009528655384456,5.265212428281421,1.7142923978042734e-07,0.030999135999991267,0.7069718504535593,0.713086425311573,47.3,3.471871479664125,0.6275713583054515,0.4343332430385349,20,5
grid,dgp2,300,10,10,5,9,0.11708626853772909,SSRF,0.6886705966965646,0.6032103658561058,0.07028980105014021,0.952,4.424449404988267,3.294731332307546,-4.3322333081560425,1.6250831806431445e-05,0.030999135999991267,0.7069718504535593,0.713086425311573,47.3,3.471871479664125,0.6275713583054515,0.4343332430385349,20,5
grid,dgp2,300,10,10,5,9,0.11708626853772909,SSRF-JS,0.6937727313818529,0.60639361721979,0.07560279073136134,0.952,4.444450583414837,3.2839654603200668,,,0.030999135999991267,0.7069718504535593,0.713086425311573,47.3,3.471871479664125,0.6275713583054515,0.4343332430385349,20,5
grid,dgp2,300,10,10,5,9,0.11708626853772909,RF-H,0.6874968623163469,0.6026461021441746,0.05763248769559308,0.954,4.325529712899129,3.2992295552071655,-0.49542638990401733,0.6204081269899454,0.017651681999950597,0.7069718504535593,0.713086425311573,47.3,3.471871479664125,0.6275713583054515,0.4343332430385349,20,5
grid,dgp2,300,10,10,5,9,0.11708626853772909,SSRF-H,0.7100990667300631,0.6141729468406424,0.08069920442979082,0.956,4.514302996504714,3.4605925503419215,1.1783050940898023,0.23895558963819463,0.017651681999950597,0.7069718504535593,0.713086425311573,47.3,3.471871479664125,0.6275713583054515,0.4343332430385349,20,5
grid,dgp2,300,10,10,5,9,0.11708626853772909,SSRF-JS-H,0.7067221032423936,0.6126875583134049,0.0773583707988399,0.956,4.4961670405649565,3.455077366542503,0.9504286359662528,0.3421243720266541,0.017651681999950597,0.7069718504535593,0.713086425311573,47.3,3.471871479664125,0.6275713583054515,0.4343332430385349,20,5
grid,dgp2,300,10,10,5,9,0.11708626853772909,SSRF-rob,0.719465106970868,0.6200906669863938,0.10512432040836306,0.944,4.507905324249654,3.3449213081681672,4.662497491801098,3.547540123805666e-06,0.04895751799995196,0.7069718504535593,0.713086425311573,47.3,3.471871479664125,0.6275713583054515,0.4343332430385349,20,5
grid,dgp2,300,10,10,5,9,0.11708626853772909,RidgeRF,0.6948068852029965,0.6067212677812128,0.06410543097427493,0.966,4.3008727177706785,3.4922795302238447,0.06765727485508143,0.9460719993581654,0.03203619999999319,0.7069718504535593,0.713086425311573,47.3,3.471871479664125,0.6275713583054515,0.4343332430385349,20,5
grid,dgp2,300,10,10,5,9,0.11708626853772909,LassoRF,0.7131589632532385,0.6110508914381039,0.0638864650651701,0.964,4.441590137439407,3.522221047818318,1.1665146545443843,0.24368481781237866,0.07469496399994568,0.7069718504535593,0.713086425311573,47.3,3.471871479664125,0.6275713583054515,0.4343332430385349,20,5
grid,dgp2,300,10,10,5,9,0.11708626853772909,GBM,0.8776369931004699,0.6624571513737505,0.24923784606640725,0.962,5.439600544898983,4.198066282254151,4.623595540738838,4.265776570365913e-06,0.1292828749999444,0.7069718504535593,0.713086425311573,47.3,3.471871479664125,0.6275713583054515,0.4343332430385349,20,5
grid,dgp2,300,10,10,5,9,0.11708626853772909,RF-tuned,0.6712398057359701,0.5938739567454424,0.03372913491741267,0.958,4.278348193285034,3.334925346382476,-1.8824972492915013,0.060058962650204946,2.5901170469999215,0.7069718504535593,0.713086425311573,47.3,3.471871479664125,0.6275713583054515,0.4343332430385349,20,5
grid,dgp2,300,10,10,5,9,0.11708626853772909,SSRF-tuned,0.6718111411426676,0.5923222107635202,0.045238728144488066,0.964,4.314356877507519,3.354652473070865,-1.9546347331243155,0.0509048171439615,2.6171602649999386,0.7069718504535593,0.713086425311573,47.3,3.471871479664125,0.6275713583054515,0.4343332430385349,20,5
grid,dgp2,300,10,500,5,9,0.11708626853772909,RF,0.6724118087359927,0.5931627417589578,0.04747645508887246,0.962,4.915048171495006,3.4326228259630205,2.085960613956884,0.03723542349472464,1.3468450870000197,0.7336213575509546,0.7384721021150792,47.602,3.471167161095913,0.554785067089379,0.4211139344990135,20,5
grid,dgp2,300,10,500,5,9,0.11708626853772909,SSRF,0.6617309291548845,0.5868398882285498,0.03568554578033907,0.952,4.868088975598164,3.109903084590789,-1.575750900998611,0.11539982398273593,1.3468450870000197,0.7336213575509546,0.7384721021150792,47.602,3.471167161095913,0.554785067089379,0.4211139344990135,20,5
grid,dgp2,300,10,500,5,9,0.11708626853772909,SSRF-JS,0.6622498982341042,0.5869842786511422,0.03616185557087671,0.952,4.868710498777631,3.1245387258190394,,,1.3468450870000197,0.7336213575509546,0.7384721021150792,47.602,3.471167161095913,0.554785067089379,0.4211139344990135,20,5
grid,dgp2,300,10,500,5,9,0.11708626853772909,RF-H,0.6604143709460875,0.5856955904163391,0.03718857106101115,0.95,4.837325245317669,3.1393108789854978,-0.3446047185417573,0.7304640889018476,0.964150459999928,0.7336213575509546,0.7384721021150792,47.602,3.471167161095913,0.554785067089379,0.4211139344990135,20,5
grid,dgp2,300,10,500,5,9,0.11708626853772909,SSRF-H,0.7054946948387125,0.6111541222423754,0.07741546935792804,0.94,4.954942125547245,3.2990813919796276,3.8001657465199448,0.00015334284911913402,0.964150459999928,0.7336213575509546,0.7384721021150792,47.602,3.471167161095913,0.554785067089379,0.4211139344990135,20,5
grid,dgp2,300,10,500,5,9,0.11708626853772909,SSRF-JS-H,0.7019048214992478,0.6092861335385965,0.07421536549259385,0.942,4.943562408184378,3.293674641471704,3.621236412181682,0.00030793159593917556,0.964150459999928,0.7336213575509546,0.7384721021150792,47.602,3.471167161095913,0.554785067089379,0.4211139344990135,20,5
grid,dgp2,300,10,500,5,9,0.11708626853772909,SSRF-rob,0.6671513781083721,0.5899097103475327,0.04184205329303138,0.958,4.887105879284541,3.3134037218074193,1.5971393951659807,0.11055088102497264,1.9795161049999024,0.7336213575509546,0.7384721021150792,47.602,3.471167161095913,0.554785067089379,0.4211139344990135,20,5
grid,dgp2,300,10,500,5,9,0.11708626853772909,RidgeRF,0.6722891483699298,0.5903378876495586,0.050337433679734415,0.956,4.933830237013796,3.24135787925107,1.0548742037478482,0.29173790869028443,1.0615340609999748,0.7336213575509546,0.7384721021150792,47.602,3.471167161095913,0.554785067089379,0.4211139344990135,20,5
grid,dgp2,300,10,500,5,9,0.11708626853772909,LassoRF,0.6708131093634292,0.5939878096781755,0.03711026299955424,0.954,4.853467417768506,3.181229363832074,1.0399693228391709,0.2986057790495306,1.0307968370000253,0.7336213575509546,0.7384721021150792,47.602,3.471167161095913,0.554785067089379,0.4211139344990135,20,5
grid,dgp2,300,10,500,5,9,0.11708626853772909,GBM,0.8776369931004699,0.6624571513737505,0.24923784606640725,0.946,6.059970384344139,3.760799219074469,5.340677694199052,1.1465927444089753e-07,0.13530234099994232,0.7336213575509546,0.7384721021150792,47.602,3.471167161095913,0.554785067089379,0.4211139344990135,20,5
grid,dgp2,300,10,500,5,9,0.11708626853772909,RF-tuned,0.6597847944519241,0.5879379890131229,0.029117307331893928,0.958,4.82836425544285,3.2518667502595386,-0.4109285270544,0.6812130718472339,3.542798148999964,0.7336213575509546,0.7384721021150792,47.602,3.471167161095913,0.554785067089379,0.4211139344990135,20,5
grid,dgp2,300,10,500,5,9,0.11708626853772909,SSRF-tuned,0.65744452742166,0.5854781295273028,0.029439685039589186,0.958,4.825850746161781,3.24696720257404,-1.013782178589048,0.3109321666256963,4.939909456999885,0.7336213575509546,0.7384721021150792,47.602,3.471167161095913,0.554785067089379,0.4211139344990135,20,5
grid,dgp2,600,20,10,5,0,0.14611634664580458,RF,0.738614910002932,0.6287844549311619,0.08663254154156678,0.932,5.316482077103778,3.2121582139329683,3.456229424308338,0.0005708429419861196,0.06848005000006196,0.8113352606445592,0.8113948486674956,96.7,3.4390591318195036,0.3558293473835077,0.43344279963061416,20,10
grid,dgp2,600,20,10,5,0,0.14611634664580458,SSRF,0.7237272118397697,0.6194734434772042,0.06863212334845156,0.93,5.2724401465038415,3.151649425029945,-2.4173025037825386,0.015814217644351286,0.06848005000006196,0.8113352606445592,0.8113948486674956,96.7,3.4390591318195036,0.3558293473835077,0.43344279963061416,20,10
grid,dgp2,600,20,10,5,0,0.14611634664580458,SSRF-JS,0.7262644694358141,0.620838608691908,0.07084351791589583,0.93,5.254035477758035,3.2310145811947915,,,0.06848005000006196,0.8113352606445592,0.8113948486674956,96.7,3.4390591318195036,0.3558293473835077,0.43344279963061416,20,10
grid,dgp2,600,20,10,5,0,0.14611634664580458,RF-H,0.7505231758379457,0.6279825303090092,0.0866926770506858,0.93,5.36369137906003,3.1908783365848286,1.6212144981684957,0.10528720044457204,0.029252495000037015,0.8113352606445592,0.8113948486674956,96.7,3.4390591318195036,0.3558293473835077,0.43344279963061416,20,10
grid,dgp2,600,20,10,5,0,0.14611634664580458,SSRF-H,0.7601539018679592,0.6410609116678441,0.09133894227984372,0.94,5.201570997840362,3.4939389202437323,2.448759322924016,0.014505907465442882,0.029252495000037015,0.8113352606445592,0.8113948486674956,96.7,3.4390591318195036,0.3558293473835077,0.43344279963061416,20,10
grid,dgp2,600,20,10,5,0,0.14611634664580458,SSRF-JS-H,0.7628493203150075,0.6423282665875668,0.09434164728681788,0.944,5.214186445027492,3.4913854420955213,2.6023642543683545,0.009395427455821212,0.029252495000037015,0.8113352606445592,0.8113948486674956,96.7,3.4390591318195036,0.3558293473835077,0.43344279963061416,20,10
grid,dgp2,600,20,10,5,0,0.14611634664580458,SSRF-rob,0.7318808767165792,0.6244261058491783,0.07827969131358845,0.934,5.275677955885421,3.2433454431601083,2.9236456480473367,0.003537659108456405,0.08247140399998898,0.8113352606445592,0.8113948486674956,96.7,3.4390591318195036,0.3558293473835077,0.43344279963061416,20,10
grid,dgp2,600,20,10,5,0,0.14611634664580458,RidgeRF,0.7342373459224304,0.6315999144834777,0.09170308998620026,0.942,5.147318850962482,3.233451272253288,0.45996470089503155,0.6456416453510572,0.25002775000007205,0.8113352606445592,0.8113948486674956,96.7,3.4390591318195036,0.3558293473835077,0.43344279963061416,20,10
grid,dgp2,600,20,10,5,0,0.14611634664580458,LassoRF,0.7135125451944154,0.6083514650370089,0.05855137123518712,0.934,5.2637295232969565,3.159649831557238,-0.8394760281793898,0.40140307687635307,0.0937385820000145,0.8113352606445592,0.8113948486674956,96.7,3.4390591318195036,0.3558293473835077,0.43344279963061416,20,10
grid,dgp2,600,20,10,5,0,0.14611634664580458,GBM,0.7250504935760368,0.6116856991908628,0.06413373551632108,0.932,5.36861750834444,3.0711261755069263,-0.08690156367642206,0.9307671712515095,0.1983284170000843,0.8113352606445592,0.8113948486674956,96.7,3.4390591318195036,0.3558293473835077,0.43344279963061416,20,10
grid,dgp2,600,20,10,5,0,0.14611634664580458,RF-tuned,0.7067660413109424,0.6026708389305925,0.043757274033883735,0.93,5.241477314841907,3.0357716448738765,-1.5736756051936949,0.11587908885550174,4.177699427999869,0.8113352606445592,0.8113948486674956,96.7,3.4390591318195036,0.3558293473835077,0.43344279963061416,20,10
grid,dgp2,600,20,10,5,0,0.14611634664580458,SSRF-tuned,0.7067080758438817,0.6045970115234319,0.04270613787505257,0.94,5.220088131575345,3.1255341854941148,-1.8522415890203978,0.06428597571727844,4.247620036999933,0.8113352606445592,0.8113948486674956,96.7,3.4390591318195036,0.3558293473835077,0.43344279963061416,20,10
grid,dgp2,600,20,500,5,0,0.14611634664580458,RF,0.7038267546702802,0.6022845246490672,0.04278723948022129,0.96,4.102701563212675,3.257860878264467,0.011509058424532825,0.9908196005823392,3.057349365999926,0.830806583020526,0.8311673921090373,95.644,3.4678736478354497,0.32313823619128323,0.44894029710735095,20,10
grid,dgp2,600,20,500,5,0,0.14611634664580458,SSRF,0.7038414610315512,0.6047313875068201,0.04129853037906611,0.952,4.096405812082711,3.2450222490097076,0.2601903774362206,0.7947705427008891,3.057349365999926,0.830806583020526,0.8311673921090373,95.644,3.4678736478354497,0.32313823619128323,0.44894029710735095,20,10
grid,dgp2,600,20,500,5,0,0.14611634664580458,SSRF-JS,0.7037962431203346,0.6046726425716197,0.041450118632838685,0.954,4.095728460180796,3.2514075541131127,,,3.057349365999926,0.830806583020526,0.8311673921090373,95.644,3.4678736478354497,0.32313823619128323,0.44894029710735095,20,10
grid,dgp2,600,20,500,5,0,0.14611634664580458,RF-H,0.7121737473762453,0.6137433443766622,0.05230206007953358,0.952,4.150185979881451,3.3248277049277632,1.1285584604475918,0.2593550848416038,1.3011462199999642,0.830806583020526,0.8311673921090373,95.644,3.4678736478354497,0.32313823619128323,0.44894029710735095,20,10
grid,dgp2,600,20,500,5,0,0.14611634664580458,SSRF-H,0.7566648065077776,0.6410213052214719,0.08939986079202827,0.946,4.200259780165921,3.5066826878921282,4.393966972416607,1.2319016452020376e-05,1.3011462199999642,0.830806583020526,0.8311673921090373,95.644,3.4678736478354497,0.32313823619128323,0.44894029710735095,20,10
grid,dgp2,600,20,500,5,0,0.14611634664580458,SSRF-JS-H,0.7561351167161046,0.6407575219365952,0.0891139054720869,0.946,4.19932753947051,3.503372706786087,4.39959697042282,1.200965655663695e-05,1.3011462199999642,0.830806583020526,0.8311673921090373,95.644,3.4678736478354497,0.32313823619128323,0.44894029710735095,20,10
grid,dgp2,600,20,500,5,0,0.14611634664580458,SSRF-rob,0.7033683464774172,0.6031658991320492,0.04170244255314087,0.96,4.100730844396323,3.2805474035845137,-0.30632778593386506,0.7594189143925832,4.2259252339999875,0.830806583020526,0.8311673921090373,95.644,3.4678736478354497,0.32313823619128323,0.44894029710735095,20,10
grid,dgp2,600,20,500,5,0,0.14611634664580458,RidgeRF,0.6945656638652442,0.6018612632166822,0.0435475744907237,0.956,4.104539274629475,3.274288429533812,-1.1598430046702162,0.24638985246592474,2.132182658999909,0.830806583020526,0.8311673921090373,95.644,3.4678736478354497,0.32313823619128323,0.44894029710735095,20,10
grid,dgp2,600,20,500,5,0,0.14611634664580458,LassoRF,0.6955412690390497,0.5972000910001365,0.030003301411899753,0.956,4.108452955972824,3.2816906030115542,-0.9292380591269918,0.3529901989589496,0.9809528299999783,0.830806583020526,0.8311673921090373,95.644,3.4678736478354497,0.32313823619128323,0.44894029710735095,20,10
grid,dgp2,600,20,500,5,0,0.14611634664580458,GBM,0.7250504935760368,0.6116856991908628,0.06413373551632108,0.964,4.1798605732799246,3.516075173014536,2.2739363928890635,0.023181253936805618,0.19900068599986298,0.830806583020526,0.8311673921090373,95.644,3.4678736478354497,0.32313823619128323,0.44894029710735095,20,10
grid,dgp2,600,20,500,5,0,0.14611634664580458,RF-tuned,0.6883934557058421,0.5928102764593555,0.026455467847268207,0.966,4.100843159487029,3.4254238084875634,-2.6022386570893414,0.009398845605575058,5.758679981000114,0.830806583020526,0.8311673921090373,95.644,3.4678736478354497,0.32313823619128323,0.44894029710735095,20,10
grid,dgp2,600,20,500,5,0,0.14611634664580458,SSRF-tuned,0.6958229885715582,0.5987876492527391,0.03212191505344341,0.96,4.0836337993666385,3.3398235020664235,-2.0473386927021626,0.040885978622679224,9.146769881000182,0.830806583020526,0.8311673921090373,95.644,3.4678736478354497,0.32313823619128323,0.44894029710735095,20,10
grid,dgp2,600,20,10,5,1,0.1624692809868427,RF,0.6678197783227738,0.6048831919696483,0.06937911260916867,0.97,4.229834889454416,3.706274965269737,2.7119498434715497,0.006803727249796241,0.07082044399999177,0.8422573686533305,0.842808387190942,95.9,3.4582570029184607,0.27691707316458636,0.4195129225814308,40,10
grid,dgp2,600,20,10,5,1,0.1624692809868427,SSRF,0.660502619403725,0.5994344806340234,0.05837007986022806,0.964,4.211103820035103,3.604525507360961,-0.375740010262711,0.7071899596793264,0.07082044399999177,0.8422573686533305,0.842808387190942,95.9,3.4582570029184607,0.27691707316458636,0.4195129225814308,40,10
grid,dgp2,600,20,10,5,1,0.1624692809868427,SSRF-JS,0.6607284203437105,0.6003637469210651,0.059241068193278325,0.966,4.197278101612847,3.5837960132208058,,,0.07082044399999177,0.8422573686533305,0.842808387190942,95.9,3.4582570029184607,0.27691707316458636,0.4195129225814308,40,10
grid,dgp2,600,20,10,5,1,0.1624692809868427,RF-H,0.6694795216016665,0.5994160475423684,0.06377599434997996,0.954,4.212048774380767,3.457326965893299,0.7474192835933144,0.45498639455554235,0.030970495000019582,0.8422573686533305,0.842808387190942,95.9,3.4582570029184607,0.27691707316458636,0.4195129225814308,40,10
grid,dgp2,600,20,10,5,1,0.1624692809868427,SSRF-H,0.7062044428902213,0.6236788779426309,0.09076912356822435,0.954,4.337357702856098,3.507241035187595,3.46966051509594,0.0005433725397819657,0.030970495000019582,0.8422573686533305,0.842808387190942,95.9,3.4582570029184607,0.27691707316458636,0.4195129225814308,40,10
grid,dgp2,600,20,10,5,1,0.1624692809868427,SSRF-JS-H,0.7047908546891763,0.6226106082330262,0.08905476297369345,0.954,4.333919905507745,3.5103483938772504,3.401846708929434,0.0006958520887173484,0.030970495000019582,0.8422573686533305,0.842808387190942,95.9,3.4582570029184607,0.27691707316458636,0.4195129225814308,40,10
grid,dgp2,600,20,10,5,1,0.1624692809868427,SSRF-rob,0.6634395721519215,0.6020644118069882,0.06351321292352831,0.968,4.218345216079681,3.661134547240733,2.1860100964629074,0.029046373169907644,0.08930204399985087,0.8422573686533305,0.842808387190942,95.9,3.4582570029184607,0.27691707316458636,0.4195129225814308,40,10
grid,dgp2,600,20,10,5,1,0.1624692809868427,RidgeRF,0.6661721952075247,0.5988799691882282,0.07426863033102304,0.962,4.050532795792287,3.442349385274824,0.36311892379942845,0.7165928667097072,0.25193112200008727,0.8422573686533305,0.842808387190942,95.9,3.4582570029184607,0.27691707316458636,0.4195129225814308,40,10
grid,dgp2,600,20,10,5,1,0.1624692809868427,LassoRF,0.6296020203409485,0.5733853848667929,0.04745591663066775,0.966,4.028362629975297,3.4603145542139373,-2.326586893175032,0.02018649226031391,0.09959760699985054,0.8422573686533305,0.842808387190942,95.9,3.4582570029184607,0.27691707316458636,0.4195129225814308,40,10
grid,dgp2,600,20,10,5,1,0.1624692809868427,GBM,0.6445334838390984,0.583134852254236,0.05547173735386405,0.966,4.023710206466998,3.3755073085626393,-1.2234033353255995,0.22146588291260993,0.47026418199993714,0.8422573686533305,0.842808387190942,95.9,3.4582570029184607,0.27691707316458636,0.4195129225814308,40,10
grid,dgp2,600,20,10,5,1,0.1624692809868427,RF-tuned,0.6215086790310256,0.5698493984366803,0.023883627642892043,0.962,4.034890379983928,3.306972270177387,-3.7712480319705426,0.00017197007221696287,4.191151232000038,0.8422573686533305,0.842808387190942,95.9,3.4582570029184607,0.27691707316458636,0.4195129225814308,40,10
grid,dgp2,600,20,10,5,1,0.1624692809868427,SSRF-tuned,0.6268514508709565,0.5752524054780185,0.022839758580575683,0.968,4.002498595747692,3.3881979712557158,-3.016474068423808,0.0026220699144289938,4.246433860000025,0.8422573686533305,0.842808387190942,95.9,3.4582570029184607,0.27691707316458636,0.4195129225814308,40,10
grid,dgp2,600,20,500,5,1,0.1624692809868427,RF,0.6223320920981293,0.5725577644094367,0.024919097585832738,0.96,4.350029675522408,3.375023724638389,-1.7033551726380787,0.08881264423313405,3.014316757000188,0.8397415874145121,0.8402076558853898,95.458,3.465937546452393,0.28911206106269033,0.429810177687837,40,10
grid,dgp2,600,20,500,5,1,0.1624692809868427,SSRF,0.6263531341617589,0.5755812661602765,0.025318714587716257,0.958,4.371044474412212,3.413692149495044,1.5121848809117142,0.13080309669809337,3.014316757000188,0.8397415874145121,0.8402076558853898,95.458,3.465937546452393,0.28911206106269033,0.429810177687837,40,10
grid,dgp2,600,20,500,5,1,0.1624692809868427,SSRF-JS,0.6261498529721248,0.5754919140168897,0.025367475463099146,0.958,4.367920810978207,3.4049278057399155,,,3.014316757000188,0.8397415874145121,0.8402076558853898,95.458,3.465937546452393,0.28911206106269033,0.429810177687837,40,10
grid,dgp2,600,20,500,5,1,0.1624692809868427,RF-H,0.6507457352831685,0.587875127472614,0.040944689038488385,0.95,4.468977544728164,3.346858226676865,3.7879116162187274,0.0001609912885426251,1.4665420430001177,0.8397415874145121,0.8402076558853898,95.458,3.465937546452393,0.28911206106269033,0.429810177687837,40,10
grid,dgp2,600,20,500,5,1,0.1624692809868427,SSRF-H,0.6986767735022682,0.6181870159039277,0.08128182894998703,0.952,4.570909764602654,3.474328280653419,6.431713973492401,1.9529270080112762e-10,1.4665420430001177,0.8397415874145121,0.8402076558853898,95.458,3.465937546452393,0.28911206106269033,0.429810177687837,40,10
grid,dgp2,600,20,500,5,1,0.1624692809868427,SSRF-JS-H,0.6977240607756212,0.6176654003584283,0.08053154121718971,0.952,4.568560271419323,3.4735521251740233,6.404094799253691,2.324519740758068e-10,1.4665420430001177,0.8397415874145121,0.8402076558853898,95.458,3.465937546452393,0.28911206106269033,0.429810177687837,40,10
grid,dgp2,600,20,500,5,1,0.1624692809868427,SSRF-rob,0.6238695565579123,0.5738456582228371,0.02465826593882624,0.96,4.358572337633475,3.390419689672904,-2.154406282496676,0.0314468559943097,4.060176442999818,0.8397415874145121,0.8402076558853898,95.458,3.465937546452393,0.28911206106269033,0.429810177687837,40,10
grid,dgp2,600,20,500,5,1,0.1624692809868427,RidgeRF,0.6380494595316379,0.5799776378825136,0.035318590224015366,0.95,4.455090626760264,3.214208682699529,1.7163193144746127,0.08641362254856445,2.2401530690001437,0.8397415874145121,0.8402076558853898,95.458,3.465937546452393,0.28911206106269033,0.429810177687837,40,10
grid,dgp2,600,20,500,5,1,0.1624692809868427,LassoRF,0.6223050343419669,0.5659501584045422,0.023128769787411584,0.944,4.369645935314222,3.1454411386262886,-0.6724666598041211,0.5014421612002556,1.1829896719998487,0.8397415874145121,0.8402076558853898,95.458,3.465937546452393,0.28911206106269033,0.429810177687837,40,10
grid,dgp2,600,20,500,5,1,0.1624692809868427,GBM,0.6445334838390984,0.583134852254236,0.05547173735386405,0.958,4.314183095420047,3.28737551149007,1.6480605806117319,0.09965468297774355,0.467733988999953,0.8397415874145121,0.8402076558853898,95.458,3.465937546452393,0.28911206106269033,0.429810177687837,40,10
grid,dgp2,600,20,500,5,1,0.1624692809868427,RF-tuned,0.6196865989158992,0.5668404871135226,0.015798963985235632,0.956,4.357532900854592,3.2487546693564204,-1.4942824950224611,0.13541757894359754,5.543594101999815,0.8397415874145121,0.8402076558853898,95.458,3.465937546452393,0.28911206106269033,0.429810177687837,40,10
grid,dgp2,600,20,500,5,1,0.1624692809868427,SSRF-tuned,0.6203919607876669,0.5693741076846939,0.017542028981298984,0.954,4.358065619239028,3.273154377520764,-1.6335595823949418,0.10266644951002464,8.234104409999873,0.8397415874145121,0.8402076558853898,95.458,3.465937546452393,0.28911206106269033,0.429810177687837,40,10
grid,dgp2,600,20,10,5,2,0.1665524696691188,RF,0.7290850504088578,0.6231715256311838,0.08112777318964459,0.954,4.655615771586472,3.4299422291669446,2.5035033376419036,0.012455665239859135,0.06455168699994829,0.8609563076243895,0.8615568560938872,95.3,3.477948430088091,0.23007391606753158,0.40109527288982383,40,10
grid,dgp2,600,20,10,5,2,0.1665524696691188,SSRF,0.7228626801433441,0.6194757983217092,0.06895726979840058,0.956,4.6303791739418285,3.3844964210140085,-0.3968290961526161,0.6915782493898138,0.06455168699994829,0.8609563076243895,0.8615568560938872,95.3,3.477948430088091,0.23007391606753158,0.40109527288982383,40,10
grid,dgp2,600,20,10,5,2,0.1665524696691188,SSRF-JS,0.723103642705438,0.619596204908027,0.06957750999333671,0.956,4.631799802888796,3.386221034545275,,,0.06455168699994829,0.8609563076243895,0.8615568560938872,95.3,3.477948430088091,0.23007391606753158,0.40109527288982383,40,10
grid,dgp2,600,20,10,5,2,0.1665524696691188,RF-H,0.7541419158651699,0.6326277006744315,0.0763960407093188,0.944,4.675413709995721,3.348738431449062,2.3327761901049913,0.019857685551532778,0.031607017999931486,0.8609563076243895,0.8615568560938872,95.3,3.477948430088091,0.23007391606753158,0.40109527288982383,40,10
grid,dgp2,600,20,10,5,2,0.1665524696691188,SSRF-H,0.7694461583733735,0.647407956735431,0.0862934463037763,0.948,4.627236353058747,3.4238646446139778,3.3202728404793014,0.0009318290005393806,0.031607017999931486,0.8609563076243895,0.8615568560938872,95.3,3.477948430088091,0.23007391606753158,0.40109527288982383,40,10
grid,dgp2,600,20,10,5,2,0.1665524696691188,SSRF-JS-H,0.7698054724515128,0.647521411979538,0.08695881881348905,0.948,4.625869179858899,3.4117253624343316,3.3393451012305415,0.0008708027040231601,0.031607017999931486,0.8609563076243895,0.8615568560938872,95.3,3.477948430088091,0.23007391606753158,0.40109527288982383,40,10
grid,dgp2,600,20,10,5,2,0.1665524696691188,SSRF-rob,0.7250490903346404,0.6206710822507006,0.07364994845293169,0.954,4.640335101613995,3.400832903609817,2.0825675270821606,0.037544601279171426,0.0868232899999839,0.8609563076243895,0.8615568560938872,95.3,3.477948430088091,0.23007391606753158,0.40109527288982383,40,10
grid,dgp2,600,20,10,5,2,0.1665524696691188,RidgeRF,0.7323366702334979,0.6209115341508429,0.0678324567327765,0.948,4.6317035679776675,3.342684642376661,0.6524274164754209,0.514275573276618,0.23357198600001539,0.8609563076243895,0.8615568560938872,95.3,3.477948430088091,0.23007391606753158,0.40109527288982383,40,10
grid,dgp2,600,20,10,5,2,0.1665524696691188,LassoRF,0.6952754437918952,0.6034743647554067,0.05983781658118203,0.954,4.68344848840912,3.4608811077956454,-2.0722445156213296,0.03849871995469829,0.09284639299994524,0.8609563076243895,0.8615568560938872,95.3,3.477948430088091,0.23007391606753158,0.40109527288982383,40,10
grid,dgp2,600,20,10,5,2,0.1665524696691188,GBM,0.7082956373548795,0.6012107024774461,0.040955293782891714,0.952,4.685591373053257,3.3328570836312563,-1.3067772059434257,0.19158912263216196,0.1798303149998901,0.8609563076243895,0.8615568560938872,95.3,3.477948430088091,0.23007391606753158,0.40109527288982383,40,10
grid,dgp2,600,20,10,5,2,0.1665524696691188,RF-tuned,0.6924391138524568,0.5977134112460616,0.03760981988820009,0.95,4.694593518393338,3.300854052622945,-2.828727314936279,0.004766843197190669,4.0663638329999685,0.8609563076243895,0.8615568560938872,95.3,3.477948430088091,0.23007391606753158,0.40109527288982383,40,10
grid,dgp2,600,20,10,5,2,0.1665524696691188,SSRF-tuned,0.7038864974032706,0.6073733718081347,0.04130445257043876,0.952,4.716616796625634,3.3064921949554584,-2.0146374121938084,0.04421021841335819,4.092943267999999,0.8609563076243895,0.8615568560938872,95.3,3.477948430088091,0.23007391606753158,0.40109527288982383,40,10
grid,dgp2,600,20,500,5,2,0.1665524696691188,RF,0.6883350317373453,0.6001756472511673,0.03773444095666523,0.95,4.4891286068193565,3.3017724247094002,-2.2852192469846244,0.022508807368591902,2.9842956350000804,0.8588900402082388,0.8595131247544097,95.6,3.4583256520703265,0.22559071279031281,0.39170810886440827,40,10
grid,dgp2,600,20,500,5,2,0.1665524696691188,SSRF,0.6929835060719597,0.6029099857068559,0.03703733785797492,0.948,4.508910867676589,3.2783918144758553,2.6864030601014965,0.007342451056734207,2.9842956350000804,0.8588900402082388,0.8595131247544097,95.6,3.4583256520703265,0.22559071279031281,0.39170810886440827,40,10
grid,dgp2,600,20,500,5,2,0.1665524696691188,SSRF-JS,0.6926351104274916,0.6027539498383713,0.0369644206668807,0.948,4.506228669377724,3.2779334741633357,,,2.9842956350000804,0.8588900402082388,0.8595131247544097,95.6,3.4583256520703265,0.22559071279031281,0.39170810886440827,40,10
grid,dgp2,600,20,500,5,2,0.1665524696691188,RF-H,0.720834938219554,0.6183656164343185,0.051057170222552975,0.944,4.601528932616615,3.287056528256863,5.039274558502878,5.54478114627112e-07,1.3627855580000414,0.8588900402082388,0.8595131247544097,95.6,3.4583256520703265,0.22559071279031281,0.39170810886440827,40,10
grid,dgp2,600,20,500,5,2,0.1665524696691188,SSRF-H,0.7671649057933604,0.6468748252609384,0.0835579406691867,0.956,4.677749309796685,3.462724784073493,7.130315109071326,1.9188262445378587e-12,1.3627855580000414,0.8588900402082388,0.8595131247544097,95.6,3.4583256520703265,0.22559071279031281,0.39170810886440827,40,10
grid,dgp2,600,20,500,5,2,0.1665524696691188,SSRF-JS-H,0.7660946479966368,0.6462381548057535,0.08269784301151865,0.956,4.674152637761219,3.4622695068771727,7.096924675691074,2.415936998944917e-12,1.3627855580000414,0.8588900402082388,0.8595131247544097,95.6,3.4583256520703265,0.22559071279031281,0.39170810886440827,40,10
grid,dgp2,600,20,500,5,2,0.1665524696691188,SSRF-rob,0.6906179250257717,0.6015729067047216,0.03692306662548484,0.948,4.499751320035632,3.2710603558669336,-2.7811726218073205,0.005518175919559896,4.107569664000039,0.8588900402082388,0.8595131247544097,95.6,3.4583256520703265,0.22559071279031281,0.39170810886440827,40,10
grid,dgp2,600,20,500,5,2,0.1665524696691188,RidgeRF,0.7056385952415386,0.6064524516397662,0.03891263537301453,0.952,4.5314687324000555,3.308730533887003,1.8764168517069635,0.06088940506621093,2.049459496000054,0.8588900402082388,0.8595131247544097,95.6,3.4583256520703265,0.22559071279031281,0.39170810886440827,40,10
grid,dgp2,600,20,500,5,2,0.1665524696691188,LassoRF,0.6864170077557592,0.5974538890255765,0.03587221916750063,0.944,4.465750940191309,3.3004981737214885,-1.0511111196338905,0.29346174694150756,1.1416768960000354,0.8588900402082388,0.8595131247544097,95.6,3.4583256520703265,0.22559071279031281,0.39170810886440827,40,10
grid,dgp2,600,20,500,5,2,0.1665524696691188,GBM,0.7082956373548795,0.6012107024774461,0.040955293782891714,0.95,4.504714021974003,3.3262435924432148,1.676723436472434,0.09390943202693917,0.17454709599996932,0.8588900402082388,0.8595131247544097,95.6,3.4583256520703265,0.22559071279031281,0.39170810886440827,40,10
grid,dgp2,600,20,500,5,2,0.1665524696691188,RF-tuned,0.6918721899360216,0.5989544887035765,0.033276022913783246,0.942,4.558094802733553,3.1980122399110416,-0.17990499430936635,0.8572636387175463,5.677064366999957,0.8588900402082388,0.8595131247544097,95.6,3.4583256520703265,0.22559071279031281,0.39170810886440827,40,10
grid,dgp2,600,20,500,5,2,0.1665524696691188,SSRF-tuned,0.6912200664715722,0.5992217762647493,0.03267669472897118,0.944,4.544066980616892,3.202455921101889,-0.3855993229516987,0.6998755273585398,8.134709843999872,0.8588900402082388,0.8595131247544097,95.6,3.4583256520703265,0.22559071279031281,0.39170810886440827,40,10
grid,dgp2,600,20,10,5,3,0.17072015480619074,RF,0.7914029306817741,0.6607890019836672,0.09423646093346945,0.93,5.191356055837563,3.3997985849374364,4.360755086283661,1.4304784153117397e-05,0.030438961000072595,0.8558398730641402,0.856561192817338,95.3,3.500099584024908,0.23942442458987356,0.39878104724515995,5,6
grid,dgp2,600,20,10,5,3,0.17072015480619074,SSRF,0.779217114502714,0.6546301939417022,0.08273021284064017,0.928,5.158443774302585,3.3298248178906964,-3.3988526526645733,0.0007034251969567724,0.030438961000072595,0.8558398730641402,0.856561192817338,95.3,3.500099584024908,0.23942442458987356,0.39878104724515995,5,6
grid,dgp2,600,20,10,5,3,0.17072015480619074,SSRF-JS,0.7813660057927942,0.6554807077398654,0.0845738270379604,0.928,5.178823763578228,3.3123163995076514,,,0.030438961000072595,0.8558398730641402,0.856561192817338,95.3,3.500099584024908,0.23942442458987356,0.39878104724515995,5,6
grid,dgp2,600,20,10,5,3,0.17072015480619074,RF-H,0.8059147464595051,0.6680778227443802,0.10600397213066057,0.954,5.115344029673907,3.536375543493852,1.4360947093492733,0.15128844665085742,0.025919322000163447,0.8558398730641402,0.856561192817338,95.3,3.500099584024908,0.23942442458987356,0.39878104724515995,5,6
grid,dgp2,600,20,10,5,3,0.17072015480619074,SSRF-H,0.7824377037075287,0.6555274955331579,0.08733853539583604,0.942,5.094079135452599,3.3621825395142233,0.08000372028535155,0.936250320367029,0.025919322000163447,0.8558398730641402,0.856561192817338,95.3,3.500099584024908,0.23942442458987356,0.39878104724515995,5,6
grid,dgp2,600,20,10,5,3,0.17072015480619074,SSRF-JS-H,0.7854562003565149,0.6573005645351263,0.08860489977637878,0.946,5.112040747684123,3.381549365928118,0.2964125510989053,0.7669766508626916,0.025919322000163447,0.8558398730641402,0.856561192817338,95.3,3.500099584024908,0.23942442458987356,0.39878104724515995,5,6
grid,dgp2,600,20,10,5,3,0.17072015480619074,SSRF-rob,0.7851469724564617,0.6574550194572996,0.0882249289512948,0.926,5.1857755044073865,3.345089129728606,4.0220829498432344,6.203310103837613e-05,0.07601820499985479,0.8558398730641402,0.856561192817338,95.3,3.500099584024908,0.23942442458987356,0.39878104724515995,5,6
grid,dgp2,600,20,10,5,3,0.17072015480619074,RidgeRF,0.753154212575243,0.6383608884742632,0.0833670145989485,0.934,5.083934887019108,3.2973495282079237,-1.8801101422699236,0.06038385821313548,0.2756750579999334,0.8558398730641402,0.856561192817338,95.3,3.500099584024908,0.23942442458987356,0.39878104724515995,5,6
grid,dgp2,600,20,10,5,3,0.17072015480619074,LassoRF,0.7786035795252287,0.6460252460057606,0.07655287528593437,0.928,5.069296628560249,3.3192967306069714,-0.1914061876847704,0.8482462668907521,0.0797332390000065,0.8558398730641402,0.856561192817338,95.3,3.500099584024908,0.23942442458987356,0.39878104724515995,5,6
grid,dgp2,600,20,10,5,3,0.17072015480619074,GBM,0.7631656771546877,0.6412200792372417,0.06447534897617654,0.946,4.9911007022315665,3.3938609934101556,-1.5876887093641199,0.11267317814408978,0.14076868699999068,0.8558398730641402,0.856561192817338,95.3,3.500099584024908,0.23942442458987356,0.39878104724515995,5,6
grid,dgp2,600,20,10,5,3,0.17072015480619074,RF-tuned,0.7571820138993314,0.6490257417724637,0.07762920377627189,0.922,4.974183426660487,3.157484700852187,-1.9581487093783962,0.05049056543063294,3.9728363040001113,0.8558398730641402,0.856561192817338,95.3,3.500099584024908,0.23942442458987356,0.39878104724515995,5,6
grid,dgp2,600,20,10,5,3,0.17072015480619074,SSRF-tuned,0.7813660057927942,0.6554807077398654,0.0845738270379604,0.928,5.178823763578228,3.3123163995076514,,,4.0426953770002,0.8558398730641402,0.856561192817338,95.3,3.500099584024908,0.23942442458987356,0.39878104724515995,5,6
grid,dgp2,600,20,500,5,3,0.17072015480619074,RF,0.7354436762239475,0.6284193490260587,0.04768367034722179,0.94,4.6831998951387,3.344815810526659,-1.5139002904962027,0.13036742811376914,3.034822548999955,0.8446922592075244,0.845216128368315,95.54,3.469249209711947,0.2412794323454496,0.3725960224203931,5,6
grid,dgp2,600,20,500,5,3,0.17072015480619074,SSRF,0.7382502594755761,0.6301642822898559,0.04934466679941986,0.936,4.709148106662522,3.260647211506579,1.058224907061856,0.2902087259232805,3.034822548999955,0.8446922592075244,0.845216128368315,95.54,3.469249209711947,0.2412794323454496,0.3725960224203931,5,6
grid,dgp2,600,20,500,5,3,0.17072015480619074,SSRF-JS,0.7380973190656437,0.6300643393926052,0.04929755451059681,0.936,4.707419997194067,3.26631617266169,,,3.034822548999955,0.8446922592075244,0.845216128368315,95.54,3.469249209711947,0.2412794323454496,0.3725960224203931,5,6
grid,dgp2,600,20,500,5,3,0.17072015480619074,RF-H,0.7552113212886187,0.6415079946334492,0.06435034887165338,0.936,4.755692446792465,3.2512662064082107,2.967311795427859,0.0030757490928592234,1.397737349999943,0.8446922592075244,0.845216128368315,95.54,3.469249209711947,0.2412794323454496,0.3725960224203931,5,6
grid,dgp2,600,20,500,5,3,0.17072015480619074,SSRF-H,0.7816705427433549,0.6559334968393001,0.08776283966562613,0.936,4.8334829728025595,3.3295912799664364,4.76402455704347,2.178579383698614e-06,1.397737349999943,0.8446922592075244,0.845216128368315,95.54,3.469249209711947,0.2412794323454496,0.3725960224203931,5,6
grid,dgp2,600,20,500,5,3,0.17072015480619074,SSRF-JS-H,0.7815207936570536,0.6558165024111571,0.08752481945085729,0.936,4.8343415991529195,3.322471857294746,4.76392618055826,2.179618668892226e-06,1.397737349999943,0.8446922592075244,0.845216128368315,95.54,3.469249209711947,0.2412794323454496,0.3725960224203931,5,6
grid,dgp2,600,20,500,5,3,0.17072015480619074,SSRF-rob,0.7367159109697184,0.6290723584450666,0.04835345617920807,0.936,4.695416328749612,3.300644242957133,-1.8212260586180133,0.06887148802091542,4.103229643000077,0.8446922592075244,0.845216128368315,95.54,3.469249209711947,0.2412794323454496,0.3725960224203931,5,6
grid,dgp2,600,20,500,5,3,0.17072015480619074,RidgeRF,0.7360918619304319,0.627943412855106,0.05810990889222998,0.942,4.678277925897657,3.2222730444018666,-0.30394075949516164,0.7612363176748518,2.0900454910001827,0.8446922592075244,0.845216128368315,95.54,3.469249209711947,0.2412794323454496,0.3725960224203931,5,6
grid,dgp2,600,20,500,5,3,0.17072015480619074,LassoRF,0.7430056615814372,0.6329670329161718,0.04469873369406549,0.942,4.608173811174754,3.4247518073740366,0.7541549078066309,0.4509339314470485,1.3843811519998326,0.8446922592075244,0.845216128368315,95.54,3.469249209711947,0.2412794323454496,0.3725960224203931,5,6
grid,dgp2,600,20,500,5,3,0.17072015480619074,GBM,0.7631656771546877,0.6412200792372417,0.06447534897617654,0.944,4.771775777210133,3.3801035760850264,3.5609269042804326,0.00038696583603590074,0.21535484400010318,0.8446922592075244,0.845216128368315,95.54,3.469249209711947,0.2412794323454496,0.3725960224203931,5,6
grid,dgp2,600,20,500,5,3,0.17072015480619074,RF-tuned,0.7321483541109483,0.6268035054258047,0.0469954675336628,0.936,4.680337678978173,3.29894570042531,-2.6182687732089405,0.00897145495335785,5.852316433999931,0.8446922592075244,0.845216128368315,95.54,3.469249209711947,0.2412794323454496,0.3725960224203931,5,6
grid,dgp2,600,20,500,5,3,0.17072015480619074,SSRF-tuned,0.7380973190656437,0.6300643393926052,0.04929755451059681,0.936,4.707419997194067,3.26631617266169,,,9.066484935000062,0.8446922592075244,0.845216128368315,95.54,3.469249209711947,0.2412794323454496,0.3725960224203931,5,6
grid,dgp2,600,20,10,5,4,0.1273593112028845,RF,0.7838780161864215,0.6346906298368257,0.09481556820130259,0.934,5.391852984300092,3.2012311148419577,4.099157521406952,4.4831561221370136e-05,0.059187981999912154,0.8334888384786844,0.8337913271232218,95.2,3.5168371656408617,0.35384698782109625,0.49346032154645797,40,6
grid,dgp2,600,20,10,5,4,0.1273593112028845,SSRF,0.7656671590266643,0.6260190355150588,0.07695711647395714,0.936,5.3423456548683665,3.2433318413231556,-2.3862758570314675,0.017205346541108765,0.059187981999912154,0.8334888384786844,0.8337913271232218,95.2,3.5168371656408617,0.35384698782109625,0.49346032154645797,40,6
grid,dgp2,600,20,10,5,4,0.1273593112028845,SSRF-JS,0.7676926234838216,0.6264387174565493,0.07766450808950011,0.936,5.353947427052797,3.2236647558389318,,,0.059187981999912154,0.8334888384786844,0.8337913271232218,95.2,3.5168371656408617,0.35384698782109625,0.49346032154645797,40,6
grid,dgp2,600,20,10,5,4,0.1273593112028845,RF-H,0.8039213787330883,0.6511494144764131,0.11074786473005577,0.942,5.32402803056567,3.410481562227014,1.9464876487437497,0.051876228262093094,0.026964703999965423,0.8334888384786844,0.8337913271232218,95.2,3.5168371656408617,0.35384698782109625,0.49346032154645797,40,6
grid,dgp2,600,20,10,5,4,0.1273593112028845,SSRF-H,0.7915774817091726,0.6434445766742762,0.09561391311580089,0.942,5.3178299311404755,3.4078564456790508,1.3128378216506735,0.18953910002377117,0.026964703999965423,0.8334888384786844,0.8337913271232218,95.2,3.5168371656408617,0.35384698782109625,0.49346032154645797,40,6
grid,dgp2,600,20,10,5,4,0.1273593112028845,SSRF-JS-H,0.7905746662647272,0.6431199989505442,0.09587655233794294,0.94,5.317373973363338,3.3764078411626812,1.2647639605118879,0.20625091509906757,0.026964703999965423,0.8334888384786844,0.8337913271232218,95.2,3.5168371656408617,0.35384698782109625,0.49346032154645797,40,6
grid,dgp2,600,20,10,5,4,0.1273593112028845,SSRF-rob,0.7750636755012789,0.6302860156429251,0.08541534243452867,0.936,5.3854385947389325,3.1527905394344393,3.6914314541193436,0.00023505517015291318,0.087472150999929,0.8334888384786844,0.8337913271232218,95.2,3.5168371656408617,0.35384698782109625,0.49346032154645797,40,6
grid,dgp2,600,20,10,5,4,0.1273593112028845,RidgeRF,0.7671477940369058,0.6274268325236325,0.09221666502785394,0.93,5.27481414317015,3.2187953677634065,-0.03287412212680087,0.9737815359130725,0.2437084059999961,0.8334888384786844,0.8337913271232218,95.2,3.5168371656408617,0.35384698782109625,0.49346032154645797,40,6
grid,dgp2,600,20,10,5,4,0.1273593112028845,LassoRF,0.7757542098071044,0.6246522451691987,0.0676553817534131,0.936,5.416820989900477,3.5326205437946503,0.5106522409560761,0.609707407255433,0.08587492800006657,0.8334888384786844,0.8337913271232218,95.2,3.5168371656408617,0.35384698782109625,0.49346032154645797,40,6
grid,dgp2,600,20,10,5,4,0.1273593112028845,GBM,0.7710452089811877,0.6287948545286004,0.08557613668501297,0.934,5.260421372925014,3.2380544316016184,0.186046609829222,0.8524459795980868,0.34670409999989715,0.8334888384786844,0.8337913271232218,95.2,3.5168371656408617,0.35384698782109625,0.49346032154645797,40,6
grid,dgp2,600,20,10,5,4,0.1273593112028845,RF-tuned,0.736879389045577,0.6153172175280597,0.05434347747615154,0.934,5.280730214847963,3.1427196375715956,-2.0246046420079473,0.0431736101793967,4.229528930000015,0.8334888384786844,0.8337913271232218,95.2,3.5168371656408617,0.35384698782109625,0.49346032154645797,40,6
grid,dgp2,600,20,10,5,4,0.1273593112028845,SSRF-tuned,0.7486724742261519,0.6154464427987247,0.05020145350287621,0.934,5.333862955861348,3.1807532491130046,-1.474974053458141,0.14053459238274932,4.283181041000034,0.8334888384786844,0.8337913271232218,95.2,3.5168371656408617,0.35384698782109625,0.49346032154645797,40,6
grid,dgp2,600,20,500,5,4,0.1273593112028845,RF,0.7379761950715922,0.6093545867227445,0.05239823116948115,0.944,5.107206710240911,3.3601426005959873,0.5953179490356386,0.551765788200292,3.325097939999978,0.8301851991232228,0.8305898973056433,95.834,3.456329103762705,0.35804228383547204,0.4978245497548476,40,6
grid,dgp2,600,20,500,5,4,0.1273593112028845,SSRF,0.736309662078458,0.6091929020897568,0.049246819650030846,0.944,5.114835265600731,3.3331588796567226,-0.0924332952555881,0.9263723191000288,3.325097939999978,0.8301851991232228,0.8305898973056433,95.834,3.456329103762705,0.35804228383547204,0.4978245497548476,40,6
grid,dgp2,600,20,500,5,4,0.1273593112028845,SSRF-JS,0.7363282709454587,0.6091096274387023,0.04933265191614203,0.944,5.113503477534714,3.342909712480468,,,3.325097939999978,0.8301851991232228,0.8305898973056433,95.834,3.456329103762705,0.35804228383547204,0.4978245497548476,40,6
grid,dgp2,600,20,500,5,4,0.1273593112028845,RF-H,0.7447298335835945,0.6166098195517442,0.05965401744129265,0.944,5.1424291346910955,3.352820908368272,1.21640790864295,0.22411689246092922,1.4050790129999768,0.8301851991232228,0.8305898973056433,95.834,3.456329103762705,0.35804228383547204,0.4978245497548476,40,6
grid,dgp2,600,20,500,5,4,0.1273593112028845,SSRF-H,0.7817425298716421,0.6384381090744987,0.0890485361846983,0.946,5.222405991728942,3.4456109328996214,3.629309837555721,0.000298581973243493,1.4050790129999768,0.8301851991232228,0.8305898973056433,95.834,3.456329103762705,0.35804228383547204,0.4978245497548476,40,6
grid,dgp2,600,20,500,5,4,0.1273593112028845,SSRF-JS-H,0.7811120415944056,0.6381075710660268,0.08870634033933492,0.946,5.221356647781673,3.4357091096560173,3.620054738142378,0.00030932287467115316,1.4050790129999768,0.8301851991232228,0.8305898973056433,95.834,3.456329103762705,0.35804228383547204,0.4978245497548476,40,6
grid,dgp2,600,20,500,5,4,0.1273593112028845,SSRF-rob,0.7366474662320962,0.6087967149230475,0.05034544595102078,0.944,5.110199114089115,3.3403792591955086,0.22810143915730507,0.8196140597138409,4.2790653560000464,0.8301851991232228,0.8305898973056433,95.834,3.456329103762705,0.35804228383547204,0.4978245497548476,40,6
grid,dgp2,600,20,500,5,4,0.1273593112028845,RidgeRF,0.7375402390716995,0.6094101578639323,0.060011447093857556,0.948,5.103066073035694,3.266338525589369,0.18595577737819405,0.8525171914861045,2.3333487059999243,0.8301851991232228,0.8305898973056433,95.834,3.456329103762705,0.35804228383547204,0.4978245497548476,40,6
grid,dgp2,600,20,500,5,4,0.1273593112028845,LassoRF,0.7293268500029663,0.6043806559963427,0.038970708110403075,0.95,5.043455857335602,3.5017688812343213,-0.8209612064122176,0.41186422346766793,1.20583609099981,0.8301851991232228,0.8305898973056433,95.834,3.456329103762705,0.35804228383547204,0.4978245497548476,40,6
grid,dgp2,600,20,500,5,4,0.1273593112028845,GBM,0.7710452089811877,0.6287948545286004,0.08557613668501297,0.938,5.239267720551564,3.342199838942196,2.5269782667636473,0.01165825666915758,0.38035451099995043,0.8301851991232228,0.8305898973056433,95.834,3.456329103762705,0.35804228383547204,0.4978245497548476,40,6
grid,dgp2,600,20,500,5,4,0.1273593112028845,RF-tuned,0.7306659444150969,0.6081748377964471,0.044626114547343915,0.95,5.083668660235133,3.313174198261824,-1.0176225488732051,0.30910374764992354,5.876433542000086,0.8301851991232228,0.8305898973056433,95.834,3.456329103762705,0.35804228383547204,0.4978245497548476,40,6
grid,dgp2,600,20,500,5,4,0.1273593112028845,SSRF-tuned,0.7289231973561934,0.6063331771668959,0.04422496778386345,0.95,5.074375838393643,3.3160341935838042,-1.6087209384608485,0.10799332463226229,8.289990805000116,0.8301851991232228,0.8305898973056433,95.834,3.456329103762705,0.35804228383547204,0.4978245497548476,40,6
grid,dgp2,600,20,10,5,5,0.15853301102523587,RF,0.8767763632220319,0.6509049568131402,0.08140008259247854,0.946,5.620485312870682,3.673183324142536,5.2117028318994,2.2730451229393956e-07,0.06811508900000263,0.8607547930693098,0.8612319981013785,97.1,3.3911154753809147,0.25323614245710047,0.4560009061079168,20,10
grid,dgp2,600,20,10,5,5,0.15853301102523587,SSRF,0.8639580444944406,0.6427870108415339,0.06721651794137827,0.948,5.632276390845916,3.6535649847469776,1.02178905228465,0.3071281205431589,0.06811508900000263,0.8607547930693098,0.8612319981013785,97.1,3.3911154753809147,0.25323614245710047,0.4560009061079168,20,10
grid,dgp2,600,20,10,5,5,0.15853301102523587,SSRF-JS,0.8633197837184254,0.6428168325691419,0.06786596919864116,0.948,5.626550117163545,3.649946022459109,,,0.06811508900000263,0.8607547930693098,0.8612319981013785,97.1,3.3911154753809147,0.25323614245710047,0.4560009061079168,20,10
grid,dgp2,600,20,10,5,5,0.15853301102523587,RF-H,0.8760359143665327,0.6471892668882792,0.07791999569451226,0.942,5.732739213553112,3.591485118645523,0.8485722298636974,0.3963226438786658,0.03166462199988018,0.8607547930693098,0.8612319981013785,97.1,3.3911154753809147,0.25323614245710047,0.4560009061079168,20,10
grid,dgp2,600,20,10,5,5,0.15853301102523587,SSRF-H,0.8870561659233622,0.6574951801723428,0.08658118750339049,0.942,5.800863295057448,3.692005963234791,1.5968389949240753,0.11061785050620954,0.03166462199988018,0.8607547930693098,0.8612319981013785,97.1,3.3911154753809147,0.25323614245710047,0.4560009061079168,20,10
grid,dgp2,600,20,10,5,5,0.15853301102523587,SSRF-JS-H,0.888199048345007,0.6582880503669207,0.08734700938226043,0.942,5.804557893621576,3.6785192298863545,1.673982232976379,0.09444711694053258,0.03166462199988018,0.8607547930693098,0.8612319981013785,97.1,3.3911154753809147,0.25323614245710047,0.4560009061079168,20,10
grid,dgp2,600,20,10,5,5,0.15853301102523587,SSRF-rob,0.8684911217872908,0.6460707627730939,0.0729106526098044,0.948,5.625221864676134,3.6294226079720673,4.835670440035876,1.5357573108945978e-06,0.08201450500018836,0.8607547930693098,0.8612319981013785,97.1,3.3911154753809147,0.25323614245710047,0.4560009061079168,20,10
grid,dgp2,600,20,10,5,5,0.15853301102523587,RidgeRF,0.874213067936316,0.6485717165763712,0.08496757726146704,0.946,5.640535981565243,3.64544899911854,0.6452175364515718,0.5189343729628997,0.2530297949999749,0.8607547930693098,0.8612319981013785,97.1,3.3911154753809147,0.25323614245710047,0.4560009061079168,20,10
grid,dgp2,600,20,10,5,5,0.15853301102523587,LassoRF,0.8573085226162721,0.636981215292222,0.06016506113469118,0.934,5.544376825489319,3.5011532584119536,-0.30884540278051076,0.7575035247902324,0.10635594399991533,0.8607547930693098,0.8612319981013785,97.1,3.3911154753809147,0.25323614245710047,0.4560009061079168,20,10
grid,dgp2,600,20,10,5,5,0.15853301102523587,GBM,0.8401993605818452,0.6253112031224045,0.04727930709663127,0.946,5.458650294072946,3.6365445567913803,-1.6236220564220434,0.10477196613882321,0.27355927599978713,0.8607547930693098,0.8612319981013785,97.1,3.3911154753809147,0.25323614245710047,0.4560009061079168,20,10
grid,dgp2,600,20,10,5,5,0.15853301102523587,RF-tuned,0.8261239815223969,0.6183773002127593,0.034540449172405396,0.938,5.487879273937346,3.508665284445494,-2.5986487117224555,0.009497017422125394,3.797356805000163,0.8607547930693098,0.8612319981013785,97.1,3.3911154753809147,0.25323614245710047,0.4560009061079168,20,10
grid,dgp2,600,20,10,5,5,0.15853301102523587,SSRF-tuned,0.8284795660410084,0.6165193089977733,0.035808876625411594,0.934,5.542055927076559,3.5469238074385028,-2.5952925254366943,0.009589624071118175,3.829251873000203,0.8607547930693098,0.8612319981013785,97.1,3.3911154753809147,0.25323614245710047,0.4560009061079168,20,10
grid,dgp2,600,20,500,5,5,0.15853301102523587,RF,0.8194708014417668,0.6134121002565829,0.029865336903598962,0.95,5.587846782657143,3.652466090153241,0.2632109832906482,0.79244224187551,2.9923612809998303,0.8605210034343557,0.8611571829005704,95.622,3.4598079604804886,0.25975970338066057,0.45676217174556416,20,10
grid,dgp2,600,20,500,5,5,0.15853301102523587,SSRF,0.8189698753179432,0.6122957162272065,0.027779439187870666,0.952,5.582294851643652,3.640097581138527,0.7529541480133048,0.4516548617682875,2.9923612809998303,0.8605210034343557,0.8611571829005704,95.622,3.4598079604804886,0.25975970338066057,0.45676217174556416,20,10
grid,dgp2,600,20,500,5,5,0.15853301102523587,SSRF-JS,0.8188660238543494,0.6122853643058015,0.02785964902380839,0.952,5.581366289997485,3.635181234737336,,,2.9923612809998303,0.8605210034343557,0.8611571829005704,95.622,3.4598079604804886,0.25975970338066057,0.45676217174556416,20,10
grid,dgp2,600,20,500,5,5,0.15853301102523587,RF-H,0.8343586434306584,0.623338453975342,0.039327461314046575,0.954,5.5848784268820015,3.6356179764510097,2.089655148200594,0.03690124898059846,1.3826313970000683,0.8605210034343557,0.8611571829005704,95.622,3.4598079604804886,0.25975970338066057,0.45676217174556416,20,10
grid,dgp2,600,20,500,5,5,0.15853301102523587,SSRF-H,0.878046400621769,0.6516617677699407,0.07888565925068576,0.952,5.619746582563571,3.785988240476326,4.617304984858449,4.394305366842259e-06,1.3826313970000683,0.8605210034343557,0.8611571829005704,95.622,3.4598079604804886,0.25975970338066057,0.45676217174556416,20,10
grid,dgp2,600,20,500,5,5,0.15853301102523587,SSRF-JS-H,0.8770494935393567,0.6509901235443646,0.07798858647115156,0.952,5.620092500229879,3.784446979640919,4.568513165404951,5.525363971550373e-06,1.3826313970000683,0.8605210034343557,0.8611571829005704,95.622,3.4598079604804886,0.25975970338066057,0.45676217174556416,20,10
grid,dgp2,600,20,500,5,5,0.15853301102523587,SSRF-rob,0.8187348114035322,0.6125445712134318,0.028231235952845248,0.952,5.5838464666050385,3.6623912016142883,-0.14657148030398645,0.8834998375539984,3.671520745999942,0.8605210034343557,0.8611571829005704,95.622,3.4598079604804886,0.25975970338066057,0.45676217174556416,20,10
grid,dgp2,600,20,500,5,5,0.15853301102523587,RidgeRF,0.8494366694116313,0.630205931517497,0.04942032657533396,0.946,5.665945389231563,3.610193191583109,3.6053907696095417,0.000327085591517869,2.1985770850001245,0.8605210034343557,0.8611571829005704,95.622,3.4598079604804886,0.25975970338066057,0.45676217174556416,20,10
grid,dgp2,600,20,500,5,5,0.15853301102523587,LassoRF,0.8245058434465278,0.6154346146927548,0.031334287790251235,0.942,5.637802375828463,3.5535128021774507,0.7590555087422739,0.44799840844258226,1.2935005600002114,0.8605210034343557,0.8611571829005704,95.622,3.4598079604804886,0.25975970338066057,0.45676217174556416,20,10
grid,dgp2,600,20,500,5,5,0.15853301102523587,GBM,0.8401993605818452,0.6253112031224045,0.04727930709663127,0.942,5.619906851056826,3.579286934560101,2.4672368534544353,0.013782808364566511,0.2557799360001809,0.8605210034343557,0.8611571829005704,95.622,3.4598079604804886,0.25975970338066057,0.45676217174556416,20,10
grid,dgp2,600,20,500,5,5,0.15853301102523587,RF-tuned,0.8103785431466708,0.6086406053807868,0.02172968004516749,0.95,5.553845890747885,3.6243087539252112,-2.0899086774123212,0.03687841108576221,5.6951308659999995,0.8605210034343557,0.8611571829005704,95.622,3.4598079604804886,0.25975970338066057,0.45676217174556416,20,10
grid,dgp2,600,20,500,5,5,0.15853301102523587,SSRF-tuned,0.8140905250305792,0.6103363237179156,0.023360655557655867,0.95,5.5812027917603375,3.6261407562015435,-1.7218979122064335,0.08539755931994907,8.859678814999825,0.8605210034343557,0.8611571829005704,95.622,3.4598079604804886,0.25975970338066057,0.45676217174556416,20,10
grid,dgp2,600,20,10,5,6,0.14836876707800656,RF,0.6441204975083691,0.6101811355321182,0.07298229238973007,0.948,4.024783427152209,3.2221565452019942,2.672386100421787,0.007654047915719465,0.0686038050002935,0.839656423978024,0.8402595978104443,95.3,3.482800335206789,0.26923910206444823,0.39785119066673047,20,10
grid,dgp2,600,20,10,5,6,0.14836876707800656,SSRF,0.6363351908673566,0.6061139832844902,0.06333667059592067,0.944,4.0264437547754035,3.210604326945309,-1.2385879836193672,0.21578907348716356,0.0686038050002935,0.839656423978024,0.8402595978104443,95.3,3.482800335206789,0.26923910206444823,0.39785119066673047,20,10
grid,dgp2,600,20,10,5,6,0.14836876707800656,SSRF-JS,0.6371396544772193,0.6064483374869277,0.06402314209612973,0.944,4.026755253256356,3.204310324098473,,,0.0686038050002935,0.839656423978024,0.8402595978104443,95.3,3.482800335206789,0.26923910206444823,0.39785119066673047,20,10
grid,dgp2,600,20,10,5,6,0.14836876707800656,RF-H,0.6667331256335433,0.619560293892995,0.08803391845883891,0.948,4.1863003097647855,3.3342646824669324,2.017075094305656,0.043954771291716745,0.029996335999840085,0.839656423978024,0.8402595978104443,95.3,3.482800335206789,0.26923910206444823,0.39785119066673047,20,10
grid,dgp2,600,20,10,5,6,0.14836876707800656,SSRF-H,0.6739025187429297,0.6251021096437391,0.09066923478696073,0.948,4.221384647370496,3.4374805452768107,2.689381296611935,0.007277731600947944,0.029996335999840085,0.839656423978024,0.8402595978104443,95.3,3.482800335206789,0.26923910206444823,0.39785119066673047,20,10
grid,dgp2,600,20,10,5,6,0.14836876707800656,SSRF-JS-H,0.6731830280464066,0.6246644646199639,0.09127885930968763,0.95,4.214369813054326,3.4766431104779523,2.6069231830355495,0.009272104852874021,0.029996335999840085,0.839656423978024,0.8402595978104443,95.3,3.482800335206789,0.26923910206444823,0.39785119066673047,20,10
grid,dgp2,600,20,10,5,6,0.14836876707800656,SSRF-rob,0.6399868444310709,0.6080572186938475,0.0677594770789966,0.948,4.0229773844621475,3.2380604741870207,2.26605457852682,0.023661304895288445,0.08048783899994305,0.839656423978024,0.8402595978104443,95.3,3.482800335206789,0.26923910206444823,0.39785119066673047,20,10
grid,dgp2,600,20,10,5,6,0.14836876707800656,RidgeRF,0.6617737408395594,0.6209555832711399,0.0782358945356487,0.948,4.169055567451628,3.3850786339370442,1.7311968251407663,0.083725410174125,0.2402975590002825,0.839656423978024,0.8402595978104443,95.3,3.482800335206789,0.26923910206444823,0.39785119066673047,20,10
grid,dgp2,600,20,10,5,6,0.14836876707800656,LassoRF,0.6533249633672676,0.6130910203550386,0.07014680739075152,0.942,4.223968272191231,3.3277586069482576,1.337086872244881,0.1814986563261674,0.06943887299985363,0.839656423978024,0.8402595978104443,95.3,3.482800335206789,0.26923910206444823,0.39785119066673047,20,10
grid,dgp2,600,20,10,5,6,0.14836876707800656,GBM,0.6600840594519727,0.6128187360490378,0.07933947718877618,0.944,4.3626619241740086,3.3627612215305427,1.408451615329291,0.15930852079074823,0.4412893979997534,0.839656423978024,0.8402595978104443,95.3,3.482800335206789,0.26923910206444823,0.39785119066673047,20,10
grid,dgp2,600,20,10,5,6,0.14836876707800656,RF-tuned,0.6262944316715162,0.5997659215390668,0.04461612439657264,0.946,4.1122576922439,3.2690628292672224,-0.9931006558811254,0.32090138058838863,4.115118726000219,0.839656423978024,0.8402595978104443,95.3,3.482800335206789,0.26923910206444823,0.39785119066673047,20,10
grid,dgp2,600,20,10,5,6,0.14836876707800656,SSRF-tuned,0.6274987810965357,0.6022289692882925,0.046002896884295166,0.95,4.131487034539061,3.316567466165355,-0.9003485456439453,0.3681517783257243,4.185155745000429,0.839656423978024,0.8402595978104443,95.3,3.482800335206789,0.26923910206444823,0.39785119066673047,20,10
grid,dgp2,600,20,500,5,6,0.14836876707800656,RF,0.6215150864690634,0.5968522438815764,0.0394509265400448,0.926,4.390206134778653,3.1517814788683034,-1.6595981929319854,0.09730916520852838,3.2724395069999446,0.8399373282673935,0.840422422689635,95.644,3.4587555378247155,0.27319566881779733,0.40839087542249514,20,10
grid,dgp2,600,20,500,5,6,0.14836876707800656,SSRF,0.6245719627959263,0.5985890324192883,0.04202226440797216,0.928,4.400912763340682,3.178488836241271,0.32414213973808376,0.7458982771407147,3.2724395069999446,0.8399373282673935,0.840422422689635,95.644,3.4587555378247155,0.27319566881779733,0.40839087542249514,20,10
grid,dgp2,600,20,500,5,6,0.14836876707800656,SSRF-JS,0.6245238875490305,0.5985156009849403,0.04198302134229439,0.928,4.39886587476453,3.1828857356439713,,,3.2724395069999446,0.8399373282673935,0.840422422689635,95.644,3.4587555378247155,0.27319566881779733,0.40839087542249514,20,10
grid,dgp2,600,20,500,5,6,0.14836876707800656,RF-H,0.6410123687748419,0.607997710178786,0.058570906291068266,0.922,4.503442407020116,3.1470591949978433,3.08596156973819,0.0020848220788131995,1.45038353200016,0.8399373282673935,0.840422422689635,95.644,3.4587555378247155,0.27319566881779733,0.40839087542249514,20,10
grid,dgp2,600,20,500,5,6,0.14836876707800656,SSRF-H,0.6744012448709172,0.6259860946552216,0.08971745692643612,0.922,4.554389084303658,3.3072603893828023,5.461310823353513,5.965206297817937e-08,1.45038353200016,0.8399373282673935,0.840422422689635,95.644,3.4587555378247155,0.27319566881779733,0.40839087542249514,20,10
grid,dgp2,600,20,500,5,6,0.14836876707800656,SSRF-JS-H,0.6739574264234304,0.6257166906541425,0.08922455247058272,0.922,4.561004736212134,3.2956617154083054,5.4703037008994615,5.6786589216117415e-08,1.45038353200016,0.8399373282673935,0.840422422689635,95.644,3.4587555378247155,0.27319566881779733,0.40839087542249514,20,10
grid,dgp2,600,20,500,5,6,0.14836876707800656,SSRF-rob,0.6227793445196491,0.597486626066119,0.04048053954860383,0.928,4.394533515566253,3.168460719874126,-2.0384754135434915,0.041765315830934874,4.136114674000055,0.8399373282673935,0.840422422689635,95.644,3.4587555378247155,0.27319566881779733,0.40839087542249514,20,10
grid,dgp2,600,20,500,5,6,0.14836876707800656,RidgeRF,0.6277103452315851,0.6027657653149444,0.04344277430259506,0.918,4.479568945406755,3.0161497284543666,0.5335813290230149,0.5937499222613183,2.1679990050001834,0.8399373282673935,0.840422422689635,95.644,3.4587555378247155,0.27319566881779733,0.40839087542249514,20,10
grid,dgp2,600,20,500,5,6,0.14836876707800656,LassoRF,0.6234698954411759,0.5962137285511494,0.04006513398363662,0.924,4.403417060570031,3.1719001542152645,-0.25064284802742987,0.8021417894414054,1.4801798710000185,0.8399373282673935,0.840422422689635,95.644,3.4587555378247155,0.27319566881779733,0.40839087542249514,20,10
grid,dgp2,600,20,500,5,6,0.14836876707800656,GBM,0.6600840594519727,0.6128187360490378,0.07933947718877618,0.93,4.5514734597079025,3.2833899033910474,2.5355501188399097,0.011378590120034664,0.5102122140001484,0.8399373282673935,0.840422422689635,95.644,3.4587555378247155,0.27319566881779733,0.40839087542249514,20,10
grid,dgp2,600,20,500,5,6,0.14836876707800656,RF-tuned,0.6125059856657262,0.5930201574625128,0.032007682919761984,0.924,4.3257354046190155,3.1227499597314643,-3.1117997522981127,0.0019123182525100208,5.941754377000052,0.8399373282673935,0.840422422689635,95.644,3.4587555378247155,0.27319566881779733,0.40839087542249514,20,10
grid,dgp2,600,20,500,5,6,0.14836876707800656,SSRF-tuned,0.6162199631934365,0.5945327981295181,0.035757506786679785,0.912,4.392308955992993,3.076237485945536,-2.669944243639567,0.00770952853061979,9.506619349000175,0.8399373282673935,0.840422422689635,95.644,3.4587555378247155,0.27319566881779733,0.40839087542249514,20,10
grid,dgp2,600,20,10,5,7,0.13883778096078847,RF,0.8077815841515467,0.6634809836456014,0.08857155446647531,0.956,4.749398528746464,3.6046763274901297,5.965345731186886,3.3849480434772654e-09,0.07071703000019625,0.831280501012347,0.8316205381844283,96.0,3.443548435401158,0.3313403683382115,0.4683697380147539,10,10
grid,dgp2,600,20,10,5,7,0.13883778096078847,SSRF,0.7846300995210127,0.6503584914471804,0.07092740339657502,0.956,4.708986262918459,3.5506399402762763,-1.6249490238772606,0.10448884400324239,0.07071703000019625,0.831280501012347,0.8316205381844283,96.0,3.443548435401158,0.3313403683382115,0.4683697380147539,10,10
grid,dgp2,600,20,10,5,7,0.13883778096078847,SSRF-JS,0.7860189168317562,0.6508152672977194,0.07169583607574179,0.956,4.715044285523804,3.542148422050976,,,0.07071703000019625,0.831280501012347,0.8316205381844283,96.0,3.443548435401158,0.3313403683382115,0.4683697380147539,10,10
grid,dgp2,600,20,10,5,7,0.13883778096078847,RF-H,0.765446493931509,0.6360849189117759,0.07207117254762474,0.944,4.716661452632663,3.3930642226856835,-1.2961149832757963,0.1952352212689622,0.03125320700019074,0.831280501012347,0.8316205381844283,96.0,3.443548435401158,0.3313403683382115,0.4683697380147539,10,10
grid,dgp2,600,20,10,5,7,0.13883778096078847,SSRF-H,0.7657463927353827,0.639314559473404,0.07734807838018253,0.95,4.685620345878103,3.4836818646528873,-1.2552674984472438,0.2096752122443077,0.03125320700019074,0.831280501012347,0.8316205381844283,96.0,3.443548435401158,0.3313403683382115,0.4683697380147539,10,10
grid,dgp2,600,20,10,5,7,0.13883778096078847,SSRF-JS-H,0.7652500065152801,0.6393963489160651,0.07691746554616602,0.95,4.693481622987717,3.4678260167419217,-1.2868558062291875,0.19844265134641748,0.03125320700019074,0.831280501012347,0.8316205381844283,96.0,3.443548435401158,0.3313403683382115,0.4683697380147539,10,10
grid,dgp2,600,20,10,5,7,0.13883778096078847,SSRF-rob,0.7974149022343708,0.6575096487315061,0.0804078429761038,0.954,4.732791310269595,3.5827497243841653,5.5391461422134505,3.8864216490543963e-08,0.08706153599996469,0.831280501012347,0.8316205381844283,96.0,3.443548435401158,0.3313403683382115,0.4683697380147539,10,10
grid,dgp2,600,20,10,5,7,0.13883778096078847,RidgeRF,0.7900605898264934,0.6487635836295147,0.09459050129321549,0.948,4.672562550391912,3.4834364532869277,0.21455009873123027,0.8301618893536736,0.23892025300028763,0.831280501012347,0.8316205381844283,96.0,3.443548435401158,0.3313403683382115,0.4683697380147539,10,10
grid,dgp2,600,20,10,5,7,0.13883778096078847,LassoRF,0.7658023832595322,0.638240821818893,0.05526677740919108,0.958,4.599924468127505,3.5184977670423385,-1.429839409492073,0.1530757696145369,0.0986666270000569,0.831280501012347,0.8316205381844283,96.0,3.443548435401158,0.3313403683382115,0.4683697380147539,10,10
grid,dgp2,600,20,10,5,7,0.13883778096078847,GBM,0.7641839243996585,0.6333220476942161,0.051494490651682656,0.954,4.592340953733498,3.533135047913745,-1.7278380322777427,0.08432630550056235,0.1898355069997706,0.831280501012347,0.8316205381844283,96.0,3.443548435401158,0.3313403683382115,0.4683697380147539,10,10
grid,dgp2,600,20,10,5,7,0.13883778096078847,RF-tuned,0.7775185579292658,0.6497455552293788,0.06241558024815611,0.952,4.556909203359687,3.555754229989544,-0.6010916969337152,0.5479152713490484,4.2062294890001795,0.831280501012347,0.8316205381844283,96.0,3.443548435401158,0.3313403683382115,0.4683697380147539,10,10
grid,dgp2,600,20,10,5,7,0.13883778096078847,SSRF-tuned,0.7658551311113313,0.6418313795030951,0.05189700917486486,0.942,4.632201658479315,3.3107618611883405,-1.5978509073015368,0.11039238858352494,4.286595011999907,0.831280501012347,0.8316205381844283,96.0,3.443548435401158,0.3313403683382115,0.4683697380147539,10,10
grid,dgp2,600,20,500,5,7,0.13883778096078847,RF,0.7489989298298492,0.6311323814803474,0.03888020034458376,0.934,5.437441913741864,3.2178058772054,2.0438899182166863,0.04122625053283436,3.4002950659996714,0.82756037449348,0.8278993705191493,95.884,3.4514083486789815,0.33344245013361745,0.4562670252028477,10,10
grid,dgp2,600,20,500,5,7,0.13883778096078847,SSRF,0.7432140210339956,0.6275112886660077,0.03712350671827626,0.938,5.406590125505257,3.241107982875342,-1.3246737938515778,0.18558230640136503,3.4002950659996714,0.82756037449348,0.8278993705191493,95.884,3.4514083486789815,0.33344245013361745,0.4562670252028477,10,10
grid,dgp2,600,20,500,5,7,0.13883778096078847,SSRF-JS,0.7434329553939567,0.6276964595754139,0.0372346932070004,0.938,5.406268144261008,3.2435974124670968,,,3.4002950659996714,0.82756037449348,0.8278993705191493,95.884,3.4514083486789815,0.33344245013361745,0.4562670252028477,10,10
grid,dgp2,600,20,500,5,7,0.13883778096078847,RF-H,0.7468009922537844,0.6275966905573548,0.04720201118143572,0.934,5.40330420636302,3.2526389740503565,0.5059700199533238,0.6129893238815755,1.5169772920003197,0.82756037449348,0.8278993705191493,95.884,3.4514083486789815,0.33344245013361745,0.4562670252028477,10,10
grid,dgp2,600,20,500,5,7,0.13883778096078847,SSRF-H,0.7718913750828699,0.6427344983360939,0.08258371817721388,0.936,5.421479153158875,3.2583984126659526,2.459087969177263,0.014097681981794946,1.5169772920003197,0.82756037449348,0.8278993705191493,95.884,3.4514083486789815,0.33344245013361745,0.4562670252028477,10,10
grid,dgp2,600,20,500,5,7,0.13883778096078847,SSRF-JS-H,0.7714604182188095,0.642470279454981,0.08172998825889266,0.936,5.417905933865442,3.2702469004340933,2.4472003510320492,0.014568421981898633,1.5169772920003197,0.82756037449348,0.8278993705191493,95.884,3.4514083486789815,0.33344245013361745,0.4562670252028477,10,10
grid,dgp2,600,20,500,5,7,0.13883778096078847,SSRF-rob,0.7459596523935829,0.6293834212481086,0.037592100976308045,0.936,5.412779159976895,3.249919195026038,1.6713091831042324,0.09497381071666654,4.062107121999816,0.82756037449348,0.8278993705191493,95.884,3.4514083486789815,0.33344245013361745,0.4562670252028477,10,10
grid,dgp2,600,20,500,5,7,0.13883778096078847,RidgeRF,0.7559684547617153,0.6311439653817895,0.04841853372241418,0.928,5.427076440262231,3.291053880722075,1.6226039058184825,0.10498961231956479,2.275850612999875,0.82756037449348,0.8278993705191493,95.884,3.4514083486789815,0.33344245013361745,0.4562670252028477,10,10
grid,dgp2,600,20,500,5,7,0.13883778096078847,LassoRF,0.7409431769555238,0.6253702999771246,0.03259342207428556,0.936,5.403896812159462,3.236240067594269,-0.3666687407712345,0.7139437718150653,1.2382178320003732,0.82756037449348,0.8278993705191493,95.884,3.4514083486789815,0.33344245013361745,0.4562670252028477,10,10
grid,dgp2,600,20,500,5,7,0.13883778096078847,GBM,0.7641839243996585,0.6333220476942161,0.051494490651682656,0.918,5.5843374107489145,3.109576195941038,2.7202034330373888,0.006637439918647391,0.1899837949999892,0.82756037449348,0.8278993705191493,95.884,3.4514083486789815,0.33344245013361745,0.4562670252028477,10,10
grid,dgp2,600,20,500,5,7,0.13883778096078847,RF-tuned,0.743183594838248,0.6294908344344377,0.032737410038766145,0.94,5.406024263263049,3.2703875575651837,-0.05452136101468464,0.9565306913704362,6.327685335999831,0.82756037449348,0.8278993705191493,95.884,3.4514083486789815,0.33344245013361745,0.4562670252028477,10,10
grid,dgp2,600,20,500,5,7,0.13883778096078847,SSRF-tuned,0.7412360470296098,0.6263584818069614,0.032714658157716105,0.944,5.395198979283663,3.267979813126956,-0.8008796516583301,0.42339174746672964,10.22612836099961,0.82756037449348,0.8278993705191493,95.884,3.4514083486789815,0.33344245013361745,0.4562670252028477,10,10
grid,dgp2,600,20,10,5,8,0.17295133128702603,RF,0.7910082799448389,0.6344697685360025,0.07179236527617852,0.942,5.102392842802757,3.3397608040552034,3.6532025224916267,0.0002724486195646148,0.09410834700020132,0.8577458690695565,0.8584999509438186,95.4,3.4281167815253517,0.22688592185698025,0.3938738439268728,10,10
grid,dgp2,600,20,10,5,8,0.17295133128702603,SSRF,0.7792102673332572,0.6270539763849438,0.06171019075609593,0.946,5.081717815243505,3.370375177008093,-2.9510255589863426,0.0032411699606958175,0.09410834700020132,0.8577458690695565,0.8584999509438186,95.4,3.4281167815253517,0.22688592185698025,0.3938738439268728,10,10
grid,dgp2,600,20,10,5,8,0.17295133128702603,SSRF-JS,0.7807460637549405,0.6281575672234614,0.0627027069517893,0.944,5.087068783507411,3.353090083339759,,,0.09410834700020132,0.8577458690695565,0.8584999509438186,95.4,3.4281167815253517,0.22688592185698025,0.3938738439268728,10,10
grid,dgp2,600,20,10,5,8,0.17295133128702603,RF-H,0.7867104546294093,0.6324081010631233,0.07326142450432775,0.958,5.104441440390061,3.5051918417799994,0.3900841353511473,0.6965574877500128,0.03020153500028755,0.8577458690695565,0.8584999509438186,95.4,3.4281167815253517,0.22688592185698025,0.3938738439268728,10,10
grid,dgp2,600,20,10,5,8,0.17295133128702603,SSRF-H,0.8022917905414706,0.6415981883749958,0.09072787704080375,0.954,5.116380508610794,3.591472238612913,1.3651629678944766,0.1725091770304745,0.03020153500028755,0.8577458690695565,0.8584999509438186,95.4,3.4281167815253517,0.22688592185698025,0.3938738439268728,10,10
grid,dgp2,600,20,10,5,8,0.17295133128702603,SSRF-JS-H,0.8005971504752594,0.6410416434686425,0.08840123040321962,0.954,5.112531531318353,3.588962175778319,1.2704844828222943,0.20420790220562554,0.03020153500028755,0.8577458690695565,0.8584999509438186,95.4,3.4281167815253517,0.22688592185698025,0.3938738439268728,10,10
grid,dgp2,600,20,10,5,8,0.17295133128702603,SSRF-rob,0.7844513894597489,0.6303610069380546,0.06582361659781506,0.942,5.094623653591786,3.322663435409616,3.2553623885186203,0.001170525147246463,0.08831286300028296,0.8577458690695565,0.8584999509438186,95.4,3.4281167815253517,0.22688592185698025,0.3938738439268728,10,10
grid,dgp2,600,20,10,5,8,0.17295133128702603,RidgeRF,0.8048139810700236,0.6506194641140983,0.07740826772646861,0.946,5.049377609671416,3.411226320767829,1.7193173033708786,0.08586637222369929,0.23345033899977352,0.8577458690695565,0.8584999509438186,95.4,3.4281167815253517,0.22688592185698025,0.3938738439268728,10,10
grid,dgp2,600,20,10,5,8,0.17295133128702603,LassoRF,0.7691328656804151,0.6246049466015081,0.05736579827295305,0.946,5.1250607357815845,3.2404138386204258,-0.9072973949741792,0.3644683484508615,0.12211015200000475,0.8577458690695565,0.8584999509438186,95.4,3.4281167815253517,0.22688592185698025,0.3938738439268728,10,10
grid,dgp2,600,20,10,5,8,0.17295133128702603,GBM,0.7584410761144721,0.6171608932529894,0.05640522604151378,0.956,5.033430670864192,3.3801791609487966,-1.584095744393207,0.11348842281117841,0.41946572599999854,0.8577458690695565,0.8584999509438186,95.4,3.4281167815253517,0.22688592185698025,0.3938738439268728,10,10
grid,dgp2,600,20,10,5,8,0.17295133128702603,RF-tuned,0.7613163136491877,0.6195430838485271,0.050814686917919856,0.948,4.981105477996416,3.3239156540686143,-1.5579889738583224,0.11955258197940168,4.226337621000312,0.8577458690695565,0.8584999509438186,95.4,3.4281167815253517,0.22688592185698025,0.3938738439268728,10,10
grid,dgp2,600,20,10,5,8,0.17295133128702603,SSRF-tuned,0.7649093795965355,0.6202325254622107,0.045318279099924794,0.948,5.037336768452147,3.3138568193432074,-1.4255832809096134,0.15430103626851882,4.306605550000313,0.8577458690695565,0.8584999509438186,95.4,3.4281167815253517,0.22688592185698025,0.3938738439268728,10,10
grid,dgp2,600,20,500,5,8,0.17295133128702603,RF,0.7482420193942335,0.6109969662834714,0.031547813364658034,0.96,4.654680188724989,3.4264055971281526,0.2339590601466448,0.8150646972710538,3.248641185999986,0.8618528886842127,0.8625464686919362,95.576,3.4615362398622893,0.22569959674713944,0.40133410247519224,10,10
grid,dgp2,600,20,500,5,8,0.17295133128702603,SSRF,0.7477753474576306,0.6115225623239733,0.031799400007656894,0.964,4.648946180411364,3.47926260097662,0.41058195046560986,0.6814671456978582,3.248641185999986,0.8618528886842127,0.8625464686919362,95.576,3.4615362398622893,0.22569959674713944,0.40133410247519224,10,10
grid,dgp2,600,20,500,5,8,0.17295133128702603,SSRF-JS,0.7477203435012464,0.6114435976867149,0.03187711302772087,0.964,4.648026387011756,3.4730240049034147,,,3.248641185999986,0.8618528886842127,0.8625464686919362,95.576,3.4615362398622893,0.22569959674713944,0.40133410247519224,10,10
grid,dgp2,600,20,500,5,8,0.17295133128702603,RF-H,0.7575846076992132,0.6162607242474823,0.04493134335798945,0.966,4.690609099497229,3.6272835202770866,1.3960452689019531,0.1630110106269027,1.379878569000084,0.8618528886842127,0.8625464686919362,95.576,3.4615362398622893,0.22569959674713944,0.40133410247519224,10,10
grid,dgp2,600,20,500,5,8,0.17295133128702603,SSRF-H,0.7946522253664626,0.6374048228854394,0.08368917104651485,0.982,4.751817170590432,3.85580750492075,3.7579701980111704,0.0001812190502825236,1.379878569000084,0.8618528886842127,0.8625464686919362,95.576,3.4615362398622893,0.22569959674713944,0.40133410247519224,10,10
grid,dgp2,600,20,500,5,8,0.17295133128702603,SSRF-JS-H,0.7939461487345872,0.6368834906683569,0.08293314329715329,0.982,4.74958289132667,3.8509173165900115,3.7353774809768145,0.00019804139269862444,1.379878569000084,0.8618528886842127,0.8625464686919362,95.576,3.4615362398622893,0.22569959674713944,0.40133410247519224,10,10
grid,dgp2,600,20,500,5,8,0.17295133128702603,SSRF-rob,0.7476005165096848,0.6111180040033564,0.03140553058274164,0.962,4.6500615954178235,3.4544774196680326,-0.1371496985902164,0.8909401050171194,4.235778886999924,0.8618528886842127,0.8625464686919362,95.576,3.4615362398622893,0.22569959674713944,0.40133410247519224,10,10
grid,dgp2,600,20,500,5,8,0.17295133128702603,RidgeRF,0.7503216069004097,0.6184575940982178,0.04051976714224505,0.968,4.663153729322959,3.4662661226135763,0.35534506601164656,0.7224061092513283,2.3834554290001506,0.8618528886842127,0.8625464686919362,95.576,3.4615362398622893,0.22569959674713944,0.40133410247519224,10,10
grid,dgp2,600,20,500,5,8,0.17295133128702603,LassoRF,0.7417275276424276,0.6063510662627707,0.02647261927301635,0.966,4.700374344886319,3.44157520472334,-0.8047788807724089,0.42113877361004154,1.2689191509998636,0.8618528886842127,0.8625464686919362,95.576,3.4615362398622893,0.22569959674713944,0.40133410247519224,10,10
grid,dgp2,600,20,500,5,8,0.17295133128702603,GBM,0.7584410761144721,0.6171608932529894,0.05640522604151378,0.958,4.705224324073233,3.4421552378677163,1.056446612758178,0.291019623859897,0.44023963600011484,0.8618528886842127,0.8625464686919362,95.576,3.4615362398622893,0.22569959674713944,0.40133410247519224,10,10
grid,dgp2,600,20,500,5,8,0.17295133128702603,RF-tuned,0.7435614993766381,0.6069815692660895,0.02578621644605388,0.968,4.709177154896703,3.5415901856413115,-0.9395394795264338,0.3476809398015992,6.480967104000229,0.8618528886842127,0.8625464686919362,95.576,3.4615362398622893,0.22569959674713944,0.40133410247519224,10,10
grid,dgp2,600,20,500,5,8,0.17295133128702603,SSRF-tuned,0.7454411891158563,0.6084618911406473,0.02720176669246035,0.968,4.677424568573076,3.5165649190212327,-0.6567590134298039,0.5114871407551602,10.507184565000443,0.8618528886842127,0.8625464686919362,95.576,3.4615362398622893,0.22569959674713944,0.40133410247519224,10,10
grid,dgp2,600,20,10,5,9,0.14568917948518867,RF,0.7158730860977108,0.6201015345354058,0.0882085513563455,0.956,4.760953273557671,3.3160981833811225,6.404960378113095,2.3118880872107985e-10,0.06999048199986646,0.833027262117052,0.8334491868412195,96.5,3.452638437358098,0.31805885208938467,0.45268840800351634,40,10
grid,dgp2,600,20,10,5,9,0.14568917948518867,SSRF,0.6949744461930495,0.6107539840000097,0.07267798921595192,0.952,4.707388699776285,3.271161465949228,-2.6648421543188023,0.00782661787691751,0.06999048199986646,0.833027262117052,0.8334491868412195,96.5,3.452638437358098,0.31805885208938467,0.45268840800351634,40,10
grid,dgp2,600,20,10,5,9,0.14568917948518867,SSRF-JS,0.6966424487450813,0.6112768529670611,0.07364786995856572,0.954,4.716635531394039,3.297886554452534,,,0.06999048199986646,0.833027262117052,0.8334491868412195,96.5,3.452638437358098,0.31805885208938467,0.45268840800351634,40,10
grid,dgp2,600,20,10,5,9,0.14568917948518867,RF-H,0.6977450459766132,0.60927414811782,0.08663057756080153,0.96,4.730849540597456,3.2706693177086246,0.07626903828391438,0.9392203288246792,0.026836223999907816,0.833027262117052,0.8334491868412195,96.5,3.452638437358098,0.31805885208938467,0.45268840800351634,40,10
grid,dgp2,600,20,10,5,9,0.14568917948518867,SSRF-H,0.6957422606479267,0.6201672685279845,0.09318778152702388,0.956,4.657490250072404,3.2701323347917466,-0.0638302577802562,0.9491181544722299,0.026836223999907816,0.833027262117052,0.8334491868412195,96.5,3.452638437358098,0.31805885208938467,0.45268840800351634,40,10
grid,dgp2,600,20,10,5,9,0.14568917948518867,SSRF-JS-H,0.6959006854302473,0.6194836342702059,0.09275184688894911,0.956,4.661050965310791,3.263979399728641,-0.05267709526663209,0.9579997203303087,0.026836223999907816,0.833027262117052,0.8334491868412195,96.5,3.452638437358098,0.31805885208938467,0.45268840800351634,40,10
grid,dgp2,600,20,10,5,9,0.14568917948518867,SSRF-rob,0.7044547502640242,0.6148868837983994,0.07948961894012176,0.954,4.730866066844809,3.259604155538745,5.714318307829211,1.4530407333914322e-08,0.08661876899986964,0.833027262117052,0.8334491868412195,96.5,3.452638437358098,0.31805885208938467,0.45268840800351634,40,10
grid,dgp2,600,20,10,5,9,0.14568917948518867,RidgeRF,0.6885956364477777,0.6064982194902284,0.08379105843556517,0.954,4.574911140107901,3.267546802685243,-0.49560401300322005,0.6202828224826903,0.25121403699995426,0.833027262117052,0.8334491868412195,96.5,3.452638437358098,0.31805885208938467,0.45268840800351634,40,10
grid,dgp2,600,20,10,5,9,0.14568917948518867,LassoRF,0.6781484119922946,0.5890108811606487,0.06872161245779967,0.958,4.6638955956063235,3.2752040601715016,-1.0440927869380157,0.2966950413735904,0.0974978409999494,0.833027262117052,0.8334491868412195,96.5,3.452638437358098,0.31805885208938467,0.45268840800351634,40,10
grid,dgp2,600,20,10,5,9,0.14568917948518867,GBM,0.6504380177117864,0.5817482518116064,0.05175792029293783,0.954,4.587751858453768,3.1767167102156146,-3.8899827478623283,0.00010688622624208672,0.14339554299976953,0.833027262117052,0.8334491868412195,96.5,3.452638437358098,0.31805885208938467,0.45268840800351634,40,10
grid,dgp2,600,20,10,5,9,0.14568917948518867,RF-tuned,0.6316443131397519,0.5719988524919043,0.032562855593086325,0.952,4.592922777742797,3.103563250243441,-5.579753485979746,3.101339206260218e-08,4.165993581999828,0.833027262117052,0.8334491868412195,96.5,3.452638437358098,0.31805885208938467,0.45268840800351634,40,10
grid,dgp2,600,20,10,5,9,0.14568917948518867,SSRF-tuned,0.6509287444353588,0.5842143471653986,0.04153717534697242,0.954,4.635488763999918,3.2631032597663516,-3.7495211728190045,0.00018734614062922565,4.222499831999812,0.833027262117052,0.8334491868412195,96.5,3.452638437358098,0.31805885208938467,0.45268840800351634,40,10
grid,dgp2,600,20,500,5,9,0.14568917948518867,RF,0.6343002098876567,0.5735326646049154,0.0370496409737511,0.946,4.673761937514973,3.0932922316226485,-1.4471122805962007,0.14817918531699537,3.249178163000124,0.8266821815450328,0.8270099656221259,95.784,3.460984234553482,0.3216385959496914,0.43593795983609823,40,10
grid,dgp2,600,20,500,5,9,0.14568917948518867,SSRF,0.6372454640596905,0.5762030681568799,0.03918771079398933,0.946,4.676626744252047,3.1248026024665316,1.0897294723049193,0.27609511695120525,3.249178163000124,0.8266821815450328,0.8270099656221259,95.784,3.460984234553482,0.3216385959496914,0.43593795983609823,40,10
grid,dgp2,600,20,500,5,9,0.14568917948518867,SSRF-JS,0.6370809580796896,0.5761109035097146,0.03913845647979747,0.946,4.677109849898104,3.1251837409480956,,,3.249178163000124,0.8266821815450328,0.8270099656221259,95.784,3.460984234553482,0.3216385959496914,0.43593795983609823,40,10
grid,dgp2,600,20,500,5,9,0.14568917948518867,RF-H,0.6608382233832413,0.5944244805356264,0.057960897251980385,0.948,4.703588453091762,3.1443151098737467,4.2767159816501605,2.0786666649484314e-05,1.361403940999935,0.8266821815450328,0.8270099656221259,95.784,3.460984234553482,0.3216385959496914,0.43593795983609823,40,10
grid,dgp2,600,20,500,5,9,0.14568917948518867,SSRF-H,0.6929491365885707,0.6184358566027334,0.09113040129804295,0.936,4.7778293472529185,3.0074070224048555,6.286449344904773,4.845661583919884e-10,1.361403940999935,0.8266821815450328,0.8270099656221259,95.784,3.460984234553482,0.3216385959496914,0.43593795983609823,40,10
grid,dgp2,600,20,500,5,9,0.14568917948518867,SSRF-JS-H,0.6923075523022908,0.6179333809796573,0.09049064147058392,0.938,4.776373795733722,3.0097337028901148,6.262455148471971,5.620565442813626e-10,1.361403940999935,0.8266821815450328,0.8270099656221259,95.784,3.460984234553482,0.3216385959496914,0.43593795983609823,40,10
grid,dgp2,600,20,500,5,9,0.14568917948518867,SSRF-rob,0.6352908425123031,0.5745759393588059,0.03770719719871962,0.946,4.6752000413064945,3.1114112930464204,-1.9549895818361818,0.0508628561412649,4.3551309490003405,0.8266821815450328,0.8270099656221259,95.784,3.460984234553482,0.3216385959496914,0.43593795983609823,40,10
grid,dgp2,600,20,500,5,9,0.14568917948518867,RidgeRF,0.6386547055206712,0.5787201986383333,0.04587777506485172,0.948,4.584909622217298,3.078932339749685,0.2409372664884204,0.809653176506411,2.2379531679998763,0.8266821815450328,0.8270099656221259,95.784,3.460984234553482,0.3216385959496914,0.43593795983609823,40,10
grid,dgp2,600,20,500,5,9,0.14568917948518867,LassoRF,0.6426778404074407,0.5664890494505286,0.03467837469562669,0.954,4.75003782124843,3.147515455326172,0.5548610833713561,0.5791138875836422,1.1099070260002009,0.8266821815450328,0.8270099656221259,95.784,3.460984234553482,0.3216385959496914,0.43593795983609823,40,10
grid,dgp2,600,20,500,5,9,0.14568917948518867,GBM,0.6504380177117864,0.5817482518116064,0.05175792029293783,0.954,4.73410996793327,3.1767167102156146,1.9434444633964416,0.05224304244882794,0.13775105800004894,0.8266821815450328,0.8270099656221259,95.784,3.460984234553482,0.3216385959496914,0.43593795983609823,40,10
grid,dgp2,600,20,500,5,9,0.14568917948518867,RF-tuned,0.6265208567956374,0.5674154489205084,0.02600939590273804,0.952,4.665849294125587,3.1156773972696383,-2.570073938841033,0.01031165999945574,5.535583663000125,0.8266821815450328,0.8270099656221259,95.784,3.460984234553482,0.3216385959496914,0.43593795983609823,40,10
grid,dgp2,600,20,500,5,9,0.14568917948518867,SSRF-tuned,0.6298407081789825,0.5696102980167173,0.02760312912299512,0.95,4.676209879947804,3.08247873337038,-2.0781464984464963,0.0379507252766401,8.379169345999799,0.8266821815450328,0.8270099656221259,95.784,3.460984234553482,0.3216385959496914,0.43593795983609823,40,10
grid,dgp2,1200,20,10,5,0,0.15319661971959597,RF,0.743515919009958,0.6118235891900312,0.07023447692234858,0.935,4.963431504913538,3.154696850907384,3.546478051331231,0.00040547713462277615,0.12016968599982647,0.84005149262403,0.8388285171314047,190.9,3.4374017211564736,0.27087551442848035,0.4059087644065583,40,10
grid,dgp2,1200,20,10,5,0,0.15319661971959597,SSRF,0.7324762870783936,0.6047113426303612,0.059304235060089486,0.9333333333333333,4.9415746713993505,3.091077089106149,-2.5647805232792487,0.010444967469512139,0.12016968599982647,0.84005149262403,0.8388285171314047,190.9,3.4374017211564736,0.27087551442848035,0.4059087644065583,40,10
grid,dgp2,1200,20,10,5,0,0.15319661971959597,SSRF-JS,0.7341702622221228,0.6055738169415205,0.060300263619699424,0.935,4.940765361528475,3.1134155549426272,,,0.12016968599982647,0.84005149262403,0.8388285171314047,190.9,3.4374017211564736,0.27087551442848035,0.4059087644065583,40,10
grid,dgp2,1200,20,10,5,0,0.15319661971959597,RF-H,0.7198065050034402,0.5955620380843304,0.06063650174576471,0.9316666666666666,4.915758566869703,3.1488192453192436,-1.1845077262218657,0.23644688418212048,0.05024986300031742,0.84005149262403,0.8388285171314047,190.9,3.4374017211564736,0.27087551442848035,0.4059087644065583,40,10
grid,dgp2,1200,20,10,5,0,0.15319661971959597,SSRF-H,0.7603877632303679,0.6226263228443175,0.08524076166438688,0.935,4.980272539765432,3.2884433849955204,2.1072531883585888,0.035302866002577024,0.05024986300031742,0.84005149262403,0.8388285171314047,190.9,3.4374017211564736,0.27087551442848035,0.4059087644065583,40,10
grid,dgp2,1200,20,10,5,0,0.15319661971959597,SSRF-JS-H,0.7601215109540023,0.6225640040826609,0.08507387500745821,0.935,4.976610455554349,3.2792299662505333,2.0895375114498873,0.036869709106607196,0.05024986300031742,0.84005149262403,0.8388285171314047,190.9,3.4374017211564736,0.27087551442848035,0.4059087644065583,40,10
grid,dgp2,1200,20,10,5,0,0.15319661971959597,SSRF-rob,0.7383660142323485,0.6083885017635176,0.064670642427594,0.935,4.968219241637885,3.0810931810856217,3.1635802155471953,0.0015975679305594906,0.15050468099980208,0.84005149262403,0.8388285171314047,190.9,3.4374017211564736,0.27087551442848035,0.4059087644065583,40,10
grid,dgp2,1200,20,10,5,0,0.15319661971959597,RidgeRF,0.7379660992883066,0.6115030822293064,0.0776518848664084,0.9566666666666667,4.753169745686241,3.4911343544380316,0.26637028259899254,0.7899998493883796,0.11111189499979446,0.84005149262403,0.8388285171314047,190.9,3.4374017211564736,0.27087551442848035,0.4059087644065583,40,10
grid,dgp2,1200,20,10,5,0,0.15319661971959597,LassoRF,0.7027252330759002,0.5882676930310331,0.04223045952365035,0.95,4.745491999042933,3.215529388121347,-2.593471363647879,0.009616973423415803,0.142403879000085,0.84005149262403,0.8388285171314047,190.9,3.4374017211564736,0.27087551442848035,0.4059087644065583,40,10
grid,dgp2,1200,20,10,5,0,0.15319661971959597,GBM,0.7258042045796615,0.5948078903563762,0.052457113139425596,0.94,4.871294676303891,3.1823973533274104,-0.5496903896583657,0.5826341192635447,0.5612997950001954,0.84005149262403,0.8388285171314047,190.9,3.4374017211564736,0.27087551442848035,0.4059087644065583,40,10
grid,dgp2,1200,20,10,5,0,0.15319661971959597,RF-tuned,0.689944738640032,0.5788183727415692,0.028476189646698433,0.945,4.752394869482559,3.2382201511419235,-4.468701248980284,8.61368921756303e-06,7.103769057000136,0.84005149262403,0.8388285171314047,190.9,3.4374017211564736,0.27087551442848035,0.4059087644065583,40,10
grid,dgp2,1200,20,10,5,0,0.15319661971959597,SSRF-tuned,0.6944035830463839,0.5785611361882356,0.02953905948607073,0.9566666666666667,4.762528480468421,3.3790850445241536,-4.370371735200011,1.3477276182813994e-05,7.222640155000136,0.84005149262403,0.8388285171314047,190.9,3.4374017211564736,0.27087551442848035,0.4059087644065583,40,10
grid,dgp2,1200,20,500,5,0,0.15319661971959597,RF,0.6948512934625409,0.5788555772811085,0.02717699759659015,0.95,5.323724302552774,3.285764230821442,-0.9600560708936874,0.3372205535673655,6.2957778820000385,0.8445236085686406,0.843441913131679,191.08,3.462844878879628,0.26801195035057823,0.4126105130935092,40,10
grid,dgp2,1200,20,500,5,0,0.15319661971959597,SSRF,0.6968200174147801,0.5803813455057585,0.027590774379182777,0.9516666666666667,5.329110012699919,3.3118527767755674,-0.3909984566512296,0.6958678424767779,6.2957778820000385,0.8445236085686406,0.843441913131679,191.08,3.462844878879628,0.26801195035057823,0.4126105130935092,40,10
grid,dgp2,1200,20,500,5,0,0.15319661971959597,SSRF-JS,0.6968629630319727,0.5802916602868778,0.027598234819130714,0.9516666666666667,5.329851394853719,3.3082508430966517,,,6.2957778820000385,0.8445236085686406,0.843441913131679,191.08,3.462844878879628,0.26801195035057823,0.4126105130935092,40,10
grid,dgp2,1200,20,500,5,0,0.15319661971959597,RF-H,0.7053951506851627,0.5861947222932499,0.03622679047703937,0.9566666666666667,5.349744139040718,3.315705919427565,2.038325468620382,0.04173644923172866,2.092166009000266,0.8445236085686406,0.843441913131679,191.08,3.462844878879628,0.26801195035057823,0.4126105130935092,40,10
grid,dgp2,1200,20,500,5,0,0.15319661971959597,SSRF-H,0.7590363354136958,0.6228007547588649,0.08261173542891281,0.9583333333333334,5.457492786702044,3.4487673073941534,6.272991509510337,4.936056749159196e-10,2.092166009000266,0.8445236085686406,0.843441913131679,191.08,3.462844878879628,0.26801195035057823,0.4126105130935092,40,10
grid,dgp2,1200,20,500,5,0,0.15319661971959597,SSRF-JS-H,0.7590983257576727,0.6227241357195322,0.08245941280059273,0.9583333333333334,5.457450885967136,3.442025678811674,6.28961748564683,4.450507011143911e-10,2.092166009000266,0.8445236085686406,0.843441913131679,191.08,3.462844878879628,0.26801195035057823,0.4126105130935092,40,10
grid,dgp2,1200,20,500,5,0,0.15319661971959597,SSRF-rob,0.6953816583408617,0.5791051109487718,0.026886955541102715,0.95,5.324948350970903,3.2965992274054163,-1.4122020358021066,0.15814996456288613,7.291527512999892,0.8445236085686406,0.843441913131679,191.08,3.462844878879628,0.26801195035057823,0.4126105130935092,40,10
grid,dgp2,1200,20,500,5,0,0.15319661971959597,RidgeRF,0.7063036870853029,0.5866104119035572,0.04219382804408268,0.9533333333333334,5.384654070843472,3.3918843864096564,1.3345553403400667,0.18227529800496997,4.043869854999684,0.8445236085686406,0.843441913131679,191.08,3.462844878879628,0.26801195035057823,0.4126105130935092,40,10
grid,dgp2,1200,20,500,5,0,0.15319661971959597,LassoRF,0.6845125651426004,0.5772391076956598,0.02514274702429698,0.95,5.2957403592900265,3.156958524699388,-1.889543952659289,0.05906005818899236,1.3763413029996627,0.8445236085686406,0.843441913131679,191.08,3.462844878879628,0.26801195035057823,0.4126105130935092,40,10
grid,dgp2,1200,20,500,5,0,0.15319661971959597,GBM,0.7258042045796615,0.5948078903563762,0.052457113139425596,0.955,5.430965949977631,3.439637203284147,2.4012525149408934,0.016490569617621263,0.5309492850001334,0.8445236085686406,0.843441913131679,191.08,3.462844878879628,0.26801195035057823,0.4126105130935092,40,10
grid,dgp2,1200,20,500,5,0,0.15319661971959597,RF-tuned,0.6834713984363526,0.5720327291940599,0.018536800634127257,0.9516666666666667,5.318884398494231,3.2552013294313227,-2.987476007635193,0.0028701103319528085,9.765022948000023,0.8445236085686406,0.843441913131679,191.08,3.462844878879628,0.26801195035057823,0.4126105130935092,40,10
grid,dgp2,1200,20,500,5,0,0.15319661971959597,SSRF-tuned,0.6875474677706986,0.5748621413357133,0.020529104083459645,0.9533333333333334,5.319170299398347,3.25846182189136,-2.3764616735602426,0.017635873098081865,15.55852171000015,0.8445236085686406,0.843441913131679,191.08,3.462844878879628,0.26801195035057823,0.4126105130935092,40,10
grid,dgp2,1200,20,10,5,1,0.154671231843534,RF,0.8382002130898775,0.6265719567378208,0.06717776023651396,0.9666666666666667,4.388459689535339,3.716678358913335,2.93419639252393,0.003407780518446812,0.1280293059999167,0.8527338153520632,0.8517442637102717,192.3,3.4290195391306377,0.26042180214183797,0.4324304870312813,20,10
grid,dgp2,1200,20,10,5,1,0.154671231843534,SSRF,0.8294193073411281,0.6207434049863212,0.056796920295082445,0.965,4.422226564117801,3.779242295237068,-0.12195818675001018,0.9029525697258528,0.1280293059999167,0.8527338153520632,0.8517442637102717,192.3,3.4290195391306377,0.26042180214183797,0.4324304870312813,20,10
grid,dgp2,1200,20,10,5,1,0.154671231843534,SSRF-JS,0.8294808765045892,0.6210023916081691,0.057598805875176955,0.965,4.415793002022675,3.7686493476106193,,,0.1280293059999167,0.8527338153520632,0.8517442637102717,192.3,3.4290195391306377,0.26042180214183797,0.4324304870312813,20,10
grid,dgp2,1200,20,10,5,1,0.154671231843534,RF-H,0.8345219654316294,0.6218589485100575,0.0643992626108341,0.9583333333333334,4.53377167931686,3.7484129514221753,0.37864822131845366,0.7050161433252903,0.04758883300019079,0.8527338153520632,0.8517442637102717,192.3,3.4290195391306377,0.26042180214183797,0.4324304870312813,20,10
grid,dgp2,1200,20,10,5,1,0.154671231843534,SSRF-H,0.85265592386957,0.6304197822109353,0.07811169800838298,0.96,4.551121979137083,3.7179568270701795,1.610793737104973,0.10748788953333174,0.04758883300019079,0.8527338153520632,0.8517442637102717,192.3,3.4290195391306377,0.26042180214183797,0.4324304870312813,20,10
grid,dgp2,1200,20,10,5,1,0.154671231843534,SSRF-JS-H,0.8521159685196237,0.6310448503081623,0.07805554656145183,0.9616666666666667,4.559984820425132,3.7458446396584577,1.5681799882152077,0.1171029900276636,0.04758883300019079,0.8527338153520632,0.8517442637102717,192.3,3.4290195391306377,0.26042180214183797,0.4324304870312813,20,10
grid,dgp2,1200,20,10,5,1,0.154671231843534,SSRF-rob,0.8326691480538223,0.6230188547047439,0.061280533514039275,0.9666666666666667,4.396615409667602,3.732958174700922,2.391034597937885,0.016954451360396906,0.1499460539998836,0.8527338153520632,0.8517442637102717,192.3,3.4290195391306377,0.26042180214183797,0.4324304870312813,20,10
grid,dgp2,1200,20,10,5,1,0.154671231843534,RidgeRF,0.8409320037002915,0.6242172910629842,0.07162091245671572,0.9633333333333334,4.534533950180381,3.7485544651982545,0.7379220189682101,0.4607062329624651,0.46578591699972094,0.8527338153520632,0.8517442637102717,192.3,3.4290195391306377,0.26042180214183797,0.4324304870312813,20,10
grid,dgp2,1200,20,10,5,1,0.154671231843534,LassoRF,0.826050854249541,0.6195825917851933,0.04986387759253967,0.9616666666666667,4.515642749730359,3.6320781911423863,-0.2864870927661536,0.7745545718781693,0.09849749800014251,0.8527338153520632,0.8517442637102717,192.3,3.4290195391306377,0.26042180214183797,0.4324304870312813,20,10
grid,dgp2,1200,20,10,5,1,0.154671231843534,GBM,0.8263614313298325,0.6111306932517852,0.03858648368962734,0.9583333333333334,4.532151859328842,3.587863119185315,-0.27860007891162797,0.7805997922906279,0.8394153259996529,0.8527338153520632,0.8517442637102717,192.3,3.4290195391306377,0.26042180214183797,0.4324304870312813,20,10
grid,dgp2,1200,20,10,5,1,0.154671231843534,RF-tuned,0.806367922568421,0.6036534003272925,0.031109578925057838,0.96,4.496458490860958,3.8036131044763017,-2.1283196231221613,0.03351405239298609,7.114723723999759,0.8527338153520632,0.8517442637102717,192.3,3.4290195391306377,0.26042180214183797,0.4324304870312813,20,10
grid,dgp2,1200,20,10,5,1,0.154671231843534,SSRF-tuned,0.815780178952695,0.6114458022713328,0.0391791445000128,0.96,4.467895049349171,3.653860129464868,-1.3547228207377573,0.17576108976852706,7.196126158999505,0.8527338153520632,0.8517442637102717,192.3,3.4290195391306377,0.26042180214183797,0.4324304870312813,20,10
grid,dgp2,1200,20,500,5,1,0.154671231843534,RF,0.798854138417995,0.5963797512380837,0.026482097331911255,0.96,5.155234047786076,3.5488175092172005,-0.4482660604594774,0.6540421817287165,5.56875315499974,0.8537299698128579,0.8528278197678288,191.294,3.456715657900734,0.25096562978163867,0.4167907503177521,20,10
grid,dgp2,1200,20,500,5,1,0.154671231843534,SSRF,0.7999442987240148,0.5975469659993315,0.027214918883748045,0.9583333333333334,5.171716968328127,3.5806858042102507,-0.671944622649574,0.5017484017143508,5.56875315499974,0.8537299698128579,0.8528278197678288,191.294,3.456715657900734,0.25096562978163867,0.4167907503177521,20,10
grid,dgp2,1200,20,500,5,1,0.154671231843534,SSRF-JS,0.8000501661202342,0.5975219253018619,0.027208078685137006,0.9583333333333334,5.171480163961313,3.5809565703585093,,,5.56875315499974,0.8537299698128579,0.8528278197678288,191.294,3.456715657900734,0.25096562978163867,0.4167907503177521,20,10
grid,dgp2,1200,20,500,5,1,0.154671231843534,RF-H,0.8131300985821301,0.6068185421873994,0.03863273369007723,0.96,5.234764948121897,3.6788769322498607,1.9040384079010415,0.05714437158508867,2.2261166009998306,0.8537299698128579,0.8528278197678288,191.294,3.456715657900734,0.25096562978163867,0.4167907503177521,20,10
grid,dgp2,1200,20,500,5,1,0.154671231843534,SSRF-H,0.8580576280460143,0.6351411323847745,0.08285274996735083,0.9633333333333334,5.315202988899449,3.807162229753972,4.242802725051324,2.3774914426571433e-05,2.2261166009998306,0.8537299698128579,0.8528278197678288,191.294,3.456715657900734,0.25096562978163867,0.4167907503177521,20,10
grid,dgp2,1200,20,500,5,1,0.154671231843534,SSRF-JS-H,0.857939265839893,0.6350939035464118,0.0827823189403981,0.9633333333333334,5.315704890184761,3.813264207246007,4.223414966562976,2.5883303540155518e-05,2.2261166009998306,0.8537299698128579,0.8528278197678288,191.294,3.456715657900734,0.25096562978163867,0.4167907503177521,20,10
grid,dgp2,1200,20,500,5,1,0.154671231843534,SSRF-rob,0.7990893320878253,0.596723712113141,0.02646972682618839,0.9583333333333334,5.164220318452443,3.566809720213843,-0.8069581030325863,0.41985066147601413,7.056711864000135,0.8537299698128579,0.8528278197678288,191.294,3.456715657900734,0.25096562978163867,0.4167907503177521,20,10
grid,dgp2,1200,20,500,5,1,0.154671231843534,RidgeRF,0.8090841480944179,0.606146119918312,0.03770095767355619,0.9583333333333334,5.175013897813432,3.49924653791043,1.3955923418393175,0.1630956817743581,4.035119110999858,0.8537299698128579,0.8528278197678288,191.294,3.456715657900734,0.25096562978163867,0.4167907503177521,20,10
grid,dgp2,1200,20,500,5,1,0.154671231843534,LassoRF,0.8030783548287473,0.6012454580061644,0.02924216370720077,0.9616666666666667,5.224823438083491,3.632716641302294,0.6183962276371131,0.5364316364952244,1.557544135000171,0.8537299698128579,0.8528278197678288,191.294,3.456715657900734,0.25096562978163867,0.4167907503177521,20,10
grid,dgp2,1200,20,500,5,1,0.154671231843534,GBM,0.8263614313298325,0.6111306932517852,0.03858648368962734,0.9566666666666667,5.289053317740024,3.554679339109057,3.489440632486984,0.0005015917735563012,0.757090937999692,0.8537299698128579,0.8528278197678288,191.294,3.456715657900734,0.25096562978163867,0.4167907503177521,20,10
grid,dgp2,1200,20,500,5,1,0.154671231843534,RF-tuned,0.7963489111890234,0.5971587123942731,0.020012443154593607,0.96,5.197097160024559,3.6075136543319393,-1.1539021884124399,0.24877022379972302,10.420138962999772,0.8537299698128579,0.8528278197678288,191.294,3.456715657900734,0.25096562978163867,0.4167907503177521,20,10
grid,dgp2,1200,20,500,5,1,0.154671231843534,SSRF-tuned,0.7978018137811091,0.5979903290993173,0.0220855043318243,0.96,5.192499003082909,3.6386370023253645,-0.8468817804064389,0.3972300189175484,16.88207924399967,0.8537299698128579,0.8528278197678288,191.294,3.456715657900734,0.25096562978163867,0.4167907503177521,20,10
grid,dgp2,1200,20,10,5,2,0.17303263039948366,RF,0.8419856700582259,0.6423151715767352,0.06570653714704919,0.9233333333333333,5.7551900848547985,3.130847743541772,2.901628437838914,0.0037801222117717467,0.12044672699994408,0.8547707153748234,0.8539155404529616,189.5,3.4584731136053093,0.2312396006497664,0.3876013932887191,40,10
grid,dgp2,1200,20,10,5,2,0.17303263039948366,SSRF,0.8349599268129995,0.6373009369430885,0.056539747577264425,0.9266666666666666,5.727234173560049,3.1101241497076484,-0.43035886541989204,0.667011954988578,0.12044672699994408,0.8547707153748234,0.8539155404529616,189.5,3.4584731136053093,0.2312396006497664,0.3876013932887191,40,10
grid,dgp2,1200,20,10,5,2,0.17303263039948366,SSRF-JS,0.8351960464334197,0.637433608915491,0.05699990509581028,0.9283333333333333,5.73011330538458,3.1058343670301,,,0.12044672699994408,0.8547707153748234,0.8539155404529616,189.5,3.4584731136053093,0.2312396006497664,0.3876013932887191,40,10
grid,dgp2,1200,20,10,5,2,0.17303263039948366,RF-H,0.848637983142281,0.6382587264572752,0.058711146792110196,0.9316666666666666,5.748041085117655,3.108112528215137,1.0650252879613047,0.28707890987600776,0.04657962600003884,0.8547707153748234,0.8539155404529616,189.5,3.4584731136053093,0.2312396006497664,0.3876013932887191,40,10
grid,dgp2,1200,20,10,5,2,0.17303263039948366,SSRF-H,0.8669626684637812,0.6506201770894113,0.07791147838701896,0.935,5.769832439550397,3.202992753827275,2.484529109035294,0.013107941446024172,0.04657962600003884,0.8547707153748234,0.8539155404529616,189.5,3.4584731136053093,0.2312396006497664,0.3876013932887191,40,10
grid,dgp2,1200,20,10,5,2,0.17303263039948366,SSRF-JS-H,0.8675227409579676,0.6517458482647883,0.0785261954472288,0.935,5.768487526471245,3.1926546529026116,2.5130022514996235,0.0121011929241137,0.04657962600003884,0.8547707153748234,0.8539155404529616,189.5,3.4584731136053093,0.2312396006497664,0.3876013932887191,40,10
grid,dgp2,1200,20,10,5,2,0.17303263039948366,SSRF-rob,0.837578620492237,0.6392465829979046,0.06023620751969448,0.9233333333333333,5.747236948233384,3.1018095194093216,2.3581870186182186,0.018524270029223404,0.1381771179999305,0.8547707153748234,0.8539155404529616,189.5,3.4584731136053093,0.2312396006497664,0.3876013932887191,40,10
grid,dgp2,1200,20,10,5,2,0.17303263039948366,RidgeRF,0.8482601935818395,0.6381446097686276,0.06449063193030845,0.9266666666666666,5.79167046764557,3.077664691911224,0.9004238153261315,0.3680755651241221,0.4693832520001706,0.8547707153748234,0.8539155404529616,189.5,3.4584731136053093,0.2312396006497664,0.3876013932887191,40,10
grid,dgp2,1200,20,10,5,2,0.17303263039948366,LassoRF,0.823748194423529,0.6273983574851159,0.053735226413372576,0.93,5.581403066456396,3.1000007381603716,-0.8672091487613941,0.3860009423455639,0.12986671699991348,0.8547707153748234,0.8539155404529616,189.5,3.4584731136053093,0.2312396006497664,0.3876013932887191,40,10
grid,dgp2,1200,20,10,5,2,0.17303263039948366,GBM,0.7951191852210879,0.6054475896085763,0.0275805363238381,0.925,5.704934293542585,2.972352764135788,-3.7685749351557343,0.00017216616408646595,0.5033169040002576,0.8547707153748234,0.8539155404529616,189.5,3.4584731136053093,0.2312396006497664,0.3876013932887191,40,10
grid,dgp2,1200,20,10,5,2,0.17303263039948366,RF-tuned,0.7961397296773361,0.6075671507456327,0.022735547164744237,0.9266666666666666,5.637272080881807,3.021183299609984,-3.7338417169481155,0.00019743181101165557,6.78314513999976,0.8547707153748234,0.8539155404529616,189.5,3.4584731136053093,0.2312396006497664,0.3876013932887191,40,10
grid,dgp2,1200,20,10,5,2,0.17303263039948366,SSRF-tuned,0.794932422479888,0.6095216073280487,0.02391778719993363,0.925,5.686384579156887,2.9610992258989226,-4.12473433065726,3.967611985857649e-05,6.9014004269993166,0.8547707153748234,0.8539155404529616,189.5,3.4584731136053093,0.2312396006497664,0.3876013932887191,40,10
grid,dgp2,1200,20,500,5,2,0.17303263039948366,RF,0.7958751281674292,0.6114557683362404,0.02577990872653282,0.9216666666666666,5.537182936251273,2.879573805239428,-1.8026745248265752,0.07169036916138444,6.0888758099999905,0.8588716392392224,0.8580561796031085,191.054,3.4650459401568114,0.22951031488676096,0.3965578845429708,40,10
grid,dgp2,1200,20,500,5,2,0.17303263039948366,SSRF,0.7993900604421799,0.6126588042159727,0.026299714336968857,0.9266666666666666,5.521092481782936,2.920316088453366,0.347042720265478,0.7286201263966645,6.0888758099999905,0.8588716392392224,0.8580561796031085,191.054,3.4650459401568114,0.22951031488676096,0.3965578845429708,40,10
grid,dgp2,1200,20,500,5,2,0.17303263039948366,SSRF-JS,0.7993549267528282,0.612708641313562,0.02634164296297009,0.9266666666666666,5.5220358411395685,2.9185150703557756,,,6.0888758099999905,0.8588716392392224,0.8580561796031085,191.054,3.4650459401568114,0.22951031488676096,0.3965578845429708,40,10
grid,dgp2,1200,20,500,5,2,0.17303263039948366,RF-H,0.8152935891125455,0.6191449233278414,0.033672322123609794,0.9283333333333333,5.503626001512928,3.0263695788375995,2.986407341614884,0.0028800851624764894,2.1086142519998248,0.8588716392392224,0.8580561796031085,191.054,3.4650459401568114,0.22951031488676096,0.3965578845429708,40,10
grid,dgp2,1200,20,500,5,2,0.17303263039948366,SSRF-H,0.8661376332389642,0.6499145806650409,0.07735055860151047,0.9383333333333334,5.536172510849658,3.2206894383361258,6.441831058331791,1.705185132537762e-10,2.1086142519998248,0.8588716392392224,0.8580561796031085,191.054,3.4650459401568114,0.22951031488676096,0.3965578845429708,40,10
grid,dgp2,1200,20,500,5,2,0.17303263039948366,SSRF-JS-H,0.8657478950573045,0.6495945330766036,0.07709403200107653,0.9383333333333334,5.533507900006532,3.2317630415317313,6.411957677479958,2.0617698413025476e-10,2.1086142519998248,0.8588716392392224,0.8580561796031085,191.054,3.4650459401568114,0.22951031488676096,0.3965578845429708,40,10
grid,dgp2,1200,20,500,5,2,0.17303263039948366,SSRF-rob,0.7974815997587409,0.6118832291241489,0.025732868885958694,0.9233333333333333,5.53816678548956,2.882158598129969,-2.2530443195395833,0.024436504350935577,7.026566205000108,0.8588716392392224,0.8580561796031085,191.054,3.4650459401568114,0.22951031488676096,0.3965578845429708,40,10
grid,dgp2,1200,20,500,5,2,0.17303263039948366,RidgeRF,0.8174076778584426,0.6194114590097503,0.03772091630346018,0.9283333333333333,5.525597315156773,2.964954726311603,2.3286165205355513,0.020044950601832447,3.9630658190003487,0.8588716392392224,0.8580561796031085,191.054,3.4650459401568114,0.22951031488676096,0.3965578845429708,40,10
grid,dgp2,1200,20,500,5,2,0.17303263039948366,LassoRF,0.7949271780704977,0.609235347770743,0.025307159793984485,0.9283333333333333,5.433841852490367,2.9747861984834754,-0.8452448002714217,0.3981428084976462,2.449402635000297,0.8588716392392224,0.8580561796031085,191.054,3.4650459401568114,0.22951031488676096,0.3965578845429708,40,10
grid,dgp2,1200,20,500,5,2,0.17303263039948366,GBM,0.7951191852210879,0.6054475896085763,0.0275805363238381,0.9216666666666666,5.503237818247981,2.889846483764717,-0.6424464101808045,0.5207061943670168,0.6803565380000691,0.8588716392392224,0.8580561796031085,191.054,3.4650459401568114,0.22951031488676096,0.3965578845429708,40,10
grid,dgp2,1200,20,500,5,2,0.17303263039948366,RF-tuned,0.791714237896948,0.6060873544565489,0.016275312765367745,0.92,5.5039514864885675,2.8982328680353144,-1.6619660847152817,0.09678097127690716,9.970045858000049,0.8588716392392224,0.8580561796031085,191.054,3.4650459401568114,0.22951031488676096,0.3965578845429708,40,10
grid,dgp2,1200,20,500,5,2,0.17303263039948366,SSRF-tuned,0.7928375864763728,0.6074982948408604,0.018561212204890723,0.9166666666666666,5.5510737347935075,2.829031885139143,-1.8880750263929014,0.05925714607610413,15.553474017999633,0.8588716392392224,0.8580561796031085,191.054,3.4650459401568114,0.22951031488676096,0.3965578845429708,40,10
grid,dgp2,1200,20,10,5,3,0.13962205474374254,RF,0.7126014010672183,0.6097066619843242,0.0682989595532546,0.9383333333333334,5.266376925416859,3.3709732929585434,2.6345437944480583,0.008533596514986,0.13025108100009675,0.8164156723222782,0.81473701117811,193.4,3.409665119107853,0.32023692194277786,0.406036683910959,10,6
grid,dgp2,1200,20,10,5,3,0.13962205474374254,SSRF,0.7037295351615657,0.6031993792635842,0.05377121457014607,0.9283333333333333,5.324222589550374,3.2756500427064377,-0.9289576050448822,0.35309803329176026,0.13025108100009675,0.8164156723222782,0.81473701117811,193.4,3.409665119107853,0.32023692194277786,0.406036683910959,10,6
grid,dgp2,1200,20,10,5,3,0.13962205474374254,SSRF-JS,0.7043507149291797,0.6037123016467557,0.054597859200085024,0.9283333333333333,5.311149845951834,3.295571126463776,,,0.13025108100009675,0.8164156723222782,0.81473701117811,193.4,3.409665119107853,0.32023692194277786,0.406036683910959,10,6
grid,dgp2,1200,20,10,5,3,0.13962205474374254,RF-H,0.7580794043020647,0.6281974359548697,0.07871834634228544,0.9233333333333333,5.617622497514827,3.2423985876786605,4.03606567756643,5.779942293643836e-05,0.04760435099979077,0.8164156723222782,0.81473701117811,193.4,3.409665119107853,0.32023692194277786,0.406036683910959,10,6
grid,dgp2,1200,20,10,5,3,0.13962205474374254,SSRF-H,0.7576125229784982,0.6258698783333775,0.07919526375505723,0.9233333333333333,5.652202509020632,3.1720224627676536,4.105305780739161,4.311197719521866e-05,0.04760435099979077,0.8164156723222782,0.81473701117811,193.4,3.409665119107853,0.32023692194277786,0.406036683910959,10,6
grid,dgp2,1200,20,10,5,3,0.13962205474374254,SSRF-JS-H,0.7568688501067465,0.6260186043294979,0.0805452928458199,0.9216666666666666,5.681588262948463,3.137839105230767,4.022564590886162,6.116867937293419e-05,0.04760435099979077,0.8164156723222782,0.81473701117811,193.4,3.409665119107853,0.32023692194277786,0.406036683910959,10,6
grid,dgp2,1200,20,10,5,3,0.13962205474374254,SSRF-rob,0.7082046222485493,0.6064068995585461,0.061380812109042136,0.94,5.27451242293433,3.3634874636105354,2.1755993940183442,0.029780026645168874,0.15146980400004395,0.8164156723222782,0.81473701117811,193.4,3.409665119107853,0.32023692194277786,0.406036683910959,10,6
grid,dgp2,1200,20,10,5,3,0.13962205474374254,RidgeRF,0.7291687931213618,0.6152199258600115,0.07351210268186487,0.9233333333333333,5.5496966121226565,3.101206783227973,1.8878746878239134,0.059284068083728395,0.45280517599985615,0.8164156723222782,0.81473701117811,193.4,3.409665119107853,0.32023692194277786,0.406036683910959,10,6
grid,dgp2,1200,20,10,5,3,0.13962205474374254,LassoRF,0.7052367862144249,0.6022735650863407,0.048168938580017966,0.91,5.500055299061306,3.0510426930208427,0.07340958512106474,0.9414924346003755,0.0972005150001678,0.8164156723222782,0.81473701117811,193.4,3.409665119107853,0.32023692194277786,0.406036683910959,10,6
grid,dgp2,1200,20,10,5,3,0.13962205474374254,GBM,0.7289614473384719,0.6095771797815982,0.04865577029726649,0.9333333333333333,5.405025821505817,3.3611086130403303,1.988499500885004,0.04698350612279991,0.6347324739999749,0.8164156723222782,0.81473701117811,193.4,3.409665119107853,0.32023692194277786,0.406036683910959,10,6
grid,dgp2,1200,20,10,5,3,0.13962205474374254,RF-tuned,0.7394930144656271,0.6163029069829581,0.05764248501166903,0.925,5.506490857748102,3.3038723066172118,3.139284372524908,0.0017349606404546646,6.944901568000205,0.8164156723222782,0.81473701117811,193.4,3.409665119107853,0.32023692194277786,0.406036683910959,10,6
grid,dgp2,1200,20,10,5,3,0.13962205474374254,SSRF-tuned,0.7080550684172827,0.6011623703404542,0.04858481498996554,0.9166666666666666,5.388522551598424,3.2075726502524553,0.35146814818384975,0.7252989171069997,7.059150554000098,0.8164156723222782,0.81473701117811,193.4,3.409665119107853,0.32023692194277786,0.406036683910959,10,6
grid,dgp2,1200,20,500,5,3,0.13962205474374254,RF,0.6968670082310752,0.5917950186056584,0.029186877681031984,0.96,4.93337336891089,3.702943699621353,-1.5607727597595062,0.11884126702546927,6.298574963999727,0.818353359067886,0.8167220605960499,191.45,3.4580998325957917,0.33292524142747015,0.4240358098939066,10,6
grid,dgp2,1200,20,500,5,3,0.13962205474374254,SSRF,0.7002193725425706,0.5935415331918019,0.0310074251855871,0.9616666666666667,4.956442904588493,3.701724059271584,-0.5908180499581571,0.5547536890106601,6.298574963999727,0.818353359067886,0.8167220605960499,191.45,3.4580998325957917,0.33292524142747015,0.4240358098939066,10,6
grid,dgp2,1200,20,500,5,3,0.13962205474374254,SSRF-JS,0.700294171338953,0.5935647042887986,0.031050168865485415,0.9616666666666667,4.956720442882953,3.698887852631266,,,6.298574963999727,0.818353359067886,0.8167220605960499,191.45,3.4580998325957917,0.33292524142747015,0.4240358098939066,10,6
grid,dgp2,1200,20,500,5,3,0.13962205474374254,RF-H,0.7093233360769617,0.5989794817068896,0.040461175357305666,0.96,4.965816023255502,3.620120945086732,2.07211004346363,0.038468540719505645,2.135972160000165,0.818353359067886,0.8167220605960499,191.45,3.4580998325957917,0.33292524142747015,0.4240358098939066,10,6
grid,dgp2,1200,20,500,5,3,0.13962205474374254,SSRF-H,0.7568270167311494,0.6251682218700604,0.0811393520780142,0.9516666666666667,5.097336286102304,3.7062874503200978,6.253190610459817,5.582131298982661e-10,2.135972160000165,0.818353359067886,0.8167220605960499,191.45,3.4580998325957917,0.33292524142747015,0.4240358098939066,10,6
grid,dgp2,1200,20,500,5,3,0.13962205474374254,SSRF-JS-H,0.7568648027439737,0.6251249896496791,0.08107012833524099,0.9533333333333334,5.0994135932303095,3.7218797794205574,6.277690121270283,4.793821841193564e-10,2.135972160000165,0.818353359067886,0.8167220605960499,191.45,3.4580998325957917,0.33292524142747015,0.4240358098939066,10,6
grid,dgp2,1200,20,500,5,3,0.13962205474374254,SSRF-rob,0.6978335394167187,0.5921527197588746,0.029455379685391126,0.96,4.936951678108572,3.673529581699811,-1.9545098542311667,0.0508730979348335,7.119374923000123,0.818353359067886,0.8167220605960499,191.45,3.4580998325957917,0.33292524142747015,0.4240358098939066,10,6
grid,dgp2,1200,20,500,5,3,0.13962205474374254,RidgeRF,0.695475771251258,0.5946199106355115,0.038157084546482846,0.9666666666666667,4.92415927407984,3.742366726886449,-0.8311870029178297,0.40603348557891467,4.285684530000253,0.818353359067886,0.8167220605960499,191.45,3.4580998325957917,0.33292524142747015,0.4240358098939066,10,6
grid,dgp2,1200,20,500,5,3,0.13962205474374254,LassoRF,0.6861641354789019,0.5849965845027115,0.026322389302998975,0.955,4.950922443749668,3.6145287827997374,-2.551556384360422,0.010847550826746256,1.5692952610002067,0.818353359067886,0.8167220605960499,191.45,3.4580998325957917,0.33292524142747015,0.4240358098939066,10,6
grid,dgp2,1200,20,500,5,3,0.13962205474374254,GBM,0.7289614473384719,0.6095771797815982,0.04865577029726649,0.955,4.973290913538055,3.6809792240697803,2.879508970029474,0.004053727083882212,0.6208757559998048,0.818353359067886,0.8167220605960499,191.45,3.4580998325957917,0.33292524142747015,0.4240358098939066,10,6
grid,dgp2,1200,20,500,5,3,0.13962205474374254,RF-tuned,0.6931059072573905,0.5903151405039643,0.026474577953582303,0.96,4.91499881856226,3.6390187084332775,-2.7606295893109447,0.005856963757010038,10.126050890999977,0.818353359067886,0.8167220605960499,191.45,3.4580998325957917,0.33292524142747015,0.4240358098939066,10,6
grid,dgp2,1200,20,500,5,3,0.13962205474374254,SSRF-tuned,0.6989831703850888,0.592390900798477,0.02964524409778015,0.9583333333333334,4.941615999403039,3.6614693382671417,-0.8074532593582725,0.4195655443684559,15.859842066000056,0.818353359067886,0.8167220605960499,191.45,3.4580998325957917,0.33292524142747015,0.4240358098939066,10,6
grid,dgp2,1200,20,10,5,4,0.15778424157246368,RF,0.6548438822716992,0.5861998723843516,0.06484360885572564,0.9583333333333334,4.295083039393222,3.422443325971773,3.793129170922712,0.00015617732414074646,0.11592219599970122,0.840849434369116,0.8397525190233027,192.1,3.457013846297534,0.2819743526742676,0.42211981176803476,40,10
grid,dgp2,1200,20,10,5,4,0.15778424157246368,SSRF,0.6450809643053708,0.581973891524671,0.05373895435900167,0.9533333333333334,4.296869154725642,3.4572799762525324,-0.9320405435624906,0.3515032077820046,0.11592219599970122,0.840849434369116,0.8397525190233027,192.1,3.457013846297534,0.2819743526742676,0.42211981176803476,40,10
grid,dgp2,1200,20,10,5,4,0.15778424157246368,SSRF-JS,0.6456976341660464,0.5825286361774581,0.054816937577952154,0.955,4.294394219764112,3.479104477026346,,,0.11592219599970122,0.840849434369116,0.8397525190233027,192.1,3.457013846297534,0.2819743526742676,0.42211981176803476,40,10
grid,dgp2,1200,20,10,5,4,0.15778424157246368,RF-H,0.67471973687825,0.6012432527604131,0.0689154266572871,0.9616666666666667,4.384565122593902,3.484352522643071,2.493727996392112,0.012774863949696715,0.04588770999998815,0.840849434369116,0.8397525190233027,192.1,3.457013846297534,0.2819743526742676,0.42211981176803476,40,10
grid,dgp2,1200,20,10,5,4,0.15778424157246368,SSRF-H,0.6776295290442651,0.6075646022960715,0.08102431698759852,0.95,4.37814474325473,3.4119989794401198,2.7846370197435246,0.005443072053127036,0.04588770999998815,0.840849434369116,0.8397525190233027,192.1,3.457013846297534,0.2819743526742676,0.42211981176803476,40,10
grid,dgp2,1200,20,10,5,4,0.15778424157246368,SSRF-JS-H,0.6803070720097031,0.6090067447193916,0.08218523628621685,0.95,4.387017224251899,3.4488027451856427,2.9859733703836717,0.0028841448484217703,0.04588770999998815,0.840849434369116,0.8397525190233027,192.1,3.457013846297534,0.2819743526742676,0.42211981176803476,40,10
grid,dgp2,1200,20,10,5,4,0.15778424157246368,SSRF-rob,0.6495235237611483,0.5838310572801132,0.059158021625115895,0.9583333333333334,4.29342723312158,3.4486126034069002,3.140148701442811,0.0017298918540293166,0.13612955999997212,0.840849434369116,0.8397525190233027,192.1,3.457013846297534,0.2819743526742676,0.42211981176803476,40,10
grid,dgp2,1200,20,10,5,4,0.15778424157246368,RidgeRF,0.6636583265864157,0.5974909186395185,0.07400542036808133,0.9616666666666667,4.248522278713497,3.5378007845679416,1.42814701421461,0.15350996677925025,0.4726839039999504,0.840849434369116,0.8397525190233027,192.1,3.457013846297534,0.2819743526742676,0.42211981176803476,40,10
grid,dgp2,1200,20,10,5,4,0.15778424157246368,LassoRF,0.63477360211816,0.5835980405185623,0.051580800437554614,0.96,4.156017205825316,3.4629330129879237,-0.9843083796611866,0.32516248901956024,0.08908407099988835,0.840849434369116,0.8397525190233027,192.1,3.457013846297534,0.2819743526742676,0.42211981176803476,40,10
grid,dgp2,1200,20,10,5,4,0.15778424157246368,GBM,0.6310787756323216,0.5774738439696065,0.03165876865622748,0.96,4.305689292692837,3.61786356158106,-1.4808656283132626,0.1389051073582394,0.349334856999576,0.840849434369116,0.8397525190233027,192.1,3.457013846297534,0.2819743526742676,0.42211981176803476,40,10
grid,dgp2,1200,20,10,5,4,0.15778424157246368,RF-tuned,0.6115287714181786,0.5667530163249869,0.02088413158112298,0.955,4.183393465253254,3.4392798916767826,-3.7593019137641877,0.00017859596859128916,6.831128872000136,0.840849434369116,0.8397525190233027,192.1,3.457013846297534,0.2819743526742676,0.42211981176803476,40,10
grid,dgp2,1200,20,10,5,4,0.15778424157246368,SSRF-tuned,0.6140560561150621,0.5709018139511453,0.024525193941050984,0.9533333333333334,4.2317808597813915,3.325399846550777,-3.464307012387896,0.0005503646304105708,6.95045495300019,0.840849434369116,0.8397525190233027,192.1,3.457013846297534,0.2819743526742676,0.42211981176803476,40,10
grid,dgp2,1200,20,500,5,4,0.15778424157246368,RF,0.6142766419229512,0.5680697044853417,0.025318368741694616,0.9583333333333334,4.229389773311413,3.539217520054798,-1.1678946196201496,0.2430814556863254,5.788619150000159,0.8417780942079606,0.8406575894694952,191.158,3.462339690278686,0.2770549922123876,0.4177786308164218,40,10
grid,dgp2,1200,20,500,5,4,0.15778424157246368,SSRF,0.616599387739162,0.5702753345017743,0.026709687471833863,0.9566666666666667,4.2139905539442815,3.4960543579573065,0.24475155230648063,0.8066906878313899,5.788619150000159,0.8417780942079606,0.8406575894694952,191.158,3.462339690278686,0.2770549922123876,0.4177786308164218,40,10
grid,dgp2,1200,20,500,5,4,0.15778424157246368,SSRF-JS,0.6165697789230357,0.5702184128475519,0.02671498822717549,0.9566666666666667,4.2148449499819725,3.498263039192736,,,5.788619150000159,0.8417780942079606,0.8406575894694952,191.158,3.462339690278686,0.2770549922123876,0.4177786308164218,40,10
grid,dgp2,1200,20,500,5,4,0.15778424157246368,RF-H,0.6303840316924675,0.5798711752427039,0.03846650482958681,0.965,4.216235525107156,3.572997129682699,2.8835302395276465,0.004002685601996358,2.0499298720001207,0.8417780942079606,0.8406575894694952,191.158,3.462339690278686,0.2770549922123876,0.4177786308164218,40,10
grid,dgp2,1200,20,500,5,4,0.15778424157246368,SSRF-H,0.6755028235353435,0.6079091550731162,0.08143320311084061,0.9716666666666667,4.2954372162085175,3.7093013390818905,6.172463533272714,9.183979516744218e-10,2.0499298720001207,0.8417780942079606,0.8406575894694952,191.158,3.462339690278686,0.2770549922123876,0.4177786308164218,40,10
grid,dgp2,1200,20,500,5,4,0.15778424157246368,SSRF-JS-H,0.6756894445330549,0.6080290892599872,0.08148530544896865,0.9716666666666667,4.294720175990442,3.7064640037427625,6.202659460112147,7.628569694824694e-10,2.0499298720001207,0.8417780942079606,0.8406575894694952,191.158,3.462339690278686,0.2770549922123876,0.4177786308164218,40,10
grid,dgp2,1200,20,500,5,4,0.15778424157246368,SSRF-rob,0.6149819826981552,0.5689523498710558,0.025558640687295717,0.9583333333333334,4.222843960241094,3.5279086659802275,-1.617474717707188,0.106038878501708,6.599429522000264,0.8417780942079606,0.8406575894694952,191.158,3.462339690278686,0.2770549922123876,0.4177786308164218,40,10
grid,dgp2,1200,20,500,5,4,0.15778424157246368,RidgeRF,0.621192783757948,0.5737122533289262,0.03606421299911266,0.96,4.200710743103721,3.441576153841224,0.7936103535015762,0.4275793279990621,4.030048916999931,0.8417780942079606,0.8406575894694952,191.158,3.462339690278686,0.2770549922123876,0.4177786308164218,40,10
grid,dgp2,1200,20,500,5,4,0.15778424157246368,LassoRF,0.6095343112728748,0.5648305153757633,0.02519449494332298,0.955,4.175522237993282,3.2859357550283237,-1.470530863531159,0.14168040074938484,1.5526499259999582,0.8417780942079606,0.8406575894694952,191.158,3.462339690278686,0.2770549922123876,0.4177786308164218,40,10
grid,dgp2,1200,20,500,5,4,0.15778424157246368,GBM,0.6310787756323216,0.5774738439696065,0.03165876865622748,0.9616666666666667,4.281149022568345,3.631678081690329,2.2449431689556123,0.024953482502838405,0.23606601999972554,0.8417780942079606,0.8406575894694952,191.158,3.462339690278686,0.2770549922123876,0.4177786308164218,40,10
grid,dgp2,1200,20,500,5,4,0.15778424157246368,RF-tuned,0.6023469408268158,0.5617674274932887,0.01513120871331178,0.96,4.188229913362651,3.476025524789576,-3.9797571916118373,7.312520997788788e-05,9.508941183999923,0.8417780942079606,0.8406575894694952,191.158,3.462339690278686,0.2770549922123876,0.4177786308164218,40,10
grid,dgp2,1200,20,500,5,4,0.15778424157246368,SSRF-tuned,0.6056438102745725,0.56399655674555,0.017841679964324144,0.9583333333333334,4.1909664524549015,3.4927860816990064,-3.7395178041721184,0.00019307737438960712,14.933907369999815,0.8417780942079606,0.8406575894694952,191.158,3.462339690278686,0.2770549922123876,0.4177786308164218,40,10
grid,dgp2,1200,20,10,5,5,0.14997059681393785,RF,0.7197947661005171,0.6152580365722904,0.07720088485901977,0.9616666666666667,4.893894096427757,3.3534833354420495,4.554107491732574,5.79725139373385e-06,0.12838097099984225,0.8422036890330805,0.8410715205443807,191.1,3.4696911626910394,0.2678957157285958,0.40457258053526457,40,10
grid,dgp2,1200,20,10,5,5,0.14997059681393785,SSRF,0.7071443469984562,0.6097707612269274,0.06463445551284211,0.96,4.875715662834178,3.346158411839369,-2.7095446560139544,0.006833588037601939,0.12838097099984225,0.8422036890330805,0.8410715205443807,191.1,3.4696911626910394,0.2678957157285958,0.40457258053526457,40,10
grid,dgp2,1200,20,10,5,5,0.14997059681393785,SSRF-JS,0.708670148381551,0.6101964291453972,0.06565375277001799,0.9616666666666667,4.882489440214367,3.363234955632465,,,0.12838097099984225,0.8422036890330805,0.8410715205443807,191.1,3.4696911626910394,0.2678957157285958,0.40457258053526457,40,10
grid,dgp2,1200,20,10,5,5,0.14997059681393785,RF-H,0.7191442863263944,0.6199482225843537,0.0688286418564727,0.95,4.995765493660808,3.323894585330468,0.8104715130493454,0.4178300630524415,0.04732734400022309,0.8422036890330805,0.8410715205443807,191.1,3.4696911626910394,0.2678957157285958,0.40457258053526457,40,10
grid,dgp2,1200,20,10,5,5,0.14997059681393785,SSRF-H,0.7303448221904777,0.6270960222851568,0.08181781203841422,0.955,4.891320972700973,3.3161559479229945,1.8716894095460923,0.061492905881352006,0.04732734400022309,0.8422036890330805,0.8410715205443807,191.1,3.4696911626910394,0.2678957157285958,0.40457258053526457,40,10
grid,dgp2,1200,20,10,5,5,0.14997059681393785,SSRF-JS-H,0.7308953783880324,0.6276671435328548,0.0823247402024101,0.9583333333333334,4.901271326697141,3.3433414688594327,1.8941908979766506,0.0584401557826102,0.04732734400022309,0.8422036890330805,0.8410715205443807,191.1,3.4696911626910394,0.2678957157285958,0.40457258053526457,40,10
grid,dgp2,1200,20,10,5,5,0.14997059681393785,SSRF-rob,0.7136334370958634,0.6124401945325267,0.070713549195049,0.9633333333333334,4.891934978473036,3.3830490868413707,4.046408101872327,5.533827623618422e-05,0.15175031999979183,0.8422036890330805,0.8410715205443807,191.1,3.4696911626910394,0.2678957157285958,0.40457258053526457,40,10
grid,dgp2,1200,20,10,5,5,0.14997059681393785,RidgeRF,0.7196749372988371,0.6205770625400866,0.08066538621238933,0.9666666666666667,4.872300138391603,3.402250417349152,0.7073938308283734,0.47945923708746047,0.4606494780000503,0.8422036890330805,0.8410715205443807,191.1,3.4696911626910394,0.2678957157285958,0.40457258053526457,40,10
grid,dgp2,1200,20,10,5,5,0.14997059681393785,LassoRF,0.6969646711626079,0.6026580121686403,0.057149983365679544,0.9583333333333334,4.889409180357429,3.3495144977488183,-0.8525851970179649,0.3940596457039997,0.10392742400017596,0.8422036890330805,0.8410715205443807,191.1,3.4696911626910394,0.2678957157285958,0.40457258053526457,40,10
grid,dgp2,1200,20,10,5,5,0.14997059681393785,GBM,0.7134434475214275,0.6023186371894012,0.06135145773100908,0.955,5.176936668584723,3.4155610115488853,0.27647887013525707,0.7822279369279675,0.3082531069999277,0.8422036890330805,0.8410715205443807,191.1,3.4696911626910394,0.2678957157285958,0.40457258053526457,40,10
grid,dgp2,1200,20,10,5,5,0.14997059681393785,RF-tuned,0.6571093796019134,0.5833802314979856,0.030972497184251827,0.9583333333333334,4.749632615912759,3.126765149545207,-4.868811189633777,1.2725614872132976e-06,6.914695042999938,0.8422036890330805,0.8410715205443807,191.1,3.4696911626910394,0.2678957157285958,0.40457258053526457,40,10
grid,dgp2,1200,20,10,5,5,0.14997059681393785,SSRF-tuned,0.6649435518451474,0.586243769757736,0.03103251740438335,0.9516666666666667,4.759230186756628,3.1353339788819525,-4.3243145183354414,1.6570961805679702e-05,7.0180594479998035,0.8422036890330805,0.8410715205443807,191.1,3.4696911626910394,0.2678957157285958,0.40457258053526457,40,10
grid,dgp2,1200,20,500,5,5,0.14997059681393785,RF,0.6679959702668765,0.5852068248608866,0.03177238572197696,0.9733333333333334,4.187587758543035,3.413856576017488,-0.7956108760876773,0.42641572018265,5.877710992000175,0.8376613052135586,0.8364471564046483,191.526,3.457917133060031,0.27520204403976417,0.4030073610038927,40,10
grid,dgp2,1200,20,500,5,5,0.14997059681393785,SSRF,0.6694201650775905,0.5874926848552544,0.0318527308091101,0.97,4.171179272223327,3.374642710555708,-0.587158218132392,0.5572079946985806,5.877710992000175,0.8376613052135586,0.8364471564046483,191.526,3.457917133060031,0.27520204403976417,0.4030073610038927,40,10
grid,dgp2,1200,20,500,5,5,0.14997059681393785,SSRF-JS,0.669492351726664,0.5874828828987491,0.03191891648305032,0.97,4.1729925477326395,3.3799489082873917,,,5.877710992000175,0.8376613052135586,0.8364471564046483,191.526,3.457917133060031,0.27520204403976417,0.4030073610038927,40,10
grid,dgp2,1200,20,500,5,5,0.14997059681393785,RF-H,0.6786911659661068,0.594976711429456,0.03975479909912448,0.9633333333333334,4.176402809715211,3.272765446414198,2.0030697966518223,0.04539455256562051,2.0556317300001865,0.8376613052135586,0.8364471564046483,191.526,3.457917133060031,0.27520204403976417,0.4030073610038927,40,10
grid,dgp2,1200,20,500,5,5,0.14997059681393785,SSRF-H,0.7229282254182672,0.6229693888569595,0.07917646381872155,0.96,4.267107247487277,3.3122106179771142,6.234765118966703,6.257114118271933e-10,2.0556317300001865,0.8376613052135586,0.8364471564046483,191.526,3.457917133060031,0.27520204403976417,0.4030073610038927,40,10
grid,dgp2,1200,20,500,5,5,0.14997059681393785,SSRF-JS-H,0.7232569801768385,0.6231497599375057,0.07944475348364322,0.9583333333333334,4.267221512061625,3.3084584293688653,6.258933863101073,5.386679014036659e-10,2.0556317300001865,0.8376613052135586,0.8364471564046483,191.526,3.457917133060031,0.27520204403976417,0.4030073610038927,40,10
grid,dgp2,1200,20,500,5,5,0.14997059681393785,SSRF-rob,0.6682494055244589,0.5859864868109811,0.031354388794295855,0.9733333333333334,4.178311220323154,3.397321951509376,-1.3173619548949587,0.18796900952619067,7.401747987999897,0.8376613052135586,0.8364471564046483,191.526,3.457917133060031,0.27520204403976417,0.4030073610038927,40,10
grid,dgp2,1200,20,500,5,5,0.14997059681393785,RidgeRF,0.6863945357244775,0.5970873494962698,0.04252857957896162,0.97,4.275639470969522,3.4038363702182286,2.269464038374964,0.023417116659317956,4.340515970999604,0.8376613052135586,0.8364471564046483,191.526,3.457917133060031,0.27520204403976417,0.4030073610038927,40,10
grid,dgp2,1200,20,500,5,5,0.14997059681393785,LassoRF,0.6697617818214748,0.5848817419552207,0.029381691236533492,0.97,4.156025042035215,3.334783464897438,0.055039799410082704,0.9561159260404216,1.843402055000297,0.8376613052135586,0.8364471564046483,191.526,3.457917133060031,0.27520204403976417,0.4030073610038927,40,10
grid,dgp2,1200,20,500,5,5,0.14997059681393785,GBM,0.7134434475214275,0.6023186371894012,0.06135145773100908,0.97,4.2359657646826845,3.547572356974268,3.0141705808397043,0.002630967130816033,0.2569690650002485,0.8376613052135586,0.8364471564046483,191.526,3.457917133060031,0.27520204403976417,0.4030073610038927,40,10
grid,dgp2,1200,20,500,5,5,0.14997059681393785,RF-tuned,0.6526251824894214,0.5781626172474138,0.02161862544706422,0.9683333333333334,4.090725755582794,3.2424054229072996,-3.383309774162702,0.0007393028854525708,9.911037306000253,0.8376613052135586,0.8364471564046483,191.526,3.457917133060031,0.27520204403976417,0.4030073610038927,40,10
grid,dgp2,1200,20,500,5,5,0.14997059681393785,SSRF-tuned,0.6552571375482359,0.5798368779648754,0.023193300745425503,0.9683333333333334,4.1008555611062985,3.2344611583024045,-3.538127189688448,0.00041838188999648954,15.693645151000055,0.8376613052135586,0.8364471564046483,191.526,3.457917133060031,0.27520204403976417,0.4030073610038927,40,10
grid,dgp2,1200,20,10,5,6,0.1481355324515376,RF,0.6701157594556945,0.6072296712388112,0.06856233671972037,0.96,4.264735114163411,3.368215653166597,3.317286308532847,0.000936221708814727,0.14690854399987074,0.8407406268154582,0.8396810901066847,191.0,3.439728197838836,0.2846060309389998,0.43164292380818436,80,10
grid,dgp2,1200,20,10,5,6,0.1481355324515376,SSRF,0.6593789537656043,0.5997666014646996,0.05458845620105782,0.9566666666666667,4.231021134996305,3.3180420348748862,-1.668498284696543,0.09547793938759279,0.14690854399987074,0.8407406268154582,0.8396810901066847,191.0,3.439728197838836,0.2846060309389998,0.43164292380818436,80,10
grid,dgp2,1200,20,10,5,6,0.1481355324515376,SSRF-JS,0.6602704460585935,0.6002674169463885,0.05540040613369944,0.96,4.2484638427816845,3.3858524441302933,,,0.14690854399987074,0.8407406268154582,0.8396810901066847,191.0,3.439728197838836,0.2846060309389998,0.43164292380818436,80,10
grid,dgp2,1200,20,10,5,6,0.1481355324515376,RF-H,0.672492646623846,0.6038816376714592,0.06125952052293,0.9516666666666667,4.289290271677609,3.364529482565538,0.868832703039241,0.3851125200495503,0.04087527499996213,0.8407406268154582,0.8396810901066847,191.0,3.439728197838836,0.2846060309389998,0.43164292380818436,80,10
grid,dgp2,1200,20,10,5,6,0.1481355324515376,SSRF-H,0.7035375614170185,0.6258812227407602,0.08527992844385308,0.96,4.3393823168834835,3.614588547788888,3.0413243958193372,0.0024065472405350075,0.04087527499996213,0.8407406268154582,0.8396810901066847,191.0,3.439728197838836,0.2846060309389998,0.43164292380818436,80,10
grid,dgp2,1200,20,10,5,6,0.1481355324515376,SSRF-JS-H,0.7054809680077364,0.6265582212797806,0.08610158644311712,0.9633333333333334,4.350201030757775,3.651956503873994,3.149560973712175,0.001675570233045024,0.04087527499996213,0.8407406268154582,0.8396810901066847,191.0,3.439728197838836,0.2846060309389998,0.43164292380818436,80,10
grid,dgp2,1200,20,10,5,6,0.1481355324515376,SSRF-rob,0.664183093593861,0.6030416804483658,0.060952818563477396,0.9583333333333334,4.247132324788762,3.3356015242958743,2.678580575439639,0.0074945962906285656,0.14199854099979348,0.8407406268154582,0.8396810901066847,191.0,3.439728197838836,0.2846060309389998,0.43164292380818436,80,10
grid,dgp2,1200,20,10,5,6,0.1481355324515376,RidgeRF,0.6641951965659012,0.6030006384883939,0.058355612733330724,0.9433333333333334,4.320764192963752,3.239204096056429,0.3017008839344601,0.762932413142583,0.4568080829999417,0.8407406268154582,0.8396810901066847,191.0,3.439728197838836,0.2846060309389998,0.43164292380818436,80,10
grid,dgp2,1200,20,10,5,6,0.1481355324515376,LassoRF,0.6623028963198763,0.597594683281396,0.0419295040829911,0.96,4.26718522934344,3.3745110794617394,0.16808443806010334,0.8665451987899654,0.08876571699966007,0.8407406268154582,0.8396810901066847,191.0,3.439728197838836,0.2846060309389998,0.43164292380818436,80,10
grid,dgp2,1200,20,10,5,6,0.1481355324515376,GBM,0.6467555594692868,0.5851719452950472,0.028558291751002707,0.9516666666666667,4.116720568675335,3.240343344225686,-1.2357114569330243,0.2168078861374463,0.4568906069998775,0.8407406268154582,0.8396810901066847,191.0,3.439728197838836,0.2846060309389998,0.43164292380818436,80,10
grid,dgp2,1200,20,10,5,6,0.1481355324515376,RF-tuned,0.6375131079475542,0.5835553135637158,0.020208463547206557,0.9516666666666667,4.133561633865878,3.2508025451080056,-2.484180190408552,0.013120725240930135,7.082497984000383,0.8407406268154582,0.8396810901066847,191.0,3.439728197838836,0.2846060309389998,0.43164292380818436,80,10
grid,dgp2,1200,20,10,5,6,0.1481355324515376,SSRF-tuned,0.637349090898165,0.5822575909582682,0.023637792554925447,0.9533333333333334,4.129006520188196,3.245422802880296,-2.4352080086023937,0.015028229718214176,7.187165246000404,0.8407406268154582,0.8396810901066847,191.0,3.439728197838836,0.2846060309389998,0.43164292380818436,80,10
grid,dgp2,1200,20,500,5,6,0.1481355324515376,RF,0.6354846720880509,0.581348270068104,0.022954878074346527,0.9533333333333334,4.463382533994909,3.244325761517175,-1.328466646372683,0.18427678446463158,6.024931103999734,0.8391251254032708,0.8379357548278656,191.342,3.458676018476087,0.28429420216118595,0.42108135990324386,80,10
grid,dgp2,1200,20,500,5,6,0.1481355324515376,SSRF,0.6384420795662511,0.5845094531633526,0.024345946258913474,0.95,4.458897751700018,3.2123264375518876,0.7513723111918694,0.4525760711147846,6.024931103999734,0.8391251254032708,0.8379357548278656,191.342,3.458676018476087,0.28429420216118595,0.42108135990324386,80,10
grid,dgp2,1200,20,500,5,6,0.1481355324515376,SSRF-JS,0.638364124426012,0.5844445405908942,0.024270828647169278,0.95,4.4590598178246115,3.2187973391313776,,,6.024931103999734,0.8391251254032708,0.8379357548278656,191.342,3.458676018476087,0.28429420216118595,0.42108135990324386,80,10
grid,dgp2,1200,20,500,5,6,0.1481355324515376,RF-H,0.6540861009089157,0.5940737986806975,0.035711604041392175,0.945,4.491011782259231,3.2797362564200117,3.437366910523986,0.0006075323711466687,1.9333449040000232,0.8391251254032708,0.8379357548278656,191.342,3.458676018476087,0.28429420216118595,0.42108135990324386,80,10
grid,dgp2,1200,20,500,5,6,0.1481355324515376,SSRF-H,0.7071575297574025,0.6289268170848965,0.08568114024758096,0.945,4.547874592809758,3.386125094033214,6.847543692589937,1.1970265504449456e-11,1.9333449040000232,0.8391251254032708,0.8379357548278656,191.342,3.458676018476087,0.28429420216118595,0.42108135990324386,80,10
grid,dgp2,1200,20,500,5,6,0.1481355324515376,SSRF-JS-H,0.7072817526107955,0.6290260770054155,0.08571384219541085,0.945,4.5477116233937736,3.3926959533687717,6.868056188351895,1.0425988505837041e-11,1.9333449040000232,0.8391251254032708,0.8379357548278656,191.342,3.458676018476087,0.28429420216118595,0.42108135990324386,80,10
grid,dgp2,1200,20,500,5,6,0.1481355324515376,SSRF-rob,0.636341624538821,0.5825776559465659,0.023045409654238,0.9516666666666667,4.459503003873008,3.2186793233528874,-1.8493976287147431,0.06464639709128328,7.324403211000117,0.8391251254032708,0.8379357548278656,191.342,3.458676018476087,0.28429420216118595,0.42108135990324386,80,10
grid,dgp2,1200,20,500,5,6,0.1481355324515376,RidgeRF,0.6478599222772959,0.5920403097843845,0.029905625836551,0.9533333333333334,4.425947167750327,3.2713679841955527,1.6328100131067715,0.10277152108194268,4.262830768000185,0.8391251254032708,0.8379357548278656,191.342,3.458676018476087,0.28429420216118595,0.42108135990324386,80,10
grid,dgp2,1200,20,500,5,6,0.1481355324515376,LassoRF,0.632678744344128,0.5818849690761345,0.02202373329998516,0.9533333333333334,4.450570965990856,3.20132146754922,-0.8962253488963233,0.3703123177825409,1.6087077259999205,0.8391251254032708,0.8379357548278656,191.342,3.458676018476087,0.28429420216118595,0.42108135990324386,80,10
grid,dgp2,1200,20,500,5,6,0.1481355324515376,GBM,0.6467555594692868,0.5851719452950472,0.028558291751002707,0.94,4.503202881902509,3.1763915266452387,1.1449620238443012,0.25245338413158286,0.48520931200027917,0.8391251254032708,0.8379357548278656,191.342,3.458676018476087,0.28429420216118595,0.42108135990324386,80,10
grid,dgp2,1200,20,500,5,6,0.1481355324515376,RF-tuned,0.6322564626764536,0.57984428232175,0.019025503616180342,0.9483333333333334,4.442708649719533,3.2345316995104403,-1.5267972684080677,0.12707516772668787,9.29933786499987,0.8391251254032708,0.8379357548278656,191.342,3.458676018476087,0.28429420216118595,0.42108135990324386,80,10
grid,dgp2,1200,20,500,5,6,0.1481355324515376,SSRF-tuned,0.6313673078500134,0.5795533058228944,0.017398078877276072,0.95,4.441188118335248,3.2055398496596443,-1.9905958998437292,0.04675203877402945,13.96604840200007,0.8391251254032708,0.8379357548278656,191.342,3.458676018476087,0.28429420216118595,0.42108135990324386,80,10
grid,dgp2,1200,20,10,5,7,0.15221068042452568,RF,0.6571502721202577,0.583912830787203,0.06380855075188027,0.91,5.163311736615807,3.110572980759316,6.631310484648562,5.020683102947755e-11,0.12146009700018112,0.839086427570639,0.8379552503367325,191.6,3.441797085523066,0.3278735507847216,0.48721201583500695,20,10
grid,dgp2,1200,20,10,5,7,0.15221068042452568,SSRF,0.6333684078341603,0.5724380493928348,0.04731350817477882,0.9166666666666666,5.001393542489007,3.118706849126393,-3.2958887256664133,0.0010098254255352592,0.12146009700018112,0.839086427570639,0.8379552503367325,191.6,3.441797085523066,0.3278735507847216,0.48721201583500695,20,10
grid,dgp2,1200,20,10,5,7,0.15221068042452568,SSRF-JS,0.6351868338962915,0.5737914692287172,0.048422032356488266,0.9133333333333333,5.035329151205785,3.0867441056676905,,,0.12146009700018112,0.839086427570639,0.8379552503367325,191.6,3.441797085523066,0.3278735507847216,0.48721201583500695,20,10
grid,dgp2,1200,20,10,5,7,0.15221068042452568,RF-H,0.6130628580923768,0.5666728570809952,0.055507557543907994,0.935,4.803806694958551,3.070615502619465,-1.5229551713572373,0.12803360871068492,0.047580036999988806,0.839086427570639,0.8379552503367325,191.6,3.441797085523066,0.3278735507847216,0.48721201583500695,20,10
grid,dgp2,1200,20,10,5,7,0.15221068042452568,SSRF-H,0.6227639090681308,0.5755497391452805,0.07300177733852674,0.9316666666666666,4.791950256140004,3.162434890525248,-0.8252886780779582,0.40937188410896874,0.047580036999988806,0.839086427570639,0.8379552503367325,191.6,3.441797085523066,0.3278735507847216,0.48721201583500695,20,10
grid,dgp2,1200,20,10,5,7,0.15221068042452568,SSRF-JS-H,0.623930602400598,0.5750963265730428,0.07382155555591392,0.9316666666666666,4.7847061546864715,3.186739136814506,-0.7473411240323571,0.45500420891204035,0.047580036999988806,0.839086427570639,0.8379552503367325,191.6,3.441797085523066,0.3278735507847216,0.48721201583500695,20,10
grid,dgp2,1200,20,10,5,7,0.15221068042452568,SSRF-rob,0.6458954342601777,0.578770559374766,0.055676080549649336,0.91,5.110767868364804,3.08943283767191,6.107838927616558,1.362460246057045e-09,0.1581714699996155,0.839086427570639,0.8379552503367325,191.6,3.441797085523066,0.3278735507847216,0.48721201583500695,20,10
grid,dgp2,1200,20,10,5,7,0.15221068042452568,RidgeRF,0.6590186304090305,0.5895484755302676,0.07208373820505781,0.935,4.894524638386847,3.258111434372968,1.7637948961811905,0.07802115850869104,0.4724776750003912,0.839086427570639,0.8379552503367325,191.6,3.441797085523066,0.3278735507847216,0.48721201583500695,20,10
grid,dgp2,1200,20,10,5,7,0.15221068042452568,LassoRF,0.6338781651995036,0.5737506373593694,0.049381568304894485,0.92,5.174658191328697,3.0131315468436988,-0.10212237104681773,0.9186766199683187,0.09843685699979687,0.839086427570639,0.8379552503367325,191.6,3.441797085523066,0.3278735507847216,0.48721201583500695,20,10
grid,dgp2,1200,20,10,5,7,0.15221068042452568,GBM,0.6205739227445494,0.5723415762015082,0.04675840135948061,0.915,5.093729082621379,2.8756675657587025,-1.1264938383153753,0.2601819546787389,0.705527580999842,0.839086427570639,0.8379552503367325,191.6,3.441797085523066,0.3278735507847216,0.48721201583500695,20,10
grid,dgp2,1200,20,10,5,7,0.15221068042452568,RF-tuned,0.5982434678932865,0.5561303115291235,0.028186431660505374,0.915,4.997996168120844,2.8502101193489904,-3.5257554228770767,0.00043820776860549644,7.284666737999942,0.839086427570639,0.8379552503367325,191.6,3.441797085523066,0.3278735507847216,0.48721201583500695,20,10
grid,dgp2,1200,20,10,5,7,0.15221068042452568,SSRF-tuned,0.6072767445509026,0.5602814149242682,0.027820652823176934,0.925,4.9341006012274935,3.015835297510041,-2.8129199248532943,0.004989506316528343,7.421820517000015,0.839086427570639,0.8379552503367325,191.6,3.441797085523066,0.3278735507847216,0.48721201583500695,20,10
grid,dgp2,1200,20,500,5,7,0.15221068042452568,RF,0.5978448202810788,0.5543253529157586,0.022262749360784224,0.945,4.332886300774323,3.148763312945998,2.354682851690158,0.018699030571345816,6.32645142399997,0.8417479071986971,0.8406129786582359,191.554,3.4525839191053915,0.31268826510535985,0.47302728437109043,20,10
grid,dgp2,1200,20,500,5,7,0.15221068042452568,SSRF,0.591766949957806,0.5513001587734563,0.020362415641767585,0.945,4.319222746379279,3.1765594881207564,-3.34244053422428,0.0008560698599554428,6.32645142399997,0.8417479071986971,0.8406129786582359,191.554,3.4525839191053915,0.31268826510535985,0.47302728437109043,20,10
grid,dgp2,1200,20,500,5,7,0.15221068042452568,SSRF-JS,0.5921661803564355,0.5515461931213268,0.020535260276786906,0.945,4.319846035522417,3.1820735326708975,,,6.32645142399997,0.8417479071986971,0.8406129786582359,191.554,3.4525839191053915,0.31268826510535985,0.47302728437109043,20,10
grid,dgp2,1200,20,500,5,7,0.15221068042452568,RF-H,0.588317276195067,0.5511600955685465,0.02256428415446632,0.9483333333333334,4.313162216409006,3.18883386472195,-0.7966510281617949,0.42581144507242735,2.24248833799993,0.8417479071986971,0.8406129786582359,191.554,3.4525839191053915,0.31268826510535985,0.47302728437109043,20,10
grid,dgp2,1200,20,500,5,7,0.15221068042452568,SSRF-H,0.6235903544408625,0.5749622098016722,0.06972723349162005,0.945,4.369257008216093,3.291809554519351,2.9708286995087834,0.003029137615877383,2.24248833799993,0.8417479071986971,0.8406129786582359,191.554,3.4525839191053915,0.31268826510535985,0.47302728437109043,20,10
grid,dgp2,1200,20,500,5,7,0.15221068042452568,SSRF-JS-H,0.6237725233385379,0.5750951445635216,0.0696801820815389,0.945,4.370194378265748,3.295420569420837,2.9991835245976395,0.002762882722171158,2.24248833799993,0.8417479071986971,0.8406129786582359,191.554,3.4525839191053915,0.31268826510535985,0.47302728437109043,20,10
grid,dgp2,1200,20,500,5,7,0.15221068042452568,SSRF-rob,0.5945823672455633,0.5527824546005705,0.020832165384978025,0.945,4.323760773817348,3.174852017428133,1.8835378346535512,0.05986936130017275,7.574578567000117,0.8417479071986971,0.8406129786582359,191.554,3.4525839191053915,0.31268826510535985,0.47302728437109043,20,10
grid,dgp2,1200,20,500,5,7,0.15221068042452568,RidgeRF,0.6097566243221284,0.5608407600981543,0.03417964058104823,0.9566666666666667,4.366338337951025,3.2697200009477814,2.716774408852742,0.006687011341168646,3.900472834000084,0.8417479071986971,0.8406129786582359,191.554,3.4525839191053915,0.31268826510535985,0.47302728437109043,20,10
grid,dgp2,1200,20,500,5,7,0.15221068042452568,LassoRF,0.5970298712894919,0.5504708077410831,0.020025302088421005,0.95,4.34087118876746,3.182211756372191,0.7452815021581792,0.4562476276511143,1.5222938709998743,0.8417479071986971,0.8406129786582359,191.554,3.4525839191053915,0.31268826510535985,0.47302728437109043,20,10
grid,dgp2,1200,20,500,5,7,0.15221068042452568,GBM,0.6205739227445494,0.5723415762015082,0.04675840135948061,0.9416666666666667,4.4640477691952265,3.1757097900012985,2.974958260232561,0.0029889556075259937,0.768554387000222,0.8417479071986971,0.8406129786582359,191.554,3.4525839191053915,0.31268826510535985,0.47302728437109043,20,10
grid,dgp2,1200,20,500,5,7,0.15221068042452568,RF-tuned,0.5904058153415641,0.5465599148901693,0.014179623756364427,0.9466666666666667,4.328031412729412,3.1775238674273223,-0.42102758647041316,0.6738103949993085,10.509262229000342,0.8417479071986971,0.8406129786582359,191.554,3.4525839191053915,0.31268826510535985,0.47302728437109043,20,10
grid,dgp2,1200,20,500,5,7,0.15221068042452568,SSRF-tuned,0.58976356056101,0.54704964780241,0.015015814577399554,0.9483333333333334,4.32227280098292,3.216076628954734,-0.8199983036762494,0.41238005119452603,17.088670420000653,0.8417479071986971,0.8406129786582359,191.554,3.4525839191053915,0.31268826510535985,0.47302728437109043,20,10
grid,dgp2,1200,20,10,5,8,0.16680474938322978,RF,0.7191772842223553,0.6047471834409495,0.06374574119952583,0.9583333333333334,4.8143280359669065,3.520889430641787,3.7342217095216865,0.00019713743626021728,0.13740573199993378,0.8413669675561637,0.8402569711503046,191.1,3.458991783484666,0.2366497339196003,0.3564731117123472,40,10
grid,dgp2,1200,20,10,5,8,0.16680474938322978,SSRF,0.7090194581441674,0.599371539063712,0.05534766834930212,0.9633333333333334,4.806628505615522,3.5598441814856363,-1.9320601002482365,0.05358745360495911,0.13740573199993378,0.8413669675561637,0.8402569711503046,191.1,3.458991783484666,0.2366497339196003,0.3564731117123472,40,10
grid,dgp2,1200,20,10,5,8,0.16680474938322978,SSRF-JS,0.7100546049010544,0.6001448463261829,0.056177046291771546,0.9616666666666667,4.807583531499946,3.5483889188126128,,,0.13740573199993378,0.8413669675561637,0.8402569711503046,191.1,3.458991783484666,0.2366497339196003,0.3564731117123472,40,10
grid,dgp2,1200,20,10,5,8,0.16680474938322978,RF-H,0.7295289916601981,0.6097695820599633,0.0671424430923741,0.96,4.795956576665142,3.5031641402277387,1.6459258731900936,0.10004110211602084,0.05305998699986958,0.8413669675561637,0.8402569711503046,191.1,3.458991783484666,0.2366497339196003,0.3564731117123472,40,10
grid,dgp2,1200,20,10,5,8,0.16680474938322978,SSRF-H,0.7271315522767758,0.6133738270497714,0.07995777331216113,0.9616666666666667,4.890774982804804,3.5905627384986927,1.4489971834837074,0.14759984491397757,0.05305998699986958,0.8413669675561637,0.8402569711503046,191.1,3.458991783484666,0.2366497339196003,0.3564731117123472,40,10
grid,dgp2,1200,20,10,5,8,0.16680474938322978,SSRF-JS-H,0.7289710767113294,0.614410828710549,0.08074039531448284,0.96,4.889640745433116,3.588315303716496,1.5995260812165295,0.1099672100126508,0.05305998699986958,0.8413669675561637,0.8402569711503046,191.1,3.458991783484666,0.2366497339196003,0.3564731117123472,40,10
grid,dgp2,1200,20,10,5,8,0.16680474938322978,SSRF-rob,0.7138359694959832,0.6018526081819926,0.059248718755511784,0.96,4.806709469284478,3.5193892647528884,3.2208927311320026,0.0013122438150827548,0.15788118699992992,0.8413669675561637,0.8402569711503046,191.1,3.458991783484666,0.2366497339196003,0.3564731117123472,40,10
grid,dgp2,1200,20,10,5,8,0.16680474938322978,RidgeRF,0.7225728850975628,0.6096770730986706,0.07672696382828456,0.965,4.825659037491492,3.6099746179112806,0.9032311315607865,0.36658466291247427,0.4516662070000166,0.8413669675561637,0.8402569711503046,191.1,3.458991783484666,0.2366497339196003,0.3564731117123472,40,10
grid,dgp2,1200,20,10,5,8,0.16680474938322978,LassoRF,0.6921989452836016,0.5934216115605002,0.044779097054533236,0.9683333333333334,4.729680850307683,3.4634641273626343,-1.4894764187987108,0.13662494254408858,0.11145575399996233,0.8413669675561637,0.8402569711503046,191.1,3.458991783484666,0.2366497339196003,0.3564731117123472,40,10
grid,dgp2,1200,20,10,5,8,0.16680474938322978,GBM,0.6839318389875264,0.5825439086377926,0.033575383116588156,0.9633333333333334,4.758795720883286,3.4561404180338227,-2.437235351842639,0.014944654566418665,0.4085749640003087,0.8413669675561637,0.8402569711503046,191.1,3.458991783484666,0.2366497339196003,0.3564731117123472,40,10
grid,dgp2,1200,20,10,5,8,0.16680474938322978,RF-tuned,0.6751065567811373,0.5808485414723257,0.02469070298595323,0.9683333333333334,4.771319060037024,3.672530832686081,-3.597705686117036,0.0003341132388672005,6.956765702000212,0.8413669675561637,0.8402569711503046,191.1,3.458991783484666,0.2366497339196003,0.3564731117123472,40,10
grid,dgp2,1200,20,10,5,8,0.16680474938322978,SSRF-tuned,0.6721930490640753,0.5774441071783843,0.02739766225554688,0.9666666666666667,4.752965423170583,3.5078768793122284,-4.095862181703086,4.488236629865849e-05,7.066588703999969,0.8413669675561637,0.8402569711503046,191.1,3.458991783484666,0.2366497339196003,0.3564731117123472,40,10
grid,dgp2,1200,20,500,5,8,0.16680474938322978,RF,0.6767853826098946,0.5801534595656477,0.028192977069481776,0.9516666666666667,4.881223673987192,3.386012286803794,-1.531499456286172,0.12590978875947426,6.123710297999878,0.8410972955136256,0.8399418323513619,191.272,3.459911049603224,0.2375809928998162,0.3568076072540764,40,10
grid,dgp2,1200,20,500,5,8,0.16680474938322978,SSRF,0.679437196271266,0.5823437977103672,0.031309616334284036,0.9516666666666667,4.876111442370746,3.3373296072073897,0.053442315028107354,0.9573883934956198,6.123710297999878,0.8410972955136256,0.8399418323513619,191.272,3.459911049603224,0.2375809928998162,0.3568076072540764,40,10
grid,dgp2,1200,20,500,5,8,0.16680474938322978,SSRF-JS,0.6794320339502273,0.5823220813622464,0.03128464178637036,0.9516666666666667,4.875850883153334,3.33865392623559,,,6.123710297999878,0.8410972955136256,0.8399418323513619,191.272,3.459911049603224,0.2375809928998162,0.3568076072540764,40,10
grid,dgp2,1200,20,500,5,8,0.16680474938322978,RF-H,0.6920120104921865,0.5911962502135131,0.04364870975452064,0.9483333333333334,4.902221385680289,3.227320075905609,2.816126033183232,0.004940311881559963,2.1648802449999494,0.8410972955136256,0.8399418323513619,191.272,3.459911049603224,0.2375809928998162,0.3568076072540764,40,10
grid,dgp2,1200,20,500,5,8,0.16680474938322978,SSRF-H,0.7273153431022897,0.6134354598999384,0.08136450133572407,0.9516666666666667,4.909896047541674,3.412122443641464,5.723461075161651,1.317699375107436e-08,2.1648802449999494,0.8410972955136256,0.8399418323513619,191.272,3.459911049603224,0.2375809928998162,0.3568076072540764,40,10
grid,dgp2,1200,20,500,5,8,0.16680474938322978,SSRF-JS-H,0.7271738343408911,0.6133235286950303,0.08124156111402962,0.9516666666666667,4.909158067081805,3.4079552577503454,5.720145256360444,1.3429768676371894e-08,2.1648802449999494,0.8410972955136256,0.8399418323513619,191.272,3.459911049603224,0.2375809928998162,0.3568076072540764,40,10
grid,dgp2,1200,20,500,5,8,0.16680474938322978,SSRF-rob,0.6778237257052376,0.5808886967490141,0.029469290027570795,0.95,4.877791193229893,3.343932349343636,-1.9333942877971042,0.053422822209423966,7.372714990000077,0.8410972955136256,0.8399418323513619,191.272,3.459911049603224,0.2375809928998162,0.3568076072540764,40,10
grid,dgp2,1200,20,500,5,8,0.16680474938322978,RidgeRF,0.6880857089141252,0.5832143861616977,0.038770236907874484,0.9516666666666667,4.905596280875717,3.3277602894071094,1.3611409211927274,0.17372491246396968,4.372529085000224,0.8410972955136256,0.8399418323513619,191.272,3.459911049603224,0.2375809928998162,0.3568076072540764,40,10
grid,dgp2,1200,20,500,5,8,0.16680474938322978,LassoRF,0.6747011035657288,0.5816221838804302,0.02501961327496991,0.95,4.834040948184349,3.2500348528600473,-0.7279853918242677,0.4667646678329166,1.4226937030002773,0.8410972955136256,0.8399418323513619,191.272,3.459911049603224,0.2375809928998162,0.3568076072540764,40,10
grid,dgp2,1200,20,500,5,8,0.16680474938322978,GBM,0.6839318389875264,0.5825439086377926,0.033575383116588156,0.9466666666666667,4.886567016977523,3.306084586025022,0.767245463272554,0.44308663908141005,0.44793760199991084,0.8410972955136256,0.8399418323513619,191.272,3.459911049603224,0.2375809928998162,0.3568076072540764,40,10
grid,dgp2,1200,20,500,5,8,0.16680474938322978,RF-tuned,0.6684800007119424,0.5757787599319606,0.019998137634288562,0.9466666666666667,4.8697807184944315,3.273865877463699,-3.013974435381295,0.0026326557105202267,10.172415601000012,0.8410972955136256,0.8399418323513619,191.272,3.459911049603224,0.2375809928998162,0.3568076072540764,40,10
grid,dgp2,1200,20,500,5,8,0.16680474938322978,SSRF-tuned,0.6709185389761594,0.5766697296072412,0.022564256992051505,0.9433333333333334,4.8737203343602955,3.261175629889352,-3.081030280185759,0.0021098488125348026,15.927588930000184,0.8410972955136256,0.8399418323513619,191.272,3.459911049603224,0.2375809928998162,0.3568076072540764,40,10
grid,dgp2,1200,20,10,5,9,0.12218365042992049,RF,0.6889256388515866,0.6135706061393604,0.08898201801501014,0.945,4.694075214631205,3.211444011239031,2.7754224760357626,0.005598699936933573,0.12925838599994677,0.7894770646436975,0.7870073327201242,192.2,3.4305428048273523,0.42249801808301457,0.4477615924443123,80,10
grid,dgp2,1200,20,10,5,9,0.12218365042992049,SSRF,0.677905418876364,0.6059763596128324,0.0653499580058956,0.9466666666666667,4.7121740860113,3.299219624147507,-0.4448113380795593,0.6565363830911671,0.12925838599994677,0.7894770646436975,0.7870073327201242,192.2,3.4305428048273523,0.42249801808301457,0.4477615924443123,80,10
grid,dgp2,1200,20,10,5,9,0.12218365042992049,SSRF-JS,0.6781977444633349,0.6059954074701441,0.06635769128135983,0.945,4.709912156477865,3.2641263120840693,,,0.12925838599994677,0.7894770646436975,0.7870073327201242,192.2,3.4305428048273523,0.42249801808301457,0.4477615924443123,80,10
grid,dgp2,1200,20,10,5,9,0.12218365042992049,RF-H,0.7231457679768934,0.6214213831808789,0.07967075734412393,0.9383333333333334,5.008906997242394,3.2733069483876815,3.006394053710453,0.0026986786869921935,0.04570337899986043,0.7894770646436975,0.7870073327201242,192.2,3.4305428048273523,0.42249801808301457,0.4477615924443123,80,10
grid,dgp2,1200,20,10,5,9,0.12218365042992049,SSRF-H,0.7271231118408925,0.6283616855630862,0.07438064630383319,0.945,4.898993249010282,3.3278313071358494,3.825998031612519,0.00013695565946867215,0.04570337899986043,0.7894770646436975,0.7870073327201242,192.2,3.4305428048273523,0.42249801808301457,0.4477615924443123,80,10
grid,dgp2,1200,20,10,5,9,0.12218365042992049,SSRF-JS-H,0.729890927101306,0.6297684720162037,0.0766335594956818,0.945,4.893069819722623,3.346755502726386,3.98094310366354,7.276605764968917e-05,0.04570337899986043,0.7894770646436975,0.7870073327201242,192.2,3.4305428048273523,0.42249801808301457,0.4477615924443123,80,10
grid,dgp2,1200,20,10,5,9,0.12218365042992049,SSRF-rob,0.6839128062654755,0.6101043193771515,0.07947606078126127,0.9483333333333334,4.6943660927288935,3.2594813977913435,2.318384155034648,0.020595995317842675,0.15228960000013103,0.7894770646436975,0.7870073327201242,192.2,3.4305428048273523,0.42249801808301457,0.4477615924443123,80,10
grid,dgp2,1200,20,10,5,9,0.12218365042992049,RidgeRF,0.7152944392551214,0.6251378022051184,0.09102406296618275,0.94,4.850332578748021,3.290286605389227,2.4172739709822895,0.015785674903000483,0.45228179700006876,0.7894770646436975,0.7870073327201242,192.2,3.4305428048273523,0.42249801808301457,0.4477615924443123,80,10
grid,dgp2,1200,20,10,5,9,0.12218365042992049,LassoRF,0.6903297311041723,0.6040545475347149,0.07336343957582755,0.9416666666666667,4.809878133139515,3.292994219326086,0.8128193724794517,0.41648298782279497,0.1026503349999075,0.7894770646436975,0.7870073327201242,192.2,3.4305428048273523,0.42249801808301457,0.4477615924443123,80,10
grid,dgp2,1200,20,10,5,9,0.12218365042992049,GBM,0.6994682569567168,0.6108350267331777,0.0638551101642927,0.9433333333333334,4.825182976752779,3.355306317761378,1.7362792828420244,0.08277132971301761,0.28958195300037914,0.7894770646436975,0.7870073327201242,192.2,3.4305428048273523,0.42249801808301457,0.4477615924443123,80,10
grid,dgp2,1200,20,10,5,9,0.12218365042992049,RF-tuned,0.6551398078158871,0.5841512408744504,0.02129824068620777,0.9416666666666667,4.839765673997004,3.194771481678466,-2.2205625064712833,0.026566955374850047,7.049545103999662,0.7894770646436975,0.7870073327201242,192.2,3.4305428048273523,0.42249801808301457,0.4477615924443123,80,10
grid,dgp2,1200,20,10,5,9,0.12218365042992049,SSRF-tuned,0.6545901758777027,0.5891625883847689,0.026653478958885486,0.9416666666666667,4.740418843069232,3.2159996190460762,-2.4577305505313833,0.014122513924590569,7.14033219699968,0.7894770646436975,0.7870073327201242,192.2,3.4305428048273523,0.42249801808301457,0.4477615924443123,80,10
grid,dgp2,1200,20,500,5,9,0.12218365042992049,RF,0.6559038599096557,0.5898057455224451,0.03262824199315274,0.9433333333333334,4.655978121149972,3.1789760330314105,-0.8967953596161504,0.3700081469555615,6.562516409000182,0.8094114919346598,0.8075453173462817,191.568,3.4549186265642877,0.3887787198964933,0.46681100213595605,80,10
grid,dgp2,1200,20,500,5,9,0.12218365042992049,SSRF,0.6584776141264079,0.5902605002692806,0.028743752898635146,0.9433333333333334,4.636506748719897,3.290847169425611,-0.2697020462517586,0.7874358945514148,6.562516409000182,0.8094114919346598,0.8075453173462817,191.568,3.4549186265642877,0.3887787198964933,0.46681100213595605,80,10
grid,dgp2,1200,20,500,5,9,0.12218365042992049,SSRF-JS,0.6585159189666326,0.590219756949441,0.02888782216288759,0.9433333333333334,4.639289110612979,3.2865185657073352,,,6.562516409000182,0.8094114919346598,0.8075453173462817,191.568,3.4549186265642877,0.3887787198964933,0.46681100213595605,80,10
grid,dgp2,1200,20,500,5,9,0.12218365042992049,RF-H,0.6761178548190077,0.6000274747083123,0.036449655565866906,0.95,4.636402541095969,3.3096628857834283,3.0524612371784774,0.002319687052196658,2.1778464279996115,0.8094114919346598,0.8075453173462817,191.568,3.4549186265642877,0.3887787198964933,0.46681100213595605,80,10
grid,dgp2,1200,20,500,5,9,0.12218365042992049,SSRF-H,0.730568994030488,0.6317968661451574,0.07698546620189717,0.945,4.741958021297596,3.32032877471805,6.495573876952995,1.2093452043871123e-10,2.1778464279996115,0.8094114919346598,0.8075453173462817,191.568,3.4549186265642877,0.3887787198964933,0.46681100213595605,80,10
grid,dgp2,1200,20,500,5,9,0.12218365042992049,SSRF-JS-H,0.7307236155870229,0.631893446114819,0.07707221100694334,0.945,4.741412247472465,3.3208591687468356,6.530483104590315,9.661207402255303e-11,2.1778464279996115,0.8094114919346598,0.8075453173462817,191.568,3.4549186265642877,0.3887787198964933,0.46681100213595605,80,10
grid,dgp2,1200,20,500,5,9,0.12218365042992049,SSRF-rob,0.6561177576836918,0.5895224055540798,0.03038010615986573,0.9433333333333334,4.651809562281956,3.2050444868457655,-1.3374546806942038,0.18132791439238083,7.386844141999973,0.8094114919346598,0.8075453173462817,191.568,3.4549186265642877,0.3887787198964933,0.46681100213595605,80,10
grid,dgp2,1200,20,500,5,9,0.12218365042992049,RidgeRF,0.6803715743809299,0.5986501956601523,0.04545147189609673,0.9383333333333334,4.810663556347298,3.1571003633541053,2.7662649100375565,0.005757336905099889,4.380815115000132,0.8094114919346598,0.8075453173462817,191.568,3.4549186265642877,0.3887787198964933,0.46681100213595605,80,10
grid,dgp2,1200,20,500,5,9,0.12218365042992049,LassoRF,0.6648672073839819,0.5905878879503781,0.036190141367614906,0.9433333333333334,4.654517636745774,3.2578783823320205,0.9658819718946764,0.33429801769406936,1.9809208269998635,0.8094114919346598,0.8075453173462817,191.568,3.4549186265642877,0.3887787198964933,0.46681100213595605,80,10
grid,dgp2,1200,20,500,5,9,0.12218365042992049,GBM,0.6994682569567168,0.6108350267331777,0.0638551101642927,0.945,4.685119121147176,3.3654663022158364,4.280211135172061,2.0160367363178397e-05,0.3467818930002977,0.8094114919346598,0.8075453173462817,191.568,3.4549186265642877,0.3887787198964933,0.46681100213595605,80,10
grid,dgp2,1200,20,500,5,9,0.12218365042992049,RF-tuned,0.6535194259805022,0.5841654052374975,0.019601231716763413,0.9483333333333334,4.5937462703722725,3.2907176912377234,-0.9111996699779199,0.36237333106851055,9.179591399999936,0.8094114919346598,0.8075453173462817,191.568,3.4549186265642877,0.3887787198964933,0.46681100213595605,80,10
grid,dgp2,1200,20,500,5,9,0.12218365042992049,SSRF-tuned,0.6503533164607364,0.5832520728827001,0.019004732803375307,0.945,4.586192612439463,3.2449457690894152,-1.6682862920681083,0.09552000534635954,13.943567420000363,0.8094114919346598,0.8075453173462817,191.568,3.4549186265642877,0.3887787198964933,0.46681100213595605,80,10
grid,dgp2,2000,24,10,5,0,0.13910070215683515,RF,0.6701689728243302,0.5972775909023028,0.06179036624006649,0.949,4.472696151208902,3.2628959769518944,6.591237058124028,5.5633581824352106e-11,0.28307022699982554,0.8240873018888106,0.821892880853986,318.4,3.449511267467463,0.3515852527425765,0.46729018985901616,20,8
grid,dgp2,2000,24,10,5,0,0.13910070215683515,SSRF,0.651672489558395,0.5857395391690257,0.04520065330082287,0.947,4.418330733845813,3.2311492654423546,-4.192633744817681,2.8776634215795936e-05,0.28307022699982554,0.8240873018888106,0.821892880853986,318.4,3.449511267467463,0.3515852527425765,0.46729018985901616,20,8
grid,dgp2,2000,24,10,5,0,0.13910070215683515,SSRF-JS,0.6537375434149104,0.5867308402427572,0.04623650636637444,0.95,4.42607660815034,3.2420704664511124,,,0.28307022699982554,0.8240873018888106,0.821892880853986,318.4,3.449511267467463,0.3515852527425765,0.46729018985901616,20,8
grid,dgp2,2000,24,10,5,0,0.13910070215683515,RF-H,0.6464486870782953,0.5815720041809737,0.04465539164864254,0.95,4.39064467847927,3.285777978516563,-0.8443984053051808,0.3985478544219091,0.0815677290001986,0.8240873018888106,0.821892880853986,318.4,3.449511267467463,0.3515852527425765,0.46729018985901616,20,8
grid,dgp2,2000,24,10,5,0,0.13910070215683515,SSRF-H,0.670695230875397,0.5961647696427949,0.06729039432988619,0.949,4.41742335120539,3.343957779493984,1.798022166956655,0.07232433144271956,0.0815677290001986,0.8240873018888106,0.821892880853986,318.4,3.449511267467463,0.3515852527425765,0.46729018985901616,20,8
grid,dgp2,2000,24,10,5,0,0.13910070215683515,SSRF-JS-H,0.6715841981049683,0.5966497777020952,0.06965886382601172,0.95,4.4169043111005575,3.3544164877160565,1.8602487785119244,0.06299710142941435,0.0815677290001986,0.8240873018888106,0.821892880853986,318.4,3.449511267467463,0.3515852527425765,0.46729018985901616,20,8
grid,dgp2,2000,24,10,5,0,0.13910070215683515,SSRF-rob,0.6633778241422335,0.5929022663248712,0.05534199704994919,0.945,4.456102656505705,3.215973728881629,5.9229445262575435,3.7136874609097097e-09,0.3294950989998142,0.8240873018888106,0.821892880853986,318.4,3.449511267467463,0.3515852527425765,0.46729018985901616,20,8
grid,dgp2,2000,24,10,5,0,0.13910070215683515,RidgeRF,0.6644977352382384,0.5940658068376633,0.06571886837642646,0.942,4.405007146468154,3.2509513737126956,0.928047157636324,0.35349514829087564,0.770951588999651,0.8240873018888106,0.821892880853986,318.4,3.449511267467463,0.3515852527425765,0.46729018985901616,20,8
grid,dgp2,2000,24,10,5,0,0.13910070215683515,LassoRF,0.6578022173801571,0.584943451330941,0.04496616375236638,0.944,4.504644710036987,3.2038818350068885,0.408149437821819,0.6832076782032648,0.1719127189999199,0.8240873018888106,0.821892880853986,318.4,3.449511267467463,0.3515852527425765,0.46729018985901616,20,8
grid,dgp2,2000,24,10,5,0,0.13910070215683515,GBM,0.6458874500304141,0.5737375666492178,0.0334384439418949,0.945,4.525483254043922,3.244518839514853,-0.8217092011711424,0.41134041254698245,1.0000980680001703,0.8240873018888106,0.821892880853986,318.4,3.449511267467463,0.3515852527425765,0.46729018985901616,20,8
grid,dgp2,2000,24,10,5,0,0.13910070215683515,RF-tuned,0.6235649104168846,0.5618578102037318,0.02499098882877915,0.94,4.452604263821837,3.1452378658030486,-3.8563502774296237,0.00011873386913825776,12.317839162999917,0.8240873018888106,0.821892880853986,318.4,3.449511267467463,0.3515852527425765,0.46729018985901616,20,8
grid,dgp2,2000,24,10,5,0,0.13910070215683515,SSRF-tuned,0.6430556201190649,0.5822071054555203,0.031331683774041,0.941,4.38041118782464,3.079849029670833,-1.4001982993617736,0.16160912955343054,12.466943978999552,0.8240873018888106,0.821892880853986,318.4,3.449511267467463,0.3515852527425765,0.46729018985901616,20,8
grid,dgp2,2000,24,500,5,0,0.13910070215683515,RF,0.6278922632104568,0.5673239779408016,0.017367157216894042,0.95,4.462832173457241,3.1841131603345914,1.1339171747034291,0.2569652555049055,13.106523284000104,0.8364709309388103,0.8345761127065332,319.336,3.4544023623737288,0.3260483725896804,0.4725621364556739,20,8
grid,dgp2,2000,24,500,5,0,0.13910070215683515,SSRF,0.6255235326174721,0.5663308712396756,0.01633875446835837,0.951,4.440028513160883,3.196063332406086,-1.5634755924868782,0.11809905632967735,13.106523284000104,0.8364709309388103,0.8345761127065332,319.336,3.4544023623737288,0.3260483725896804,0.4725621364556739,20,8
grid,dgp2,2000,24,500,5,0,0.13910070215683515,SSRF-JS,0.6256921321506355,0.5664125351338491,0.016437367190973152,0.951,4.440039036597762,3.1972265252628924,,,13.106523284000104,0.8364709309388103,0.8345761127065332,319.336,3.4544023623737288,0.3260483725896804,0.4725621364556739,20,8
grid,dgp2,2000,24,500,5,0,0.13910070215683515,RF-H,0.6247464957236885,0.5675228782250787,0.01869283638361572,0.95,4.408527535240531,3.1635562900087986,-0.2539219712148498,0.7995819544374195,4.016010178000215,0.8364709309388103,0.8345761127065332,319.336,3.4544023623737288,0.3260483725896804,0.4725621364556739,20,8
grid,dgp2,2000,24,500,5,0,0.13910070215683515,SSRF-H,0.6756657823370917,0.5991228127448702,0.07220558317151922,0.955,4.443865917524872,3.406912641243034,5.975027155969375,2.716678749431828e-09,4.016010178000215,0.8364709309388103,0.8345761127065332,319.336,3.4544023623737288,0.3260483725896804,0.4725621364556739,20,8
grid,dgp2,2000,24,500,5,0,0.13910070215683515,SSRF-JS-H,0.6761980563961935,0.5994156138246451,0.07278365690691511,0.955,4.4435026946590295,3.4052561890655104,6.014605962091663,2.138643055600426e-09,4.016010178000215,0.8364709309388103,0.8345761127065332,319.336,3.4544023623737288,0.3260483725896804,0.4725621364556739,20,8
grid,dgp2,2000,24,500,5,0,0.13910070215683515,SSRF-rob,0.6264197454594839,0.5665060480564877,0.016360282224213485,0.951,4.453316548345886,3.175690367270325,0.5982005767851419,0.5497738742360967,14.544558067000253,0.8364709309388103,0.8345761127065332,319.336,3.4544023623737288,0.3260483725896804,0.4725621364556739,20,8
grid,dgp2,2000,24,500,5,0,0.13910070215683515,RidgeRF,0.6289551790811813,0.5696676030992844,0.028426508317928412,0.948,4.4599428376286925,3.1252042556447366,0.5909772016175531,0.554602508824685,9.402417189000062,0.8364709309388103,0.8345761127065332,319.336,3.4544023623737288,0.3260483725896804,0.4725621364556739,20,8
grid,dgp2,2000,24,500,5,0,0.13910070215683515,LassoRF,0.6263598822573894,0.5656242585779098,0.016762281461327817,0.946,4.445715458454288,3.121389885715942,0.1602627035563929,0.8726903296273076,2.8649281029997837,0.8364709309388103,0.8345761127065332,319.336,3.4544023623737288,0.3260483725896804,0.4725621364556739,20,8
grid,dgp2,2000,24,500,5,0,0.13910070215683515,GBM,0.6458874500304141,0.5737375666492178,0.0334384439418949,0.955,4.506107182570819,3.3251833966793996,2.6315551126429204,0.00856485590828075,1.1081331579998732,0.8364709309388103,0.8345761127065332,319.336,3.4544023623737288,0.3260483725896804,0.4725621364556739,20,8
grid,dgp2,2000,24,500,5,0,0.13910070215683515,RF-tuned,0.620496632963891,0.5625142984280456,0.010029559534786457,0.949,4.44168157751254,3.1320933558170263,-2.095691923669181,0.03623501671477823,19.82753554100009,0.8364709309388103,0.8345761127065332,319.336,3.4544023623737288,0.3260483725896804,0.4725621364556739,20,8
grid,dgp2,2000,24,500,5,0,0.13910070215683515,SSRF-tuned,0.6222254055447256,0.5646323615682313,0.012448362833828332,0.949,4.428961330142898,3.1411994671903805,-1.8686254923459469,0.061821094999769004,30.25517597299995,0.8364709309388103,0.8345761127065332,319.336,3.4544023623737288,0.3260483725896804,0.4725621364556739,20,8
grid,dgp2,2000,24,10,5,1,0.1511545106350973,RF,0.73919544595298,0.6263717492836132,0.06638549905676308,0.947,4.80259408942355,3.4724491954642147,7.522490753995052,8.073104677180992e-14,0.2735423950002769,0.8500670649241894,0.8483905109505703,319.5,3.4562371844623394,0.25458579688597155,0.40879763636673194,80,12
grid,dgp2,2000,24,10,5,1,0.1511545106350973,SSRF,0.7228890893998332,0.6166683861661275,0.05431867978334923,0.947,4.768472052196854,3.4785865578969517,-3.6074616189794524,0.00031679954881238734,0.2735423950002769,0.8500670649241894,0.8483905109505703,319.5,3.4562371844623394,0.25458579688597155,0.40879763636673194,80,12
grid,dgp2,2000,24,10,5,1,0.1511545106350973,SSRF-JS,0.7245215779091654,0.6177540080648124,0.055507536224469606,0.949,4.768674505742161,3.4788175946555815,,,0.2735423950002769,0.8500670649241894,0.8483905109505703,319.5,3.4562371844623394,0.25458579688597155,0.40879763636673194,80,12
grid,dgp2,2000,24,10,5,1,0.1511545106350973,RF-H,0.7089735488576098,0.6085077084204566,0.05505485666427356,0.948,4.722034909386873,3.3238007554114284,-1.5474683405094922,0.12190864336800022,0.07418626500020764,0.8500670649241894,0.8483905109505703,319.5,3.4562371844623394,0.25458579688597155,0.40879763636673194,80,12
grid,dgp2,2000,24,10,5,1,0.1511545106350973,SSRF-H,0.7310321923163883,0.6208854774057768,0.08217587144493822,0.943,4.741946198190526,3.4168563920675044,0.6403947851777558,0.5219893686805482,0.07418626500020764,0.8500670649241894,0.8483905109505703,319.5,3.4562371844623394,0.25458579688597155,0.40879763636673194,80,12
grid,dgp2,2000,24,10,5,1,0.1511545106350973,SSRF-JS-H,0.7306949646041726,0.6207948034025799,0.08196305833956408,0.942,4.743146964915599,3.397547989181435,0.6069998998735208,0.5439199135402928,0.07418626500020764,0.8500670649241894,0.8483905109505703,319.5,3.4562371844623394,0.25458579688597155,0.40879763636673194,80,12
grid,dgp2,2000,24,10,5,1,0.1511545106350973,SSRF-rob,0.7317355054783187,0.6220766434361846,0.06067790613466842,0.948,4.785669729242147,3.4725758834713654,6.974549438877587,4.155067063909737e-12,0.2878864300000714,0.8500670649241894,0.8483905109505703,319.5,3.4562371844623394,0.25458579688597155,0.40879763636673194,80,12
grid,dgp2,2000,24,10,5,1,0.1511545106350973,RidgeRF,0.7271216531737875,0.6186392631360472,0.06818427880376117,0.942,4.762537818028994,3.4210650978356063,0.22284647825314702,0.8236777602398916,0.7744729129999541,0.8500670649241894,0.8483905109505703,319.5,3.4562371844623394,0.25458579688597155,0.40879763636673194,80,12
grid,dgp2,2000,24,10,5,1,0.1511545106350973,LassoRF,0.7042039861896102,0.6112889669737611,0.051116943978359135,0.95,4.650455674599437,3.3763821457375607,-1.8499510588472674,0.06446809546129129,0.15580729899966173,0.8500670649241894,0.8483905109505703,319.5,3.4562371844623394,0.25458579688597155,0.40879763636673194,80,12
grid,dgp2,2000,24,10,5,1,0.1511545106350973,GBM,0.6819131796905933,0.5901244903288089,0.022942658267015966,0.951,4.645998578934218,3.4013677093908963,-5.343481817565184,1.0157580735698529e-07,0.7476805780001996,0.8500670649241894,0.8483905109505703,319.5,3.4562371844623394,0.25458579688597155,0.40879763636673194,80,12
grid,dgp2,2000,24,10,5,1,0.1511545106350973,RF-tuned,0.6762025152109598,0.587663167036907,0.01897134019950139,0.952,4.675129841358826,3.444670288363931,-6.3131163347394015,3.3596929698946847e-10,13.504278091000288,0.8500670649241894,0.8483905109505703,319.5,3.4562371844623394,0.25458579688597155,0.40879763636673194,80,12
grid,dgp2,2000,24,10,5,1,0.1511545106350973,SSRF-tuned,0.682845340935465,0.5907867999813345,0.0235951567589183,0.95,4.684636081688088,3.422746737759846,-5.439290994214356,6.005140844203523e-08,13.69692225000017,0.8500670649241894,0.8483905109505703,319.5,3.4562371844623394,0.25458579688597155,0.40879763636673194,80,12
grid,dgp2,2000,24,500,5,1,0.1511545106350973,RF,0.6851923894244685,0.5924040979194426,0.020394626746186792,0.953,4.804914493781651,3.4818562436743146,0.6930489441033691,0.48835934585860874,13.670381072000055,0.8535554918122473,0.8520405736758007,319.218,3.4555797104678123,0.25263256686635766,0.41833612961374134,80,12
grid,dgp2,2000,24,500,5,1,0.1511545106350973,SSRF,0.6840487224217029,0.591730624768137,0.021836368008589672,0.953,4.799379238433528,3.4581658224236325,-1.9008130708681041,0.057470210058326865,13.670381072000055,0.8535554918122473,0.8520405736758007,319.218,3.4555797104678123,0.25263256686635766,0.41833612961374134,80,12
grid,dgp2,2000,24,500,5,1,0.1511545106350973,SSRF-JS,0.6841971645917936,0.5918175228933651,0.021841316718586492,0.952,4.79983400937402,3.458413213280678,,,13.670381072000055,0.8535554918122473,0.8520405736758007,319.218,3.4555797104678123,0.25263256686635766,0.41833612961374134,80,12
grid,dgp2,2000,24,500,5,1,0.1511545106350973,RF-H,0.6865851485985973,0.5937727862094035,0.029544974749191474,0.952,4.781278457927612,3.4563941455611737,0.6720824864359921,0.5016088530977222,3.802193080000052,0.8535554918122473,0.8520405736758007,319.218,3.4555797104678123,0.25263256686635766,0.41833612961374134,80,12
grid,dgp2,2000,24,500,5,1,0.1511545106350973,SSRF-H,0.7262973547372747,0.6178241465528949,0.07618263688586342,0.952,4.824239711515556,3.5165838219548906,5.6639552400133475,1.693385617182872e-08,3.802193080000052,0.8535554918122473,0.8520405736758007,319.218,3.4555797104678123,0.25263256686635766,0.41833612961374134,80,12
grid,dgp2,2000,24,500,5,1,0.1511545106350973,SSRF-JS-H,0.7267261806034695,0.6180689672773088,0.07660696924920071,0.952,4.824457294178824,3.5232298015449732,5.699247288930702,1.3821272190731781e-08,3.802193080000052,0.8535554918122473,0.8520405736758007,319.218,3.4555797104678123,0.25263256686635766,0.41833612961374134,80,12
grid,dgp2,2000,24,500,5,1,0.1511545106350973,SSRF-rob,0.6843518785874099,0.59191556607492,0.020694410132180843,0.953,4.802542480163984,3.471373798807882,0.2036948906850049,0.8386126682907635,14.700307289999728,0.8535554918122473,0.8520405736758007,319.218,3.4555797104678123,0.25263256686635766,0.41833612961374134,80,12
grid,dgp2,2000,24,500,5,1,0.1511545106350973,RidgeRF,0.6911835824131825,0.5997473482526856,0.032637846406250844,0.95,4.803750156352989,3.476735059791549,1.4838223068556002,0.13801371592659353,9.175557848999688,0.8535554918122473,0.8520405736758007,319.218,3.4555797104678123,0.25263256686635766,0.41833612961374134,80,12
grid,dgp2,2000,24,500,5,1,0.1511545106350973,LassoRF,0.6917384604992005,0.5999189385966807,0.02917091427157016,0.954,4.786331019674836,3.4526704720661883,1.2137120778890436,0.22500106999698294,2.0147706910001943,0.8535554918122473,0.8520405736758007,319.218,3.4555797104678123,0.25263256686635766,0.41833612961374134,80,12
grid,dgp2,2000,24,500,5,1,0.1511545106350973,GBM,0.6819131796905933,0.5901244903288089,0.022942658267015966,0.954,4.762021315802015,3.4130804865238953,-0.5665302292802368,0.5710969880306119,0.7545083150002938,0.8535554918122473,0.8520405736758007,319.218,3.4555797104678123,0.25263256686635766,0.41833612961374134,80,12
grid,dgp2,2000,24,500,5,1,0.1511545106350973,RF-tuned,0.6712776875024374,0.5842122855908565,0.013534786868999522,0.951,4.763881123160697,3.393211713532095,-3.9160788748391417,9.302067447206084e-05,18.517416813999716,0.8535554918122473,0.8520405736758007,319.218,3.4555797104678123,0.25263256686635766,0.41833612961374134,80,12
grid,dgp2,2000,24,500,5,1,0.1511545106350973,SSRF-tuned,0.6731657229658058,0.585263040902566,0.01459409190476243,0.954,4.769523257889821,3.4628464611511705,-3.857420281792017,0.00011821931224759264,28.310986919999777,0.8535554918122473,0.8520405736758007,319.218,3.4555797104678123,0.25263256686635766,0.41833612961374134,80,12
grid,dgp2,2000,24,10,5,2,0.1335964474133792,RF,0.7678716930271096,0.6348928148650864,0.0690484295452515,0.947,4.948807400387632,3.4466651683292557,6.190651689310019,7.250859315668614e-10,0.2841966730002241,0.8463045857456821,0.8446383548947377,320.5,3.418583576596273,0.30144082524241606,0.4750413814736648,40,12
grid,dgp2,2000,24,10,5,2,0.1335964474133792,SSRF,0.7523837987509991,0.62596369664011,0.05351919876277858,0.944,4.957316452474448,3.3941675986350837,-2.1091898575073,0.03505225419574338,0.2841966730002241,0.8463045857456821,0.8446383548947377,320.5,3.418583576596273,0.30144082524241606,0.4750413814736648,40,12
grid,dgp2,2000,24,10,5,2,0.1335964474133792,SSRF-JS,0.7533048874722406,0.6262782084042328,0.054414042541326056,0.943,4.95961738578598,3.3859668244705095,,,0.2841966730002241,0.8463045857456821,0.8446383548947377,320.5,3.418583576596273,0.30144082524241606,0.4750413814736648,40,12
grid,dgp2,2000,24,10,5,2,0.1335964474133792,RF-H,0.7517075592082199,0.6285946232281251,0.060438298142541404,0.932,4.991962908448601,3.310575012576069,-0.15222574748965084,0.8790242489463439,0.07425025300017296,0.8463045857456821,0.8446383548947377,320.5,3.418583576596273,0.30144082524241606,0.4750413814736648,40,12
grid,dgp2,2000,24,10,5,2,0.1335964474133792,SSRF-H,0.7869724125299729,0.6423123788062702,0.08910336663398997,0.934,5.096484242436051,3.4132320348156076,2.861379068040896,0.00426188335240607,0.07425025300017296,0.8463045857456821,0.8446383548947377,320.5,3.418583576596273,0.30144082524241606,0.4750413814736648,40,12
grid,dgp2,2000,24,10,5,2,0.1335964474133792,SSRF-JS-H,0.7864752815284096,0.6423506187786011,0.08916338513078703,0.934,5.0930084125510104,3.4228694954002776,2.8177950397890807,0.004883021906835054,0.07425025300017296,0.8463045857456821,0.8446383548947377,320.5,3.418583576596273,0.30144082524241606,0.4750413814736648,40,12
grid,dgp2,2000,24,10,5,2,0.1335964474133792,SSRF-rob,0.7605241401642683,0.6305043474136324,0.061730831735685755,0.946,4.952308021561533,3.4217877921825774,5.49726531949212,4.351129172344834e-08,0.31222420999984024,0.8463045857456821,0.8446383548947377,320.5,3.418583576596273,0.30144082524241606,0.4750413814736648,40,12
grid,dgp2,2000,24,10,5,2,0.1335964474133792,RidgeRF,0.7502498920437023,0.6242901649300233,0.0671706175185225,0.958,4.841067028450578,3.6254785872337147,-0.2538829012925065,0.7996121346856395,0.7417802830000255,0.8463045857456821,0.8446383548947377,320.5,3.418583576596273,0.30144082524241606,0.4750413814736648,40,12
grid,dgp2,2000,24,10,5,2,0.1335964474133792,LassoRF,0.7281263417791869,0.6140516648140174,0.0427039053323118,0.945,4.837748190622488,3.3499183755768986,-2.3867286496054327,0.017091533098449956,0.16000456599977042,0.8463045857456821,0.8446383548947377,320.5,3.418583576596273,0.30144082524241606,0.4750413814736648,40,12
grid,dgp2,2000,24,10,5,2,0.1335964474133792,GBM,0.7268589861100003,0.6124662339515334,0.030993565930848177,0.947,4.8609488928752205,3.4887159469624014,-3.014223135469259,0.0026087787970792407,0.6547606829999495,0.8463045857456821,0.8446383548947377,320.5,3.418583576596273,0.30144082524241606,0.4750413814736648,40,12
grid,dgp2,2000,24,10,5,2,0.1335964474133792,RF-tuned,0.7111120774971977,0.6044661146231374,0.021050328387255283,0.941,4.845838882371532,3.3424754212653536,-4.906236328836361,1.003499170910528e-06,13.947773828999743,0.8463045857456821,0.8446383548947377,320.5,3.418583576596273,0.30144082524241606,0.4750413814736648,40,12
grid,dgp2,2000,24,10,5,2,0.1335964474133792,SSRF-tuned,0.7137808841468725,0.6041573449921928,0.0213992775923521,0.948,4.862078175598036,3.446273532787679,-4.7710845057824365,1.9650013351751174e-06,14.189237642999615,0.8463045857456821,0.8446383548947377,320.5,3.418583576596273,0.30144082524241606,0.4750413814736648,40,12
grid,dgp2,2000,24,500,5,2,0.1335964474133792,RF,0.7126294720870442,0.6023805808653437,0.021049916116117392,0.964,4.429486453100778,3.6346014232305133,-0.33266482101310896,0.7394221888835258,13.747313864000262,0.8552649034728765,0.8538053659100435,318.824,3.458700406879225,0.28531151883461503,0.4786369440191483,40,12
grid,dgp2,2000,24,500,5,2,0.1335964474133792,SSRF,0.7131891104541489,0.6024425468833606,0.020458992642830853,0.964,4.421224109521533,3.64724163687157,-0.17858935230937387,0.8582782526143911,13.747313864000262,0.8552649034728765,0.8538053659100435,318.824,3.458700406879225,0.28531151883461503,0.4786369440191483,40,12
grid,dgp2,2000,24,500,5,2,0.1335964474133792,SSRF-JS,0.7132066726639603,0.602445143650088,0.020563760116663575,0.964,4.419107664967768,3.6388685718357716,,,13.747313864000262,0.8552649034728765,0.8538053659100435,318.824,3.458700406879225,0.28531151883461503,0.4786369440191483,40,12
grid,dgp2,2000,24,500,5,2,0.1335964474133792,RF-H,0.722686470052214,0.6088669112198611,0.025619464193673076,0.959,4.407129696327394,3.596830059701567,2.28290963216235,0.02254025128244448,3.7141434069999377,0.8552649034728765,0.8538053659100435,318.824,3.458700406879225,0.28531151883461503,0.4786369440191483,40,12
grid,dgp2,2000,24,500,5,2,0.1335964474133792,SSRF-H,0.7758494419097843,0.6362881707955272,0.07752600935797661,0.959,4.491712941605912,3.6840999853143384,7.035365994614122,2.719277983504668e-12,3.7141434069999377,0.8552649034728765,0.8538053659100435,318.824,3.458700406879225,0.28531151883461503,0.4786369440191483,40,12
grid,dgp2,2000,24,500,5,2,0.1335964474133792,SSRF-JS-H,0.7764599889198394,0.6366870125493902,0.07798525616149839,0.959,4.491831825228199,3.6804342225538558,7.087970644369577,1.8793680010374803e-12,3.7141434069999377,0.8552649034728765,0.8538053659100435,318.824,3.458700406879225,0.28531151883461503,0.4786369440191483,40,12
grid,dgp2,2000,24,500,5,2,0.1335964474133792,SSRF-rob,0.7124119062871416,0.602105632294824,0.0203378656872288,0.965,4.432686328503287,3.664335583957616,-0.8612158932063511,0.38922243529599776,8.467567027999849,0.8552649034728765,0.8538053659100435,318.824,3.458700406879225,0.28531151883461503,0.4786369440191483,40,12
grid,dgp2,2000,24,500,5,2,0.1335964474133792,RidgeRF,0.7249503715805069,0.6106311538341257,0.028338220299731046,0.966,4.422855204104474,3.725350169555588,2.276119156523282,0.022944224196618464,4.260883422999996,0.8552649034728765,0.8538053659100435,318.824,3.458700406879225,0.28531151883461503,0.4786369440191483,40,12
grid,dgp2,2000,24,500,5,2,0.1335964474133792,LassoRF,0.7130567204656035,0.6042798731276758,0.01959604978871648,0.964,4.400537895335674,3.675405885309728,-0.03585306919267968,0.9714030968328011,1.069324693999988,0.8552649034728765,0.8538053659100435,318.824,3.458700406879225,0.28531151883461503,0.4786369440191483,40,12
grid,dgp2,2000,24,500,5,2,0.1335964474133792,GBM,0.7268589861100003,0.6124662339515334,0.030993565930848177,0.958,4.445812946277477,3.6577910480633644,3.0014577415415595,0.002720167593649911,0.3216176779997113,0.8552649034728765,0.8538053659100435,318.824,3.458700406879225,0.28531151883461503,0.4786369440191483,40,12
grid,dgp2,2000,24,500,5,2,0.1335964474133792,RF-tuned,0.705218558004113,0.5994502610618478,0.011951698450122823,0.962,4.429851450601658,3.595686145087242,-2.3299502728407417,0.019907875685709637,9.852560584999992,0.8552649034728765,0.8538053659100435,318.824,3.458700406879225,0.28531151883461503,0.4786369440191483,40,12
grid,dgp2,2000,24,500,5,2,0.1335964474133792,SSRF-tuned,0.7071559881607024,0.6000663425417202,0.013669829073436623,0.958,4.415653736265229,3.5507337735285627,-2.1354338754274695,0.03284681600290014,16.640653355000268,0.8552649034728765,0.8538053659100435,318.824,3.458700406879225,0.28531151883461503,0.4786369440191483,40,12
grid,dgp2,2000,24,10,5,3,0.13485895183889304,RF,0.7110352498278124,0.6199841512528506,0.06813519868597445,0.932,4.799180738276361,3.2623106024234456,7.719021360082705,1.8383603957341694e-14,0.13287693500024034,0.8234812392639963,0.8210997524645443,320.2,3.4450658947429735,0.3437362776916458,0.4549965530960381,80,12
grid,dgp2,2000,24,10,5,3,0.13485895183889304,SSRF,0.6869729395360723,0.6069184722145253,0.04941991627352455,0.928,4.734295464518082,3.175924570633548,-2.897189269341559,0.003806189009686735,0.13287693500024034,0.8234812392639963,0.8210997524645443,320.2,3.4450658947429735,0.3437362776916458,0.4549965530960381,80,12
grid,dgp2,2000,24,10,5,3,0.13485895183889304,SSRF-JS,0.6884068637834742,0.6078620604382112,0.050268064772150976,0.928,4.744308875995501,3.1748838773904278,,,0.13287693500024034,0.8234812392639963,0.8210997524645443,320.2,3.4450658947429735,0.3437362776916458,0.4549965530960381,80,12
grid,dgp2,2000,24,10,5,3,0.13485895183889304,RF-H,0.6669383114216677,0.5955386175699421,0.05258643480834423,0.938,4.572916596962008,3.264802185662511,-2.231353922436946,0.025768191864343315,0.03809466999973665,0.8234812392639963,0.8210997524645443,320.2,3.4450658947429735,0.3437362776916458,0.4549965530960381,80,12
grid,dgp2,2000,24,10,5,3,0.13485895183889304,SSRF-H,0.6899340974774213,0.6112032208573099,0.07465551538230623,0.935,4.656142118427476,3.1796835307594837,0.13292837663236692,0.8942634038558209,0.03809466999973665,0.8234812392639963,0.8210997524645443,320.2,3.4450658947429735,0.3437362776916458,0.4549965530960381,80,12
grid,dgp2,2000,24,10,5,3,0.13485895183889304,SSRF-JS-H,0.6911823036536482,0.6122342661927548,0.07551198042360593,0.937,4.650386814554752,3.206394952613784,0.24096929148146246,0.8096036289602214,0.03809466999973665,0.8234812392639963,0.8210997524645443,320.2,3.4450658947429735,0.3437362776916458,0.4549965530960381,80,12
grid,dgp2,2000,24,10,5,3,0.13485895183889304,SSRF-rob,0.7015212139549314,0.6146712274708055,0.060462378166047985,0.931,4.780665393163191,3.2166551489203243,7.090198553783295,1.8500892408116267e-12,0.14667841500022405,0.8234812392639963,0.8210997524645443,320.2,3.4450658947429735,0.3437362776916458,0.4549965530960381,80,12
grid,dgp2,2000,24,10,5,3,0.13485895183889304,RidgeRF,0.7081029340482822,0.6155337111980513,0.07541474562646902,0.934,4.710874989808499,3.2914630847171846,1.783899594940009,0.07459163100452922,0.22878862500010655,0.8234812392639963,0.8210997524645443,320.2,3.4450658947429735,0.3437362776916458,0.4549965530960381,80,12
grid,dgp2,2000,24,10,5,3,0.13485895183889304,LassoRF,0.6614920416216014,0.592288563225872,0.0439214671336858,0.927,4.649641723115545,3.125806714779302,-2.8228867816039935,0.004806451460448532,0.08251767500041751,0.8234812392639963,0.8210997524645443,320.2,3.4450658947429735,0.3437362776916458,0.4549965530960381,80,12
grid,dgp2,2000,24,10,5,3,0.13485895183889304,GBM,0.6517220883064021,0.5830798939926624,0.03008105753895591,0.94,4.610969648678476,3.201025696850891,-4.312191380634725,1.6951117814984484e-05,0.4305110529999183,0.8234812392639963,0.8210997524645443,320.2,3.4450658947429735,0.3437362776916458,0.4549965530960381,80,12
grid,dgp2,2000,24,10,5,3,0.13485895183889304,RF-tuned,0.6461633967695012,0.5777717016865518,0.017302103757112698,0.934,4.59235475401484,3.1357318858268455,-5.298655083878836,1.2951497420819463e-07,7.68429252299984,0.8234812392639963,0.8210997524645443,320.2,3.4450658947429735,0.3437362776916458,0.4549965530960381,80,12
grid,dgp2,2000,24,10,5,3,0.13485895183889304,SSRF-tuned,0.6442772030778565,0.5778779952774771,0.018702222076553695,0.931,4.60552833131521,3.0805995328037947,-5.7242427070136666,1.1961132045810496e-08,7.7788996139997835,0.8234812392639963,0.8210997524645443,320.2,3.4450658947429735,0.3437362776916458,0.4549965530960381,80,12
grid,dgp2,2000,24,500,5,3,0.13485895183889304,RF,0.6490609848901964,0.5836837332332881,0.024029286048439295,0.931,4.834934319927922,3.103249386163062,1.8355339268824957,0.06657509176778564,7.1552470179999546,0.8323059513321733,0.8302894326299131,319.246,3.4577954326933904,0.32789043886248603,0.46041100939394364,80,12
grid,dgp2,2000,24,500,5,3,0.13485895183889304,SSRF,0.6450409234341108,0.5815458659759875,0.021584831157738654,0.933,4.816454812080938,3.083331789813058,-2.5279883873307836,0.01154826264044528,7.1552470179999546,0.8323059513321733,0.8302894326299131,319.246,3.4577954326933904,0.32789043886248603,0.46041100939394364,80,12
grid,dgp2,2000,24,500,5,3,0.13485895183889304,SSRF-JS,0.645309288161327,0.581783217745545,0.021840841760844734,0.931,4.817479048110281,3.085970941712518,,,7.1552470179999546,0.8323059513321733,0.8302894326299131,319.246,3.4577954326933904,0.32789043886248603,0.46041100939394364,80,12
grid,dgp2,2000,24,500,5,3,0.13485895183889304,RF-H,0.6460809765572378,0.5817716647504606,0.0234281856342939,0.929,4.821940872839553,3.0388828543813204,0.18528617981565207,0.8530233741983356,1.9171982510001726,0.8323059513321733,0.8302894326299131,319.246,3.4577954326933904,0.32789043886248603,0.46041100939394364,80,12
grid,dgp2,2000,24,500,5,3,0.13485895183889304,SSRF-H,0.6916712216015074,0.6128488875542721,0.0744609227810077,0.937,4.830931182479815,3.2239336430395786,5.301779515589552,1.273476151297098e-07,1.9171982510001726,0.8323059513321733,0.8302894326299131,319.246,3.4577954326933904,0.32789043886248603,0.46041100939394364,80,12
grid,dgp2,2000,24,500,5,3,0.13485895183889304,SSRF-JS-H,0.6921468465603152,0.6131289916292747,0.07497945614697067,0.936,4.831875661834523,3.2191450309433876,5.338220400240403,1.045246012631173e-07,1.9171982510001726,0.8323059513321733,0.8302894326299131,319.246,3.4577954326933904,0.32789043886248603,0.46041100939394364,80,12
grid,dgp2,2000,24,500,5,3,0.13485895183889304,SSRF-rob,0.6469497237203539,0.5824790908086818,0.022528019277859926,0.931,4.825885365255334,3.1027065110424554,1.2990847207886567,0.1940646703997409,9.00290570199968,0.8323059513321733,0.8302894326299131,319.246,3.4577954326933904,0.32789043886248603,0.46041100939394364,80,12
grid,dgp2,2000,24,500,5,3,0.13485895183889304,RidgeRF,0.6634340645988284,0.5914510919354771,0.03582176279987947,0.93,4.888649368046985,3.0840074686607357,3.0282319016204875,0.002491354883220898,4.712419589000092,0.8323059513321733,0.8302894326299131,319.246,3.4577954326933904,0.32789043886248603,0.46041100939394364,80,12
grid,dgp2,2000,24,500,5,3,0.13485895183889304,LassoRF,0.6445299972654737,0.5801353449966165,0.018767845339912406,0.943,4.756904153610344,3.2047966709089994,-0.1769872786554851,0.8595363117708029,1.090145191999909,0.8323059513321733,0.8302894326299131,319.246,3.4577954326933904,0.32789043886248603,0.46041100939394364,80,12
grid,dgp2,2000,24,500,5,3,0.13485895183889304,GBM,0.6517220883064021,0.5830798939926624,0.03008105753895591,0.928,4.810141813517984,3.0690911685365,1.1754392018041089,0.23995902734587798,0.4497629750003398,0.8323059513321733,0.8302894326299131,319.246,3.4577954326933904,0.32789043886248603,0.46041100939394364,80,12
grid,dgp2,2000,24,500,5,3,0.13485895183889304,RF-tuned,0.6373684622355279,0.5738740626800237,0.010662680107453632,0.933,4.825158220452551,3.0621488817418756,-2.1163621896176696,0.03443730549309897,9.747708544000034,0.8323059513321733,0.8302894326299131,319.246,3.4577954326933904,0.32789043886248603,0.46041100939394364,80,12
grid,dgp2,2000,24,500,5,3,0.13485895183889304,SSRF-tuned,0.638798609710854,0.575071773356219,0.012786503069455016,0.931,4.818021970908187,3.0654495167839784,-1.9222613070528412,0.054714860842536774,15.342157581000265,0.8323059513321733,0.8302894326299131,319.246,3.4577954326933904,0.32789043886248603,0.46041100939394364,80,12
grid,dgp2,2000,24,10,5,4,0.09520057232809889,RF,0.9512557110565606,0.6188785948834918,0.06946493140531035,0.957,4.82261333938965,3.346086145713017,4.0423102479368325,5.493304622961172e-05,0.14355131100001017,0.7577384092656463,0.7534538232341141,320.6,3.458202482271517,0.5041985613754074,0.41371404503194154,80,12
grid,dgp2,2000,24,10,5,4,0.09520057232809889,SSRF,0.9319790543488554,0.6073738441186687,0.05034544531376804,0.954,4.835766296965407,3.2776870290926117,0.03533833350040942,0.9718134849257399,0.14355131100001017,0.7577384092656463,0.7534538232341141,320.6,3.458202482271517,0.5041985613754074,0.41371404503194154,80,12
grid,dgp2,2000,24,10,5,4,0.09520057232809889,SSRF-JS,0.9319536918623443,0.6077926143586957,0.05170916604933726,0.952,4.828447492226653,3.263467416076038,,,0.14355131100001017,0.7577384092656463,0.7534538232341141,320.6,3.458202482271517,0.5041985613754074,0.41371404503194154,80,12
grid,dgp2,2000,24,10,5,4,0.09520057232809889,RF-H,0.9602070363139615,0.6206706465029166,0.07625476570768552,0.946,4.974978466138005,3.3074239539004675,2.7234718783844483,0.006516150593763013,0.03883638900015285,0.7577384092656463,0.7534538232341141,320.6,3.458202482271517,0.5041985613754074,0.41371404503194154,80,12
grid,dgp2,2000,24,10,5,4,0.09520057232809889,SSRF-H,0.9640635128110567,0.6260823233887047,0.08427725703773047,0.95,5.011037836630799,3.333620614954697,2.7765139357536124,0.005545754341390256,0.03883638900015285,0.7577384092656463,0.7534538232341141,320.6,3.458202482271517,0.5041985613754074,0.41371404503194154,80,12
grid,dgp2,2000,24,10,5,4,0.09520057232809889,SSRF-JS-H,0.965440006618198,0.6269007370741744,0.08648647904872059,0.949,5.017162490190776,3.3264854290157455,2.9889998620670566,0.0028330495194860677,0.03883638900015285,0.7577384092656463,0.7534538232341141,320.6,3.458202482271517,0.5041985613754074,0.41371404503194154,80,12
grid,dgp2,2000,24,10,5,4,0.09520057232809889,SSRF-rob,0.9447170097509215,0.6152740594800769,0.06329658368513195,0.956,4.818848097484264,3.305576421833093,3.623204785071536,0.0002982384872876699,0.15915357700032473,0.7577384092656463,0.7534538232341141,320.6,3.458202482271517,0.5041985613754074,0.41371404503194154,80,12
grid,dgp2,2000,24,10,5,4,0.09520057232809889,RidgeRF,0.9777067926092383,0.6269926208121708,0.07992630506168989,0.943,5.1154218854556675,3.2654706009604832,3.9581858054722083,7.816123431630795e-05,0.16769178899994586,0.7577384092656463,0.7534538232341141,320.6,3.458202482271517,0.5041985613754074,0.41371404503194154,80,12
grid,dgp2,2000,24,10,5,4,0.09520057232809889,LassoRF,0.945008603275724,0.6079910840815851,0.05062318593495578,0.957,4.844956164839161,3.41137755651684,1.1570371232443462,0.24739543391786623,0.054710103000161325,0.7577384092656463,0.7534538232341141,320.6,3.458202482271517,0.5041985613754074,0.41371404503194154,80,12
grid,dgp2,2000,24,10,5,4,0.09520057232809889,GBM,0.9210410979390202,0.5935468127865576,0.025672202714777406,0.951,4.8657171546726,3.2684348154777734,-1.4234312560190505,0.15476722939011608,0.4520742899999277,0.7577384092656463,0.7534538232341141,320.6,3.458202482271517,0.5041985613754074,0.41371404503194154,80,12
grid,dgp2,2000,24,10,5,4,0.09520057232809889,RF-tuned,0.9071807056392102,0.5910873753868602,0.0220649572539123,0.947,4.848187744814667,3.245065522380747,-2.8006541051961387,0.00514897479080083,7.0038443939997705,0.7577384092656463,0.7534538232341141,320.6,3.458202482271517,0.5041985613754074,0.41371404503194154,80,12
grid,dgp2,2000,24,10,5,4,0.09520057232809889,SSRF-tuned,0.9089484907011454,0.5908587143321982,0.0226489487927528,0.951,4.812490903162514,3.2684045672603115,-3.4529300993929737,0.000566078835860906,7.101421325999581,0.7577384092656463,0.7534538232341141,320.6,3.458202482271517,0.5041985613754074,0.41371404503194154,80,12
grid,dgp2,2000,24,500,5,4,0.09520057232809889,RF,0.9132188429389405,0.5942672415962158,0.026285366272624015,0.951,5.759237872123291,3.2807473386226382,0.019633053949340347,0.9843380550201706,8.713996465000037,0.7422259359999225,0.7374715929605852,319.106,3.4570897430156866,0.5847158775782573,0.45549579504836135,80,12
grid,dgp2,2000,24,500,5,4,0.09520057232809889,SSRF,0.9132038597009862,0.5948199037460411,0.02864220159807605,0.952,5.7617401927565846,3.2568549319017994,0.3021006493898066,0.7626067643536595,8.713996465000037,0.7422259359999225,0.7374715929605852,319.106,3.4570897430156866,0.5847158775782573,0.45549579504836135,80,12
grid,dgp2,2000,24,500,5,4,0.09520057232809889,SSRF-JS,0.9131499291444432,0.5949443632014332,0.02885079805754075,0.952,5.760562778331656,3.258863169757731,,,8.713996465000037,0.7422259359999225,0.7374715929605852,319.106,3.4570897430156866,0.5847158775782573,0.45549579504836135,80,12
grid,dgp2,2000,24,500,5,4,0.09520057232809889,RF-H,0.9146282904221527,0.5949115095652477,0.0334302675652968,0.957,5.769867817757988,3.306990759170908,0.4507164295296211,0.6522428210094714,1.946156713000164,0.7422259359999225,0.7374715929605852,319.106,3.4570897430156866,0.5847158775782573,0.45549579504836135,80,12
grid,dgp2,2000,24,500,5,4,0.09520057232809889,SSRF-H,0.9587838959529148,0.6233021292579046,0.08135692315977752,0.953,5.818819905835308,3.37870339057909,5.51910215822383,3.850770979107137e-08,1.946156713000164,0.7422259359999225,0.7374715929605852,319.106,3.4570897430156866,0.5847158775782573,0.45549579504836135,80,12
grid,dgp2,2000,24,500,5,4,0.09520057232809889,SSRF-JS-H,0.958907380874536,0.6235224090233948,0.08196801084882502,0.953,5.818483990926272,3.37559638165566,5.514771511262691,3.94534146882424e-08,1.946156713000164,0.7422259359999225,0.7374715929605852,319.106,3.4570897430156866,0.5847158775782573,0.45549579504836135,80,12
grid,dgp2,2000,24,500,5,4,0.09520057232809889,SSRF-rob,0.9122021012643904,0.5938418152493479,0.0259477829547123,0.952,5.758546273871589,3.2844701307692765,-0.34772165858454773,0.728085838058483,8.455863171000146,0.7422259359999225,0.7374715929605852,319.106,3.4570897430156866,0.5847158775782573,0.45549579504836135,80,12
grid,dgp2,2000,24,500,5,4,0.09520057232809889,RidgeRF,0.9230092636651291,0.5978718633752952,0.03259625723596753,0.949,5.782070279585185,3.2019967896366026,1.604837773844776,0.1086874695106419,4.428739597000003,0.7422259359999225,0.7374715929605852,319.106,3.4570897430156866,0.5847158775782573,0.45549579504836135,80,12
grid,dgp2,2000,24,500,5,4,0.09520057232809889,LassoRF,0.9255594820303782,0.5931171566137184,0.02825929423342103,0.955,5.801974383093629,3.408174777983881,1.3287024463393042,0.18409780742015824,1.008144621000156,0.7422259359999225,0.7374715929605852,319.106,3.4570897430156866,0.5847158775782573,0.45549579504836135,80,12
grid,dgp2,2000,24,500,5,4,0.09520057232809889,GBM,0.9210410979390202,0.5935468127865576,0.025672202714777406,0.955,5.802015632275898,3.3363636030451342,1.4577714030724818,0.14506064045620135,0.5515918280002552,0.7422259359999225,0.7374715929605852,319.106,3.4570897430156866,0.5847158775782573,0.45549579504836135,80,12
grid,dgp2,2000,24,500,5,4,0.09520057232809889,RF-tuned,0.899961296296756,0.5846165950513312,0.014466726322417987,0.954,5.752633464970968,3.286766007587175,-3.256052480629554,0.0011486192960008979,9.248901529999785,0.7422259359999225,0.7374715929605852,319.106,3.4570897430156866,0.5847158775782573,0.45549579504836135,80,12
grid,dgp2,2000,24,500,5,4,0.09520057232809889,SSRF-tuned,0.9024195169402556,0.5868469752179931,0.016628597959153387,0.954,5.765366137573941,3.303154591776922,-2.9029577863113865,0.0037370739110635432,14.041309739999633,0.7422259359999225,0.7374715929605852,319.106,3.4570897430156866,0.5847158775782573,0.45549579504836135,80,12
grid,dgp2,2000,24,10,5,5,0.14195554709213437,RF,0.7575561957182381,0.6334861459337501,0.06567836389064814,0.944,4.784378137050857,3.4224581295465692,5.31218691883095,1.2037856069491855e-07,0.1262326529999882,0.8520593747984598,0.8505221553089548,318.0,3.486335495981779,0.2978527169798213,0.4842357080488814,20,8
grid,dgp2,2000,24,10,5,5,0.14195554709213437,SSRF,0.7444257770373399,0.6237578889900669,0.04901782810025456,0.945,4.765638926507207,3.443860518477101,-1.7631611162307306,0.07802608434140981,0.1262326529999882,0.8520593747984598,0.8505221553089548,318.0,3.486335495981779,0.2978527169798213,0.4842357080488814,20,8
grid,dgp2,2000,24,10,5,5,0.14195554709213437,SSRF-JS,0.7451753242287877,0.6242599316127155,0.050277703491640596,0.944,4.7653550774213045,3.447578389597952,,,0.1262326529999882,0.8520593747984598,0.8505221553089548,318.0,3.486335495981779,0.2978527169798213,0.4842357080488814,20,8
grid,dgp2,2000,24,10,5,5,0.14195554709213437,RF-H,0.7647923645742799,0.630659995188961,0.05075201134133386,0.95,4.792452712085527,3.5807673479447693,1.8243182708252261,0.06825318086593633,0.03680005100022754,0.8520593747984598,0.8505221553089548,318.0,3.486335495981779,0.2978527169798213,0.4842357080488814,20,8
grid,dgp2,2000,24,10,5,5,0.14195554709213437,SSRF-H,0.7824676973186057,0.6382188179106625,0.068687145727163,0.957,4.86183835616157,3.739460455079602,3.141230941162917,0.0017070201749854784,0.03680005100022754,0.8520593747984598,0.8505221553089548,318.0,3.486335495981779,0.2978527169798213,0.4842357080488814,20,8
grid,dgp2,2000,24,10,5,5,0.14195554709213437,SSRF-JS-H,0.7848802889039818,0.6392340001210265,0.07030119158878963,0.956,4.860034051586362,3.715001943988931,3.3204482973405804,0.0009148948455204258,0.03680005100022754,0.8520593747984598,0.8505221553089548,318.0,3.486335495981779,0.2978527169798213,0.4842357080488814,20,8
grid,dgp2,2000,24,10,5,5,0.14195554709213437,SSRF-rob,0.7517023450908977,0.6292625711095805,0.05845881980500122,0.945,4.772357739586152,3.4483781452329363,4.811938374469421,1.606651801550364e-06,0.1451264879997325,0.8520593747984598,0.8505221553089548,318.0,3.486335495981779,0.2978527169798213,0.4842357080488814,20,8
grid,dgp2,2000,24,10,5,5,0.14195554709213437,RidgeRF,0.7789730627689614,0.6415285093296393,0.07497946946440433,0.944,4.9268450427505375,3.5321363726878783,2.8060742280222324,0.005063494794556025,0.10015851400021347,0.8520593747984598,0.8505221553089548,318.0,3.486335495981779,0.2978527169798213,0.4842357080488814,20,8
grid,dgp2,2000,24,10,5,5,0.14195554709213437,LassoRF,0.7619345863171002,0.6347256965082169,0.05457315604848193,0.95,4.7429732858850695,3.549034945141748,1.580108071219166,0.11424032593743029,0.12403458600010708,0.8520593747984598,0.8505221553089548,318.0,3.486335495981779,0.2978527169798213,0.4842357080488814,20,8
grid,dgp2,2000,24,10,5,5,0.14195554709213437,GBM,0.7189970812674078,0.6094254161762,0.025725060269585227,0.947,4.693048894173584,3.4787115519305307,-2.7501178926424874,0.006011041276762557,0.41049345100009305,0.8520593747984598,0.8505221553089548,318.0,3.486335495981779,0.2978527169798213,0.4842357080488814,20,8
grid,dgp2,2000,24,10,5,5,0.14195554709213437,RF-tuned,0.7337011095152824,0.6143186498525667,0.031234009913355953,0.95,4.752198927261314,3.5913038663952084,-1.2336098479975273,0.2174933466340354,6.626052669999808,0.8520593747984598,0.8505221553089548,318.0,3.486335495981779,0.2978527169798213,0.4842357080488814,20,8
grid,dgp2,2000,24,10,5,5,0.14195554709213437,SSRF-tuned,0.7257408530398086,0.6140327766416065,0.03007660283793839,0.948,4.754835082308916,3.4906500989267006,-2.2392312264645797,0.025250470458801005,6.725094865999381,0.8520593747984598,0.8505221553089548,318.0,3.486335495981779,0.2978527169798213,0.4842357080488814,20,8
grid,dgp2,2000,24,500,5,5,0.14195554709213437,RF,0.7163294657495601,0.6080311858501074,0.02309159156597915,0.96,4.7642312803002875,3.662956002268009,0.04828478829306058,0.9614941010212237,6.2894955739998295,0.8514651094807455,0.8499266321337801,318.824,3.4632693857470143,0.2939350620555741,0.4764814633272691,20,8
grid,dgp2,2000,24,500,5,5,0.14195554709213437,SSRF,0.7162737471893492,0.6063398890575954,0.019892278087455605,0.96,4.783654649037248,3.6850163529373408,0.38330909181236705,0.7015313571896283,6.2894955739998295,0.8514651094807455,0.8499266321337801,318.824,3.4632693857470143,0.2939350620555741,0.4764814633272691,20,8
grid,dgp2,2000,24,500,5,5,0.14195554709213437,SSRF-JS,0.7162406677746344,0.6063096339056017,0.01996532590892495,0.96,4.782245582799955,3.681173853285055,,,6.2894955739998295,0.8514651094807455,0.8499266321337801,318.824,3.4632693857470143,0.2939350620555741,0.4764814633272691,20,8
grid,dgp2,2000,24,500,5,5,0.14195554709213437,RF-H,0.7260952637010742,0.6103046301467098,0.02366858885401075,0.957,4.825052820180665,3.696810263310687,2.7322949265069627,0.006344818570598331,1.9048585519999506,0.8514651094807455,0.8499266321337801,318.824,3.4632693857470143,0.2939350620555741,0.4764814633272691,20,8
grid,dgp2,2000,24,500,5,5,0.14195554709213437,SSRF-H,0.7763416102041439,0.6352384064566795,0.06541515662096045,0.958,4.947458718686216,3.7152456446051096,6.971979194408933,4.229873030681707e-12,1.9048585519999506,0.8514651094807455,0.8499266321337801,318.824,3.4632693857470143,0.2939350620555741,0.4764814633272691,20,8
grid,dgp2,2000,24,500,5,5,0.14195554709213437,SSRF-JS-H,0.7769041774248401,0.6355744772527459,0.06595979737273742,0.958,4.948547721213143,3.720247927702282,7.009211143369607,3.2645074275278934e-12,1.9048585519999506,0.8514651094807455,0.8499266321337801,318.824,3.4632693857470143,0.2939350620555741,0.4764814633272691,20,8
grid,dgp2,2000,24,500,5,5,0.14195554709213437,SSRF-rob,0.715735242029934,0.6069933858722959,0.021211943783838245,0.96,4.7700248128166525,3.669154996070498,-0.47505143664309574,0.6348022088917599,7.079935673000364,0.8514651094807455,0.8499266321337801,318.824,3.4632693857470143,0.2939350620555741,0.4764814633272691,20,8
grid,dgp2,2000,24,500,5,5,0.14195554709213437,RidgeRF,0.7353440530651553,0.6186011076171977,0.034768183534831354,0.958,4.810876823646694,3.6798975669676683,3.2760309659147704,0.0010707790380511497,4.247306895999827,0.8514651094807455,0.8499266321337801,318.824,3.4632693857470143,0.2939350620555741,0.4764814633272691,20,8
grid,dgp2,2000,24,500,5,5,0.14195554709213437,LassoRF,0.7182618480334525,0.6099299252436967,0.023667811833315972,0.953,4.7334286343278436,3.58356062305905,0.44411330371691365,0.6570087390832615,1.8372198479996769,0.8514651094807455,0.8499266321337801,318.824,3.4632693857470143,0.2939350620555741,0.4764814633272691,20,8
grid,dgp2,2000,24,500,5,5,0.14195554709213437,GBM,0.7189970812674078,0.6094254161762,0.025725060269585227,0.962,4.747554333623944,3.684388912499693,0.5197091663331365,0.603323838416274,0.42364780600019003,0.8514651094807455,0.8499266321337801,318.824,3.4632693857470143,0.2939350620555741,0.4764814633272691,20,8
grid,dgp2,2000,24,500,5,5,0.14195554709213437,RF-tuned,0.7151498224109312,0.6054424350379163,0.01554776749890879,0.957,4.780869602642732,3.674811289082506,-0.4416436784910669,0.6587948397832765,9.194734022000375,0.8514651094807455,0.8499266321337801,318.824,3.4632693857470143,0.2939350620555741,0.4764814633272691,20,8
grid,dgp2,2000,24,500,5,5,0.14195554709213437,SSRF-tuned,0.7138456349374852,0.6042402525771058,0.015824228849964043,0.959,4.777192791922665,3.683974366354682,-1.2986329099273446,0.19421972294640583,14.078769610000563,0.8514651094807455,0.8499266321337801,318.824,3.4632693857470143,0.2939350620555741,0.4764814633272691,20,8
grid,dgp2,2000,24,10,5,6,0.14532372802141957,RF,0.7612717610647578,0.6336623597472917,0.0724571206254328,0.952,4.732024405110708,3.4150966973913053,7.575759208196231,5.424479869028929e-14,0.12603098999989015,0.8405283009488139,0.8387254819680123,320.4,3.4457972876956724,0.30208041946384867,0.45063118356864507,80,12
grid,dgp2,2000,24,10,5,6,0.14532372802141957,SSRF,0.7426681022793751,0.6244564683480044,0.058572592309462754,0.95,4.665857410251783,3.3707472564961,-1.9782773184725737,0.04803452529265919,0.12603098999989015,0.8405283009488139,0.8387254819680123,320.4,3.4457972876956724,0.30208041946384867,0.45063118356864507,80,12
grid,dgp2,2000,24,10,5,6,0.14532372802141957,SSRF-JS,0.7436449571926261,0.6248675186203412,0.0599504584529554,0.947,4.673219387234041,3.353174359204288,,,0.12603098999989015,0.8405283009488139,0.8387254819680123,320.4,3.4457972876956724,0.30208041946384867,0.45063118356864507,80,12
grid,dgp2,2000,24,10,5,6,0.14532372802141957,RF-H,0.7457984723676647,0.6218218604209481,0.07280510838054342,0.948,4.674003904322039,3.3441005573512808,0.1683319892102045,0.8663391381225897,0.03821654299963484,0.8405283009488139,0.8387254819680123,320.4,3.4457972876956724,0.30208041946384867,0.45063118356864507,80,12
grid,dgp2,2000,24,10,5,6,0.14532372802141957,SSRF-H,0.7383332498043715,0.6261681663937025,0.0793830678188997,0.947,4.5281318153756835,3.322132667311088,-0.49129244153584517,0.6232735589607186,0.03821654299963484,0.8405283009488139,0.8387254819680123,320.4,3.4457972876956724,0.30208041946384867,0.45063118356864507,80,12
grid,dgp2,2000,24,10,5,6,0.14532372802141957,SSRF-JS-H,0.7407471893942092,0.6273998628656896,0.08174831318188436,0.946,4.541981527865846,3.3304761439060195,-0.25913053669505126,0.7955612053344451,0.03821654299963484,0.8405283009488139,0.8387254819680123,320.4,3.4457972876956724,0.30208041946384867,0.45063118356864507,80,12
grid,dgp2,2000,24,10,5,6,0.14532372802141957,SSRF-rob,0.7532383159771605,0.6296921576188397,0.06651647483514223,0.948,4.7060140945654885,3.3891589265824957,7.013574621246019,3.166620057032699e-12,0.1369718380001359,0.8405283009488139,0.8387254819680123,320.4,3.4457972876956724,0.30208041946384867,0.45063118356864507,80,12
grid,dgp2,2000,24,10,5,6,0.14532372802141957,RidgeRF,0.7399292331899527,0.6228733630700142,0.0642684678806168,0.938,4.684568625188398,3.249941082547747,-0.32809504306007403,0.7428741626193511,0.11836399000003439,0.8405283009488139,0.8387254819680123,320.4,3.4457972876956724,0.30208041946384867,0.45063118356864507,80,12
grid,dgp2,2000,24,10,5,6,0.14532372802141957,LassoRF,0.7333290357476034,0.6143455540237447,0.044286545926737475,0.94,4.677713058713085,3.2112124043048023,-0.9952525960320849,0.319733881752901,0.07486017200017159,0.8405283009488139,0.8387254819680123,320.4,3.4457972876956724,0.30208041946384867,0.45063118356864507,80,12
grid,dgp2,2000,24,10,5,6,0.14532372802141957,GBM,0.7152203908307556,0.6064372298667459,0.036503628170987276,0.943,4.67420887481596,3.2191965895993206,-3.0634843013034354,0.00221695472618332,0.6981577369997467,0.8405283009488139,0.8387254819680123,320.4,3.4457972876956724,0.30208041946384867,0.45063118356864507,80,12
grid,dgp2,2000,24,10,5,6,0.14532372802141957,RF-tuned,0.7011606579294286,0.5971024022428395,0.020222343067648058,0.944,4.5733726037574876,3.236931004720903,-5.224172584263894,1.9314000177357163e-07,6.664296754000134,0.8405283009488139,0.8387254819680123,320.4,3.4457972876956724,0.30208041946384867,0.45063118356864507,80,12
grid,dgp2,2000,24,10,5,6,0.14532372802141957,SSRF-tuned,0.7017673629592347,0.5952413905293602,0.02064971961982573,0.95,4.55708192615812,3.261022147110183,-5.407767019070379,7.145589088382887e-08,6.760395391000202,0.8405283009488139,0.8387254819680123,320.4,3.4457972876956724,0.30208041946384867,0.45063118356864507,80,12
grid,dgp2,2000,24,500,5,6,0.14532372802141957,RF,0.7030256463448019,0.6000884796297729,0.0241537432609257,0.963,4.54688548124731,3.4209652312872842,1.5289524752028267,0.12643443968460938,6.655731685999854,0.8407289993534949,0.8389350520809622,319.076,3.4582055640503473,0.30039232243054936,0.44875571827090255,80,12
grid,dgp2,2000,24,500,5,6,0.14532372802141957,SSRF,0.700181218860717,0.6002179963100439,0.024891431455133606,0.963,4.518879467373712,3.418431658175832,-1.797474719512429,0.07241115669569505,6.655731685999854,0.8407289993534949,0.8389350520809622,319.076,3.4582055640503473,0.30039232243054936,0.44875571827090255,80,12
grid,dgp2,2000,24,500,5,6,0.14532372802141957,SSRF-JS,0.7003220935078269,0.6003377576371933,0.02496947558079318,0.962,4.518172297399697,3.4155691910037334,,,6.655731685999854,0.8407289993534949,0.8389350520809622,319.076,3.4582055640503473,0.30039232243054936,0.44875571827090255,80,12
grid,dgp2,2000,24,500,5,6,0.14532372802141957,RF-H,0.6967762056794973,0.597712345916964,0.029073633560160125,0.966,4.507824599314785,3.444360205022626,-0.9647753934692567,0.33477401949109903,1.8853381160001845,0.8407289993534949,0.8389350520809622,319.076,3.4582055640503473,0.30039232243054936,0.44875571827090255,80,12
grid,dgp2,2000,24,500,5,6,0.14532372802141957,SSRF-H,0.736376687146351,0.6254680672939845,0.07704534826039336,0.966,4.506141506975785,3.464859795216697,4.580219974398601,4.931044151058768e-06,1.8853381160001845,0.8407289993534949,0.8389350520809622,319.076,3.4582055640503473,0.30039232243054936,0.44875571827090255,80,12
grid,dgp2,2000,24,500,5,6,0.14532372802141957,SSRF-JS-H,0.7369529920794499,0.6258399980685901,0.07774629979843703,0.966,4.506259156586174,3.4644851683333098,4.622631265617825,4.0310963136549605e-06,1.8853381160001845,0.8407289993534949,0.8389350520809622,319.076,3.4582055640503473,0.30039232243054936,0.44875571827090255,80,12
grid,dgp2,2000,24,500,5,6,0.14532372802141957,SSRF-rob,0.7014009702910974,0.5999133534123998,0.023989313055646895,0.963,4.537322159190933,3.427786393941517,1.042192318444893,0.29744854686493677,7.221121717000187,0.8407289993534949,0.8389350520809622,319.076,3.4582055640503473,0.30039232243054936,0.44875571827090255,80,12
grid,dgp2,2000,24,500,5,6,0.14532372802141957,RidgeRF,0.709179237783432,0.601745119251839,0.03086414450515158,0.96,4.576149320227403,3.39163170080662,1.888913266351406,0.059048087696819095,4.366832434999651,0.8407289993534949,0.8389350520809622,319.076,3.4582055640503473,0.30039232243054936,0.44875571827090255,80,12
grid,dgp2,2000,24,500,5,6,0.14532372802141957,LassoRF,0.7012467388080884,0.5974596665484638,0.022512015206466982,0.967,4.555714950454347,3.5184027094171526,0.2118507296198042,0.8322450869551328,1.0366121590000148,0.8407289993534949,0.8389350520809622,319.076,3.4582055640503473,0.30039232243054936,0.44875571827090255,80,12
grid,dgp2,2000,24,500,5,6,0.14532372802141957,GBM,0.7152203908307556,0.6064372298667459,0.036503628170987276,0.964,4.611858649734665,3.538330182909868,2.5182796063444757,0.011870489568537236,0.716234385000007,0.8407289993534949,0.8389350520809622,319.076,3.4582055640503473,0.30039232243054936,0.44875571827090255,80,12
grid,dgp2,2000,24,500,5,6,0.14532372802141957,RF-tuned,0.6937071447982475,0.5925877821021179,0.014802647963795008,0.962,4.526549921563361,3.403343114002844,-1.8962348594962348,0.05807306402168908,9.040544840000166,0.8407289993534949,0.8389350520809622,319.076,3.4582055640503473,0.30039232243054936,0.44875571827090255,80,12
grid,dgp2,2000,24,500,5,6,0.14532372802141957,SSRF-tuned,0.6930411727602087,0.5929577911548807,0.015990811007835923,0.964,4.52139448015337,3.413133800344589,-2.4063442172199427,0.016203305810798877,13.744365114000175,0.8407289993534949,0.8389350520809622,319.076,3.4582055640503473,0.30039232243054936,0.44875571827090255,80,12
grid,dgp2,2000,24,10,5,7,0.14852664606692176,RF,0.7423390293517048,0.6287646420751117,0.07607357935053594,0.955,4.899098705183369,3.5223908983458925,7.6103540863858745,4.184228289514215e-14,0.13085991700017985,0.8429368461453709,0.8411346576159546,317.6,3.4745657268989514,0.29184293945110806,0.44341698318113937,80,12
grid,dgp2,2000,24,10,5,7,0.14852664606692176,SSRF,0.725269974632482,0.6206887882573396,0.0618603963853112,0.955,4.845883873920508,3.481147575442156,-2.2574817231066766,0.024085487778348083,0.13085991700017985,0.8429368461453709,0.8411346576159546,317.6,3.4745657268989514,0.29184293945110806,0.44341698318113937,80,12
grid,dgp2,2000,24,10,5,7,0.14852664606692176,SSRF-JS,0.7264864859803042,0.6211050128549871,0.06309994467749938,0.954,4.851500159508777,3.4885538147449724,,,0.13085991700017985,0.8429368461453709,0.8411346576159546,317.6,3.4745657268989514,0.29184293945110806,0.44341698318113937,80,12
grid,dgp2,2000,24,10,5,7,0.14852664606692176,RF-H,0.7118913919555485,0.6183228229805645,0.057171677073552266,0.957,4.782377163887773,3.453546480115947,-1.4245962422899823,0.15443003903967242,0.03766899699985515,0.8429368461453709,0.8411346576159546,317.6,3.4745657268989514,0.29184293945110806,0.44341698318113937,80,12
grid,dgp2,2000,24,10,5,7,0.14852664606692176,SSRF-H,0.7400460264085488,0.6384756640774829,0.08984975934963194,0.955,4.745829269342763,3.407707309526737,1.314809960176652,0.1887245945275002,0.03766899699985515,0.8429368461453709,0.8411346576159546,317.6,3.4745657268989514,0.29184293945110806,0.44341698318113937,80,12
grid,dgp2,2000,24,10,5,7,0.14852664606692176,SSRF-JS-H,0.74029309518853,0.6388029538359511,0.089933946816039,0.955,4.74836432088774,3.418851365460755,1.336612556949801,0.1815012420167218,0.03766899699985515,0.8429368461453709,0.8411346576159546,317.6,3.4745657268989514,0.29184293945110806,0.44341698318113937,80,12
grid,dgp2,2000,24,10,5,7,0.14852664606692176,SSRF-rob,0.7349826264714796,0.625142101126463,0.06989500797028506,0.954,4.877921895424554,3.4964953838266344,7.037322322872962,2.6822945729341755e-12,0.14454003299988472,0.8429368461453709,0.8411346576159546,317.6,3.4745657268989514,0.29184293945110806,0.44341698318113937,80,12
grid,dgp2,2000,24,10,5,7,0.14852664606692176,RidgeRF,0.7366129736710166,0.6237062940072674,0.07336300323081997,0.958,4.824302694193,3.6626675849557633,0.9129841261848602,0.36136098560485574,0.10288755800002036,0.8429368461453709,0.8411346576159546,317.6,3.4745657268989514,0.29184293945110806,0.44341698318113937,80,12
grid,dgp2,2000,24,10,5,7,0.14852664606692176,LassoRF,0.7066435939615162,0.6104127449748477,0.04898787116425573,0.954,4.861890398129168,3.5496397846485475,-1.8455214195096397,0.06510952367372277,0.10038328400014507,0.8429368461453709,0.8411346576159546,317.6,3.4745657268989514,0.29184293945110806,0.44341698318113937,80,12
grid,dgp2,2000,24,10,5,7,0.14852664606692176,GBM,0.6883119705047315,0.6036723360973721,0.03421799647321559,0.955,4.767672090678783,3.3673469068865023,-4.6405579028897845,3.7000953738762645e-06,0.2869776140000795,0.8429368461453709,0.8411346576159546,317.6,3.4745657268989514,0.29184293945110806,0.44341698318113937,80,12
grid,dgp2,2000,24,10,5,7,0.14852664606692176,RF-tuned,0.6810494544597891,0.5966141759026977,0.020668564824811216,0.956,4.742439565179658,3.3702052618527882,-5.607910794091616,2.3323949607258955e-08,6.731014056999811,0.8429368461453709,0.8411346576159546,317.6,3.4745657268989514,0.29184293945110806,0.44341698318113937,80,12
grid,dgp2,2000,24,10,5,7,0.14852664606692176,SSRF-tuned,0.6840243463504463,0.60008857978975,0.022993786712226686,0.957,4.762923316099091,3.4753607469888004,-5.231998118065744,1.8524355815471308e-07,6.832061672999771,0.8429368461453709,0.8411346576159546,317.6,3.4745657268989514,0.29184293945110806,0.44341698318113937,80,12
grid,dgp2,2000,24,500,5,7,0.14852664606692176,RF,0.6871779324412203,0.6007487113284828,0.02738407701412563,0.958,4.709970750865663,3.4664131467634296,-0.11576785363046499,0.907848156108212,6.876257420999991,0.8471562957304245,0.8455084530113584,319.0,3.459423971416369,0.27413983085704613,0.43099835650562535,80,12
grid,dgp2,2000,24,500,5,7,0.14852664606692176,SSRF,0.6872115604445946,0.602388730273847,0.029220072775308303,0.959,4.6939255814558996,3.4844044429676666,-1.4875920803049365,0.1370162194241872,6.876257420999991,0.8471562957304245,0.8455084530113584,319.0,3.459423971416369,0.27413983085704613,0.43099835650562535,80,12
grid,dgp2,2000,24,500,5,7,0.14852664606692176,SSRF-JS,0.6873490688326807,0.6023892359578082,0.029336017195393076,0.959,4.6945738385650255,3.485261342083199,,,6.876257420999991,0.8471562957304245,0.8455084530113584,319.0,3.459423971416369,0.27413983085704613,0.43099835650562535,80,12
grid,dgp2,2000,24,500,5,7,0.14852664606692176,RF-H,0.6923585233567928,0.6076660923547689,0.03691363532366819,0.952,4.647916118528365,3.3870838949800652,1.365238120745363,0.17233183782659758,1.9402665969996633,0.8471562957304245,0.8455084530113584,319.0,3.459423971416369,0.27413983085704613,0.43099835650562535,80,12
grid,dgp2,2000,24,500,5,7,0.14852664606692176,SSRF-H,0.736429263995464,0.6361219272382173,0.0869775874538621,0.954,4.664044161260637,3.423115944843028,6.674032097043082,3.212904106856987e-11,1.9402665969996633,0.8471562957304245,0.8455084530113584,319.0,3.459423971416369,0.27413983085704613,0.43099835650562535,80,12
grid,dgp2,2000,24,500,5,7,0.14852664606692176,SSRF-JS-H,0.7370404058496142,0.6365339327138471,0.08753260518787519,0.954,4.6647437092421145,3.4231334653854137,6.732844969029707,2.1670493599674076e-11,1.9402665969996633,0.8471562957304245,0.8455084530113584,319.0,3.459423971416369,0.27413983085704613,0.43099835650562535,80,12
grid,dgp2,2000,24,500,5,7,0.14852664606692176,SSRF-rob,0.6868357156797041,0.601209274365555,0.02782556524002296,0.958,4.704471860959198,3.4828194677061237,-0.6214007930657137,0.5344068034949686,7.445275284000218,0.8471562957304245,0.8455084530113584,319.0,3.459423971416369,0.27413983085704613,0.43099835650562535,80,12
grid,dgp2,2000,24,500,5,7,0.14852664606692176,RidgeRF,0.701239611257935,0.6077093457436855,0.03555166842440381,0.957,4.738177950851161,3.4855676658920838,2.962329912892945,0.003089230272403624,4.686729486999866,0.8471562957304245,0.8455084530113584,319.0,3.459423971416369,0.27413983085704613,0.43099835650562535,80,12
grid,dgp2,2000,24,500,5,7,0.14852664606692176,LassoRF,0.6890212123977054,0.6000716391684594,0.028762404629149644,0.955,4.750352187801844,3.376582031429265,0.2511271314571903,0.8017416306034826,0.9979972460000681,0.8471562957304245,0.8455084530113584,319.0,3.459423971416369,0.27413983085704613,0.43099835650562535,80,12
grid,dgp2,2000,24,500,5,7,0.14852664606692176,GBM,0.6883119705047315,0.6036723360973721,0.03421799647321559,0.956,4.678322574351419,3.3676240515311164,0.21642762563133192,0.8286765175341038,0.27031518399962806,0.8471562957304245,0.8455084530113584,319.0,3.459423971416369,0.27413983085704613,0.43099835650562535,80,12
grid,dgp2,2000,24,500,5,7,0.14852664606692176,RF-tuned,0.6763700311650335,0.5945841135840799,0.017658604509439343,0.959,4.679240819014741,3.428945569524418,-3.0759368975627144,0.00212684940881685,9.429235572999914,0.8471562957304245,0.8455084530113584,319.0,3.459423971416369,0.27413983085704613,0.43099835650562535,80,12
grid,dgp2,2000,24,500,5,7,0.14852664606692176,SSRF-tuned,0.6776917119837984,0.5958135286628867,0.019223917849522255,0.958,4.678743947869447,3.436738880657572,-3.024524141350283,0.002521953751221906,14.267025918999934,0.8471562957304245,0.8455084530113584,319.0,3.459423971416369,0.27413983085704613,0.43099835650562535,80,12
grid,dgp2,2000,24,10,5,8,0.1396354255261159,RF,0.6661937099204253,0.5986319738183157,0.06291886233657125,0.96,4.273435508527453,3.352183236399732,6.234765605473533,5.504720581118882e-10,0.1345137660000546,0.8578787727044359,0.8563563751162707,319.8,3.447114421258045,0.2770778159236952,0.4761826561713889,40,12
grid,dgp2,2000,24,10,5,8,0.1396354255261159,SSRF,0.6522629913984821,0.5906164686686376,0.04900661888813023,0.958,4.291385528840513,3.315063669128252,-2.7684005436458987,0.005685184634969612,0.1345137660000546,0.8578787727044359,0.8563563751162707,319.8,3.447114421258045,0.2770778159236952,0.4761826561713889,40,12
grid,dgp2,2000,24,10,5,8,0.1396354255261159,SSRF-JS,0.6534616513433638,0.5915773876452065,0.05027325286317493,0.958,4.289244359847884,3.307352964714539,,,0.1345137660000546,0.8578787727044359,0.8563563751162707,319.8,3.447114421258045,0.2770778159236952,0.4761826561713889,40,12
grid,dgp2,2000,24,10,5,8,0.1396354255261159,RF-H,0.6546953165747605,0.5889668312381844,0.05404798748041663,0.951,4.381094902839862,3.2436134930342306,0.12051617749526489,0.9040863766387834,0.03736337700001968,0.8578787727044359,0.8563563751162707,319.8,3.447114421258045,0.2770778159236952,0.4761826561713889,40,12
grid,dgp2,2000,24,10,5,8,0.1396354255261159,SSRF-H,0.6812599178783201,0.6068603411234912,0.07666579293025867,0.952,4.574494039886732,3.4096346998736213,2.5966669465219714,0.009482319730276705,0.03736337700001968,0.8578787727044359,0.8563563751162707,319.8,3.447114421258045,0.2770778159236952,0.4761826561713889,40,12
grid,dgp2,2000,24,10,5,8,0.1396354255261159,SSRF-JS-H,0.6809975424898335,0.6067365539198241,0.07718006319215477,0.951,4.5714450705555905,3.3927292962367948,2.563046252908541,0.010448433259020843,0.03736337700001968,0.8578787727044359,0.8563563751162707,319.8,3.447114421258045,0.2770778159236952,0.4761826561713889,40,12
grid,dgp2,2000,24,10,5,8,0.1396354255261159,SSRF-rob,0.6598504165612092,0.5951413178476412,0.05660601939230672,0.96,4.280057331391041,3.3356481633908435,5.637324314901265,1.9723534265663512e-08,0.14524301600022227,0.8578787727044359,0.8563563751162707,319.8,3.447114421258045,0.2770778159236952,0.4761826561713889,40,12
grid,dgp2,2000,24,10,5,8,0.1396354255261159,RidgeRF,0.7009260311436504,0.6125670813222939,0.0734003385722905,0.954,4.550297986514213,3.371211186951027,4.291954692179141,1.8557013935731033e-05,0.19128121199992165,0.8578787727044359,0.8563563751162707,319.8,3.447114421258045,0.2770778159236952,0.4761826561713889,40,12
grid,dgp2,2000,24,10,5,8,0.1396354255261159,LassoRF,0.6548719108090069,0.5869628041480751,0.04053702426412863,0.951,4.369235741734198,3.313977800050502,0.15189194744576195,0.879287487076398,0.09180356700017,0.8578787727044359,0.8563563751162707,319.8,3.447114421258045,0.2770778159236952,0.4761826561713889,40,12
grid,dgp2,2000,24,10,5,8,0.1396354255261159,GBM,0.6371422776412972,0.5759609871833363,0.03065090431911286,0.954,4.328341639772312,3.3085701845752564,-1.7940091139169518,0.07296278585489661,0.7204884199995831,0.8578787727044359,0.8563563751162707,319.8,3.447114421258045,0.2770778159236952,0.4761826561713889,40,12
grid,dgp2,2000,24,10,5,8,0.1396354255261159,RF-tuned,0.634228973127287,0.5730532179254345,0.017931815164832877,0.954,4.3215137623727635,3.257617318897587,-2.451733319882089,0.014302018185613394,6.4874250399998346,0.8578787727044359,0.8563563751162707,319.8,3.447114421258045,0.2770778159236952,0.4761826561713889,40,12
grid,dgp2,2000,24,10,5,8,0.1396354255261159,SSRF-tuned,0.6335001056194622,0.574315253484468,0.022363480174149627,0.96,4.298406117035778,3.2904836798277595,-2.45808452351309,0.014052325551240181,6.598679898000228,0.8578787727044359,0.8563563751162707,319.8,3.447114421258045,0.2770778159236952,0.4761826561713889,40,12
grid,dgp2,2000,24,500,5,8,0.1396354255261159,RF,0.6325394324559752,0.5745270534493286,0.02050170106603659,0.93,4.676635673955154,3.0641455308283194,1.1611354915984768,0.2457254367541421,6.80430513400006,0.8513237511198706,0.8497819719858191,319.378,3.454207478558242,0.2844206590643952,0.4626735108131352,40,12
grid,dgp2,2000,24,500,5,8,0.1396354255261159,SSRF,0.6305447556330875,0.5734304218889908,0.019759307587457697,0.935,4.6635166893956335,3.1040920475700005,-0.0809579111236206,0.9354835288994461,6.80430513400006,0.8513237511198706,0.8497819719858191,319.378,3.454207478558242,0.2844206590643952,0.4626735108131352,40,12
grid,dgp2,2000,24,500,5,8,0.1396354255261159,SSRF-JS,0.6305521530474801,0.5735310101752606,0.019890734892780773,0.935,4.662584825900509,3.100968620205582,,,6.80430513400006,0.8513237511198706,0.8497819719858191,319.378,3.454207478558242,0.2844206590643952,0.4626735108131352,40,12
grid,dgp2,2000,24,500,5,8,0.1396354255261159,RF-H,0.6335775187289464,0.5740428442680265,0.022871974566463088,0.936,4.684792523456324,3.09420259506205,0.8172521292357067,0.41388174749179596,1.9325987090001036,0.8513237511198706,0.8497819719858191,319.378,3.454207478558242,0.2844206590643952,0.4626735108131352,40,12
grid,dgp2,2000,24,500,5,8,0.1396354255261159,SSRF-H,0.6780591114172944,0.6042138614693537,0.07368911464096675,0.938,4.74670551869493,3.2630525279774,5.743889390977114,1.0672189960582657e-08,1.9325987090001036,0.8513237511198706,0.8497819719858191,319.378,3.454207478558242,0.2844206590643952,0.4626735108131352,40,12
grid,dgp2,2000,24,500,5,8,0.1396354255261159,SSRF-JS-H,0.6785473863431191,0.6044912208994602,0.07417264891907903,0.938,4.747249791861126,3.2694966130935774,5.781039517220716,8.593973707327262e-09,1.9325987090001036,0.8513237511198706,0.8497819719858191,319.378,3.454207478558242,0.2844206590643952,0.4626735108131352,40,12
grid,dgp2,2000,24,500,5,8,0.1396354255261159,SSRF-rob,0.6311285503694144,0.5736939893833629,0.019718110418548884,0.933,4.669899215224135,3.076894563342867,0.6053407010358605,0.5450213576421482,7.191986733999784,0.8513237511198706,0.8497819719858191,319.378,3.454207478558242,0.2844206590643952,0.4626735108131352,40,12
grid,dgp2,2000,24,500,5,8,0.1396354255261159,RidgeRF,0.6530584524913683,0.5844656715788173,0.035233694009125384,0.942,4.7438393278957625,3.164767670856819,4.389969165825565,1.1928192648732133e-05,4.353708921999896,0.8513237511198706,0.8497819719858191,319.378,3.454207478558242,0.2844206590643952,0.4626735108131352,40,12
grid,dgp2,2000,24,500,5,8,0.1396354255261159,LassoRF,0.6281745364078601,0.5699425124868435,0.01733252766570564,0.93,4.738266408433159,3.0040105096473844,-0.6215370122634691,0.5343172210673455,1.071167985000102,0.8513237511198706,0.8497819719858191,319.378,3.454207478558242,0.2844206590643952,0.4626735108131352,40,12
grid,dgp2,2000,24,500,5,8,0.1396354255261159,GBM,0.6371422776412972,0.5759609871833363,0.03065090431911286,0.929,4.725292990689473,3.0104272366084475,1.2413989932836011,0.214604036625543,0.7041252590001932,0.8513237511198706,0.8497819719858191,319.378,3.454207478558242,0.2844206590643952,0.4626735108131352,40,12
grid,dgp2,2000,24,500,5,8,0.1396354255261159,RF-tuned,0.624455270038172,0.5681749901995002,0.01004515877653053,0.93,4.680285743498731,3.021871788299644,-2.047645459943261,0.0407251854987729,9.552314387000024,0.8513237511198706,0.8497819719858191,319.378,3.454207478558242,0.2844206590643952,0.4626735108131352,40,12
grid,dgp2,2000,24,500,5,8,0.1396354255261159,SSRF-tuned,0.62583242149076,0.5697812342556662,0.012870737179646437,0.931,4.670925092628809,3.044613474367269,-1.982156574920298,0.04759845857581667,15.264388273999884,0.8513237511198706,0.8497819719858191,319.378,3.454207478558242,0.2844206590643952,0.4626735108131352,40,12
grid,dgp2,2000,24,10,5,9,0.1352511471877334,RF,0.7241696709857833,0.6136801392735795,0.07723981872118597,0.942,4.827545966602303,3.313265392627877,6.783677262534027,1.53794494023101e-11,0.1558937530003277,0.8393707593330703,0.8375959001706818,318.5,3.4461583524819015,0.31765517817881805,0.47070800874206925,80,12
grid,dgp2,2000,24,10,5,9,0.1352511471877334,SSRF,0.7076336482656114,0.6039982052656713,0.06137805337874467,0.944,4.789115256770188,3.2971801681943735,-1.6245342151341453,0.10441949324929752,0.1558937530003277,0.8393707593330703,0.8375959001706818,318.5,3.4461583524819015,0.31765517817881805,0.47070800874206925,80,12
grid,dgp2,2000,24,10,5,9,0.1352511471877334,SSRF-JS,0.7083706681102933,0.6044974804842148,0.06218144653104849,0.944,4.792756157596195,3.288295415641267,,,0.1558937530003277,0.8393707593330703,0.8375959001706818,318.5,3.4461583524819015,0.31765517817881805,0.47070800874206925,80,12
grid,dgp2,2000,24,10,5,9,0.1352511471877334,RF-H,0.7106266082214019,0.607185990254182,0.06531864023094068,0.946,4.790617329498364,3.3367497248197395,0.21102893609738396,0.8328862016669495,0.04881931699992492,0.8393707593330703,0.8375959001706818,318.5,3.4461583524819015,0.31765517817881805,0.47070800874206925,80,12
grid,dgp2,2000,24,10,5,9,0.1352511471877334,SSRF-H,0.7276684609772753,0.6200763370257109,0.0843003542790432,0.949,4.805619081410926,3.3522869265959945,1.764731925140094,0.07776151377522815,0.04881931699992492,0.8393707593330703,0.8375959001706818,318.5,3.4461583524819015,0.31765517817881805,0.47070800874206925,80,12
grid,dgp2,2000,24,10,5,9,0.1352511471877334,SSRF-JS-H,0.7282664546419418,0.6203674900117748,0.08469305227192006,0.948,4.813456623229225,3.3678885407843926,1.815407664485715,0.0696110619491314,0.04881931699992492,0.8393707593330703,0.8375959001706818,318.5,3.4461583524819015,0.31765517817881805,0.47070800874206925,80,12
grid,dgp2,2000,24,10,5,9,0.1352511471877334,SSRF-rob,0.7168138008949165,0.6094378969818304,0.07016641471999606,0.944,4.807723414155168,3.3215522584377193,6.135729354805062,1.0192304011197372e-09,0.14941590100033864,0.8393707593330703,0.8375959001706818,318.5,3.4461583524819015,0.31765517817881805,0.47070800874206925,80,12
grid,dgp2,2000,24,10,5,9,0.1352511471877334,RidgeRF,0.7290143363100071,0.6179037206906383,0.08128265959160715,0.953,4.852211202511516,3.400789738657699,1.7855272663562678,0.07432739044018641,0.26959421900028246,0.8393707593330703,0.8375959001706818,318.5,3.4461583524819015,0.31765517817881805,0.47070800874206925,80,12
grid,dgp2,2000,24,10,5,9,0.1352511471877334,LassoRF,0.6821389293808063,0.5900325770847289,0.05533803224184504,0.953,4.689635600299277,3.2658303072933905,-2.5668181079430497,0.010335845976667691,0.061226477999753115,0.8393707593330703,0.8375959001706818,318.5,3.4461583524819015,0.31765517817881805,0.47070800874206925,80,12
grid,dgp2,2000,24,10,5,9,0.1352511471877334,GBM,0.6821514708939519,0.5838299535628629,0.039180294167572266,0.945,4.762692356201241,3.3149020555338926,-2.539204558633256,0.011185696330710428,0.3732336759999271,0.8393707593330703,0.8375959001706818,318.5,3.4461583524819015,0.31765517817881805,0.47070800874206925,80,12
grid,dgp2,2000,24,10,5,9,0.1352511471877334,RF-tuned,0.6630549829307256,0.5775225800474488,0.026259334995965878,0.952,4.769010409320843,3.2863630806223942,-5.681021688389663,1.535193284629438e-08,6.733269197000027,0.8393707593330703,0.8375959001706818,318.5,3.4461583524819015,0.31765517817881805,0.47070800874206925,80,12
grid,dgp2,2000,24,10,5,9,0.1352511471877334,SSRF-tuned,0.6668790959183188,0.5780466277046867,0.023350507120687862,0.949,4.746498826773768,3.2419383525906724,-5.176405970245836,2.488831882532165e-07,6.824468972999966,0.8393707593330703,0.8375959001706818,318.5,3.4461583524819015,0.31765517817881805,0.47070800874206925,80,12
grid,dgp2,2000,24,500,5,9,0.1352511471877334,RF,0.673834697509734,0.5838489180469385,0.027196357099864125,0.954,4.550238406101256,3.338255862366196,0.4608318748696153,0.6449693610162321,6.493135104999965,0.8421699824981099,0.840391849345458,319.112,3.4565774879414652,0.31418632118731427,0.47480121864656794,80,12
grid,dgp2,2000,24,500,5,9,0.1352511471877334,SSRF,0.6728879515337277,0.5833766724776867,0.02692963685815613,0.957,4.556962467160736,3.381368341662005,-1.597171968309847,0.11038543194909392,6.493135104999965,0.8421699824981099,0.840391849345458,319.112,3.4565774879414652,0.31418632118731427,0.47480121864656794,80,12
grid,dgp2,2000,24,500,5,9,0.1352511471877334,SSRF-JS,0.6730654300136819,0.5834982709591049,0.02706361625473076,0.957,4.556292078697682,3.3815653986012393,,,6.493135104999965,0.8421699824981099,0.840391849345458,319.112,3.4565774879414652,0.31418632118731427,0.47480121864656794,80,12
grid,dgp2,2000,24,500,5,9,0.1352511471877334,RF-H,0.6755678623733407,0.5865843272402869,0.034014855906727294,0.955,4.540772829939133,3.354233029253932,0.664320903478032,0.5065615636267691,1.8775304519999736,0.8421699824981099,0.840391849345458,319.112,3.4565774879414652,0.31418632118731427,0.47480121864656794,80,12
grid,dgp2,2000,24,500,5,9,0.1352511471877334,SSRF-H,0.7237824085270868,0.6183254337741128,0.08116359384470798,0.955,4.637692500768062,3.4438560293062035,6.467652457935594,1.2478699829146112e-10,1.8775304519999736,0.8421699824981099,0.840391849345458,319.112,3.4565774879414652,0.31418632118731427,0.47480121864656794,80,12
grid,dgp2,2000,24,500,5,9,0.1352511471877334,SSRF-JS-H,0.7243358951170603,0.6187028754028585,0.08172889973083745,0.955,4.639060891426485,3.4480196258833464,6.5192870215777425,8.919260620981932e-11,1.8775304519999736,0.8421699824981099,0.840391849345458,319.112,3.4565774879414652,0.31418632118731427,0.47480121864656794,80,12
grid,dgp2,2000,24,500,5,9,0.1352511471877334,SSRF-rob,0.6729986813723389,0.5833227617349261,0.02662502801860385,0.954,4.5492465738764425,3.331317820721061,-0.06956854519103582,0.9445440317924435,7.220462730000236,0.8421699824981099,0.840391849345458,319.112,3.4565774879414652,0.31418632118731427,0.47480121864656794,80,12
grid,dgp2,2000,24,500,5,9,0.1352511471877334,RidgeRF,0.6864370590287222,0.5908217590659601,0.040020461967192916,0.956,4.579196964647277,3.32048949266234,2.6038006153702153,0.009287887283428407,4.242679955999847,0.8421699824981099,0.840391849345458,319.112,3.4565774879414652,0.31418632118731427,0.47480121864656794,80,12
grid,dgp2,2000,24,500,5,9,0.1352511471877334,LassoRF,0.6609979253190208,0.579773346618737,0.03202463048589587,0.95,4.4720712760275125,3.155244934600362,-1.8122242407699705,0.07010153133460438,0.9851625040000727,0.8421699824981099,0.840391849345458,319.112,3.4565774879414652,0.31418632118731427,0.47480121864656794,80,12
grid,dgp2,2000,24,500,5,9,0.1352511471877334,GBM,0.6821514708939519,0.5838299535628629,0.039180294167572266,0.96,4.602934506110454,3.4612858347178634,1.090353346963084,0.27568893693503715,0.3807752010002332,0.8421699824981099,0.840391849345458,319.112,3.4565774879414652,0.31418632118731427,0.47480121864656794,80,12
grid,dgp2,2000,24,500,5,9,0.1352511471877334,RF-tuned,0.6565022505703191,0.5735376887577538,0.017715401055148,0.954,4.492956832592183,3.322494974194832,-4.9879383295057265,6.629958176318391e-07,9.214449631999742,0.8421699824981099,0.840391849345458,319.112,3.4565774879414652,0.31418632118731427,0.47480121864656794,80,12
grid,dgp2,2000,24,500,5,9,0.1352511471877334,SSRF-tuned,0.6582400326173145,0.574945596674016,0.018215685719572144,0.955,4.496777286226764,3.3238569737871733,-4.825983790653932,1.4986630770745285e-06,13.683471154999552,0.8421699824981099,0.840391849345458,319.112,3.4565774879414652,0.31418632118731427,0.47480121864656794,80,12
grid,dgp3,300,10,10,5,0,0.14516904050632357,RF,1.0785455222596427,0.6619294390431559,0.10399479453477528,0.936,7.321711382576806,3.5222130910638114,2.2108767292459017,0.027270272327694165,0.015176791000158119,0.7128058385308338,0.7180807267840076,47.2,3.568295917396512,0.6420370050143097,0.4380719876062281,10,5
grid,dgp3,300,10,10,5,0,0.14516904050632357,SSRF,1.0576370317136292,0.6510971360270755,0.09128925895154985,0.934,7.256202655307358,3.4674439838130704,-2.4707865914112457,0.013647602183049511,0.015176791000158119,0.7128058385308338,0.7180807267840076,47.2,3.568295917396512,0.6420370050143097,0.4380719876062281,10,5
grid,dgp3,300,10,10,5,0,0.14516904050632357,SSRF-JS,1.0605469463437116,0.6534259171569281,0.09365238454226588,0.934,7.264891714234212,3.50162166246213,,,0.015176791000158119,0.7128058385308338,0.7180807267840076,47.2,3.568295917396512,0.6420370050143097,0.4380719876062281,10,5
grid,dgp3,300,10,10,5,0,0.14516904050632357,RF-H,1.078454324969804,0.6664510117516377,0.11754638626681589,0.934,7.271130448717651,3.6258984710386093,0.6776690718945451,0.4981384522047945,0.009470258000419562,0.7128058385308338,0.7180807267840076,47.2,3.568295917396512,0.6420370050143097,0.4380719876062281,10,5
grid,dgp3,300,10,10,5,0,0.14516904050632357,SSRF-H,1.1269970876791604,0.6972450875600678,0.1762668126347359,0.938,7.22835533544989,3.6401165186086004,3.350901359497378,0.0008356534002702263,0.009470258000419562,0.7128058385308338,0.7180807267840076,47.2,3.568295917396512,0.6420370050143097,0.4380719876062281,10,5
grid,dgp3,300,10,10,5,0,0.14516904050632357,SSRF-JS-H,1.126857870708615,0.6977646462187526,0.17661062881100395,0.938,7.242159663020643,3.6521565639875955,3.206232105330317,0.0013875422487614072,0.009470258000419562,0.7128058385308338,0.7180807267840076,47.2,3.568295917396512,0.6420370050143097,0.4380719876062281,10,5
grid,dgp3,300,10,10,5,0,0.14516904050632357,SSRF-rob,1.070994771505414,0.6586449423272288,0.0987068675323171,0.93,7.325388760440188,3.45755464180395,1.8768633246471325,0.060828104737305294,0.023203984000247146,0.7128058385308338,0.7180807267840076,47.2,3.568295917396512,0.6420370050143097,0.4380719876062281,10,5
grid,dgp3,300,10,10,5,0,0.14516904050632357,RidgeRF,1.1059752280254573,0.6735345817666967,0.13450061003842095,0.936,7.355632039835702,3.6091228855944237,2.8418011745089915,0.004577209517565619,0.015039056999739842,0.7128058385308338,0.7180807267840076,47.2,3.568295917396512,0.6420370050143097,0.4380719876062281,10,5
grid,dgp3,300,10,10,5,0,0.14516904050632357,LassoRF,1.092047981666818,0.6643104419150645,0.11025636564097445,0.95,7.209495379758273,3.8794960124366518,1.839898939140347,0.0660796097675554,0.03319869599999947,0.7128058385308338,0.7180807267840076,47.2,3.568295917396512,0.6420370050143097,0.4380719876062281,10,5
grid,dgp3,300,10,10,5,0,0.14516904050632357,GBM,1.1801634576559767,0.6996353516791062,0.17824767121584972,0.93,7.423627487763923,3.7090660661053736,3.193575712655504,0.0014491757181054371,0.028224859000147262,0.7128058385308338,0.7180807267840076,47.2,3.568295917396512,0.6420370050143097,0.4380719876062281,10,5
grid,dgp3,300,10,10,5,0,0.14516904050632357,RF-tuned,1.0668829413351748,0.6486898335764966,0.08275465223720477,0.946,7.215186144796362,3.6376320913800955,0.40930675614119505,0.6824022966610971,1.2191701070000818,0.7128058385308338,0.7180807267840076,47.2,3.568295917396512,0.6420370050143097,0.4380719876062281,10,5
grid,dgp3,300,10,10,5,0,0.14516904050632357,SSRF-tuned,1.0429098333366102,0.6408706962834041,0.06734452329431048,0.942,7.160243056508918,3.5785872895940334,-1.137644881205746,0.2555415721161846,1.236103630999878,0.7128058385308338,0.7180807267840076,47.2,3.568295917396512,0.6420370050143097,0.4380719876062281,10,5
grid,dgp3,300,10,500,5,0,0.14516904050632357,RF,1.0415019239271155,0.6355918701557726,0.06299191400696917,0.96,5.902266781678621,3.804470675578498,0.19034428406852605,0.8490780254557779,0.6941366860000926,0.6876933774831092,0.6927180380891175,47.606,3.4789783050681833,0.7674137961768734,0.4676612205566342,10,5
grid,dgp3,300,10,500,5,0,0.14516904050632357,SSRF,1.0399669252761825,0.63811733750933,0.07029158847489253,0.952,5.873742975390924,3.7116787166401672,-0.12074009990909701,0.9039211752030795,0.6941366860000926,0.6876933774831092,0.6927180380891175,47.606,3.4789783050681833,0.7674137961768734,0.4676612205566342,10,5
grid,dgp3,300,10,500,5,0,0.14516904050632357,SSRF-JS,1.0400153467597582,0.6379602434006645,0.06983242997340053,0.954,5.87294975370246,3.7162484426162763,,,0.6941366860000926,0.6876933774831092,0.6927180380891175,47.606,3.4789783050681833,0.7674137961768734,0.4676612205566342,10,5
grid,dgp3,300,10,500,5,0,0.14516904050632357,RF-H,1.0429315269277322,0.6415748599263177,0.07786309018935969,0.956,5.8604364701235845,3.765608583768887,0.45078764172209856,0.6522404312108478,0.42045829300013793,0.6876933774831092,0.6927180380891175,47.606,3.4789783050681833,0.7674137961768734,0.4676612205566342,10,5
grid,dgp3,300,10,500,5,0,0.14516904050632357,SSRF-H,1.1066172799319831,0.6847834614298156,0.15195750151683443,0.944,5.946113750656601,3.6294360712834624,4.710090472126667,2.8259474727206317e-06,0.42045829300013793,0.6876933774831092,0.6927180380891175,47.606,3.4789783050681833,0.7674137961768734,0.4676612205566342,10,5
grid,dgp3,300,10,500,5,0,0.14516904050632357,SSRF-JS-H,1.1020947597997814,0.6820625266842458,0.1473210255410929,0.94,5.9435750126203,3.61024831321869,4.5509389653919055,5.997370955340795e-06,0.42045829300013793,0.6876933774831092,0.6927180380891175,47.606,3.4789783050681833,0.7674137961768734,0.4676612205566342,10,5
grid,dgp3,300,10,500,5,0,0.14516904050632357,SSRF-rob,1.038576131467743,0.6345588175823811,0.062355532188353505,0.96,5.890433872925881,3.784742912545733,-0.24657170858853691,0.8052903579353022,1.1067756679999547,0.6876933774831092,0.6927180380891175,47.606,3.4789783050681833,0.7674137961768734,0.4676612205566342,10,5
grid,dgp3,300,10,500,5,0,0.14516904050632357,RidgeRF,1.0484226857329868,0.6421287665170584,0.07773413830807012,0.952,5.856946616412182,3.7577241962029637,0.656116260493487,0.5119004079918653,0.5103750379998928,0.6876933774831092,0.6927180380891175,47.606,3.4789783050681833,0.7674137961768734,0.4676612205566342,10,5
grid,dgp3,300,10,500,5,0,0.14516904050632357,LassoRF,1.0449066541655307,0.6359191695087859,0.0697789683678095,0.958,5.860523179653627,3.7864351287838,0.38173420935450664,0.7027397030694124,0.47086254200030453,0.6876933774831092,0.6927180380891175,47.606,3.4789783050681833,0.7674137961768734,0.4676612205566342,10,5
grid,dgp3,300,10,500,5,0,0.14516904050632357,GBM,1.1801634576559767,0.6996353516791062,0.17824767121584972,0.942,6.263386951763372,3.8309169184220995,4.794466377865331,1.8788734646616255e-06,0.02805063699997845,0.6876933774831092,0.6927180380891175,47.606,3.4789783050681833,0.7674137961768734,0.4676612205566342,10,5
grid,dgp3,300,10,500,5,0,0.14516904050632357,RF-tuned,1.0327022358695337,0.6291005558311479,0.04976520861105831,0.958,5.912786323224776,3.7282709916301693,-0.71528215190333,0.47460184492968704,1.797530001999803,0.6876933774831092,0.6927180380891175,47.606,3.4789783050681833,0.7674137961768734,0.4676612205566342,10,5
grid,dgp3,300,10,500,5,0,0.14516904050632357,SSRF-tuned,1.0322301895253907,0.6308388382454126,0.05549239058403089,0.956,5.890383621324912,3.7109824740774613,-1.6187787854511022,0.10581050714005662,2.6316637959998843,0.6876933774831092,0.6927180380891175,47.606,3.4789783050681833,0.7674137961768734,0.4676612205566342,10,5
grid,dgp3,300,10,10,5,1,0.1928247475475245,RF,0.9680829443738158,0.658816675014022,0.10115120088108225,0.964,5.980152103121116,3.901954674386459,1.7673056481018208,0.07748231237011549,0.014476290000402514,0.7497079216329087,0.754913995584934,47.7,3.464538282429458,0.6780270826080196,0.5650445081175565,10,5
grid,dgp3,300,10,10,5,1,0.1928247475475245,SSRF,0.9559408484241546,0.6525914641023962,0.08935077991415076,0.962,5.890561621467163,3.749190970003758,-0.5831173105689297,0.5599459370825796,0.014476290000402514,0.7497079216329087,0.754913995584934,47.7,3.464538282429458,0.6780270826080196,0.5650445081175565,10,5
grid,dgp3,300,10,10,5,1,0.1928247475475245,SSRF-JS,0.9565456422746156,0.652927767669979,0.09006835518674813,0.962,5.894006130183818,3.7723540086475325,,,0.014476290000402514,0.7497079216329087,0.754913995584934,47.7,3.464538282429458,0.6780270826080196,0.5650445081175565,10,5
grid,dgp3,300,10,10,5,1,0.1928247475475245,RF-H,0.9722527123517796,0.6711617636343958,0.10173235077562252,0.95,5.768880722469641,3.812435909132276,0.8945499259292277,0.3712431959717258,0.00856580900017434,0.7497079216329087,0.754913995584934,47.7,3.464538282429458,0.6780270826080196,0.5650445081175565,10,5
grid,dgp3,300,10,10,5,1,0.1928247475475245,SSRF-H,1.017386330001114,0.6973792634170616,0.15384201926290536,0.966,5.863590208757516,4.020453310662616,3.3378616406042987,0.0008754128971302022,0.00856580900017434,0.7497079216329087,0.754913995584934,47.7,3.464538282429458,0.6780270826080196,0.5650445081175565,10,5
grid,dgp3,300,10,10,5,1,0.1928247475475245,SSRF-JS-H,1.0164723441076455,0.6959507942039618,0.1481665847142676,0.964,5.852180642525073,3.9479675958138283,3.3835850176030715,0.0007432499680021315,0.00856580900017434,0.7497079216329087,0.754913995584934,47.7,3.464538282429458,0.6780270826080196,0.5650445081175565,10,5
grid,dgp3,300,10,10,5,1,0.1928247475475245,SSRF-rob,0.9613484973477756,0.6552351111998538,0.0947517929568953,0.962,5.943498313941601,3.8433819383657175,1.1366864343594718,0.25594197488409454,0.02254238199975589,0.7497079216329087,0.754913995584934,47.7,3.464538282429458,0.6780270826080196,0.5650445081175565,10,5
grid,dgp3,300,10,10,5,1,0.1928247475475245,RidgeRF,0.9853598942590757,0.661066438532114,0.09644315356879742,0.95,6.024011856166288,3.8737249244157046,1.3218875511768655,0.18650820323430295,0.014008602000103565,0.7497079216329087,0.754913995584934,47.7,3.464538282429458,0.6780270826080196,0.5650445081175565,10,5
grid,dgp3,300,10,10,5,1,0.1928247475475245,LassoRF,0.9523461717953537,0.6545028132796963,0.0917247137873004,0.966,5.915787965822795,4.042129329486889,-0.189561817227755,0.8496910169770435,0.032159261999822775,0.7497079216329087,0.754913995584934,47.7,3.464538282429458,0.6780270826080196,0.5650445081175565,10,5
grid,dgp3,300,10,10,5,1,0.1928247475475245,GBM,1.1243836024813878,0.7052624505444398,0.20304281355970433,0.952,6.362079734837751,4.369606310163873,5.151162790880503,3.1181273467128584e-07,0.029416696000225784,0.7497079216329087,0.754913995584934,47.7,3.464538282429458,0.6780270826080196,0.5650445081175565,10,5
grid,dgp3,300,10,10,5,1,0.1928247475475245,RF-tuned,0.926170850947552,0.636857061032498,0.06014326530573916,0.964,5.7719696300372405,3.911796979724706,-1.8243535037475112,0.06839723258612748,1.2557681439998305,0.7497079216329087,0.754913995584934,47.7,3.464538282429458,0.6780270826080196,0.5650445081175565,10,5
grid,dgp3,300,10,10,5,1,0.1928247475475245,SSRF-tuned,0.9362750521553639,0.6410697607990743,0.06069827448559498,0.952,5.858378550510882,3.7516599917765867,-1.4223575689314392,0.1552346246358739,1.272752976999982,0.7497079216329087,0.754913995584934,47.7,3.464538282429458,0.6780270826080196,0.5650445081175565,10,5
grid,dgp3,300,10,500,5,1,0.1928247475475245,RF,0.9225548731306746,0.627202358646404,0.04118436124646693,0.952,5.5144927387211995,3.7148177505327684,-0.8529149941779983,0.39391088614444586,0.683250654999938,0.7587519664702906,0.7632941394056487,47.698,3.4600255079861846,0.6080743860031629,0.5407822296230793,10,5
grid,dgp3,300,10,500,5,1,0.1928247475475245,SSRF,0.9268950205062161,0.6338421516563105,0.050718034548665726,0.948,5.453175643976871,3.5586733996268385,-0.9377045160529816,0.34862292162744246,0.683250654999938,0.7587519664702906,0.7632941394056487,47.698,3.4600255079861846,0.6080743860031629,0.5407822296230793,10,5
grid,dgp3,300,10,500,5,1,0.1928247475475245,SSRF-JS,0.9271965569495414,0.6337548259405976,0.05046737924500424,0.948,5.458408455778184,3.5669378548799267,,,0.683250654999938,0.7587519664702906,0.7632941394056487,47.698,3.4600255079861846,0.6080743860031629,0.5407822296230793,10,5
grid,dgp3,300,10,500,5,1,0.1928247475475245,RF-H,0.9269636058599385,0.6389260398389363,0.05877543354974581,0.946,5.404763084207913,3.5929685554471225,-0.039975549271725884,0.9681206068802154,0.42663073699986853,0.7587519664702906,0.7632941394056487,47.698,3.4600255079861846,0.6080743860031629,0.5407822296230793,10,5
grid,dgp3,300,10,500,5,1,0.1928247475475245,SSRF-H,1.0095910188691433,0.6914431644354253,0.14651878687860279,0.95,5.353986281962508,3.825312614305679,5.747501731403894,1.2023071210589332e-08,0.42663073699986853,0.7587519664702906,0.7632941394056487,47.698,3.4600255079861846,0.6080743860031629,0.5407822296230793,10,5
grid,dgp3,300,10,500,5,1,0.1928247475475245,SSRF-JS-H,1.0045609892781324,0.6883085537658247,0.14089422791326456,0.95,5.355194345529026,3.8252705980545887,5.59924526279021,2.7815295979342534e-08,0.42663073699986853,0.7587519664702906,0.7632941394056487,47.698,3.4600255079861846,0.6080743860031629,0.5407822296230793,10,5
grid,dgp3,300,10,500,5,1,0.1928247475475245,SSRF-rob,0.9225531372786065,0.6286710937227035,0.04296552065790162,0.948,5.489117040066012,3.6579830922871373,-1.3865941668418307,0.16587488840744505,1.0729070699999284,0.7587519664702906,0.7632941394056487,47.698,3.4600255079861846,0.6080743860031629,0.5407822296230793,10,5
grid,dgp3,300,10,500,5,1,0.1928247475475245,RidgeRF,0.9251349157557618,0.6334799174740786,0.050602737950712,0.952,5.526768831370224,3.8022574472892368,-0.18494403722826797,0.8533104686337012,0.5126283310000872,0.7587519664702906,0.7632941394056487,47.698,3.4600255079861846,0.6080743860031629,0.5407822296230793,10,5
grid,dgp3,300,10,500,5,1,0.1928247475475245,LassoRF,0.9357282164904672,0.64226217439494,0.06429419542829459,0.95,5.664732448799338,3.6520705699561513,0.4817827161015244,0.6300658319017352,0.4651533230003224,0.7587519664702906,0.7632941394056487,47.698,3.4600255079861846,0.6080743860031629,0.5407822296230793,10,5
grid,dgp3,300,10,500,5,1,0.1928247475475245,GBM,1.1243836024813878,0.7052624505444398,0.20304281355970433,0.95,5.900736157701285,4.367168600295756,6.456983524651927,1.6642714443128576e-10,0.02891756000008172,0.7587519664702906,0.7632941394056487,47.698,3.4600255079861846,0.6080743860031629,0.5407822296230793,10,5
grid,dgp3,300,10,500,5,1,0.1928247475475245,RF-tuned,0.9006321979212877,0.6169139769967653,0.02839178233459512,0.954,5.46397999364897,3.6714286994781062,-3.1343013079744186,0.0017728897447268836,1.7772407689999454,0.7587519664702906,0.7632941394056487,47.698,3.4600255079861846,0.6080743860031629,0.5407822296230793,10,5
grid,dgp3,300,10,500,5,1,0.1928247475475245,SSRF-tuned,0.9063974216096778,0.6202183311125459,0.03429031326836641,0.952,5.46528619089253,3.6921616081387607,-4.336027674642262,1.5978082911575465e-05,2.5776951600000757,0.7587519664702906,0.7632941394056487,47.698,3.4600255079861846,0.6080743860031629,0.5407822296230793,10,5
grid,dgp3,300,10,10,5,2,0.15410141988754827,RF,0.8116699818146754,0.6179281380850048,0.13315383792937222,0.952,4.7188119271250875,3.6369954685425063,3.5245940180016393,0.0004433582753062124,0.015311739000026137,0.7180584800195482,0.7239791182319069,47.5,3.5130450047475437,0.9011852900558152,0.6440738433479536,40,5
grid,dgp3,300,10,10,5,2,0.15410141988754827,SSRF,0.7827316787482846,0.5979571315769071,0.10475972336336173,0.944,4.735905999737535,3.6021204190926186,-3.35769516712076,0.0008156093938836456,0.015311739000026137,0.7180584800195482,0.7239791182319069,47.5,3.5130450047475437,0.9011852900558152,0.6440738433479536,40,5
grid,dgp3,300,10,10,5,2,0.15410141988754827,SSRF-JS,0.7877162119062114,0.6013733701308713,0.10993418550018294,0.946,4.739960737936615,3.621306815842857,,,0.015311739000026137,0.7180584800195482,0.7239791182319069,47.5,3.5130450047475437,0.9011852900558152,0.6440738433479536,40,5
grid,dgp3,300,10,10,5,2,0.15410141988754827,RF-H,0.7577440345692087,0.5809743499265225,0.11075938436972516,0.954,4.750478322220701,3.51370449768433,-2.187864016768892,0.028910599693587037,0.01139662400009911,0.7180584800195482,0.7239791182319069,47.5,3.5130450047475437,0.9011852900558152,0.6440738433479536,40,5
grid,dgp3,300,10,10,5,2,0.15410141988754827,SSRF-H,0.8613149114040859,0.633933816008444,0.1875560059970789,0.932,5.043587064165015,3.5062375132617314,4.639242082697527,3.961542822206379e-06,0.01139662400009911,0.7180584800195482,0.7239791182319069,47.5,3.5130450047475437,0.9011852900558152,0.6440738433479536,40,5
grid,dgp3,300,10,10,5,2,0.15410141988754827,SSRF-JS-H,0.8566156072366998,0.6318354662474913,0.18538651004133588,0.934,5.042042040507708,3.497775011299481,4.375717760144178,1.3374994262924206e-05,0.01139662400009911,0.7180584800195482,0.7239791182319069,47.5,3.5130450047475437,0.9011852900558152,0.6440738433479536,40,5
grid,dgp3,300,10,10,5,2,0.15410141988754827,SSRF-rob,0.8007401004114818,0.611209535279135,0.12242143089044319,0.952,4.724099563539709,3.607112242076496,2.854677424543064,0.0043971567177245,0.023332082999786508,0.7180584800195482,0.7239791182319069,47.5,3.5130450047475437,0.9011852900558152,0.6440738433479536,40,5
grid,dgp3,300,10,10,5,2,0.15410141988754827,RidgeRF,0.8011060283186198,0.6053377951145443,0.11140052533635543,0.952,4.779435188305766,3.6023556127937875,0.759288533872932,0.4478590947266427,0.014574966000054701,0.7180584800195482,0.7239791182319069,47.5,3.5130450047475437,0.9011852900558152,0.6440738433479536,40,5
grid,dgp3,300,10,10,5,2,0.15410141988754827,LassoRF,0.8450176416371441,0.6231653911883934,0.1643626883793264,0.95,4.838359455393234,3.8903392682078834,2.4878036989797496,0.01301560051255445,0.03402763200028858,0.7180584800195482,0.7239791182319069,47.5,3.5130450047475437,0.9011852900558152,0.6440738433479536,40,5
grid,dgp3,300,10,10,5,2,0.15410141988754827,GBM,0.8309653752962131,0.6159151824015451,0.16850278859468756,0.954,5.023903105660065,3.8060012687823837,1.7771843557310951,0.0758421149420593,0.026810412000031647,0.7180584800195482,0.7239791182319069,47.5,3.5130450047475437,0.9011852900558152,0.6440738433479536,40,5
grid,dgp3,300,10,10,5,2,0.15410141988754827,RF-tuned,0.7470652024249238,0.5775695658821388,0.07410371922090017,0.956,4.604906872043099,3.582653379187166,-3.155133734506825,0.0016522092391851215,1.2464132909999535,0.7180584800195482,0.7239791182319069,47.5,3.5130450047475437,0.9011852900558152,0.6440738433479536,40,5
grid,dgp3,300,10,10,5,2,0.15410141988754827,SSRF-tuned,0.7297750691072611,0.5713342851434263,0.06344791501631002,0.966,4.55992309668451,3.69973780083519,-4.089748648822348,4.665803080794868e-05,1.259005320000142,0.7180584800195482,0.7239791182319069,47.5,3.5130450047475437,0.9011852900558152,0.6440738433479536,40,5
grid,dgp3,300,10,500,5,2,0.15410141988754827,RF,0.7331002237910769,0.5665073853381439,0.06209813420685069,0.972,4.724493040693962,3.7500834650208907,-2.483779284759485,0.0131626765222759,0.7143212849996416,0.6930741750587089,0.6981325630253595,47.58,3.4718270836312075,0.8409674623608623,0.5348573655322973,40,5
grid,dgp3,300,10,500,5,2,0.15410141988754827,SSRF,0.7473428612994646,0.5720624969040571,0.07566285188388949,0.964,4.771678794894484,3.7036739936769227,1.8954637259198786,0.05831943087590744,0.7143212849996416,0.6930741750587089,0.6981325630253595,47.58,3.4718270836312075,0.8409674623608623,0.5348573655322973,40,5
grid,dgp3,300,10,500,5,2,0.15410141988754827,SSRF-JS,0.7467464632356794,0.5720299532265759,0.07500747877825541,0.964,4.770902731086312,3.707254755757439,,,0.7143212849996416,0.6930741750587089,0.6981325630253595,47.58,3.4718270836312075,0.8409674623608623,0.5348573655322973,40,5
grid,dgp3,300,10,500,5,2,0.15410141988754827,RF-H,0.7554362966684891,0.5743917817478715,0.08173984665702815,0.958,4.793291760564888,3.679927197357133,1.7665206453205873,0.07761388100101836,0.4238806640000803,0.6930741750587089,0.6981325630253595,47.58,3.4718270836312075,0.8409674623608623,0.5348573655322973,40,5
grid,dgp3,300,10,500,5,2,0.15410141988754827,SSRF-H,0.839644136446952,0.6225771263230213,0.1648874244764895,0.956,5.014306180772972,3.8274940023211816,8.357549550825086,2.126893043148026e-16,0.4238806640000803,0.6930741750587089,0.6981325630253595,47.58,3.4718270836312075,0.8409674623608623,0.5348573655322973,40,5
grid,dgp3,300,10,500,5,2,0.15410141988754827,SSRF-JS-H,0.83528879093378,0.620086406285812,0.16006754302428733,0.956,5.001335355853213,3.7999703620899874,8.208854017020148,6.84478456371545e-16,0.4238806640000803,0.6930741750587089,0.6981325630253595,47.58,3.4718270836312075,0.8409674623608623,0.5348573655322973,40,5
grid,dgp3,300,10,500,5,2,0.15410141988754827,SSRF-rob,0.7353319295715232,0.5667550722717641,0.06383262941407529,0.966,4.727529764909473,3.711744563412267,-3.0550251967741797,0.0023101193026665696,1.1183129549999649,0.6930741750587089,0.6981325630253595,47.58,3.4718270836312075,0.8409674623608623,0.5348573655322973,40,5
grid,dgp3,300,10,500,5,2,0.15410141988754827,RidgeRF,0.7379594805851477,0.5657695659215842,0.06530007895863636,0.964,4.754976641318753,3.6233822709328996,-0.9028431260707412,0.3668267948858551,0.5092430469999272,0.6930741750587089,0.6981325630253595,47.58,3.4718270836312075,0.8409674623608623,0.5348573655322973,40,5
grid,dgp3,300,10,500,5,2,0.15410141988754827,LassoRF,0.7406767416941108,0.5698498528960931,0.071237035959453,0.966,4.662884284256882,3.603594749933672,-0.6743993964493434,0.5002134525221583,0.4920162140001594,0.6930741750587089,0.6981325630253595,47.58,3.4718270836312075,0.8409674623608623,0.5348573655322973,40,5
grid,dgp3,300,10,500,5,2,0.15410141988754827,GBM,0.8309653752962131,0.6159151824015451,0.16850278859468756,0.962,5.001782499960239,3.9169408806547494,3.6539853115896284,0.00027162988101673375,0.026596265000080166,0.6930741750587089,0.6981325630253595,47.58,3.4718270836312075,0.8409674623608623,0.5348573655322973,40,5
grid,dgp3,300,10,500,5,2,0.15410141988754827,RF-tuned,0.7292146672009715,0.5624075701622671,0.05620931362280657,0.96,4.727093750348743,3.648342545247161,-2.669271366801985,0.007724880043333162,1.7059380000000601,0.6930741750587089,0.6981325630253595,47.58,3.4718270836312075,0.8409674623608623,0.5348573655322973,40,5
grid,dgp3,300,10,500,5,2,0.15410141988754827,SSRF-tuned,0.7208468515310013,0.558838432087718,0.05361535010257085,0.962,4.697053465439396,3.653807032008657,-4.225705792152824,2.599850987310086e-05,2.3333603149999362,0.6930741750587089,0.6981325630253595,47.58,3.4718270836312075,0.8409674623608623,0.5348573655322973,40,5
grid,dgp3,300,10,10,5,3,0.2072210551808172,RF,0.9343214508552098,0.6446602248526453,0.0881642229329108,0.932,6.404388773668105,3.3677948478227346,2.037256325438125,0.041887508390345746,0.013523532999897725,0.8202809390567991,0.824397965585641,46.7,3.5911207778276237,0.4712089664108823,0.5948961596142628,10,5
grid,dgp3,300,10,10,5,3,0.2072210551808172,SSRF,0.9197833601537098,0.6338607090979911,0.06881808489079744,0.936,6.304541993847209,3.4708859688171496,-1.2777622452506336,0.20163010559660186,0.013523532999897725,0.8202809390567991,0.824397965585641,46.7,3.5911207778276237,0.4712089664108823,0.5948961596142628,10,5
grid,dgp3,300,10,10,5,3,0.2072210551808172,SSRF-JS,0.9214238954173226,0.6346933535796156,0.07075747134684585,0.938,6.308089815717591,3.4626650878428653,,,0.013523532999897725,0.8202809390567991,0.824397965585641,46.7,3.5911207778276237,0.4712089664108823,0.5948961596142628,10,5
grid,dgp3,300,10,10,5,3,0.2072210551808172,RF-H,0.9442764501972437,0.6528017369432999,0.09444368689583718,0.934,6.22590429181105,3.445843832699621,1.0767603656856644,0.2818472877646944,0.008413611999912973,0.8202809390567991,0.824397965585641,46.7,3.5911207778276237,0.4712089664108823,0.5948961596142628,10,5
grid,dgp3,300,10,10,5,3,0.2072210551808172,SSRF-H,1.0048744518854194,0.6844194806529494,0.13926649986524223,0.936,6.279993983566952,3.514251661538097,3.181092464590487,0.0015124326904341905,0.008413611999912973,0.8202809390567991,0.824397965585641,46.7,3.5911207778276237,0.4712089664108823,0.5948961596142628,10,5
grid,dgp3,300,10,10,5,3,0.2072210551808172,SSRF-JS-H,0.9978257630805476,0.6798324114502818,0.13346173130145295,0.936,6.298634690922747,3.4761923725628985,2.955052581099828,0.003199528305465085,0.008413611999912973,0.8202809390567991,0.824397965585641,46.7,3.5911207778276237,0.4712089664108823,0.5948961596142628,10,5
grid,dgp3,300,10,10,5,3,0.2072210551808172,SSRF-rob,0.9250514877654645,0.6378294839560967,0.07652952124689866,0.934,6.3605233549465225,3.3865666946285846,1.3400123937955883,0.18054601770974948,0.02308964800022295,0.8202809390567991,0.824397965585641,46.7,3.5911207778276237,0.4712089664108823,0.5948961596142628,10,5
grid,dgp3,300,10,10,5,3,0.2072210551808172,RidgeRF,0.9307296881192615,0.6518327668599425,0.1201110080024427,0.942,5.969209465220336,3.4504928754099917,0.43800588229144755,0.6614767067878491,0.015046525999878213,0.8202809390567991,0.824397965585641,46.7,3.5911207778276237,0.4712089664108823,0.5948961596142628,10,5
grid,dgp3,300,10,10,5,3,0.2072210551808172,LassoRF,0.9005431624735033,0.6317576962196179,0.07882663663801509,0.938,6.185964632735966,3.2667757024082036,-1.3522270308060718,0.17660872287382876,0.03750319400023727,0.8202809390567991,0.824397965585641,46.7,3.5911207778276237,0.4712089664108823,0.5948961596142628,10,5
grid,dgp3,300,10,10,5,3,0.2072210551808172,GBM,0.928918055234597,0.6367164282083851,0.09093848875046201,0.934,6.383330972825068,3.5129130433290925,0.4320431036755893,0.665803319173089,0.04926476899981935,0.8202809390567991,0.824397965585641,46.7,3.5911207778276237,0.4712089664108823,0.5948961596142628,10,5
grid,dgp3,300,10,10,5,3,0.2072210551808172,RF-tuned,0.8798868298705439,0.6202782437431963,0.054724769193922294,0.938,6.04999274099805,3.4245722910028715,-2.6437669443599563,0.008327366984589581,1.2510657269999683,0.8202809390567991,0.824397965585641,46.7,3.5911207778276237,0.4712089664108823,0.5948961596142628,10,5
grid,dgp3,300,10,10,5,3,0.2072210551808172,SSRF-tuned,0.9124827482427218,0.6352395877352573,0.0646434850023817,0.946,6.194651210518833,3.4667245292979016,-0.7086781371551011,0.47868956770101156,1.2678462290000425,0.8202809390567991,0.824397965585641,46.7,3.5911207778276237,0.4712089664108823,0.5948961596142628,10,5
grid,dgp3,300,10,500,5,3,0.2072210551808172,RF,0.8825516787324291,0.6125841789867122,0.043190366907547434,0.938,6.3028341643787,3.3604312153136413,-1.7933500130670577,0.07321935861364229,0.6742099180000878,0.8026756285835204,0.8069798964605143,47.532,3.482320674858586,0.4737201849994838,0.5467173579564953,10,5
grid,dgp3,300,10,500,5,3,0.2072210551808172,SSRF,0.8917020232737018,0.6167978044644149,0.04656277318790172,0.934,6.3389136244427755,3.2457513804781963,0.8091081464026906,0.4186455976118565,0.6742099180000878,0.8026756285835204,0.8069798964605143,47.532,3.482320674858586,0.4737201849994838,0.5467173579564953,10,5
grid,dgp3,300,10,500,5,3,0.2072210551808172,SSRF-JS,0.8914352416370318,0.6165954713768536,0.04643943515998858,0.934,6.34048413888901,3.2395125456777194,,,0.6742099180000878,0.8026756285835204,0.8069798964605143,47.532,3.482320674858586,0.4737201849994838,0.5467173579564953,10,5
grid,dgp3,300,10,500,5,3,0.2072210551808172,RF-H,0.902418036004729,0.6246392195688039,0.05419523794652679,0.932,6.352542898484628,3.2493392027404715,1.5121090828815476,0.1308223734491472,0.43148167200024545,0.8026756285835204,0.8069798964605143,47.532,3.482320674858586,0.4737201849994838,0.5467173579564953,10,5
grid,dgp3,300,10,500,5,3,0.2072210551808172,SSRF-H,0.9928052869410885,0.6754690697459597,0.12967713872821496,0.928,6.443054989632505,3.373818218951099,5.8922289233735725,5.203822881542076e-09,0.43148167200024545,0.8026756285835204,0.8069798964605143,47.532,3.482320674858586,0.4737201849994838,0.5467173579564953,10,5
grid,dgp3,300,10,500,5,3,0.2072210551808172,SSRF-JS-H,0.9871600931874494,0.6724845833803861,0.12441839472473123,0.928,6.447254317507165,3.3529833980348065,5.779267478998727,1.0020134945911075e-08,0.43148167200024545,0.8026756285835204,0.8069798964605143,47.532,3.482320674858586,0.4737201849994838,0.5467173579564953,10,5
grid,dgp3,300,10,500,5,3,0.2072210551808172,SSRF-rob,0.8859738800881823,0.6136520702435316,0.04358684658172318,0.936,6.31607655957925,3.2968184359739334,-2.338625786377533,0.019551239696903592,1.1086860079999497,0.8026756285835204,0.8069798964605143,47.532,3.482320674858586,0.4737201849994838,0.5467173579564953,10,5
grid,dgp3,300,10,500,5,3,0.2072210551808172,RidgeRF,0.9028587053679111,0.6316167546829162,0.06443202587009882,0.944,6.1308658961229865,3.4718355134922514,1.1479003709826452,0.25128450059979723,0.5001553710003463,0.8026756285835204,0.8069798964605143,47.532,3.482320674858586,0.4737201849994838,0.5467173579564953,10,5
grid,dgp3,300,10,500,5,3,0.2072210551808172,LassoRF,0.872202891909312,0.6070565508522685,0.03713463274846139,0.934,6.269648148287074,3.3306751849409717,-3.0254407872702185,0.0025462517365519087,0.5237453219997406,0.8026756285835204,0.8069798964605143,47.532,3.482320674858586,0.4737201849994838,0.5467173579564953,10,5
grid,dgp3,300,10,500,5,3,0.2072210551808172,GBM,0.928918055234597,0.6367164282083851,0.09093848875046201,0.942,6.32804786335688,3.687025113245504,2.584244807279022,0.009900183913012147,0.05181984899991221,0.8026756285835204,0.8069798964605143,47.532,3.482320674858586,0.4737201849994838,0.5467173579564953,10,5
grid,dgp3,300,10,500,5,3,0.2072210551808172,RF-tuned,0.861739274089542,0.6028026256764328,0.0329405417423338,0.94,6.251445341210875,3.454158496666501,-3.7216399476473363,0.00020897744733814155,1.7646012650002376,0.8026756285835204,0.8069798964605143,47.532,3.482320674858586,0.4737201849994838,0.5467173579564953,10,5
grid,dgp3,300,10,500,5,3,0.2072210551808172,SSRF-tuned,0.8752922946661236,0.6092858527723661,0.03774113449734357,0.938,6.2949558220091095,3.3037939997126813,-3.4917272648733517,0.0005009023928938651,2.5706619540001157,0.8026756285835204,0.8069798964605143,47.532,3.482320674858586,0.4737201849994838,0.5467173579564953,10,5
grid,dgp3,300,10,10,5,4,0.3298432094888798,RF,0.7785721592886498,0.606472999121057,0.0760749728507579,0.95,5.42683669537941,3.5807304740916215,1.6321391394425284,0.10296532503311284,0.014494783999907668,0.8362577886364964,0.8397723660258481,48.7,3.4850467050872593,0.30007962351501216,0.4325343819952048,20,5
grid,dgp3,300,10,10,5,4,0.3298432094888798,SSRF,0.7736194522764454,0.6003986307231646,0.07245865271284196,0.946,5.4129625807776245,3.5574895423925024,0.7335798786370383,0.4633769421815978,0.014494783999907668,0.8362577886364964,0.8397723660258481,48.7,3.4850467050872593,0.30007962351501216,0.4325343819952048,20,5
grid,dgp3,300,10,10,5,4,0.3298432094888798,SSRF-JS,0.7731043842757456,0.6000275423291873,0.07274341864023018,0.948,5.403983046528123,3.5591668227452926,,,0.014494783999907668,0.8362577886364964,0.8397723660258481,48.7,3.4850467050872593,0.30007962351501216,0.4325343819952048,20,5
grid,dgp3,300,10,10,5,4,0.3298432094888798,RF-H,0.7904732951816145,0.6083823012197956,0.10720693577017455,0.956,5.341833994532316,3.6093803836157083,1.256856533403811,0.20909937332786263,0.008960876999935863,0.8362577886364964,0.8397723660258481,48.7,3.4850467050872593,0.30007962351501216,0.4325343819952048,20,5
grid,dgp3,300,10,10,5,4,0.3298432094888798,SSRF-H,0.8459992900843756,0.6361007232494102,0.15791680386046641,0.962,5.500441527211179,3.8611246509456967,4.508165017445708,7.313125355836047e-06,0.008960876999935863,0.8362577886364964,0.8397723660258481,48.7,3.4850467050872593,0.30007962351501216,0.4325343819952048,20,5
grid,dgp3,300,10,10,5,4,0.3298432094888798,SSRF-JS-H,0.8441981676892708,0.6358065145726867,0.157311443488112,0.96,5.481167904399704,3.7968416835489958,4.455118611424176,9.33120798591828e-06,0.008960876999935863,0.8362577886364964,0.8397723660258481,48.7,3.4850467050872593,0.30007962351501216,0.4325343819952048,20,5
grid,dgp3,300,10,10,5,4,0.3298432094888798,SSRF-rob,0.7743350437229026,0.6019520889757299,0.07309161353811276,0.948,5.412142324604118,3.5623115431898067,0.9629510372593523,0.33580511964777027,0.023018213000341348,0.8362577886364964,0.8397723660258481,48.7,3.4850467050872593,0.30007962351501216,0.4325343819952048,20,5
grid,dgp3,300,10,10,5,4,0.3298432094888798,RidgeRF,0.7825085686278904,0.6037127992075699,0.09472854178264836,0.946,5.2670421877999525,3.506563228899473,0.5868439623329174,0.5574410965333783,0.01409639999974388,0.8362577886364964,0.8397723660258481,48.7,3.4850467050872593,0.30007962351501216,0.4325343819952048,20,5
grid,dgp3,300,10,10,5,4,0.3298432094888798,LassoRF,0.7618663815568397,0.5954076819861749,0.06990473916643683,0.948,5.323806662977671,3.519432913163878,-0.8588601042859983,0.390623729241715,0.03167124999981752,0.8362577886364964,0.8397723660258481,48.7,3.4850467050872593,0.30007962351501216,0.4325343819952048,20,5
grid,dgp3,300,10,10,5,4,0.3298432094888798,GBM,0.7660664012455828,0.6121782031306526,0.09480840734531613,0.962,5.12607770148936,3.6690435464480236,-0.45086389090123324,0.6521854906585263,0.05618354600028397,0.8362577886364964,0.8397723660258481,48.7,3.4850467050872593,0.30007962351501216,0.4325343819952048,20,5
grid,dgp3,300,10,10,5,4,0.3298432094888798,RF-tuned,0.7521205466439423,0.5822185723140233,0.061494926111364825,0.954,5.330252058096686,3.6582020465683143,-2.2510849520003893,0.02459686881862213,1.2415459560002091,0.8362577886364964,0.8397723660258481,48.7,3.4850467050872593,0.30007962351501216,0.4325343819952048,20,5
grid,dgp3,300,10,10,5,4,0.3298432094888798,SSRF-tuned,0.7391072572555634,0.5764196089686873,0.046531818096577755,0.946,5.307881392669258,3.4375469495686692,-3.6268847995081877,0.0003013619888920335,1.2564830430001166,0.8362577886364964,0.8397723660258481,48.7,3.4850467050872593,0.30007962351501216,0.4325343819952048,20,5
grid,dgp3,300,10,500,5,4,0.3298432094888798,RF,0.7392347124097164,0.5796436661341845,0.04671395241851454,0.97,4.553441471228671,3.876176145599826,-2.78785586896486,0.005406492134229765,0.6876378150000164,0.8110213525424553,0.8151795264539325,47.6,3.4781641841221376,0.32632051665804673,0.39827179872153307,20,5
grid,dgp3,300,10,500,5,4,0.3298432094888798,SSRF,0.7489149974349443,0.5836570928783246,0.0568680465610182,0.968,4.62039575881284,3.9034708135060017,2.924095696902471,0.003532592203290483,0.6876378150000164,0.8110213525424553,0.8151795264539325,47.6,3.4781641841221376,0.32632051665804673,0.39827179872153307,20,5
grid,dgp3,300,10,500,5,4,0.3298432094888798,SSRF-JS,0.7482739862190142,0.5834072995984061,0.05638501164697301,0.968,4.615462061925063,3.896187406669105,,,0.6876378150000164,0.8110213525424553,0.8151795264539325,47.6,3.4781641841221376,0.32632051665804673,0.39827179872153307,20,5
grid,dgp3,300,10,500,5,4,0.3298432094888798,RF-H,0.7638731785593226,0.5887885028783337,0.07514991219992055,0.968,4.6477738932229,3.8463482679933287,2.6916397201818967,0.007228996526994412,0.47591431999990164,0.8110213525424553,0.8151795264539325,47.6,3.4781641841221376,0.32632051665804673,0.39827179872153307,20,5
grid,dgp3,300,10,500,5,4,0.3298432094888798,SSRF-H,0.8341708835147603,0.6284749123206805,0.14611012212704302,0.966,4.817976081547052,3.8911733000498,6.9826065096941425,5.278790396234961e-12,0.47591431999990164,0.8110213525424553,0.8151795264539325,47.6,3.4781641841221376,0.32632051665804673,0.39827179872153307,20,5
grid,dgp3,300,10,500,5,4,0.3298432094888798,SSRF-JS-H,0.8292863420551467,0.6258810669759998,0.14111014205595673,0.966,4.810087744830093,3.8960899045231154,6.835421965072159,1.4207087470558244e-11,0.47591431999990164,0.8110213525424553,0.8151795264539325,47.6,3.4781641841221376,0.32632051665804673,0.39827179872153307,20,5
grid,dgp3,300,10,500,5,4,0.3298432094888798,SSRF-rob,0.7439105108567996,0.5814376489602587,0.0517746121214531,0.968,4.577604706401309,3.8535495291846544,-3.4442915782423458,0.0005963410297563701,1.0782405350000772,0.8110213525424553,0.8151795264539325,47.6,3.4781641841221376,0.32632051665804673,0.39827179872153307,20,5
grid,dgp3,300,10,500,5,4,0.3298432094888798,RidgeRF,0.7567557595927107,0.586129486340586,0.061946463422452254,0.97,4.501315943754038,3.794977848741524,0.9311482146038575,0.35200186265087563,0.5158110460001808,0.8110213525424553,0.8151795264539325,47.6,3.4781641841221376,0.32632051665804673,0.39827179872153307,20,5
grid,dgp3,300,10,500,5,4,0.3298432094888798,LassoRF,0.7362602547884196,0.5762114323268709,0.04708407346344963,0.97,4.563623310241228,3.922956573810026,-1.7448444349909173,0.08131944804179012,0.4512571709997246,0.8110213525424553,0.8151795264539325,47.6,3.4781641841221376,0.32632051665804673,0.39827179872153307,20,5
grid,dgp3,300,10,500,5,4,0.3298432094888798,GBM,0.7660664012455828,0.6121782031306526,0.09480840734531613,0.968,4.531743612788593,3.781084612566521,1.4022221150837006,0.16115957914055154,0.0606877639997947,0.8110213525424553,0.8151795264539325,47.6,3.4781641841221376,0.32632051665804673,0.39827179872153307,20,5
grid,dgp3,300,10,500,5,4,0.3298432094888798,RF-tuned,0.7302261474408135,0.570664849321275,0.0379076597787695,0.97,4.549952250678279,3.932504118267064,-3.8755933394566795,0.00011330435379088175,1.7068612380003287,0.8110213525424553,0.8151795264539325,47.6,3.4781641841221376,0.32632051665804673,0.39827179872153307,20,5
grid,dgp3,300,10,500,5,4,0.3298432094888798,SSRF-tuned,0.7347493691253608,0.573488362600736,0.04206709962207869,0.97,4.537579780666653,3.8594752218251096,-3.8922372125067985,0.00010591234478559753,2.4162734990004537,0.8110213525424553,0.8151795264539325,47.6,3.4781641841221376,0.32632051665804673,0.39827179872153307,20,5
grid,dgp3,300,10,10,5,5,0.1689310220148356,RF,1.006641428156515,0.6580077482870302,0.119582914467918,0.942,5.920795627390371,3.4411544977515742,3.754426740407539,0.0001837653712169688,0.014705792000313522,0.7601527472537871,0.7640446066925021,46.8,3.5097206544131443,0.6764615638171528,0.5840326932165679,10,5
grid,dgp3,300,10,10,5,5,0.1689310220148356,SSRF,0.977849475332656,0.6350971897122852,0.09138825508614824,0.938,5.940174028540439,3.391904953182906,-1.983165559922835,0.04762242868121524,0.014705792000313522,0.7601527472537871,0.7640446066925021,46.8,3.5097206544131443,0.6764615638171528,0.5840326932165679,10,5
grid,dgp3,300,10,10,5,5,0.1689310220148356,SSRF-JS,0.9797306586001552,0.6356977445674861,0.09238485515461968,0.936,5.941647729984652,3.3829712706629755,,,0.014705792000313522,0.7601527472537871,0.7640446066925021,46.8,3.5097206544131443,0.6764615638171528,0.5840326932165679,10,5
grid,dgp3,300,10,10,5,5,0.1689310220148356,RF-H,1.0081300235064263,0.6494195990134899,0.11228600031667961,0.94,6.088649918917596,3.4723502950357124,1.6358981308733251,0.10217590132949692,0.009315134000189573,0.7601527472537871,0.7640446066925021,46.8,3.5097206544131443,0.6764615638171528,0.5840326932165679,10,5
grid,dgp3,300,10,10,5,5,0.1689310220148356,SSRF-H,1.057105089579942,0.6706164373679362,0.16333343222714106,0.93,6.259497874054433,3.323133460449064,3.7883505057195896,0.00016071125611366352,0.009315134000189573,0.7601527472537871,0.7640446066925021,46.8,3.5097206544131443,0.6764615638171528,0.5840326932165679,10,5
grid,dgp3,300,10,10,5,5,0.1689310220148356,SSRF-JS-H,1.0558998742161643,0.6690112552423445,0.16074523842929375,0.93,6.246680183775117,3.3351115408831973,3.758683890340956,0.00018071022838735457,0.009315134000189573,0.7601527472537871,0.7640446066925021,46.8,3.5097206544131443,0.6764615638171528,0.5840326932165679,10,5
grid,dgp3,300,10,10,5,5,0.1689310220148356,SSRF-rob,0.993360044014523,0.6474689400881627,0.10572927161555129,0.942,5.925759842891464,3.4502373942591835,3.091219205075641,0.0020486029845846448,0.02242296600024929,0.7601527472537871,0.7640446066925021,46.8,3.5097206544131443,0.6764615638171528,0.5840326932165679,10,5
grid,dgp3,300,10,10,5,5,0.1689310220148356,RidgeRF,1.0176583659777425,0.6565299063643393,0.12022048538056461,0.918,6.486562548067496,3.322393281726441,1.8322257339019172,0.06721535535453432,0.014302193999810697,0.7601527472537871,0.7640446066925021,46.8,3.5097206544131443,0.6764615638171528,0.5840326932165679,10,5
grid,dgp3,300,10,10,5,5,0.1689310220148356,LassoRF,1.0311957772104827,0.6644902593750274,0.1355544494268361,0.932,6.250058937619686,3.560995522416292,2.489986679528211,0.012936431991263844,0.03287662599996111,0.7601527472537871,0.7640446066925021,46.8,3.5097206544131443,0.6764615638171528,0.5840326932165679,10,5
grid,dgp3,300,10,10,5,5,0.1689310220148356,GBM,1.0030517774619512,0.6473838128698591,0.13090351317832108,0.93,6.187790578846513,3.480096991515615,0.9844785459570405,0.32511864080629727,0.02747283399958178,0.7601527472537871,0.7640446066925021,46.8,3.5097206544131443,0.6764615638171528,0.5840326932165679,10,5
grid,dgp3,300,10,10,5,5,0.1689310220148356,RF-tuned,0.9815527664432844,0.6552368875523986,0.10875995913015188,0.934,5.89047411160984,3.2777487071053364,0.09501884416108666,0.9243189143208457,1.239102536000246,0.7601527472537871,0.7640446066925021,46.8,3.5097206544131443,0.6764615638171528,0.5840326932165679,10,5
grid,dgp3,300,10,10,5,5,0.1689310220148356,SSRF-tuned,0.9758763466743221,0.6369510817207106,0.0890523271912391,0.94,5.992991668826576,3.559311813992465,-0.2774298645259268,0.7815074510208005,1.255684721000307,0.7601527472537871,0.7640446066925021,46.8,3.5097206544131443,0.6764615638171528,0.5840326932165679,10,5
grid,dgp3,300,10,500,5,5,0.1689310220148356,RF,0.9556988270510308,0.6283418908855551,0.06734204335247429,0.964,5.723298018045931,3.830205675808111,-0.039674573222852186,0.9683605004275513,0.6766094579998025,0.7623523161540147,0.7668582023392229,47.542,3.476932034348825,0.6814150251032857,0.6100447945064063,10,5
grid,dgp3,300,10,500,5,5,0.1689310220148356,SSRF,0.9557492534829657,0.6211170963836814,0.06669539459332154,0.966,5.763787716026802,3.94045273979549,-0.4768016931070654,0.633607616148105,0.6766094579998025,0.7623523161540147,0.7668582023392229,47.542,3.476932034348825,0.6814150251032857,0.6100447945064063,10,5
grid,dgp3,300,10,500,5,5,0.1689310220148356,SSRF-JS,0.9559272792046695,0.6214520314678673,0.06680596852307753,0.966,5.758723384776015,3.9253518922686035,,,0.6766094579998025,0.7623523161540147,0.7668582023392229,47.542,3.476932034348825,0.6814150251032857,0.6100447945064063,10,5
grid,dgp3,300,10,500,5,5,0.1689310220148356,RF-H,0.9658820391833342,0.6240743146812429,0.07721694984202332,0.966,5.760489838828074,3.8032038630998586,1.3641390321803462,0.17283105319463177,0.4291009040002791,0.7623523161540147,0.7668582023392229,47.542,3.476932034348825,0.6814150251032857,0.6100447945064063,10,5
grid,dgp3,300,10,500,5,5,0.1689310220148356,SSRF-H,1.04744287311782,0.6655533670025754,0.1558942441847102,0.968,5.905472724346427,4.08522397832963,5.756080539309175,1.1446691109792132e-08,0.4291009040002791,0.7623523161540147,0.7668582023392229,47.542,3.476932034348825,0.6814150251032857,0.6100447945064063,10,5
grid,dgp3,300,10,500,5,5,0.1689310220148356,SSRF-JS-H,1.042881954684894,0.6630963967646208,0.15177874253407683,0.966,5.897306689698578,4.068406005783379,5.637198879842588,2.2481858306130165e-08,0.4291009040002791,0.7623523161540147,0.7668582023392229,47.542,3.476932034348825,0.6814150251032857,0.6100447945064063,10,5
grid,dgp3,300,10,500,5,5,0.1689310220148356,SSRF-rob,0.9539438927448932,0.6245774794432957,0.06522153144610011,0.964,5.712841657217311,3.789886090717233,-0.5607026765968764,0.5751259699273803,1.082889502999933,0.7623523161540147,0.7668582023392229,47.542,3.476932034348825,0.6814150251032857,0.6100447945064063,10,5
grid,dgp3,300,10,500,5,5,0.1689310220148356,RidgeRF,0.9704736313889755,0.6255130679508526,0.076655753055567,0.97,5.813653278422817,4.06763249392835,1.1965665317647691,0.23175944316308436,0.5094311070001822,0.7623523161540147,0.7668582023392229,47.542,3.476932034348825,0.6814150251032857,0.6100447945064063,10,5
grid,dgp3,300,10,500,5,5,0.1689310220148356,LassoRF,0.9587990186800206,0.6263298274570923,0.07243386734746975,0.968,5.791642294058633,4.051712121618239,0.3993754971127736,0.6897019087838988,0.49152269599971987,0.7623523161540147,0.7668582023392229,47.542,3.476932034348825,0.6814150251032857,0.6100447945064063,10,5
grid,dgp3,300,10,500,5,5,0.1689310220148356,GBM,1.0030517774619512,0.6473838128698591,0.13090351317832108,0.972,5.8545014310843415,4.25859023987467,2.367844511152625,0.018081695126895867,0.02831746599986218,0.7623523161540147,0.7668582023392229,47.542,3.476932034348825,0.6814150251032857,0.6100447945064063,10,5
grid,dgp3,300,10,500,5,5,0.1689310220148356,RF-tuned,0.9486830034272161,0.624481138516123,0.061266751220452095,0.964,5.689047713302836,3.821761829997117,-0.9933883741042745,0.3207612713277002,1.7559318990001884,0.7623523161540147,0.7668582023392229,47.542,3.476932034348825,0.6814150251032857,0.6100447945064063,10,5
grid,dgp3,300,10,500,5,5,0.1689310220148356,SSRF-tuned,0.9506816100586823,0.621461741240035,0.06257275494515024,0.966,5.715842057998656,3.8365838103403282,-1.1013017323752887,0.27103062910374465,2.5882577320003293,0.7623523161540147,0.7668582023392229,47.542,3.476932034348825,0.6814150251032857,0.6100447945064063,10,5
grid,dgp3,300,10,10,5,6,0.19428370324348923,RF,1.1405931703072016,0.6569741717394065,0.10852517578766517,0.926,6.236054984161866,3.2172886963602414,2.258288447371154,0.02414273575066089,0.014751143000012235,0.7804602009908119,0.7853538340100805,47.3,3.50101819156928,0.6111659125765533,0.601304943502651,20,5
grid,dgp3,300,10,10,5,6,0.19428370324348923,SSRF,1.1183779844494084,0.641748411506044,0.08711478690214533,0.938,6.097582748595586,3.293726339380513,-1.8907514091845519,0.05894670499241225,0.014751143000012235,0.7804602009908119,0.7853538340100805,47.3,3.50101819156928,0.6111659125765533,0.601304943502651,20,5
grid,dgp3,300,10,10,5,6,0.19428370324348923,SSRF-JS,1.1213725455894825,0.6433977098904615,0.08945254668169789,0.942,6.1016031909181105,3.3210158446824343,,,0.014751143000012235,0.7804602009908119,0.7853538340100805,47.3,3.50101819156928,0.6111659125765533,0.601304943502651,20,5
grid,dgp3,300,10,10,5,6,0.19428370324348923,RF-H,1.1329252593084114,0.6438185301374942,0.09750885743524873,0.954,6.107989568319552,3.6094597058767866,0.5593299869047151,0.5760619032500957,0.009458923000238428,0.7804602009908119,0.7853538340100805,47.3,3.50101819156928,0.6111659125765533,0.601304943502651,20,5
grid,dgp3,300,10,10,5,6,0.19428370324348923,SSRF-H,1.1778493856715269,0.6719934803566436,0.14923442314813415,0.95,6.10989213689425,3.5835900670345593,2.3725253097324117,0.017855507971082048,0.009458923000238428,0.7804602009908119,0.7853538340100805,47.3,3.50101819156928,0.6111659125765533,0.601304943502651,20,5
grid,dgp3,300,10,10,5,6,0.19428370324348923,SSRF-JS-H,1.1727349682829078,0.6693428857014104,0.1435621245951808,0.95,6.100548479119047,3.618096428389236,2.153945268466768,0.03148309751148007,0.009458923000238428,0.7804602009908119,0.7853538340100805,47.3,3.50101819156928,0.6111659125765533,0.601304943502651,20,5
grid,dgp3,300,10,10,5,6,0.19428370324348923,SSRF-rob,1.1299399028237465,0.6499409985810991,0.09785811441424364,0.93,6.159776038286211,3.2650539902051596,1.7540652098133516,0.07972593896349728,0.023370388000330422,0.7804602009908119,0.7853538340100805,47.3,3.50101819156928,0.6111659125765533,0.601304943502651,20,5
grid,dgp3,300,10,10,5,6,0.19428370324348923,RidgeRF,1.1619477840719517,0.6576693449269296,0.10285499869877253,0.94,6.273305031935175,3.3376315537706085,1.9352776640758176,0.053238188990567495,0.01425500400000601,0.7804602009908119,0.7853538340100805,47.3,3.50101819156928,0.6111659125765533,0.601304943502651,20,5
grid,dgp3,300,10,10,5,6,0.19428370324348923,LassoRF,1.1207052935570525,0.639734621098733,0.0923972949886991,0.956,6.119946703902764,3.575303995283726,-0.03352961692118631,0.9732589460229899,0.03275987000006353,0.7804602009908119,0.7853538340100805,47.3,3.50101819156928,0.6111659125765533,0.601304943502651,20,5
grid,dgp3,300,10,10,5,6,0.19428370324348923,GBM,1.1970131297552091,0.6689127618373746,0.12093746557027657,0.95,6.333552409222794,3.568814010632067,3.362416711186116,0.0008019433868990887,0.02964338099991437,0.7804602009908119,0.7853538340100805,47.3,3.50101819156928,0.6111659125765533,0.601304943502651,20,5
grid,dgp3,300,10,10,5,6,0.19428370324348923,RF-tuned,1.0859311902337405,0.6179556084017876,0.04199349070043803,0.95,6.029822628485045,3.2911619002146697,-1.7423100087105081,0.08176194767335522,1.268083533999743,0.7804602009908119,0.7853538340100805,47.3,3.50101819156928,0.6111659125765533,0.601304943502651,20,5
grid,dgp3,300,10,10,5,6,0.19428370324348923,SSRF-tuned,1.0803857294067656,0.6211451408088272,0.05269165893965876,0.952,5.996316903965046,3.3118112424086874,-2.445853223153444,0.014622633059004419,1.2830569789994115,0.7804602009908119,0.7853538340100805,47.3,3.50101819156928,0.6111659125765533,0.601304943502651,20,5
grid,dgp3,300,10,500,5,6,0.19428370324348923,RF,1.0853384457672899,0.6260022223613,0.045483855530296026,0.966,5.813909429348362,3.5534142496569086,0.6965185966258539,0.48626614152530373,0.6981668860003083,0.783997620176417,0.7883722482979827,47.666,3.4694302073258823,0.6122027898679296,0.6329938616221059,20,5
grid,dgp3,300,10,500,5,6,0.19428370324348923,SSRF,1.078989437205902,0.6187591382173181,0.04138750575761819,0.964,5.799223066848732,3.520195196988825,-2.3276876656502483,0.02012766814093308,0.6981668860003083,0.783997620176417,0.7883722482979827,47.666,3.4694302073258823,0.6122027898679296,0.6329938616221059,20,5
grid,dgp3,300,10,500,5,6,0.19428370324348923,SSRF-JS,1.0797847722173284,0.6193523603248854,0.041728674370892935,0.966,5.8121100867984765,3.5564426575286485,,,0.6981668860003083,0.783997620176417,0.7883722482979827,47.666,3.4694302073258823,0.6122027898679296,0.6329938616221059,20,5
grid,dgp3,300,10,500,5,6,0.19428370324348923,RF-H,1.0810486531846373,0.6163797621091417,0.04529454015481993,0.966,5.80947218568055,3.5849265346462715,0.12184423017148582,0.9030468885025292,0.4346398970001246,0.783997620176417,0.7883722482979827,47.666,3.4694302073258823,0.6122027898679296,0.6329938616221059,20,5
grid,dgp3,300,10,500,5,6,0.19428370324348923,SSRF-H,1.1589492687727836,0.6602977491639329,0.12583632165295433,0.966,5.929966785548164,3.821797821589221,3.352577954403637,0.0008306647897068347,0.4346398970001246,0.783997620176417,0.7883722482979827,47.666,3.4694302073258823,0.6122027898679296,0.6329938616221059,20,5
grid,dgp3,300,10,500,5,6,0.19428370324348923,SSRF-JS-H,1.1523626817714834,0.6566697333545447,0.1196631387197425,0.966,5.922787830702034,3.8098313828838704,3.18934064734936,0.0014703572779643556,0.4346398970001246,0.783997620176417,0.7883722482979827,47.666,3.4694302073258823,0.6122027898679296,0.6329938616221059,20,5
grid,dgp3,300,10,500,5,6,0.19428370324348923,SSRF-rob,1.0807654287786084,0.6217367742345562,0.04169237570324402,0.966,5.809925765310801,3.5457680442349564,0.2221369251475086,0.82425269648159,1.1082012370002303,0.783997620176417,0.7883722482979827,47.666,3.4694302073258823,0.6122027898679296,0.6329938616221059,20,5
grid,dgp3,300,10,500,5,6,0.19428370324348923,RidgeRF,1.0943229198555673,0.6278694975226101,0.05532641801545389,0.964,5.834684425000995,3.543464111897919,1.4900958473059618,0.13651467973719705,0.5180585070002053,0.783997620176417,0.7883722482979827,47.666,3.4694302073258823,0.6122027898679296,0.6329938616221059,20,5
grid,dgp3,300,10,500,5,6,0.19428370324348923,LassoRF,1.0881879280288789,0.6203391044445808,0.05056698058142988,0.964,5.775069770549772,3.51157163839796,0.8748440511294747,0.38186903812284745,0.46864006500027244,0.783997620176417,0.7883722482979827,47.666,3.4694302073258823,0.6122027898679296,0.6329938616221059,20,5
grid,dgp3,300,10,500,5,6,0.19428370324348923,GBM,1.1970131297552091,0.6689127618373746,0.12093746557027657,0.964,6.11336569318918,3.7813159933731693,6.247758162506197,6.153695251368946e-10,0.031187429000056,0.783997620176417,0.7883722482979827,47.666,3.4694302073258823,0.6122027898679296,0.6329938616221059,20,5
grid,dgp3,300,10,500,5,6,0.19428370324348923,RF-tuned,1.0685195350668217,0.6107641051627948,0.02952957011995413,0.968,5.74396701945707,3.53842455110766,-1.426220289542693,0.15411717891667084,1.7193025209999178,0.783997620176417,0.7883722482979827,47.666,3.4694302073258823,0.6122027898679296,0.6329938616221059,20,5
grid,dgp3,300,10,500,5,6,0.19428370324348923,SSRF-tuned,1.06788445230912,0.6111624311140349,0.0316788756215413,0.966,5.7411043658979946,3.5169710076869998,-1.8259823218317153,0.0681513003534355,2.456918810999923,0.783997620176417,0.7883722482979827,47.666,3.4694302073258823,0.6122027898679296,0.6329938616221059,20,5
grid,dgp3,300,10,10,5,7,0.177067822588167,RF,1.0304319438527982,0.6515614933970921,0.10145618418167612,0.946,6.619651755942778,3.5982014160853475,1.7072747908053325,0.08808171369484795,0.014996156999586674,0.748110527923987,0.7539571206112141,47.4,3.4475779031047202,0.6423692395057409,0.5089664916232952,10,3
grid,dgp3,300,10,10,5,7,0.177067822588167,SSRF,1.0168648073053652,0.6411585566161343,0.08717774073542234,0.95,6.591409085684905,3.6618328753469336,-1.6863467557988603,0.09204126386313446,0.014996156999586674,0.748110527923987,0.7539571206112141,47.4,3.4475779031047202,0.6423692395057409,0.5089664916232952,10,3
grid,dgp3,300,10,10,5,7,0.177067822588167,SSRF-JS,1.0183477443092124,0.641786755540616,0.08758773779757285,0.95,6.597888554540168,3.6760216481425423,,,0.014996156999586674,0.748110527923987,0.7539571206112141,47.4,3.4475779031047202,0.6423692395057409,0.5089664916232952,10,3
grid,dgp3,300,10,10,5,7,0.177067822588167,RF-H,1.0055906495435423,0.6407730940693225,0.07824426287514166,0.952,6.4898214705631325,3.753712003720637,-0.6742669529590397,0.5002976004283995,0.0101217460000953,0.748110527923987,0.7539571206112141,47.4,3.4475779031047202,0.6423692395057409,0.5089664916232952,10,3
grid,dgp3,300,10,10,5,7,0.177067822588167,SSRF-H,1.091344089858442,0.6797263297667052,0.15360701977054925,0.948,6.6364778829541455,3.7436320710145727,4.015594887770805,6.373668735205113e-05,0.0101217460000953,0.748110527923987,0.7539571206112141,47.4,3.4475779031047202,0.6423692395057409,0.5089664916232952,10,3
grid,dgp3,300,10,10,5,7,0.177067822588167,SSRF-JS-H,1.0860993370874152,0.678124847420089,0.14919145186571894,0.952,6.629767828470001,3.799011319859936,3.7950941889280863,0.00015646576557934528,0.0101217460000953,0.748110527923987,0.7539571206112141,47.4,3.4475779031047202,0.6423692395057409,0.5089664916232952,10,3
grid,dgp3,300,10,10,5,7,0.177067822588167,SSRF-rob,1.0247492907961415,0.647442932305902,0.095519486253021,0.948,6.61228011051957,3.6365695055956095,1.2773519140795269,0.20177481051436,0.0253167470000335,0.748110527923987,0.7539571206112141,47.4,3.4475779031047202,0.6423692395057409,0.5089664916232952,10,3
grid,dgp3,300,10,10,5,7,0.177067822588167,RidgeRF,1.1070163224686607,0.6848546164586915,0.17698363012552148,0.95,6.715587540449733,4.0513140276546755,3.2213797569127705,0.0013169624842909314,0.016444546000002447,0.748110527923987,0.7539571206112141,47.4,3.4475779031047202,0.6423692395057409,0.5089664916232952,10,3
grid,dgp3,300,10,10,5,7,0.177067822588167,LassoRF,1.0569099884761253,0.6651903410552036,0.10694190249442445,0.956,6.510289186266524,3.9126520189916287,1.4782514625276104,0.13965569102962583,0.03866166199986765,0.748110527923987,0.7539571206112141,47.4,3.4475779031047202,0.6423692395057409,0.5089664916232952,10,3
grid,dgp3,300,10,10,5,7,0.177067822588167,GBM,1.1365813889090877,0.6959935810447819,0.20476388209419855,0.952,6.635087631041764,4.116873309935103,2.9387976502732545,0.0033706622563994633,0.08900809199985815,0.748110527923987,0.7539571206112141,47.4,3.4475779031047202,0.6423692395057409,0.5089664916232952,10,3
grid,dgp3,300,10,10,5,7,0.177067822588167,RF-tuned,1.0289891231869406,0.651108785636972,0.09348794266761566,0.942,6.639926552329671,3.642777902697927,0.5253857382837391,0.5994316515628436,1.2894789209999544,0.748110527923987,0.7539571206112141,47.4,3.4475779031047202,0.6423692395057409,0.5089664916232952,10,3
grid,dgp3,300,10,10,5,7,0.177067822588167,SSRF-tuned,1.0278699507556566,0.6433389461140998,0.07198865670127316,0.948,6.582412736890387,3.676189357763436,0.7515870642937074,0.45247644632701967,1.305010743999901,0.748110527923987,0.7539571206112141,47.4,3.4475779031047202,0.6423692395057409,0.5089664916232952,10,3
grid,dgp3,300,10,500,5,7,0.177067822588167,RF,0.9867913343561395,0.6245217587832003,0.04965557700852901,0.936,6.3780563394001675,3.467839831959474,-0.7919400254729602,0.4285836485330404,0.7180387410003277,0.7294713824795458,0.7340991850149757,47.574,3.4723443815516295,0.6493585211228826,0.48007025787280894,10,3
grid,dgp3,300,10,500,5,7,0.177067822588167,SSRF,0.9932490101854135,0.6279109754229597,0.05666701157910561,0.942,6.334132968956853,3.5368330561191934,1.3414276817378354,0.18008649406480534,0.7180387410003277,0.7294713824795458,0.7340991850149757,47.574,3.4723443815516295,0.6493585211228826,0.48007025787280894,10,3
grid,dgp3,300,10,500,5,7,0.177067822588167,SSRF-JS,0.992501608560682,0.6276256290018962,0.0561408382863397,0.94,6.336003909899384,3.5261810212683886,,,0.7180387410003277,0.7294713824795458,0.7340991850149757,47.574,3.4723443815516295,0.6493585211228826,0.48007025787280894,10,3
grid,dgp3,300,10,500,5,7,0.177067822588167,RF-H,0.991725565200518,0.6297088771133065,0.05846921183700374,0.938,6.3475089213342075,3.3970457024744958,-0.11905982286791139,0.9052518974299658,0.4396758449997833,0.7294713824795458,0.7340991850149757,47.574,3.4723443815516295,0.6493585211228826,0.48007025787280894,10,3
grid,dgp3,300,10,500,5,7,0.177067822588167,SSRF-H,1.0738221406402377,0.6718865097650882,0.14110129177091038,0.938,6.3609994420232905,3.5639799734089204,5.146868520410425,3.188438299366182e-07,0.4396758449997833,0.7294713824795458,0.7340991850149757,47.574,3.4723443815516295,0.6493585211228826,0.48007025787280894,10,3
grid,dgp3,300,10,500,5,7,0.177067822588167,SSRF-JS-H,1.0671889400660124,0.6686722467446645,0.13473084375121994,0.938,6.3628289925171755,3.531783968117039,4.957672929562011,8.378044491793768e-07,0.4396758449997833,0.7294713824795458,0.7340991850149757,47.574,3.4723443815516295,0.6493585211228826,0.48007025787280894,10,3
grid,dgp3,300,10,500,5,7,0.177067822588167,SSRF-rob,0.9864749830163683,0.6241435178934007,0.04983760783558546,0.942,6.3430854076507,3.5704807612695912,-1.2426082262957865,0.21430382563748285,1.1206646020000335,0.7294713824795458,0.7340991850149757,47.574,3.4723443815516295,0.6493585211228826,0.48007025787280894,10,3
grid,dgp3,300,10,500,5,7,0.177067822588167,RidgeRF,0.9970743946701366,0.6304093876660045,0.06152518135463929,0.936,6.424459478865205,3.4317543914423316,0.4335560153183587,0.6647044829272526,0.5674060680003095,0.7294713824795458,0.7340991850149757,47.574,3.4723443815516295,0.6493585211228826,0.48007025787280894,10,3
grid,dgp3,300,10,500,5,7,0.177067822588167,LassoRF,1.0029117970911776,0.6368386513016596,0.06037587468714797,0.93,6.5548872460943075,3.349561119791944,0.7842505999963707,0.4330789923821933,0.4593210740003997,0.7294713824795458,0.7340991850149757,47.574,3.4723443815516295,0.6493585211228826,0.48007025787280894,10,3
grid,dgp3,300,10,500,5,7,0.177067822588167,GBM,1.1365813889090877,0.6959935810447819,0.20476388209419855,0.926,7.002086672429629,3.8103514602358937,3.775440412361291,0.00016914337921613686,0.10120862499979921,0.7294713824795458,0.7340991850149757,47.574,3.4723443815516295,0.6493585211228826,0.48007025787280894,10,3
grid,dgp3,300,10,500,5,7,0.177067822588167,RF-tuned,0.9805022413744715,0.620108640948451,0.044324811059269976,0.934,6.378550172178066,3.4110530486631143,-2.7005988278253397,0.0070385427155859465,1.7657705060000808,0.7294713824795458,0.7340991850149757,47.574,3.4723443815516295,0.6493585211228826,0.48007025787280894,10,3
grid,dgp3,300,10,500,5,7,0.177067822588167,SSRF-tuned,0.9887411611262662,0.6247190427355771,0.05263381949186149,0.938,6.343763391414959,3.44647788162316,-1.4452902213295853,0.1486899860623591,2.5075850270000046,0.7294713824795458,0.7340991850149757,47.574,3.4723443815516295,0.6493585211228826,0.48007025787280894,10,3
grid,dgp3,300,10,10,5,8,0.22848024609494114,RF,0.7831063073813489,0.6440564406751133,0.10116109134063143,0.934,5.023394777349163,3.5272064778979764,0.2723497913882728,0.7854093543319228,0.014564480999979423,0.7271425647387425,0.7322039401839644,46.8,3.499437863033339,0.6377044102904115,0.47295611416354966,20,5
grid,dgp3,300,10,10,5,8,0.22848024609494114,SSRF,0.7782259243827818,0.6382643174795575,0.09085091855719267,0.94,5.085345418475691,3.574068859186786,-2.9012030037513385,0.003798888794983203,0.014564480999979423,0.7271425647387425,0.7322039401839644,46.8,3.499437863033339,0.6377044102904115,0.47295611416354966,20,5
grid,dgp3,300,10,10,5,8,0.22848024609494114,SSRF-JS,0.7814336360442401,0.6405494420651017,0.09413742351718901,0.938,5.080400629673965,3.5786204066069667,,,0.014564480999979423,0.7271425647387425,0.7322039401839644,46.8,3.499437863033339,0.6377044102904115,0.47295611416354966,20,5
grid,dgp3,300,10,10,5,8,0.22848024609494114,RF-H,0.7985811398218128,0.6420566060792317,0.11487851503590116,0.956,5.073979284849072,3.7506542049569243,1.1642599524853672,0.2445966442823814,0.008517861000200355,0.7271425647387425,0.7322039401839644,46.8,3.499437863033339,0.6377044102904115,0.47295611416354966,20,5
grid,dgp3,300,10,10,5,8,0.22848024609494114,SSRF-H,0.8503482271564685,0.6697210704089387,0.1518084819291524,0.95,5.255491150110021,3.7576381657101403,4.711740616014556,2.8036506929646166e-06,0.008517861000200355,0.7271425647387425,0.7322039401839644,46.8,3.499437863033339,0.6377044102904115,0.47295611416354966,20,5
grid,dgp3,300,10,10,5,8,0.22848024609494114,SSRF-JS-H,0.844567053565511,0.6671567729311192,0.14753269041837175,0.954,5.221562622878003,3.7886828767504404,4.328994683726567,1.648714281240122e-05,0.008517861000200355,0.7271425647387425,0.7322039401839644,46.8,3.499437863033339,0.6377044102904115,0.47295611416354966,20,5
grid,dgp3,300,10,10,5,8,0.22848024609494114,SSRF-rob,0.7803938130136685,0.6419653739633155,0.09670166989113638,0.94,5.028205924804404,3.569571861977585,-0.2507269773788083,0.802076758577777,0.021788234000268858,0.7271425647387425,0.7322039401839644,46.8,3.499437863033339,0.6377044102904115,0.47295611416354966,20,5
grid,dgp3,300,10,10,5,8,0.22848024609494114,RidgeRF,0.781757830713123,0.6353472034963139,0.1016728030743956,0.96,4.978179862328742,3.8695762354010768,0.021467224202484446,0.9828772355603629,0.014021188999777223,0.7271425647387425,0.7322039401839644,46.8,3.499437863033339,0.6377044102904115,0.47295611416354966,20,5
grid,dgp3,300,10,10,5,8,0.22848024609494114,LassoRF,0.7736694526729694,0.6289600110988137,0.0770905053441955,0.95,5.046086285502206,3.708472167320304,-0.4860646932505451,0.6270278965710511,0.03138437100005831,0.7271425647387425,0.7322039401839644,46.8,3.499437863033339,0.6377044102904115,0.47295611416354966,20,5
grid,dgp3,300,10,10,5,8,0.22848024609494114,GBM,0.8185449916721997,0.6493718661478718,0.1305633709735451,0.96,5.078460574459742,4.077178371212654,1.764799434562556,0.07790299858901703,0.07084898999983125,0.7271425647387425,0.7322039401839644,46.8,3.499437863033339,0.6377044102904115,0.47295611416354966,20,5
grid,dgp3,300,10,10,5,8,0.22848024609494114,RF-tuned,0.7386441649388399,0.6076919749798465,0.04807888357300234,0.952,5.051497579835132,3.5860678524837515,-3.6017287601759227,0.0003316682995012678,1.2584232869999141,0.7271425647387425,0.7322039401839644,46.8,3.499437863033339,0.6377044102904115,0.47295611416354966,20,5
grid,dgp3,300,10,10,5,8,0.22848024609494114,SSRF-tuned,0.7504062850830149,0.6141479470868213,0.05511292385290521,0.952,4.985265699853072,3.557379451913929,-2.537505837602291,0.01131562440079778,1.275206629999957,0.7271425647387425,0.7322039401839644,46.8,3.499437863033339,0.6377044102904115,0.47295611416354966,20,5
grid,dgp3,300,10,500,5,8,0.22848024609494114,RF,0.7339425088058883,0.6059237224544294,0.0454648223829542,0.948,5.421750098739436,3.610901723945098,-2.79271588174292,0.005326564380865474,0.7189906190001238,0.7480980605422722,0.7527996811194586,47.66,3.469326868680693,0.5553980225066807,0.4595750545923474,20,5
grid,dgp3,300,10,500,5,8,0.22848024609494114,SSRF,0.7489952376882937,0.614785492185147,0.05711366401861698,0.942,5.479072448286692,3.461479385299306,1.3168304511134112,0.18819745423851159,0.7189906190001238,0.7480980605422722,0.7527996811194586,47.66,3.469326868680693,0.5553980225066807,0.4595750545923474,20,5
grid,dgp3,300,10,500,5,8,0.22848024609494114,SSRF-JS,0.7485620476816529,0.6144479199646087,0.05657679563934444,0.942,5.478538259361774,3.454027878691449,,,0.7189906190001238,0.7480980605422722,0.7527996811194586,47.66,3.469326868680693,0.5553980225066807,0.4595750545923474,20,5
grid,dgp3,300,10,500,5,8,0.22848024609494114,RF-H,0.7459995715646807,0.6135053218917708,0.05915357033135045,0.936,5.5057045345847,3.4271878963800027,-0.5044499051045954,0.614056498094677,0.450365432000126,0.7480980605422722,0.7527996811194586,47.66,3.469326868680693,0.5553980225066807,0.4595750545923474,20,5
grid,dgp3,300,10,500,5,8,0.22848024609494114,SSRF-H,0.8401732791173382,0.6641662767851306,0.14114882529318867,0.932,5.7134217019381595,3.530533081116315,7.481442396103631,1.6083364674645696e-13,0.450365432000126,0.7480980605422722,0.7527996811194586,47.66,3.469326868680693,0.5553980225066807,0.4595750545923474,20,5
grid,dgp3,300,10,500,5,8,0.22848024609494114,SSRF-JS-H,0.8331624171109995,0.6606588448258158,0.13490792160405476,0.93,5.707666893172002,3.511037457789977,7.20180439272353,1.1680440108917612e-12,0.450365432000126,0.7480980605422722,0.7527996811194586,47.66,3.469326868680693,0.5553980225066807,0.4595750545923474,20,5
grid,dgp3,300,10,500,5,8,0.22848024609494114,SSRF-rob,0.737641984614278,0.6081851980615331,0.04783215604233502,0.948,5.433611066489284,3.606756416268838,-3.2220828034214106,0.0013137686803051584,1.1750670030000947,0.7480980605422722,0.7527996811194586,47.66,3.469326868680693,0.5553980225066807,0.4595750545923474,20,5
grid,dgp3,300,10,500,5,8,0.22848024609494114,RidgeRF,0.7577856432018611,0.6230695748460093,0.07179447998911526,0.93,5.508634787767169,3.305267894008135,1.025032333796904,0.3055960659294397,0.5348949119997997,0.7480980605422722,0.7527996811194586,47.66,3.469326868680693,0.5553980225066807,0.4595750545923474,20,5
grid,dgp3,300,10,500,5,8,0.22848024609494114,LassoRF,0.7594237027329419,0.621030021767954,0.06294057035211643,0.934,5.467653220078477,3.5061765320520064,0.8382891205057443,0.4020688671961421,0.4547734460002175,0.7480980605422722,0.7527996811194586,47.66,3.469326868680693,0.5553980225066807,0.4595750545923474,20,5
grid,dgp3,300,10,500,5,8,0.22848024609494114,GBM,0.8185449916721997,0.6493718661478718,0.1305633709735451,0.944,5.552471985823074,3.86233622472624,3.657935297358348,0.00026753360626575513,0.0717694479999409,0.7480980605422722,0.7527996811194586,47.66,3.469326868680693,0.5553980225066807,0.4595750545923474,20,5
grid,dgp3,300,10,500,5,8,0.22848024609494114,RF-tuned,0.7246790616464398,0.5994592593517286,0.0368074180313835,0.942,5.491064747217234,3.369794339490574,-3.8248556753553857,0.00013896100586114588,1.696383617000265,0.7480980605422722,0.7527996811194586,47.66,3.469326868680693,0.5553980225066807,0.4595750545923474,20,5
grid,dgp3,300,10,500,5,8,0.22848024609494114,SSRF-tuned,0.7289802145636447,0.6031485661009959,0.04006878173490294,0.942,5.484388603677998,3.408594966752832,-4.314408086467845,1.7592731643801517e-05,2.4102463760004866,0.7480980605422722,0.7527996811194586,47.66,3.469326868680693,0.5553980225066807,0.4595750545923474,20,5
grid,dgp3,300,10,10,5,9,0.20861929931519063,RF,1.179876119558264,0.6573887422983632,0.11664270589186441,0.96,5.682347039672901,3.861436900902576,3.268941047059325,0.0011163452118422579,0.014905309000369016,0.7380913495370517,0.7434380087749759,47.6,3.444282687069406,0.45716268146037564,0.36563397974808515,10,5
grid,dgp3,300,10,10,5,9,0.20861929931519063,SSRF,1.1568178849115234,0.6497370621683006,0.10636223376584487,0.962,5.5916819122951065,3.840032458535119,-1.622807363294195,0.10494609127725889,0.014905309000369016,0.7380913495370517,0.7434380087749759,47.6,3.444282687069406,0.45716268146037564,0.36563397974808515,10,5
grid,dgp3,300,10,10,5,9,0.20861929931519063,SSRF-JS,1.1586435849240944,0.6505348671171043,0.10768869444303701,0.962,5.601359547010747,3.820405171959875,,,0.014905309000369016,0.7380913495370517,0.7434380087749759,47.6,3.444282687069406,0.45716268146037564,0.36563397974808515,10,5
grid,dgp3,300,10,10,5,9,0.20861929931519063,RF-H,1.1047801106154158,0.6295586047629087,0.09359885192315212,0.964,5.449627805343745,4.026136448945226,-2.566459473313723,0.01041902274943116,0.008828549000099883,0.7380913495370517,0.7434380087749759,47.6,3.444282687069406,0.45716268146037564,0.36563397974808515,10,5
grid,dgp3,300,10,10,5,9,0.20861929931519063,SSRF-H,1.1517045170760516,0.6605462082424116,0.1346092861366359,0.966,5.4446020845427245,3.9800839520857263,-0.42671237756964514,0.6696807722196448,0.008828549000099883,0.7380913495370517,0.7434380087749759,47.6,3.444282687069406,0.45716268146037564,0.36563397974808515,10,5
grid,dgp3,300,10,10,5,9,0.20861929931519063,SSRF-JS-H,1.1477983229673852,0.65923093861614,0.13402194426926445,0.966,5.451714609345772,3.993731092621869,-0.6188465910727856,0.5361585085353718,0.008828549000099883,0.7380913495370517,0.7434380087749759,47.6,3.444282687069406,0.45716268146037564,0.36563397974808515,10,5
grid,dgp3,300,10,10,5,9,0.20861929931519063,SSRF-rob,1.169677771823549,0.6537768013107244,0.11189319180154542,0.96,5.640859719946646,3.8267021246525066,2.8880512583174838,0.003960014151132147,0.02320217499982391,0.7380913495370517,0.7434380087749759,47.6,3.444282687069406,0.45716268146037564,0.36563397974808515,10,5
grid,dgp3,300,10,10,5,9,0.20861929931519063,RidgeRF,1.1688877542877298,0.6501205110378638,0.09481935370224404,0.964,5.5205752910506565,4.027154907846011,0.47780657254621056,0.6328924101752916,0.014430669999910606,0.7380913495370517,0.7434380087749759,47.6,3.444282687069406,0.45716268146037564,0.36563397974808515,10,5
grid,dgp3,300,10,10,5,9,0.20861929931519063,LassoRF,1.1395957859558468,0.629831335039372,0.0738430144721681,0.962,5.537038212484853,3.9467718943450545,-0.8705559327030644,0.3842058035167028,0.03197161900015999,0.7380913495370517,0.7434380087749759,47.6,3.444282687069406,0.45716268146037564,0.36563397974808515,10,5
grid,dgp3,300,10,10,5,9,0.20861929931519063,GBM,1.2096140364393273,0.6604123324883743,0.1521942486699168,0.972,5.622938750468601,4.174464012220375,1.8737889557626215,0.06125125233529734,0.07756441099991207,0.7380913495370517,0.7434380087749759,47.6,3.444282687069406,0.45716268146037564,0.36563397974808515,10,5
grid,dgp3,300,10,10,5,9,0.20861929931519063,RF-tuned,1.1288137021624625,0.6247046417346395,0.0759968488152156,0.966,5.627602714737223,4.026394137401901,-1.7665762649895957,0.07760455299612325,1.2501569940000081,0.7380913495370517,0.7434380087749759,47.6,3.444282687069406,0.45716268146037564,0.36563397974808515,10,5
grid,dgp3,300,10,10,5,9,0.20861929931519063,SSRF-tuned,1.1172683791401024,0.6170267482530631,0.06923523592435551,0.964,5.478901346035615,4.0198688920442,-2.3818414874182228,0.017412705664790352,1.268068109000069,0.7380913495370517,0.7434380087749759,47.6,3.444282687069406,0.45716268146037564,0.36563397974808515,10,5
grid,dgp3,300,10,500,5,9,0.20861929931519063,RF,1.1176183419978707,0.6209545463639915,0.05452399479271222,0.962,6.78750908957065,3.921135943175138,-0.028323990511665002,0.9774094036444534,0.7057038230000217,0.7441328005640565,0.7487404914522752,47.754,3.4617410892222034,0.5088721986480073,0.41701819637315873,10,5
grid,dgp3,300,10,500,5,9,0.20861929931519063,SSRF,1.1172366422670106,0.6256632307899738,0.06638167399370486,0.964,6.738230961748163,3.9016361257277543,-1.2952149897394605,0.19554530336200235,0.7057038230000217,0.7441328005640565,0.7487404914522752,47.754,3.4617410892222034,0.5088721986480073,0.41701819637315873,10,5
grid,dgp3,300,10,500,5,9,0.20861929931519063,SSRF-JS,1.117773837744385,0.6257674755127941,0.06632368416859237,0.964,6.739407762986475,3.903149512642181,,,0.7057038230000217,0.7441328005640565,0.7487404914522752,47.754,3.4617410892222034,0.5088721986480073,0.41701819637315873,10,5
grid,dgp3,300,10,500,5,9,0.20861929931519063,RF-H,1.1150676539426216,0.6291608092494251,0.07382048591118505,0.958,6.698201374206701,3.728006933149023,-0.3371207270438897,0.7360967057446614,0.46568425100031163,0.7441328005640565,0.7487404914522752,47.754,3.4617410892222034,0.5088721986480073,0.41701819637315873,10,5
grid,dgp3,300,10,500,5,9,0.20861929931519063,SSRF-H,1.168979586280384,0.6686366602649761,0.14649792582009488,0.952,6.653426853674689,3.7235292317501196,3.7025468783129245,0.0002251230033540269,0.46568425100031163,0.7441328005640565,0.7487404914522752,47.754,3.4617410892222034,0.5088721986480073,0.41701819637315873,10,5
grid,dgp3,300,10,500,5,9,0.20861929931519063,SSRF-JS-H,1.166323175347322,0.6671178242970925,0.14316989259279672,0.952,6.651078731197195,3.7017412648214854,3.5808020404811787,0.00035903197852446507,0.46568425100031163,0.7441328005640565,0.7487404914522752,47.754,3.4617410892222034,0.5088721986480073,0.41701819637315873,10,5
grid,dgp3,300,10,500,5,9,0.20861929931519063,SSRF-rob,1.116320804493212,0.6217502209942111,0.05786862277440347,0.964,6.769219581254492,3.9236935384701055,-0.4344768711275784,0.6640360130701961,1.1626642599999286,0.7441328005640565,0.7487404914522752,47.754,3.4617410892222034,0.5088721986480073,0.41701819637315873,10,5
grid,dgp3,300,10,500,5,9,0.20861929931519063,RidgeRF,1.1268225630242603,0.6247731997919539,0.06089155020133397,0.962,6.834206446181716,4.022650128500418,0.8585286434086163,0.39080655933133446,0.5579969109999183,0.7441328005640565,0.7487404914522752,47.754,3.4617410892222034,0.5088721986480073,0.41701819637315873,10,5
grid,dgp3,300,10,500,5,9,0.20861929931519063,LassoRF,1.1168612648029517,0.6168735981234373,0.05446901921976695,0.958,6.847118784243413,3.897625011205525,-0.07813307474363188,0.9377378440920386,0.4676999819998855,0.7441328005640565,0.7487404914522752,47.754,3.4617410892222034,0.5088721986480073,0.41701819637315873,10,5
grid,dgp3,300,10,500,5,9,0.20861929931519063,GBM,1.2096140364393273,0.6604123324883743,0.1521942486699168,0.962,6.892487199134713,4.004977841820205,3.641085150620729,0.00028542165922381405,0.08181707499988988,0.7441328005640565,0.7487404914522752,47.754,3.4617410892222034,0.5088721986480073,0.41701819637315873,10,5
grid,dgp3,300,10,500,5,9,0.20861929931519063,RF-tuned,1.1022822273491462,0.6070809141137736,0.03667763841752174,0.96,6.80487146472789,3.7972622836986076,-1.9461912081061674,0.05191186498343156,1.8202143110001998,0.7441328005640565,0.7487404914522752,47.754,3.4617410892222034,0.5088721986480073,0.41701819637315873,10,5
grid,dgp3,300,10,500,5,9,0.20861929931519063,SSRF-tuned,1.104123230023719,0.6122024470157436,0.048732361526094316,0.964,6.7752620100772845,3.8897052313867873,-3.46350535389715,0.0005558048218364242,2.7201895470002455,0.7441328005640565,0.7487404914522752,47.754,3.4617410892222034,0.5088721986480073,0.41701819637315873,10,5
grid,dgp3,600,20,10,5,0,0.23102880959819116,RF,0.8579210412654077,0.6340946977463476,0.08609755807021768,0.938,5.429496746311062,3.606710049197339,3.110677552328467,0.0019195290422076956,0.03125376800016966,0.8421347552470173,0.8426886909217464,95.4,3.4792554280681527,0.3916799280409396,0.586641830387475,10,6
grid,dgp3,600,20,10,5,0,0.23102880959819116,SSRF,0.8437637817791527,0.6246662606977257,0.07543712972990782,0.94,5.382651338486595,3.6102015211667693,-2.442409305796717,0.014762033533529492,0.03125376800016966,0.8421347552470173,0.8426886909217464,95.4,3.4792554280681527,0.3916799280409396,0.586641830387475,10,6
grid,dgp3,600,20,10,5,0,0.23102880959819116,SSRF-JS,0.8456963946584392,0.6262124409891371,0.07687134316774177,0.94,5.389765608012503,3.5965874024120477,,,0.03125376800016966,0.8421347552470173,0.8426886909217464,95.4,3.4792554280681527,0.3916799280409396,0.586641830387475,10,6
grid,dgp3,600,20,10,5,0,0.23102880959819116,RF-H,0.8573012561849209,0.6294795853214683,0.10089334770636077,0.95,5.404173508940021,3.700388042544454,0.6284475148931065,0.5298544680442161,0.015707997999925283,0.8421347552470173,0.8426886909217464,95.4,3.4792554280681527,0.3916799280409396,0.586641830387475,10,6
grid,dgp3,600,20,10,5,0,0.23102880959819116,SSRF-H,0.8997081820984966,0.6592098960396597,0.1452151056526773,0.958,5.377347770669054,3.9591492036025637,2.958977933399154,0.003159408500695943,0.015707997999925283,0.8421347552470173,0.8426886909217464,95.4,3.4792554280681527,0.3916799280409396,0.586641830387475,10,6
grid,dgp3,600,20,10,5,0,0.23102880959819116,SSRF-JS-H,0.8993685986791863,0.6591942616321188,0.14640791038192752,0.962,5.378124613429548,3.960147974846178,2.932057714217943,0.003444037805548262,0.015707997999925283,0.8421347552470173,0.8426886909217464,95.4,3.4792554280681527,0.3916799280409396,0.586641830387475,10,6
grid,dgp3,600,20,10,5,0,0.23102880959819116,SSRF-rob,0.8515618673402837,0.6299806108478655,0.08104391589973636,0.938,5.422801712921526,3.5563803056546233,2.600575583936751,0.009444211269116033,0.04501568900013808,0.8421347552470173,0.8426886909217464,95.4,3.4792554280681527,0.3916799280409396,0.586641830387475,10,6
grid,dgp3,600,20,10,5,0,0.23102880959819116,RidgeRF,0.8414136452269504,0.634094367363444,0.0993584580214357,0.948,5.20934491967186,3.564708879863358,-0.24152760619515104,0.8091957886613678,0.10371750900003462,0.8421347552470173,0.8426886909217464,95.4,3.4792554280681527,0.3916799280409396,0.586641830387475,10,6
grid,dgp3,600,20,10,5,0,0.23102880959819116,LassoRF,0.8532426033219636,0.6302150767916157,0.0852609454901808,0.956,5.478559993536747,3.710883075557767,0.3896064776387133,0.6969106024101537,0.03967646399996738,0.8421347552470173,0.8426886909217464,95.4,3.4792554280681527,0.3916799280409396,0.586641830387475,10,6
grid,dgp3,600,20,10,5,0,0.23102880959819116,GBM,0.82286228759677,0.6176000958648163,0.06323826741050845,0.958,5.373020788868824,3.804088342310968,-1.3278169475605146,0.1845418954993631,0.06829025400020328,0.8421347552470173,0.8426886909217464,95.4,3.4792554280681527,0.3916799280409396,0.586641830387475,10,6
grid,dgp3,600,20,10,5,0,0.23102880959819116,RF-tuned,0.8374603189202451,0.6202241040775984,0.07660190822403007,0.954,5.429508089378692,3.6502728222356557,-0.4345757760853497,0.6639642316530359,2.0096052540002347,0.8421347552470173,0.8426886909217464,95.4,3.4792554280681527,0.3916799280409396,0.586641830387475,10,6
grid,dgp3,600,20,10,5,0,0.23102880959819116,SSRF-tuned,0.8327445174991733,0.6171829779776334,0.07579782258189054,0.952,5.2924552672131995,3.764403643984965,-0.9342187118626932,0.35041683363661374,2.041515324000102,0.8421347552470173,0.8426886909217464,95.4,3.4792554280681527,0.3916799280409396,0.586641830387475,10,6
grid,dgp3,600,20,500,5,0,0.23102880959819116,RF,0.7971044488539953,0.6018034650908183,0.0366074397200252,0.954,5.503110405283237,3.642085248495496,-0.6926598319680131,0.48868403066569965,1.5555058069999177,0.84777162231267,0.8483324696163158,95.674,3.464828333264359,0.38377307995455284,0.6068554125086713,10,6
grid,dgp3,600,20,500,5,0,0.23102880959819116,SSRF,0.7990624027958868,0.6020408488665492,0.03992327755386735,0.954,5.5393467426266945,3.6867144718695646,-1.275362007431532,0.20247763464522495,1.5555058069999177,0.84777162231267,0.8483324696163158,95.674,3.464828333264359,0.38377307995455284,0.6068554125086713,10,6
grid,dgp3,600,20,500,5,0,0.23102880959819116,SSRF-JS,0.7993228842307404,0.6022914943753863,0.03998623057122387,0.954,5.53897940705009,3.68866788347268,,,1.5555058069999177,0.84777162231267,0.8483324696163158,95.674,3.464828333264359,0.38377307995455284,0.6068554125086713,10,6
grid,dgp3,600,20,500,5,0,0.23102880959819116,RF-H,0.8045958037872629,0.6034899852197684,0.05362620434918125,0.956,5.586938259636601,3.814885980252441,0.7585687627844343,0.4482894882952537,0.6731551759999093,0.84777162231267,0.8483324696163158,95.674,3.464828333264359,0.38377307995455284,0.6068554125086713,10,6
grid,dgp3,600,20,500,5,0,0.23102880959819116,SSRF-H,0.8895428512646947,0.6544571586597326,0.13649132731786892,0.956,5.791277730869897,3.921983547159402,5.998818537181589,2.7756917270644378e-09,0.6731551759999093,0.84777162231267,0.8483324696163158,95.674,3.464828333264359,0.38377307995455284,0.6068554125086713,10,6
grid,dgp3,600,20,500,5,0,0.23102880959819116,SSRF-JS-H,0.8874038400367292,0.653246797993903,0.13420465404806214,0.956,5.786069467903941,3.916797930988736,5.9253198894622825,4.285940865625038e-09,0.6731551759999093,0.84777162231267,0.8483324696163158,95.674,3.464828333264359,0.38377307995455284,0.6068554125086713,10,6
grid,dgp3,600,20,500,5,0,0.23102880959819116,SSRF-rob,0.7973734834919014,0.601706510927879,0.03738745721169473,0.954,5.519033712331206,3.656648078991062,-1.129532156510677,0.25894455252152676,2.0121631659999366,0.84777162231267,0.8483324696163158,95.674,3.464828333264359,0.38377307995455284,0.6068554125086713,10,6
grid,dgp3,600,20,500,5,0,0.23102880959819116,RidgeRF,0.8083483125264611,0.6157331373817628,0.055674366595318374,0.958,5.483556883871857,3.7317587364500966,1.132201786770369,0.2578212897035024,0.971548852000069,0.84777162231267,0.8483324696163158,95.674,3.464828333264359,0.38377307995455284,0.6068554125086713,10,6
grid,dgp3,600,20,500,5,0,0.23102880959819116,LassoRF,0.796162216449427,0.6031264166016005,0.04006628498626391,0.956,5.543885005851365,3.5761647673902224,-0.5611199561850617,0.5748416012844401,0.7188868190000903,0.84777162231267,0.8483324696163158,95.674,3.464828333264359,0.38377307995455284,0.6068554125086713,10,6
grid,dgp3,600,20,500,5,0,0.23102880959819116,GBM,0.82286228759677,0.6176000958648163,0.06323826741050845,0.95,5.5286165690382605,3.732347650667428,2.1462307662642246,0.03209489943133432,0.0666902919997483,0.84777162231267,0.8483324696163158,95.674,3.464828333264359,0.38377307995455284,0.6068554125086713,10,6
grid,dgp3,600,20,500,5,0,0.23102880959819116,RF-tuned,0.7896860851501406,0.595988150521222,0.033817807465266844,0.954,5.5135843629964185,3.694073206430282,-2.8461328093054297,0.004515905750255058,2.7882851320000555,0.84777162231267,0.8483324696163158,95.674,3.464828333264359,0.38377307995455284,0.6068554125086713,10,6
grid,dgp3,600,20,500,5,0,0.23102880959819116,SSRF-tuned,0.7923544306155185,0.5981971591502763,0.03906016680425698,0.954,5.5289726925140155,3.617538710873284,-2.938651810463077,0.003372234760433465,4.2620570290000614,0.84777162231267,0.8483324696163158,95.674,3.464828333264359,0.38377307995455284,0.6068554125086713,10,6
grid,dgp3,600,20,10,5,1,0.21990112851176655,RF,1.0117122649634953,0.6688200334596331,0.091702164535963,0.966,6.339803600668074,4.187887892402663,3.6398495090124303,0.0002867766350875878,0.031237568000051397,0.8131956613627207,0.8136433224832874,94.6,3.4916657185553137,0.4506992256419099,0.5480511785153289,10,6
grid,dgp3,600,20,10,5,1,0.21990112851176655,SSRF,0.9896303604778436,0.6564221285049141,0.07829444586396034,0.968,6.283388689602099,4.139052989991424,-1.3795442608740918,0.16803571836613435,0.031237568000051397,0.8131956613627207,0.8136433224832874,94.6,3.4916657185553137,0.4506992256419099,0.5480511785153289,10,6
grid,dgp3,600,20,10,5,1,0.21990112851176655,SSRF-JS,0.9912348772136184,0.6577694329059119,0.08028328835152862,0.968,6.282739861658607,4.134885509068568,,,0.031237568000051397,0.8131956613627207,0.8136433224832874,94.6,3.4916657185553137,0.4506992256419099,0.5480511785153289,10,6
grid,dgp3,600,20,10,5,1,0.21990112851176655,RF-H,0.979542107946635,0.6539100852300863,0.08507092416075579,0.97,6.314604271109285,4.417660005720587,-0.6186876510898538,0.5362631870377051,0.014069240000026184,0.8131956613627207,0.8136433224832874,94.6,3.4916657185553137,0.4506992256419099,0.5480511785153289,10,6
grid,dgp3,600,20,10,5,1,0.21990112851176655,SSRF-H,1.0248058614165312,0.6785861594083575,0.14996262669294186,0.966,6.211050575773965,4.215894941122468,1.5823791512568228,0.11387955743230668,0.014069240000026184,0.8131956613627207,0.8136433224832874,94.6,3.4916657185553137,0.4506992256419099,0.5480511785153289,10,6
grid,dgp3,600,20,10,5,1,0.21990112851176655,SSRF-JS-H,1.0249943383150097,0.6788103565981571,0.14959681813086814,0.966,6.218224515571774,4.216853633816456,1.602261233042037,0.10941397592974582,0.014069240000026184,0.8131956613627207,0.8136433224832874,94.6,3.4916657185553137,0.4506992256419099,0.5480511785153289,10,6
grid,dgp3,600,20,10,5,1,0.21990112851176655,SSRF-rob,1.0040868924488418,0.6646940280134063,0.08680006735313292,0.968,6.319027623408223,4.1701618430744585,3.299290165296129,0.001003538529883247,0.04112521900015054,0.8131956613627207,0.8136433224832874,94.6,3.4916657185553137,0.4506992256419099,0.5480511785153289,10,6
grid,dgp3,600,20,10,5,1,0.21990112851176655,RidgeRF,1.011659628206302,0.662040362051658,0.1039466210783871,0.966,6.2649418435791215,4.174768676147899,0.9482510830693751,0.34323096874611025,0.12424014899988833,0.8131956613627207,0.8136433224832874,94.6,3.4916657185553137,0.4506992256419099,0.5480511785153289,10,6
grid,dgp3,600,20,10,5,1,0.21990112851176655,LassoRF,1.0061327448836799,0.6686080382536633,0.09710372013088615,0.97,6.199632245382529,4.043506277843199,0.6751532724784602,0.4997346210040805,0.0638492729999598,0.8131956613627207,0.8136433224832874,94.6,3.4916657185553137,0.4506992256419099,0.5480511785153289,10,6
grid,dgp3,600,20,10,5,1,0.21990112851176655,GBM,1.04994722652194,0.6660034416979855,0.11990411939393165,0.966,6.586661255081395,4.112686837521209,2.0528548063403376,0.04034668943977906,0.2595283890000246,0.8131956613627207,0.8136433224832874,94.6,3.4916657185553137,0.4506992256419099,0.5480511785153289,10,6
grid,dgp3,600,20,10,5,1,0.21990112851176655,RF-tuned,0.9901451045428487,0.6478888169468716,0.06407990468657172,0.972,6.417605619386111,4.291966442146248,-0.06371960914757466,0.9492062377278073,2.0776040490000014,0.8131956613627207,0.8136433224832874,94.6,3.4916657185553137,0.4506992256419099,0.5480511785153289,10,6
grid,dgp3,600,20,10,5,1,0.21990112851176655,SSRF-tuned,0.9778365811897112,0.6480613061709096,0.06417877993308946,0.97,6.2713603322187925,4.177239920924481,-0.8986008044941833,0.3690818572417662,2.1092292010002893,0.8131956613627207,0.8136433224832874,94.6,3.4916657185553137,0.4506992256419099,0.5480511785153289,10,6
grid,dgp3,600,20,500,5,1,0.21990112851176655,RF,0.961824273663766,0.633072123609088,0.04409388879364938,0.968,5.6892100647196235,4.215116884994081,0.7709281002349733,0.4409318392262305,1.6286796770000365,0.8032186436346219,0.8032536204417555,95.832,3.451749193854273,0.47103849889345445,0.5462352811043026,10,6
grid,dgp3,600,20,500,5,1,0.21990112851176655,SSRF,0.9572188591242022,0.6335127427955883,0.04888837838703413,0.962,5.672304685985617,4.0432443360967,-2.7430746746220427,0.006195598434062474,1.6286796770000365,0.8032186436346219,0.8032536204417555,95.832,3.451749193854273,0.47103849889345445,0.5462352811043026,10,6
grid,dgp3,600,20,500,5,1,0.21990112851176655,SSRF-JS,0.958122581510148,0.6337627315874503,0.04923449325098631,0.962,5.67035498309445,4.042662126886234,,,1.6286796770000365,0.8032186436346219,0.8032536204417555,95.832,3.451749193854273,0.47103849889345445,0.5462352811043026,10,6
grid,dgp3,600,20,500,5,1,0.21990112851176655,RF-H,0.947034302977509,0.63256754295236,0.053892079005421714,0.96,5.711091454304693,4.028351127686477,-1.3365187424406,0.18168408903615577,0.7200550249999651,0.8032186436346219,0.8032536204417555,95.832,3.451749193854273,0.47103849889345445,0.5462352811043026,10,6
grid,dgp3,600,20,500,5,1,0.21990112851176655,SSRF-H,1.0149368144505557,0.6746545382393775,0.13688115254026442,0.956,5.783074163395483,3.975510765993668,3.5191967784267035,0.00045236307181772777,0.7200550249999651,0.8032186436346219,0.8032536204417555,95.832,3.451749193854273,0.47103849889345445,0.5462352811043026,10,6
grid,dgp3,600,20,500,5,1,0.21990112851176655,SSRF-JS-H,1.0131200307628534,0.6737708931820758,0.13499291847770167,0.956,5.778618657697774,3.969272636050364,3.468639003787457,0.0005454176830494783,0.7200550249999651,0.8032186436346219,0.8032536204417555,95.832,3.451749193854273,0.47103849889345445,0.5462352811043026,10,6
grid,dgp3,600,20,500,5,1,0.21990112851176655,SSRF-rob,0.9596522339036561,0.6326068433278226,0.04455966996766378,0.966,5.68741115622803,4.19637052117094,0.45318198770411394,0.6505161135840016,2.13133371899994,0.8032186436346219,0.8032536204417555,95.832,3.451749193854273,0.47103849889345445,0.5462352811043026,10,6
grid,dgp3,600,20,500,5,1,0.21990112851176655,RidgeRF,0.9799702202408455,0.6426222717986071,0.061529849459617425,0.964,5.7489375972324614,4.257813694880547,2.132907130261683,0.03317557781358926,1.0159068170000864,0.8032186436346219,0.8032536204417555,95.832,3.451749193854273,0.47103849889345445,0.5462352811043026,10,6
grid,dgp3,600,20,500,5,1,0.21990112851176655,LassoRF,0.9752082205040996,0.6500784186614478,0.06753965951045976,0.964,5.657104817096243,3.959892840614827,0.9408396105065485,0.34701449741702434,0.5252638339998157,0.8032186436346219,0.8032536204417555,95.832,3.451749193854273,0.47103849889345445,0.5462352811043026,10,6
grid,dgp3,600,20,500,5,1,0.21990112851176655,GBM,1.056287731203397,0.6687900263041209,0.12286438911913196,0.966,5.824597147367258,4.111266292718981,3.665877732138376,0.000259471947779416,0.3264018009999745,0.8032186436346219,0.8032536204417555,95.832,3.451749193854273,0.47103849889345445,0.5462352811043026,10,6
grid,dgp3,600,20,500,5,1,0.21990112851176655,RF-tuned,0.944775016475045,0.626278517386367,0.03483595596392275,0.958,5.691324058399166,3.9831628899178617,-2.5418498119813235,0.011176874315474483,2.8370428409998567,0.8032186436346219,0.8032536204417555,95.832,3.451749193854273,0.47103849889345445,0.5462352811043026,10,6
grid,dgp3,600,20,500,5,1,0.21990112851176655,SSRF-tuned,0.9512015895672564,0.6302237068409414,0.044529329477304036,0.96,5.718030214818817,4.0550104764797625,-1.9507050058010225,0.051371453358495356,4.3430484809996415,0.8032186436346219,0.8032536204417555,95.832,3.451749193854273,0.47103849889345445,0.5462352811043026,10,6
grid,dgp3,600,20,10,5,2,0.24499022560033468,RF,1.4826481860230063,0.6876174530070025,0.0991420070372391,0.95,8.456331110038883,3.8728578717115307,2.7915896204309973,0.005344991136082836,0.03384202700044625,0.8384395664925532,0.8388941830264584,95.3,3.4741690019906835,0.3661660549192138,0.5366303868015192,10,10
grid,dgp3,600,20,10,5,2,0.24499022560033468,SSRF,1.4672510949659887,0.6750938296639065,0.0830837677012881,0.948,8.438183539404662,3.8897029267535,-2.098594871888062,0.03610320928393202,0.03384202700044625,0.8384395664925532,0.8388941830264584,95.3,3.4741690019906835,0.3661660549192138,0.5366303868015192,10,10
grid,dgp3,600,20,10,5,2,0.24499022560033468,SSRF-JS,1.4688615777310983,0.6757974105493006,0.08440941409947751,0.948,8.445589245070824,3.8938790577587734,,,0.03384202700044625,0.8384395664925532,0.8388941830264584,95.3,3.4741690019906835,0.3661660549192138,0.5366303868015192,10,10
grid,dgp3,600,20,10,5,2,0.24499022560033468,RF-H,1.4856072797688344,0.6733480400572855,0.08430292115694908,0.952,8.465211068218126,4.001566133887814,0.7686795801271408,0.44226522705602733,0.014392820000011852,0.8384395664925532,0.8388941830264584,95.3,3.4741690019906835,0.3661660549192138,0.5366303868015192,10,10
grid,dgp3,600,20,10,5,2,0.24499022560033468,SSRF-H,1.5141999037742666,0.6987070883715389,0.12595729730819305,0.95,8.419762354504156,4.039777953959843,2.0866606219609896,0.03717190964797286,0.014392820000011852,0.8384395664925532,0.8388941830264584,95.3,3.4741690019906835,0.3661660549192138,0.5366303868015192,10,10
grid,dgp3,600,20,10,5,2,0.24499022560033468,SSRF-JS-H,1.5128658158470645,0.6964086767156293,0.12349402940010026,0.948,8.41902612695678,3.987143041333887,2.0627569704349464,0.039393744212422865,0.014392820000011852,0.8384395664925532,0.8388941830264584,95.3,3.4741690019906835,0.3661660549192138,0.5366303868015192,10,10
grid,dgp3,600,20,10,5,2,0.24499022560033468,SSRF-rob,1.4755490942966447,0.6819516551249176,0.09150460660923586,0.948,8.45076602347215,3.8766307329889163,2.3959166191732626,0.016761997624974132,0.042363581999779854,0.8384395664925532,0.8388941830264584,95.3,3.4741690019906835,0.3661660549192138,0.5366303868015192,10,10
grid,dgp3,600,20,10,5,2,0.24499022560033468,RidgeRF,1.5119455885914395,0.6786671741578687,0.10085599218313943,0.938,8.647638294476394,3.6154499454435842,1.6383199307822924,0.10166986074420523,0.14687305299958098,0.8384395664925532,0.8388941830264584,95.3,3.4741690019906835,0.3661660549192138,0.5366303868015192,10,10
grid,dgp3,600,20,10,5,2,0.24499022560033468,LassoRF,1.4713030919873509,0.675330301816241,0.05944813171772037,0.948,8.457767146078437,3.810400257720336,0.08991010083890763,0.9283766766310508,0.057437945999936346,0.8384395664925532,0.8388941830264584,95.3,3.4741690019906835,0.3661660549192138,0.5366303868015192,10,10
grid,dgp3,600,20,10,5,2,0.24499022560033468,GBM,1.4413076268760046,0.6680856983078471,0.07197759752807167,0.936,8.534609856909778,3.584108223628386,-1.1095808179574063,0.2674467222382174,0.12856700199972693,0.8384395664925532,0.8388941830264584,95.3,3.4741690019906835,0.3661660549192138,0.5366303868015192,10,10
grid,dgp3,600,20,10,5,2,0.24499022560033468,RF-tuned,1.4418173444636566,0.6519457127143664,0.05680817778457702,0.952,8.521344966029302,3.9100518775869637,-1.1256717185751293,0.26057485308105766,1.9633430359999693,0.8384395664925532,0.8388941830264584,95.3,3.4741690019906835,0.3661660549192138,0.5366303868015192,10,10
grid,dgp3,600,20,10,5,2,0.24499022560033468,SSRF-tuned,1.4573320425149743,0.6634854399152211,0.06560830235217256,0.954,8.473967220552368,3.8549408975927593,-0.595473545888205,0.5516618462285766,2.003599346000101,0.8384395664925532,0.8388941830264584,95.3,3.4741690019906835,0.3661660549192138,0.5366303868015192,10,10
grid,dgp3,600,20,500,5,2,0.24499022560033468,RF,1.4246833343288927,0.6447807156648453,0.03699268791561186,0.938,7.4537472493916965,3.601049480628795,-0.8992841864845231,0.36871801418363853,1.602050584999688,0.8462720195887775,0.8468002260537878,95.622,3.4560592293329564,0.33565848579529006,0.5259863542129304,10,10
grid,dgp3,600,20,500,5,2,0.24499022560033468,SSRF,1.4286973258067335,0.6458872563479038,0.04032825767304807,0.93,7.499042780551474,3.5229226666054947,0.5144924357392927,0.6070215455086965,1.602050584999688,0.8462720195887775,0.8468002260537878,95.622,3.4560592293329564,0.33565848579529006,0.5259863542129304,10,10
grid,dgp3,600,20,500,5,2,0.24499022560033468,SSRF-JS,1.4286063185473226,0.6458771193867509,0.040367457435719456,0.93,7.495123053211314,3.531318519897155,,,1.602050584999688,0.8462720195887775,0.8468002260537878,95.622,3.4560592293329564,0.33565848579529006,0.5259863542129304,10,10
grid,dgp3,600,20,500,5,2,0.24499022560033468,RF-H,1.440060140719066,0.6537478692762354,0.051787725805956523,0.934,7.481634128031829,3.5577544471304625,1.4588398208441606,0.1449235310085374,0.6929480690000673,0.8462720195887775,0.8468002260537878,95.622,3.4560592293329564,0.33565848579529006,0.5259863542129304,10,10
grid,dgp3,600,20,500,5,2,0.24499022560033468,SSRF-H,1.5252869530889157,0.7031138027219777,0.134278033086994,0.936,7.515250402162312,3.806174843073999,4.97190807415318,7.799340785731348e-07,0.6929480690000673,0.8462720195887775,0.8468002260537878,95.622,3.4560592293329564,0.33565848579529006,0.5259863542129304,10,10
grid,dgp3,600,20,500,5,2,0.24499022560033468,SSRF-JS-H,1.5229117157818897,0.7018822023333369,0.13190701669326876,0.936,7.51604890310689,3.793774000011517,4.918685621300631,1.0182970495887148e-06,0.6929480690000673,0.8462720195887775,0.8468002260537878,95.622,3.4560592293329564,0.33565848579529006,0.5259863542129304,10,10
grid,dgp3,600,20,500,5,2,0.24499022560033468,SSRF-rob,1.4255561185524475,0.6446174193042248,0.03763947106470958,0.932,7.470966902229358,3.5597357066112574,-1.2320789135037828,0.21820951644078843,2.0502958980000585,0.8462720195887775,0.8468002260537878,95.622,3.4560592293329564,0.33565848579529006,0.5259863542129304,10,10
grid,dgp3,600,20,500,5,2,0.24499022560033468,RidgeRF,1.4458581096653516,0.6573782453632326,0.06073491337770527,0.934,7.474014837100885,3.4716297628943757,1.7021859372339445,0.08903162867512793,1.1695210369998676,0.8462720195887775,0.8468002260537878,95.622,3.4560592293329564,0.33565848579529006,0.5259863542129304,10,10
grid,dgp3,600,20,500,5,2,0.24499022560033468,LassoRF,1.4331485424532753,0.6495526721540867,0.03921941134875457,0.936,7.470490027240301,3.5423829924959995,0.5890420165149601,0.555966256979287,0.6566121199998634,0.8462720195887775,0.8468002260537878,95.622,3.4560592293329564,0.33565848579529006,0.5259863542129304,10,10
grid,dgp3,600,20,500,5,2,0.24499022560033468,GBM,1.4413076268760046,0.6680856983078471,0.07197759752807167,0.938,7.451580487978285,3.6310230230719447,0.6771436675551188,0.49847157457316554,0.1288199790001272,0.8462720195887775,0.8468002260537878,95.622,3.4560592293329564,0.33565848579529006,0.5259863542129304,10,10
grid,dgp3,600,20,500,5,2,0.24499022560033468,RF-tuned,1.4200166297904597,0.6410256854701227,0.03187240491671064,0.936,7.463253841931752,3.498318051938597,-1.136325664114197,0.25609280404449314,3.0977228920000925,0.8462720195887775,0.8468002260537878,95.622,3.4560592293329564,0.33565848579529006,0.5259863542129304,10,10
grid,dgp3,600,20,500,5,2,0.24499022560033468,SSRF-tuned,1.4242473034808463,0.6435459004329305,0.03502842934596281,0.93,7.493912644173892,3.4916461792067324,-0.813292965930032,0.41624389566688125,5.075953163000122,0.8462720195887775,0.8468002260537878,95.622,3.4560592293329564,0.33565848579529006,0.5259863542129304,10,10
grid,dgp3,600,20,10,5,3,0.1878968119896811,RF,1.1586582956757383,0.649136228697373,0.11109721765297124,0.948,6.6755500903060145,3.3226415546357595,2.379220184925311,0.01753631187682843,0.03471823000018048,0.8197022254647847,0.8201619728716556,95.5,3.477722123701724,0.4693530349562757,0.6005960919277885,20,10
grid,dgp3,600,20,10,5,3,0.1878968119896811,SSRF,1.1403131509919497,0.6361902019123543,0.09148948137485352,0.94,6.656836627666054,3.2303926922561805,-3.4760686613166687,0.000530705295999442,0.03471823000018048,0.8197022254647847,0.8201619728716556,95.5,3.477722123701724,0.4693530349562757,0.6005960919277885,20,10
grid,dgp3,600,20,10,5,3,0.1878968119896811,SSRF-JS,1.1448156584456581,0.6384141678813386,0.09421289269909104,0.94,6.6612912176104295,3.2450747059981517,,,0.03471823000018048,0.8197022254647847,0.8201619728716556,95.5,3.477722123701724,0.4693530349562757,0.6005960919277885,20,10
grid,dgp3,600,20,10,5,3,0.1878968119896811,RF-H,1.157856600005117,0.6362627313803373,0.0978453798706588,0.96,6.696732891407536,3.742604273176034,0.6367334851673679,0.5244443284963761,0.014970666999943205,0.8197022254647847,0.8201619728716556,95.5,3.477722123701724,0.4693530349562757,0.6005960919277885,20,10
grid,dgp3,600,20,10,5,3,0.1878968119896811,SSRF-H,1.2086581779903736,0.6723541383348165,0.1463977223897807,0.952,6.69304460626442,3.6296690444578354,2.7830269889316535,0.005486980394510176,0.014970666999943205,0.8197022254647847,0.8201619728716556,95.5,3.477722123701724,0.4693530349562757,0.6005960919277885,20,10
grid,dgp3,600,20,10,5,3,0.1878968119896811,SSRF-JS-H,1.2111133643868761,0.6712614277024125,0.1457790248144638,0.952,6.692453100287478,3.601726873591837,2.7768468696604995,0.00559157093894668,0.014970666999943205,0.8197022254647847,0.8201619728716556,95.5,3.477722123701724,0.4693530349562757,0.6005960919277885,20,10
grid,dgp3,600,20,10,5,3,0.1878968119896811,SSRF-rob,1.1519280578894655,0.6443269788249406,0.10326192493536206,0.944,6.670855974483697,3.278709982137307,1.9634451325256335,0.04987153431487169,0.04406859400023677,0.8197022254647847,0.8201619728716556,95.5,3.477722123701724,0.4693530349562757,0.6005960919277885,20,10
grid,dgp3,600,20,10,5,3,0.1878968119896811,RidgeRF,1.139297585684676,0.6390074963040561,0.10903785438746465,0.948,6.547964263077852,3.3314887055433733,-0.2512189603718728,0.8016964898087413,0.1394679590002852,0.8197022254647847,0.8201619728716556,95.5,3.477722123701724,0.4693530349562757,0.6005960919277885,20,10
grid,dgp3,600,20,10,5,3,0.1878968119896811,LassoRF,1.1237887605281198,0.6226680783247754,0.06733491096840942,0.956,6.600826470810817,3.544117063220734,-1.1939416616581824,0.2327842145044023,0.0367704559998856,0.8197022254647847,0.8201619728716556,95.5,3.477722123701724,0.4693530349562757,0.6005960919277885,20,10
grid,dgp3,600,20,10,5,3,0.1878968119896811,GBM,1.1735253084255184,0.6341908657698946,0.09470170744048469,0.944,6.910250081730628,3.657804849572143,1.1029938537944515,0.27029546539954263,0.13057383700015635,0.8197022254647847,0.8201619728716556,95.5,3.477722123701724,0.4693530349562757,0.6005960919277885,20,10
grid,dgp3,600,20,10,5,3,0.1878968119896811,RF-tuned,1.0722168339422486,0.5984633874488966,0.040065510399602704,0.952,6.480489767051904,3.506609025429405,-4.039649762728966,5.763459942570108e-05,2.0589135420000275,0.8197022254647847,0.8201619728716556,95.5,3.477722123701724,0.4693530349562757,0.6005960919277885,20,10
grid,dgp3,600,20,10,5,3,0.1878968119896811,SSRF-tuned,1.1028075101222823,0.6106897651058045,0.05623695770323446,0.952,6.568600351513749,3.4685211107095975,-2.9980222172757363,0.002784631735496521,2.095058163000431,0.8197022254647847,0.8201619728716556,95.5,3.477722123701724,0.4693530349562757,0.6005960919277885,20,10
grid,dgp3,600,20,500,5,3,0.1878968119896811,RF,1.0925259822015487,0.6026429715503373,0.04035841089120475,0.944,6.529290733176345,3.3771562615875794,-1.4563044393669815,0.14562268118285907,1.7225917180003307,0.8042781640111273,0.8042969642746899,95.854,3.461753870031369,0.5089900306203169,0.5892791770496367,20,10
grid,dgp3,600,20,500,5,3,0.1878968119896811,SSRF,1.0997536193141881,0.6065443042305616,0.045414293456755316,0.95,6.532460620587898,3.4963009938037777,-1.5119141908042606,0.13087194800934504,1.7225917180003307,0.8042781640111273,0.8042969642746899,95.854,3.461753870031369,0.5089900306203169,0.5892791770496367,20,10
grid,dgp3,600,20,500,5,3,0.1878968119896811,SSRF-JS,1.1002510646901118,0.6066031932157915,0.0453978655975438,0.95,6.536443035813764,3.495731894540173,,,1.7225917180003307,0.8042781640111273,0.8042969642746899,95.854,3.461753870031369,0.5089900306203169,0.5892791770496367,20,10
grid,dgp3,600,20,500,5,3,0.1878968119896811,RF-H,1.1003505111032863,0.6086030514039974,0.05057545477979123,0.954,6.483533893998936,3.5198094788244725,0.015864837406748915,0.9873453899014362,0.7151508520000789,0.8042781640111273,0.8042969642746899,95.854,3.461753870031369,0.5089900306203169,0.5892791770496367,20,10
grid,dgp3,600,20,500,5,3,0.1878968119896811,SSRF-H,1.2032967922620315,0.6699612621896475,0.14210057642101825,0.954,6.612456327795637,3.6190484521071,5.969688254661565,3.2991003604666257e-09,0.7151508520000789,0.8042781640111273,0.8042969642746899,95.854,3.461753870031369,0.5089900306203169,0.5892791770496367,20,10
grid,dgp3,600,20,500,5,3,0.1878968119896811,SSRF-JS-H,1.2014741976608638,0.6688421958817579,0.14027547463916204,0.954,6.610267549344952,3.6158248489864753,5.926039432010415,4.267848692884655e-09,0.7151508520000789,0.8042781640111273,0.8042969642746899,95.854,3.461753870031369,0.5089900306203169,0.5892791770496367,20,10
grid,dgp3,600,20,500,5,3,0.1878968119896811,SSRF-rob,1.0937179879720937,0.6031253238672837,0.040687782582301,0.948,6.526905929692322,3.4229399359535004,-1.8103898574634925,0.07053569691813677,2.0929542499998206,0.8042781640111273,0.8042969642746899,95.854,3.461753870031369,0.5089900306203169,0.5892791770496367,20,10
grid,dgp3,600,20,500,5,3,0.1878968119896811,RidgeRF,1.0973118948402152,0.6077440833750254,0.054536458713416475,0.948,6.494336507201291,3.3407583376230914,-0.3016890469211218,0.7629519076921868,1.0321948990003875,0.8042781640111273,0.8042969642746899,95.854,3.461753870031369,0.5089900306203169,0.5892791770496367,20,10
grid,dgp3,600,20,500,5,3,0.1878968119896811,LassoRF,1.1120774526630626,0.6088323797911929,0.04554513745007959,0.95,6.5519925594642805,3.526450507048516,1.2945697547350907,0.19576783385898988,0.5425427109998964,0.8042781640111273,0.8042969642746899,95.854,3.461753870031369,0.5089900306203169,0.5892791770496367,20,10
grid,dgp3,600,20,500,5,3,0.1878968119896811,GBM,1.1735253084255184,0.6341908657698946,0.09470170744048469,0.96,6.808790447139905,3.8425000559475446,3.1667346340309224,0.0015883338129568032,0.1319265990000531,0.8042781640111273,0.8042969642746899,95.854,3.461753870031369,0.5089900306203169,0.5892791770496367,20,10
grid,dgp3,600,20,500,5,3,0.1878968119896811,RF-tuned,1.0850391274494213,0.5986895088854943,0.031540848399389323,0.952,6.446716573922066,3.4858241512090724,-2.2133782363741124,0.02709690996913101,2.9498154789998807,0.8042781640111273,0.8042969642746899,95.854,3.461753870031369,0.5089900306203169,0.5892791770496367,20,10
grid,dgp3,600,20,500,5,3,0.1878968119896811,SSRF-tuned,1.0844197421665183,0.5972680200135004,0.033398111790011474,0.95,6.440682787572913,3.448930037924531,-2.975596073029167,0.002994597276029674,4.632690977000038,0.8042781640111273,0.8042969642746899,95.854,3.461753870031369,0.5089900306203169,0.5892791770496367,20,10
grid,dgp3,600,20,10,5,4,0.18637285811079407,RF,1.5245490943127173,0.693475461450096,0.12260447056494558,0.916,9.044982469428678,3.261554130333521,1.1386019861273595,0.2551421652596604,0.03374959500024488,0.7840357018850534,0.7840898047615561,94.5,3.5162746030323064,0.5389372156355965,0.552631152725131,80,10
grid,dgp3,600,20,10,5,4,0.18637285811079407,SSRF,1.516552157243836,0.6900018750018481,0.11344258502527156,0.912,9.015312382324877,3.2469763716611193,-0.10622819702003895,0.9154226261710773,0.03374959500024488,0.7840357018850534,0.7840898047615561,94.5,3.5162746030323064,0.5389372156355965,0.552631152725131,80,10
grid,dgp3,600,20,10,5,4,0.18637285811079407,SSRF-JS,1.516680904673261,0.6904372562947797,0.11379313540574447,0.912,9.015300861568146,3.2549631122537765,,,0.03374959500024488,0.7840357018850534,0.7840898047615561,94.5,3.5162746030323064,0.5389372156355965,0.552631152725131,80,10
grid,dgp3,600,20,10,5,4,0.18637285811079407,RF-H,1.5532633035911059,0.7037552271367903,0.12049836415312862,0.922,8.766379787529786,3.4238890329912954,1.3532537959726123,0.1762806959896306,0.014123604999895178,0.7840357018850534,0.7840898047615561,94.5,3.5162746030323064,0.5389372156355965,0.552631152725131,80,10
grid,dgp3,600,20,10,5,4,0.18637285811079407,SSRF-H,1.5597682746945565,0.7173774245414403,0.15571427277630104,0.916,8.88475974278445,3.4546131460141893,1.7059778328938957,0.0883230307699247,0.014123604999895178,0.7840357018850534,0.7840898047615561,94.5,3.5162746030323064,0.5389372156355965,0.552631152725131,80,10
grid,dgp3,600,20,10,5,4,0.18637285811079407,SSRF-JS-H,1.565929657137895,0.7211756126838795,0.16152154364144375,0.916,8.890176948777622,3.436453360652647,1.9020095818805116,0.057457311539433016,0.014123604999895178,0.7840357018850534,0.7840898047615561,94.5,3.5162746030323064,0.5389372156355965,0.552631152725131,80,10
grid,dgp3,600,20,10,5,4,0.18637285811079407,SSRF-rob,1.5207675242818046,0.691960110472034,0.11860708095392818,0.916,9.045260016238968,3.2398035480170444,0.8384768408283205,0.4019635222147491,0.04381585400005861,0.7840357018850534,0.7840898047615561,94.5,3.5162746030323064,0.5389372156355965,0.552631152725131,80,10
grid,dgp3,600,20,10,5,4,0.18637285811079407,RidgeRF,1.5457783033594013,0.6960273977257238,0.10865282287917541,0.908,8.768197908301126,3.322808047701755,0.9922298826840646,0.3213256623065214,0.12711845000012545,0.7840357018850534,0.7840898047615561,94.5,3.5162746030323064,0.5389372156355965,0.552631152725131,80,10
grid,dgp3,600,20,10,5,4,0.18637285811079407,LassoRF,1.5154926466493925,0.6863192131345955,0.11808282931406208,0.914,8.877076932821765,3.2218272999376296,-0.05039922290970503,0.9598143303750251,0.034650302000045485,0.7840357018850534,0.7840898047615561,94.5,3.5162746030323064,0.5389372156355965,0.552631152725131,80,10
grid,dgp3,600,20,10,5,4,0.18637285811079407,GBM,1.527509607969813,0.6691208479784806,0.07718018799642513,0.916,8.952912562548743,3.236804991696618,0.39107128111837675,0.695827936161922,0.0707263299996157,0.7840357018850534,0.7840898047615561,94.5,3.5162746030323064,0.5389372156355965,0.552631152725131,80,10
grid,dgp3,600,20,10,5,4,0.18637285811079407,RF-tuned,1.5018712842564994,0.6754339847246307,0.08164568740943443,0.914,8.853073515605596,3.2946799848327664,-0.6218695867784976,0.5341695147897884,2.0605096059998687,0.7840357018850534,0.7840898047615561,94.5,3.5162746030323064,0.5389372156355965,0.552631152725131,80,10
grid,dgp3,600,20,10,5,4,0.18637285811079407,SSRF-tuned,1.4781280796367886,0.6585173255141601,0.06620971866731802,0.924,8.736882965514491,3.258500709428062,-1.7461095737501362,0.08109928986473104,2.0845502140000463,0.7840357018850534,0.7840898047615561,94.5,3.5162746030323064,0.5389372156355965,0.552631152725131,80,10
grid,dgp3,600,20,500,5,4,0.18637285811079407,RF,1.4923148882661494,0.6594848389612938,0.05327746403028353,0.932,7.000945811444383,3.425259502130345,-0.9494510700954384,0.3426208719967514,1.6357198310001877,0.7944201889224339,0.794384729837065,95.806,3.4576765323668206,0.49237231562167116,0.5387068217136155,80,10
grid,dgp3,600,20,500,5,4,0.18637285811079407,SSRF,1.4980321428563221,0.667038914115353,0.06734527294788631,0.938,6.981862400778971,3.5752477970671794,0.49803229492108975,0.6185708952508531,1.6357198310001877,0.7944201889224339,0.794384729837065,95.806,3.4576765323668206,0.49237231562167116,0.5387068217136155,80,10
grid,dgp3,600,20,500,5,4,0.18637285811079407,SSRF-JS,1.4978739266163874,0.6668316480683917,0.06699913370478372,0.94,6.980304524935295,3.579171920386471,,,1.6357198310001877,0.7944201889224339,0.794384729837065,95.806,3.4576765323668206,0.49237231562167116,0.5387068217136155,80,10
grid,dgp3,600,20,500,5,4,0.18637285811079407,RF-H,1.5101731944389685,0.681581492822976,0.09280607828286958,0.94,6.996781136826112,3.6268313455322505,1.0709919263903147,0.2844317330180825,0.7314983030000803,0.7944201889224339,0.794384729837065,95.806,3.4576765323668206,0.49237231562167116,0.5387068217136155,80,10
grid,dgp3,600,20,500,5,4,0.18637285811079407,SSRF-H,1.5708369463964504,0.7233420010651274,0.16833605939122076,0.932,7.10239110638437,3.6479385668574476,3.5064793703639063,0.000474261229052005,0.7314983030000803,0.7944201889224339,0.794384729837065,95.806,3.4576765323668206,0.49237231562167116,0.5387068217136155,80,10
grid,dgp3,600,20,500,5,4,0.18637285811079407,SSRF-JS-H,1.5705336601563629,0.7231215490105003,0.16768203744659474,0.938,7.0975372867523605,3.661478932880321,3.5171193284509923,0.0004558744435347089,0.7314983030000803,0.7944201889224339,0.794384729837065,95.806,3.4576765323668206,0.49237231562167116,0.5387068217136155,80,10
grid,dgp3,600,20,500,5,4,0.18637285811079407,SSRF-rob,1.4933359170396947,0.6612731238684488,0.057000078681576805,0.934,6.991134439433622,3.4769869361707957,-1.1479469066054928,0.2512652972021396,2.06881118299998,0.7944201889224339,0.794384729837065,95.806,3.4576765323668206,0.49237231562167116,0.5387068217136155,80,10
grid,dgp3,600,20,500,5,4,0.18637285811079407,RidgeRF,1.502358557412623,0.6646957484617758,0.06440074566804421,0.944,6.973497854788041,3.5247096222084484,0.3754004390729313,0.7074423684546695,1.0194612760001291,0.7944201889224339,0.794384729837065,95.806,3.4576765323668206,0.49237231562167116,0.5387068217136155,80,10
grid,dgp3,600,20,500,5,4,0.18637285811079407,LassoRF,1.4810679225692784,0.6631152736404614,0.06985342524576614,0.94,6.882892712288867,3.463291680068082,-1.1027135843598563,0.270417137310578,0.5510636839999279,0.7944201889224339,0.794384729837065,95.806,3.4576765323668206,0.49237231562167116,0.5387068217136155,80,10
grid,dgp3,600,20,500,5,4,0.18637285811079407,GBM,1.527509607969813,0.6691208479784806,0.07718018799642513,0.934,7.120775184390641,3.481715430811675,2.0757553523686685,0.03817193553557058,0.07344682899974941,0.7944201889224339,0.794384729837065,95.806,3.4576765323668206,0.49237231562167116,0.5387068217136155,80,10
grid,dgp3,600,20,500,5,4,0.18637285811079407,RF-tuned,1.4900993811908299,0.6641065101321881,0.06544522179096461,0.936,7.011097698475596,3.4845450809291316,-0.6747659896166361,0.49998057694996223,2.7485563119998915,0.7944201889224339,0.794384729837065,95.806,3.4576765323668206,0.49237231562167116,0.5387068217136155,80,10
grid,dgp3,600,20,500,5,4,0.18637285811079407,SSRF-tuned,1.49037115048748,0.662695661522671,0.06284937238502719,0.936,7.010680134273417,3.4749671094179013,-0.7054453178619401,0.48069760345865453,3.873584297999969,0.7944201889224339,0.794384729837065,95.806,3.4576765323668206,0.49237231562167116,0.5387068217136155,80,10
grid,dgp3,600,20,10,5,5,0.25340775403015864,RF,1.0853981540979036,0.6741809234519404,0.09991426282326939,0.944,6.691320353282346,3.7758509042590314,2.8645190162169287,0.004263900238512187,0.03331862799996088,0.8335204085811491,0.8337819461836112,96.7,3.3904553773254293,0.36450795123793134,0.5291748710427685,20,10
grid,dgp3,600,20,10,5,5,0.25340775403015864,SSRF,1.0682293607667226,0.6656848319824193,0.08946881134127449,0.952,6.656907302937227,3.7872358516615705,-1.954652817902681,0.05090267790967411,0.03331862799996088,0.8335204085811491,0.8337819461836112,96.7,3.3904553773254293,0.36450795123793134,0.5291748710427685,20,10
grid,dgp3,600,20,10,5,5,0.25340775403015864,SSRF-JS,1.0700686491316236,0.6665743382110729,0.09100632509552807,0.952,6.6636208156591366,3.7874170712376833,,,0.03331862799996088,0.8335204085811491,0.8337819461836112,96.7,3.3904553773254293,0.36450795123793134,0.5291748710427685,20,10
grid,dgp3,600,20,10,5,5,0.25340775403015864,RF-H,1.0270800658923054,0.6552889312952934,0.08927093273752891,0.96,6.70422068551321,4.013466037978047,-1.8772625100168574,0.060773340317240826,0.015633394000360568,0.8335204085811491,0.8337819461836112,96.7,3.3904553773254293,0.36450795123793134,0.5291748710427685,20,10
grid,dgp3,600,20,10,5,5,0.25340775403015864,SSRF-H,1.0994553906258233,0.6936455643044931,0.15047189918261053,0.952,6.6947799636638505,4.013938206816101,1.2786619610937568,0.2013130825299975,0.015633394000360568,0.8335204085811491,0.8337819461836112,96.7,3.3904553773254293,0.36450795123793134,0.5291748710427685,20,10
grid,dgp3,600,20,10,5,5,0.25340775403015864,SSRF-JS-H,1.0964343964593524,0.6916132393507841,0.1460698046924084,0.948,6.701017670016169,3.96266699583034,1.1813150399620236,0.23775873979498294,0.015633394000360568,0.8335204085811491,0.8337819461836112,96.7,3.3904553773254293,0.36450795123793134,0.5291748710427685,20,10
grid,dgp3,600,20,10,5,5,0.25340775403015864,SSRF-rob,1.0774403831225206,0.6701529761394803,0.09476377893707419,0.948,6.673131639156849,3.819330557169005,2.4393062815211017,0.014888638784204544,0.04455635299973437,0.8335204085811491,0.8337819461836112,96.7,3.3904553773254293,0.36450795123793134,0.5291748710427685,20,10
grid,dgp3,600,20,10,5,5,0.25340775403015864,RidgeRF,1.0525593188844877,0.6749309773182277,0.10589709559514543,0.944,6.686919753814318,3.8885292548978403,-0.7828329673613748,0.4339107326435831,0.029800891000377305,0.8335204085811491,0.8337819461836112,96.7,3.3904553773254293,0.36450795123793134,0.5291748710427685,20,10
grid,dgp3,600,20,10,5,5,0.25340775403015864,LassoRF,1.0583409604360192,0.6685432735110403,0.08720404061990601,0.952,6.817333686749406,3.9512095697349445,-0.5648740368611516,0.5722862616702948,0.03745206399980816,0.8335204085811491,0.8337819461836112,96.7,3.3904553773254293,0.36450795123793134,0.5291748710427685,20,10
grid,dgp3,600,20,10,5,5,0.25340775403015864,GBM,1.0421827170122089,0.6512026933215979,0.07879639401004047,0.956,6.724297259985529,3.942233743898605,-1.7681991152110457,0.07733278628842326,0.08394648499961477,0.8335204085811491,0.8337819461836112,96.7,3.3904553773254293,0.36450795123793134,0.5291748710427685,20,10
grid,dgp3,600,20,10,5,5,0.25340775403015864,RF-tuned,1.0133960960733979,0.6405960917082859,0.05471059379197929,0.956,6.622729455054907,3.949394287740998,-3.1668977655058366,0.0015874520571156764,1.966306521000206,0.8335204085811491,0.8337819461836112,96.7,3.3904553773254293,0.36450795123793134,0.5291748710427685,20,10
grid,dgp3,600,20,10,5,5,0.25340775403015864,SSRF-tuned,1.0355503562955255,0.6487538403018086,0.059598148928402324,0.952,6.699169666564192,3.89266698042754,-2.093972143951194,0.03651401616584131,1.997661022000102,0.8335204085811491,0.8337819461836112,96.7,3.3904553773254293,0.36450795123793134,0.5291748710427685,20,10
grid,dgp3,600,20,500,5,5,0.25340775403015864,RF,1.018272927264761,0.6385129633000881,0.045626365907511374,0.934,6.930814640524546,3.5566758576430306,-1.1620708680631746,0.24548422655227115,1.5741434269998535,0.8344978537879292,0.8348910727568359,95.894,3.4486233545668314,0.3574550312783386,0.5126895766073638,20,10
grid,dgp3,600,20,500,5,5,0.25340775403015864,SSRF,1.022970592661383,0.6429656263799229,0.05448624484327169,0.936,6.914265426565326,3.5470576931743882,-0.4332949712675046,0.6648940292709439,1.5741434269998535,0.8344978537879292,0.8348910727568359,95.894,3.4486233545668314,0.3574550312783386,0.5126895766073638,20,10
grid,dgp3,600,20,500,5,5,0.25340775403015864,SSRF-JS,1.0230751273919314,0.643012607491807,0.05438053166677324,0.936,6.9136944108499465,3.5520680369962028,,,1.5741434269998535,0.8344978537879292,0.8348910727568359,95.894,3.4486233545668314,0.3574550312783386,0.5126895766073638,20,10
grid,dgp3,600,20,500,5,5,0.25340775403015864,RF-H,1.0282866635730763,0.6514657281064767,0.07191904019174417,0.934,6.87791601671077,3.650945758310023,0.5604387257484436,0.5753058821354801,0.674275179000233,0.8344978537879292,0.8348910727568359,95.894,3.4486233545668314,0.3574550312783386,0.5126895766073638,20,10
grid,dgp3,600,20,500,5,5,0.25340775403015864,SSRF-H,1.1079366628977305,0.6990517308229116,0.1569757583169724,0.93,6.821612876172523,3.7713910209494497,4.845017166851856,1.4667802575572174e-06,0.674275179000233,0.8344978537879292,0.8348910727568359,95.894,3.4486233545668314,0.3574550312783386,0.5126895766073638,20,10
grid,dgp3,600,20,500,5,5,0.25340775403015864,SSRF-JS-H,1.1061491514521309,0.6980138781525856,0.15489946845821362,0.93,6.828763108159128,3.7534716728156017,4.823791621774828,1.6279372088439436e-06,0.674275179000233,0.8344978537879292,0.8348910727568359,95.894,3.4486233545668314,0.3574550312783386,0.5126895766073638,20,10
grid,dgp3,600,20,500,5,5,0.25340775403015864,SSRF-rob,1.0195434704776574,0.6398900916460318,0.04865409440436427,0.936,6.922824002755557,3.55408762627867,-1.5121263551451327,0.13081798061942856,2.038185117000012,0.8344978537879292,0.8348910727568359,95.894,3.4486233545668314,0.3574550312783386,0.5126895766073638,20,10
grid,dgp3,600,20,500,5,5,0.25340775403015864,RidgeRF,1.025943361028135,0.6546204969325349,0.06571079212184318,0.936,6.873012704402312,3.5432120609994935,0.3182715239432558,0.7503455041400594,1.14745026699984,0.8344978537879292,0.8348910727568359,95.894,3.4486233545668314,0.3574550312783386,0.5126895766073638,20,10
grid,dgp3,600,20,500,5,5,0.25340775403015864,LassoRF,1.0381990015385845,0.6522154743355311,0.06670653253323303,0.938,6.943887983430026,3.704711056124512,1.4002772611669516,0.16174080075405867,0.5421085420002782,0.8344978537879292,0.8348910727568359,95.894,3.4486233545668314,0.3574550312783386,0.5126895766073638,20,10
grid,dgp3,600,20,500,5,5,0.25340775403015864,GBM,1.0421827170122089,0.6512026933215979,0.07879639401004047,0.944,6.89703257304022,3.7481270550848103,2.0130189245039456,0.044380513607353754,0.08183441200026209,0.8344978537879292,0.8348910727568359,95.894,3.4486233545668314,0.3574550312783386,0.5126895766073638,20,10
grid,dgp3,600,20,500,5,5,0.25340775403015864,RF-tuned,1.0053104700689264,0.634407381715101,0.0389063569401754,0.934,6.966253682057611,3.529233306393894,-2.8827853397019867,0.004026252472594264,2.9016354820000743,0.8344978537879292,0.8348910727568359,95.894,3.4486233545668314,0.3574550312783386,0.5126895766073638,20,10
grid,dgp3,600,20,500,5,5,0.25340775403015864,SSRF-tuned,1.0119003785192362,0.6378974987847873,0.04472389902334487,0.932,6.976654985843959,3.5100293365307618,-2.3497773057330997,0.018978484305270108,4.540307134000159,0.8344978537879292,0.8348910727568359,95.894,3.4486233545668314,0.3574550312783386,0.5126895766073638,20,10
grid,dgp3,600,20,10,5,6,0.14111906588136397,RF,0.9484164002476032,0.664495929272759,0.12039316208493052,0.964,5.6392960741655,4.240393303842525,2.7159610201847673,0.006722450287208745,0.033900130999882094,0.767151778046028,0.7663804599219527,96.9,3.428702934939575,0.6601580396006741,0.6143142199977523,40,10
grid,dgp3,600,20,10,5,6,0.14111906588136397,SSRF,0.9311301327199442,0.6548914199102417,0.10464686743651604,0.968,5.605172037245147,4.1579360849382025,0.3011100286265574,0.7633932532817734,0.033900130999882094,0.767151778046028,0.7663804599219527,96.9,3.428702934939575,0.6601580396006741,0.6143142199977523,40,10
grid,dgp3,600,20,10,5,6,0.14111906588136397,SSRF-JS,0.930792215700555,0.6539434941872889,0.10511367347808548,0.968,5.5923413925743635,4.123068195737713,,,0.033900130999882094,0.767151778046028,0.7663804599219527,96.9,3.428702934939575,0.6601580396006741,0.6143142199977523,40,10
grid,dgp3,600,20,10,5,6,0.14111906588136397,RF-H,0.9065150467393925,0.6524921835010564,0.09264772291024233,0.966,5.509672012940556,4.032283263078475,-1.3538892523031743,0.17607791090833594,0.01534141299998737,0.767151778046028,0.7663804599219527,96.9,3.428702934939575,0.6601580396006741,0.6143142199977523,40,10
grid,dgp3,600,20,10,5,6,0.14111906588136397,SSRF-H,0.9629251173860827,0.6751374921075667,0.14368354480245601,0.968,5.785646072706477,4.498083692084551,1.8769322107541075,0.060818651298945245,0.01534141299998737,0.767151778046028,0.7663804599219527,96.9,3.428702934939575,0.6601580396006741,0.6143142199977523,40,10
grid,dgp3,600,20,10,5,6,0.14111906588136397,SSRF-JS-H,0.9600113960333424,0.6736183260931832,0.1402660592916261,0.968,5.744958617103739,4.427269676531355,1.7246163926203546,0.08490594321607102,0.01534141299998737,0.767151778046028,0.7663804599219527,96.9,3.428702934939575,0.6601580396006741,0.6143142199977523,40,10
grid,dgp3,600,20,10,5,6,0.14111906588136397,SSRF-rob,0.9419398592387592,0.6607143137844672,0.11447967854116022,0.962,5.620962915649558,4.196444102536989,2.325490084245777,0.02024525394200317,0.041759431999707886,0.767151778046028,0.7663804599219527,96.9,3.428702934939575,0.6601580396006741,0.6143142199977523,40,10
grid,dgp3,600,20,10,5,6,0.14111906588136397,RidgeRF,0.9408334482704545,0.6694928968771501,0.11016627047190605,0.966,5.694275717402743,4.013996417734717,0.4884017767552513,0.625372469216513,0.02595191000000341,0.767151778046028,0.7663804599219527,96.9,3.428702934939575,0.6601580396006741,0.6143142199977523,40,10
grid,dgp3,600,20,10,5,6,0.14111906588136397,LassoRF,0.936524912176333,0.6586773225829341,0.12901343348058864,0.956,5.610744584492889,3.891908088301413,0.20463780526767575,0.8378967998671506,0.034355137999682483,0.767151778046028,0.7663804599219527,96.9,3.428702934939575,0.6601580396006741,0.6143142199977523,40,10
grid,dgp3,600,20,10,5,6,0.14111906588136397,GBM,0.9403007688877997,0.6605063071648901,0.1088909912067228,0.974,5.718544398982476,4.303894974834002,0.5106493969278593,0.6097093983493982,0.08366355399994063,0.767151778046028,0.7663804599219527,96.9,3.428702934939575,0.6601580396006741,0.6143142199977523,40,10
grid,dgp3,600,20,10,5,6,0.14111906588136397,RF-tuned,0.8798185847728881,0.6259314562899094,0.05013558047839266,0.966,5.596050576991638,3.9906569764802153,-3.0286902001590548,0.002519275734135682,1.9668807390003167,0.767151778046028,0.7663804599219527,96.9,3.428702934939575,0.6601580396006741,0.6143142199977523,40,10
grid,dgp3,600,20,10,5,6,0.14111906588136397,SSRF-tuned,0.8936421109136959,0.6343264964436643,0.05675268623281438,0.96,5.584338486216772,3.9446601745930483,-2.5048118119391782,0.01240997685340302,1.9964325830005691,0.767151778046028,0.7663804599219527,96.9,3.428702934939575,0.6601580396006741,0.6143142199977523,40,10
grid,dgp3,600,20,500,5,6,0.14111906588136397,RF,0.8901554171141761,0.6329365120168684,0.05475778521547102,0.95,5.78183502144955,3.661647853317881,-0.3328044065046402,0.7393517571117001,1.5930497859999377,0.7533352993490158,0.7525997105359672,95.654,3.457738800092667,0.7375689175360539,0.6330491607631852,40,10
grid,dgp3,600,20,500,5,6,0.14111906588136397,SSRF,0.8920198340851264,0.6329839320322521,0.06071754295522642,0.954,5.751499972292351,3.8144643616229668,-0.6309631290463724,0.528208955807182,1.5930497859999377,0.7533352993490158,0.7525997105359672,95.654,3.457738800092667,0.7375689175360539,0.6330491607631852,40,10
grid,dgp3,600,20,500,5,6,0.14111906588136397,SSRF-JS,0.8922338413333174,0.6331718672981578,0.06092635374377194,0.954,5.753709780228001,3.8173409590146723,,,1.5930497859999377,0.7533352993490158,0.7525997105359672,95.654,3.457738800092667,0.7375689175360539,0.6330491607631852,40,10
grid,dgp3,600,20,500,5,6,0.14111906588136397,RF-H,0.8817410222343093,0.6283302007916707,0.059225921632245986,0.95,5.682646360113632,3.701483183041918,-1.4477045956794046,0.1480134236668245,0.6837196880001102,0.7533352993490158,0.7525997105359672,95.654,3.457738800092667,0.7375689175360539,0.6330491607631852,40,10
grid,dgp3,600,20,500,5,6,0.14111906588136397,SSRF-H,0.9648748302647758,0.6749626687972609,0.14573793848362213,0.95,5.795264399138354,4.065701640626835,4.744349782192872,2.396200140480625e-06,0.6837196880001102,0.7533352993490158,0.7525997105359672,95.654,3.457738800092667,0.7375689175360539,0.6330491607631852,40,10
grid,dgp3,600,20,500,5,6,0.14111906588136397,SSRF-JS-H,0.9628254772531256,0.6737691215046614,0.14401386384384116,0.95,5.792601413767065,4.0573697585144455,4.661982683640076,3.5562377817121905e-06,0.6837196880001102,0.7533352993490158,0.7525997105359672,95.654,3.457738800092667,0.7375689175360539,0.6330491607631852,40,10
grid,dgp3,600,20,500,5,6,0.14111906588136397,SSRF-rob,0.8890994824223176,0.6319127041911545,0.054628167237992103,0.952,5.772378598624654,3.710344659789208,-0.6492184867518379,0.5163463904268861,2.045424814999933,0.7533352993490158,0.7525997105359672,95.654,3.457738800092667,0.7375689175360539,0.6330491607631852,40,10
grid,dgp3,600,20,500,5,6,0.14111906588136397,RidgeRF,0.8818353997918907,0.6381304122165107,0.05297683193179833,0.952,5.673249876928115,3.7399792287464897,-1.1550705870329134,0.24833772408650104,1.010091946999637,0.7533352993490158,0.7525997105359672,95.654,3.457738800092667,0.7375689175360539,0.6330491607631852,40,10
grid,dgp3,600,20,500,5,6,0.14111906588136397,LassoRF,0.8887187391621919,0.6394266587004502,0.08573642877050316,0.954,5.637543002020677,3.825580681679412,-0.2104518200835792,0.8333579670972201,0.5455238119998285,0.7533352993490158,0.7525997105359672,95.654,3.457738800092667,0.7375689175360539,0.6330491607631852,40,10
grid,dgp3,600,20,500,5,6,0.14111906588136397,GBM,0.9403007688877997,0.6605063071648901,0.1088909912067228,0.944,5.793727746375758,3.8296765278279707,3.4714914777566177,0.0005397247087824595,0.07405210300021281,0.7533352993490158,0.7525997105359672,95.654,3.457738800092667,0.7375689175360539,0.6330491607631852,40,10
grid,dgp3,600,20,500,5,6,0.14111906588136397,RF-tuned,0.8777075263519974,0.6262319154929087,0.049051523095199036,0.952,5.6974203907239716,3.7448208571295134,-1.9851131805366145,0.047405011091622144,2.738104515000032,0.7533352993490158,0.7525997105359672,95.654,3.457738800092667,0.7375689175360539,0.6330491607631852,40,10
grid,dgp3,600,20,500,5,6,0.14111906588136397,SSRF-tuned,0.8839285108890861,0.6285742597050384,0.05252361283328145,0.954,5.716540190697391,3.801317100331325,-1.338836883915196,0.18092835145910038,4.149824858000102,0.7533352993490158,0.7525997105359672,95.654,3.457738800092667,0.7375689175360539,0.6330491607631852,40,10
grid,dgp3,600,20,10,5,7,0.2616024619244692,RF,1.0403737233760026,0.6347249749909109,0.08394455424090072,0.938,6.572980113757991,3.5981108616374065,-0.9739787531913325,0.33030286196185865,0.03401269799996953,0.845061189715004,0.8454387641779186,95.8,3.4676998988886485,0.34059212542337625,0.5267112365664304,20,10
grid,dgp3,600,20,10,5,7,0.2616024619244692,SSRF,1.0446111004368686,0.6340857455370534,0.07885907281000923,0.938,6.62624175601166,3.5866066190627426,-0.32215251672570266,0.7474045552777346,0.03401269799996953,0.845061189715004,0.8454387641779186,95.8,3.4676998988886485,0.34059212542337625,0.5267112365664304,20,10
grid,dgp3,600,20,10,5,7,0.2616024619244692,SSRF-JS,1.0449203070356388,0.6343529873552338,0.0794464423241302,0.938,6.621948855437458,3.5724950214000435,,,0.03401269799996953,0.845061189715004,0.8454387641779186,95.8,3.4676998988886485,0.34059212542337625,0.5267112365664304,20,10
grid,dgp3,600,20,10,5,7,0.2616024619244692,RF-H,1.0834844990813743,0.6530033059156367,0.09667898442931917,0.936,6.730513485518417,3.4555126117988517,2.1363574440085427,0.032892772732389476,0.01437110599999869,0.845061189715004,0.8454387641779186,95.8,3.4676998988886485,0.34059212542337625,0.5267112365664304,20,10
grid,dgp3,600,20,10,5,7,0.2616024619244692,SSRF-H,1.1328044680539182,0.6717773059026952,0.12719492895727927,0.932,6.857769322072629,3.6361179037328535,4.108531633982249,4.307951334511176e-05,0.01437110599999869,0.845061189715004,0.8454387641779186,95.8,3.4676998988886485,0.34059212542337625,0.5267112365664304,20,10
grid,dgp3,600,20,10,5,7,0.2616024619244692,SSRF-JS-H,1.128623990510463,0.6696055116136376,0.12573412671398007,0.932,6.834870420277546,3.6500665950596054,3.8620187346844532,0.00011969134325420704,0.01437110599999869,0.845061189715004,0.8454387641779186,95.8,3.4676998988886485,0.34059212542337625,0.5267112365664304,20,10
grid,dgp3,600,20,10,5,7,0.2616024619244692,SSRF-rob,1.0414778700044647,0.6340358397217519,0.08096526160054014,0.942,6.586624748445725,3.6112097035274218,-1.3321986277450777,0.18309874513384045,0.04543075699984911,0.845061189715004,0.8454387641779186,95.8,3.4676998988886485,0.34059212542337625,0.5267112365664304,20,10
grid,dgp3,600,20,10,5,7,0.2616024619244692,RidgeRF,1.0792619332200137,0.6591905045870156,0.10152503402045063,0.956,6.461931569824829,3.783308956196998,1.6941024886669045,0.09055750824908633,0.16706219399975453,0.845061189715004,0.8454387641779186,95.8,3.4676998988886485,0.34059212542337625,0.5267112365664304,20,10
grid,dgp3,600,20,10,5,7,0.2616024619244692,LassoRF,1.0768151875773129,0.6657481280921452,0.10394523262024839,0.954,6.375807515434785,3.8428305733367196,1.578310685347771,0.11481082401177545,0.06194988300012483,0.845061189715004,0.8454387641779186,95.8,3.4676998988886485,0.34059212542337625,0.5267112365664304,20,10
grid,dgp3,600,20,10,5,7,0.2616024619244692,GBM,1.0580591653775895,0.6513442834713181,0.09054920779159067,0.948,6.442136370862802,3.685741203843826,0.7338385437062611,0.4632193310222458,0.12781547799977488,0.845061189715004,0.8454387641779186,95.8,3.4676998988886485,0.34059212542337625,0.5267112365664304,20,10
grid,dgp3,600,20,10,5,7,0.2616024619244692,RF-tuned,1.014135726714851,0.6276013623443615,0.04953974907312299,0.94,6.536631359684752,3.4392720892325785,-2.1222066978790313,0.03406592985634649,2.0867266079999354,0.845061189715004,0.8454387641779186,95.8,3.4676998988886485,0.34059212542337625,0.5267112365664304,20,10
grid,dgp3,600,20,10,5,7,0.2616024619244692,SSRF-tuned,1.0293580852617343,0.6329304500669793,0.056473691612732184,0.94,6.501615406864955,3.558540549861628,-1.0509877671651755,0.2935183693242277,2.120925723000255,0.845061189715004,0.8454387641779186,95.8,3.4676998988886485,0.34059212542337625,0.5267112365664304,20,10
grid,dgp3,600,20,500,5,7,0.2616024619244692,RF,1.0159360744272254,0.6234195586785887,0.04730664658265579,0.942,5.817699394244213,3.4282765997293945,-3.2717853578985014,0.0011052944587269734,1.6457833939998636,0.8451833853203372,0.8457052386141042,95.614,3.4633744461254246,0.3452856011710984,0.5356897124000081,20,10
grid,dgp3,600,20,500,5,7,0.2616024619244692,SSRF,1.028387884439172,0.62650344262144,0.05230248058154938,0.942,5.84915915269534,3.529304267368554,1.614429697513427,0.10675003396395001,1.6457833939998636,0.8451833853203372,0.8457052386141042,95.614,3.4633744461254246,0.3452856011710984,0.5356897124000081,20,10
grid,dgp3,600,20,500,5,7,0.2616024619244692,SSRF-JS,1.028130200443433,0.626487558759296,0.05238894532473424,0.942,5.848285201400271,3.527358361983318,,,1.6457833939998636,0.8451833853203372,0.8457052386141042,95.614,3.4633744461254246,0.3452856011710984,0.5356897124000081,20,10
grid,dgp3,600,20,500,5,7,0.2616024619244692,RF-H,1.0471873001296295,0.6294730232723714,0.057710042748472065,0.944,5.88530386576831,3.6254358272862723,3.1610296128540063,0.001619456025160939,0.6934356359997764,0.8451833853203372,0.8457052386141042,95.614,3.4633744461254246,0.3452856011710984,0.5356897124000081,20,10
grid,dgp3,600,20,500,5,7,0.2616024619244692,SSRF-H,1.141312827380124,0.6762544234182575,0.13421879780679205,0.948,6.010219997400977,3.957905877959838,7.282893588550345,6.617309310909524e-13,0.6934356359997764,0.8451833853203372,0.8457052386141042,95.614,3.4633744461254246,0.3452856011710984,0.5356897124000081,20,10
grid,dgp3,600,20,500,5,7,0.2616024619244692,SSRF-JS-H,1.1388576465580265,0.6749322906327423,0.13212990582658302,0.948,6.009048697718217,3.943696646062015,7.2245001574900005,9.968515099363663e-13,0.6934356359997764,0.8451833853203372,0.8457052386141042,95.614,3.4633744461254246,0.3452856011710984,0.5356897124000081,20,10
grid,dgp3,600,20,500,5,7,0.2616024619244692,SSRF-rob,1.0203406871341034,0.6243003335101118,0.048719496817396415,0.942,5.8342817616582145,3.4479532420052763,-3.622235823879961,0.00030675949162433676,2.0799096220002866,0.8451833853203372,0.8457052386141042,95.614,3.4633744461254246,0.3452856011710984,0.5356897124000081,20,10
grid,dgp3,600,20,500,5,7,0.2616024619244692,RidgeRF,1.0415357189018875,0.6350777297738341,0.06566465435636619,0.936,5.832641844985808,3.6036944959072637,1.4100536387996192,0.1588351033601074,1.140322778999689,0.8451833853203372,0.8457052386141042,95.614,3.4633744461254246,0.3452856011710984,0.5356897124000081,20,10
grid,dgp3,600,20,500,5,7,0.2616024619244692,LassoRF,1.0395083301043189,0.6382636224053154,0.07178913200529723,0.944,5.815654782285131,3.5582083419581925,1.4105905829633012,0.15867666866372618,0.6335719369999424,0.8451833853203372,0.8457052386141042,95.614,3.4633744461254246,0.3452856011710984,0.5356897124000081,20,10
grid,dgp3,600,20,500,5,7,0.2616024619244692,GBM,1.0580591653775895,0.6513442834713181,0.09054920779159067,0.948,5.691085230911913,3.685741203843826,2.6859435601079995,0.007352482274885524,0.12184274900027958,0.8451833853203372,0.8457052386141042,95.614,3.4633744461254246,0.3452856011710984,0.5356897124000081,20,10
grid,dgp3,600,20,500,5,7,0.2616024619244692,RF-tuned,1.0127071204997447,0.6186903160939548,0.04068807663387987,0.942,5.789139025994739,3.53752643093192,-2.7965277700332476,0.0052646236457436855,2.8746696090001933,0.8451833853203372,0.8457052386141042,95.614,3.4633744461254246,0.3452856011710984,0.5356897124000081,20,10
grid,dgp3,600,20,500,5,7,0.2616024619244692,SSRF-tuned,1.0170476520974387,0.6209774415643744,0.04296305755407793,0.944,5.802179715951572,3.486437997576537,-2.6789670125993243,0.007506305450178143,4.545730883000033,0.8451833853203372,0.8457052386141042,95.614,3.4633744461254246,0.3452856011710984,0.5356897124000081,20,10
grid,dgp3,600,20,10,5,8,0.1504169733600651,RF,0.997764865382631,0.6665021061616944,0.12470569613186364,0.942,5.782655674793362,3.6662536272211894,3.336864255019977,0.0008785252305022473,0.03271609399962472,0.742260207981805,0.7411613168799488,95.8,3.4049006447366925,0.9225853332978937,0.7348813013351355,10,6
grid,dgp3,600,20,10,5,8,0.1504169733600651,SSRF,0.9609148601382204,0.6451174108897804,0.08530509011968428,0.944,5.787798659587561,3.5667150326163863,-2.2141454129362437,0.027043933455669675,0.03271609399962472,0.742260207981805,0.7411613168799488,95.8,3.4049006447366925,0.9225853332978937,0.7348813013351355,10,6
grid,dgp3,600,20,10,5,8,0.1504169733600651,SSRF-JS,0.964892986456375,0.6470773637096796,0.08896494933242662,0.942,5.803928937461386,3.5975244803326616,,,0.03271609399962472,0.742260207981805,0.7411613168799488,95.8,3.4049006447366925,0.9225853332978937,0.7348813013351355,10,6
grid,dgp3,600,20,10,5,8,0.1504169733600651,RF-H,0.9899177419083246,0.6505474759913612,0.10619525760932733,0.946,5.930937268226083,3.7847896257948106,1.2669759381278334,0.20545917916032394,0.014810597999712627,0.742260207981805,0.7411613168799488,95.8,3.4049006447366925,0.9225853332978937,0.7348813013351355,10,6
grid,dgp3,600,20,10,5,8,0.1504169733600651,SSRF-H,1.0318308128419804,0.6735795662703588,0.14645323020788123,0.926,6.195923811820043,3.431655875363331,2.9557550216875983,0.003192314893909282,0.014810597999712627,0.742260207981805,0.7411613168799488,95.8,3.4049006447366925,0.9225853332978937,0.7348813013351355,10,6
grid,dgp3,600,20,10,5,8,0.1504169733600651,SSRF-JS-H,1.0361340353066126,0.6754609017744172,0.1497961971033277,0.926,6.203543670363317,3.4472744156762944,3.094739783670724,0.0020246743855659357,0.014810597999712627,0.742260207981805,0.7411613168799488,95.8,3.4049006447366925,0.9225853332978937,0.7348813013351355,10,6
grid,dgp3,600,20,10,5,8,0.1504169733600651,SSRF-rob,0.991599548787933,0.6630515849604025,0.11742080102366036,0.942,5.788840497181365,3.6545581624797716,3.1801332572704175,0.0015173972174660722,0.0476787970001169,0.742260207981805,0.7411613168799488,95.8,3.4049006447366925,0.9225853332978937,0.7348813013351355,10,6
grid,dgp3,600,20,10,5,8,0.1504169733600651,RidgeRF,1.0142257745323515,0.671088839354817,0.1596406724908649,0.95,5.790490115403704,3.9524762731993683,1.9720379934031032,0.048880787740666634,0.025872736000110308,0.742260207981805,0.7411613168799488,95.8,3.4049006447366925,0.9225853332978937,0.7348813013351355,10,6
grid,dgp3,600,20,10,5,8,0.1504169733600651,LassoRF,0.9768116066048711,0.6518547340909926,0.09846314521408932,0.932,6.028651158157228,3.33025194418402,0.5839065166239024,0.5594150223812873,0.03473413800020353,0.742260207981805,0.7411613168799488,95.8,3.4049006447366925,0.9225853332978937,0.7348813013351355,10,6
grid,dgp3,600,20,10,5,8,0.1504169733600651,GBM,0.9750676336802189,0.6436018438929232,0.1119341235536469,0.924,6.004523864597477,3.532240383754377,0.5053002258694895,0.6134594418604041,0.13884310800040112,0.742260207981805,0.7411613168799488,95.8,3.4049006447366925,0.9225853332978937,0.7348813013351355,10,6
grid,dgp3,600,20,10,5,8,0.1504169733600651,RF-tuned,0.9520796764934337,0.6362515695316133,0.05977028632348092,0.946,5.7249219382125975,3.7867947592078424,-0.7330886053151784,0.4636763698065904,2.024161286000435,0.742260207981805,0.7411613168799488,95.8,3.4049006447366925,0.9225853332978937,0.7348813013351355,10,6
grid,dgp3,600,20,10,5,8,0.1504169733600651,SSRF-tuned,0.9481971547304875,0.6331551125997914,0.06993806117809034,0.944,5.774160144260244,3.6618194146434626,-1.2292018113248881,0.21928559159586355,2.055892591000429,0.742260207981805,0.7411613168799488,95.8,3.4049006447366925,0.9225853332978937,0.7348813013351355,10,6
grid,dgp3,600,20,500,5,8,0.1504169733600651,RF,0.9287355662931402,0.6176513604127267,0.0496909053442286,0.958,5.628362629694465,3.7770142907934217,-0.7694730988955885,0.4417944013672787,1.6268209360000583,0.7198145882940314,0.7185269823339431,95.884,3.450071551353573,0.9084697143909503,0.628944130727651,10,6
grid,dgp3,600,20,500,5,8,0.1504169733600651,SSRF,0.9347683406611788,0.6229731373815661,0.05236713537135353,0.962,5.660088584387458,3.8745851655831056,0.8556648891950834,0.3923883408311219,1.6268209360000583,0.7198145882940314,0.7185269823339431,95.884,3.450071551353573,0.9084697143909503,0.628944130727651,10,6
grid,dgp3,600,20,500,5,8,0.1504169733600651,SSRF-JS,0.9345399702873929,0.6229328115886107,0.052530042451418894,0.962,5.6636995557422045,3.884531661556827,,,1.6268209360000583,0.7198145882940314,0.7185269823339431,95.884,3.450071551353573,0.9084697143909503,0.628944130727651,10,6
grid,dgp3,600,20,500,5,8,0.1504169733600651,RF-H,0.9399019136974566,0.6237137766085528,0.05366001136252465,0.964,5.6725479198567355,3.9769643003025283,0.9137011775647086,0.3610943462989146,0.6894488689999889,0.7198145882940314,0.7185269823339431,95.884,3.450071551353573,0.9084697143909503,0.628944130727651,10,6
grid,dgp3,600,20,500,5,8,0.1504169733600651,SSRF-H,1.0202015732047753,0.6686432979896934,0.13167272174914452,0.966,5.752824532763948,3.989784106832007,6.084879124969421,1.6589973496145658e-09,0.6894488689999889,0.7198145882940314,0.7185269823339431,95.884,3.450071551353573,0.9084697143909503,0.628944130727651,10,6
grid,dgp3,600,20,500,5,8,0.1504169733600651,SSRF-JS-H,1.0186941940709442,0.6679248908135983,0.13039897152072868,0.964,5.7474621570531435,3.9813670502194474,6.006281582161079,2.6552080478831743e-09,0.6894488689999889,0.7198145882940314,0.7185269823339431,95.884,3.450071551353573,0.9084697143909503,0.628944130727651,10,6
grid,dgp3,600,20,500,5,8,0.1504169733600651,SSRF-rob,0.9282526066677234,0.6176659271000104,0.04864270713639269,0.958,5.632678130684059,3.8033798989204897,-1.0094467505886011,0.3130048556523474,2.0541901729998244,0.7198145882940314,0.7185269823339431,95.884,3.450071551353573,0.9084697143909503,0.628944130727651,10,6
grid,dgp3,600,20,500,5,8,0.1504169733600651,RidgeRF,0.9433761121339241,0.6331021290005099,0.07396927919964526,0.952,5.51495601799057,3.66690002414825,0.7067698757278961,0.4798743113280975,1.0156715309999527,0.7198145882940314,0.7185269823339431,95.884,3.450071551353573,0.9084697143909503,0.628944130727651,10,6
grid,dgp3,600,20,500,5,8,0.1504169733600651,LassoRF,0.9475142200185157,0.6278152681802823,0.06693493173934138,0.958,5.740727460826069,3.7891231432633172,0.8626705121775785,0.3885256912000882,0.5368008200002805,0.7198145882940314,0.7185269823339431,95.884,3.450071551353573,0.9084697143909503,0.628944130727651,10,6
grid,dgp3,600,20,500,5,8,0.1504169733600651,GBM,0.9750676336802189,0.6436018438929232,0.1119341235536469,0.948,5.808264729425891,3.832030932938515,2.2774919100916224,0.022967487840643206,0.13537153499964916,0.7198145882940314,0.7185269823339431,95.884,3.450071551353573,0.9084697143909503,0.628944130727651,10,6
grid,dgp3,600,20,500,5,8,0.1504169733600651,RF-tuned,0.9138724449630854,0.6102259284549125,0.03678396567237297,0.956,5.588421961557971,3.7726421757339494,-3.082296436619857,0.002110417610045499,2.839153270999759,0.7198145882940314,0.7185269823339431,95.884,3.450071551353573,0.9084697143909503,0.628944130727651,10,6
grid,dgp3,600,20,500,5,8,0.1504169733600651,SSRF-tuned,0.9244959622479662,0.6189280304173854,0.04657450833315421,0.962,5.6330717026523605,3.873064149411909,-3.625488717823623,0.00030297342142175025,4.319844707999891,0.7198145882940314,0.7185269823339431,95.884,3.450071551353573,0.9084697143909503,0.628944130727651,10,6
grid,dgp3,600,20,10,5,9,0.12258553783582919,RF,1.1860797555834621,0.7117076751333191,0.1714163925453389,0.936,6.88161659058793,3.8392397867784878,4.253164631458777,2.3055370991230753e-05,0.0344940840000163,0.725002014817091,0.723900590308495,96.3,3.4534477374329464,0.9098305591790631,0.6756465353745872,80,10
grid,dgp3,600,20,10,5,9,0.12258553783582919,SSRF,1.1439607086371375,0.6907050968226777,0.12830027830253715,0.946,6.797925951539625,3.992935155717177,-2.2240150287069347,0.026370343352789632,0.0344940840000163,0.725002014817091,0.723900590308495,96.3,3.4534477374329464,0.9098305591790631,0.6756465353745872,80,10
grid,dgp3,600,20,10,5,9,0.12258553783582919,SSRF-JS,1.1471286097962847,0.69220954761245,0.13111068222954095,0.946,6.8130043492769,3.912605544378736,,,0.0344940840000163,0.725002014817091,0.723900590308495,96.3,3.4534477374329464,0.9098305591790631,0.6756465353745872,80,10
grid,dgp3,600,20,10,5,9,0.12258553783582919,RF-H,1.1903647996503437,0.7015151183484604,0.15346188856745885,0.944,6.881566661164819,4.0924473943568405,1.814402462652251,0.06991563527891939,0.015798714000084146,0.725002014817091,0.723900590308495,96.3,3.4534477374329464,0.9098305591790631,0.6756465353745872,80,10
grid,dgp3,600,20,10,5,9,0.12258553783582919,SSRF-H,1.1831824907453148,0.7006378290200296,0.15454723060118225,0.942,6.9585656222502035,3.813311872137469,1.7041995954567541,0.08865476395561253,0.015798714000084146,0.725002014817091,0.723900590308495,96.3,3.4534477374329464,0.9098305591790631,0.6756465353745872,80,10
grid,dgp3,600,20,10,5,9,0.12258553783582919,SSRF-JS-H,1.1921217678342044,0.7043374282794247,0.16329407541272392,0.94,6.971661737330008,3.827345473588002,2.0985780886284906,0.03610469359081217,0.015798714000084146,0.725002014817091,0.723900590308495,96.3,3.4534477374329464,0.9098305591790631,0.6756465353745872,80,10
grid,dgp3,600,20,10,5,9,0.12258553783582919,SSRF-rob,1.1753152728606853,0.7062138739425752,0.1604368582263307,0.934,6.847890814360005,3.874581070750379,3.829054360614512,0.0001366456030480804,0.04396033000011812,0.725002014817091,0.723900590308495,96.3,3.4534477374329464,0.9098305591790631,0.6756465353745872,80,10
grid,dgp3,600,20,10,5,9,0.12258553783582919,RidgeRF,1.2418296674120102,0.7356425929934067,0.21368835125335078,0.956,6.980085323056627,4.05418825861191,3.4046612914104597,0.0006888022028089218,0.12240325099992333,0.725002014817091,0.723900590308495,96.3,3.4534477374329464,0.9098305591790631,0.6756465353745872,80,10
grid,dgp3,600,20,10,5,9,0.12258553783582919,LassoRF,1.1555223769475582,0.6959790245716263,0.13938220884409408,0.952,6.9137225954164085,3.889160895754031,0.36409728827329824,0.7158624074822185,0.06054458800008433,0.725002014817091,0.723900590308495,96.3,3.4534477374329464,0.9098305591790631,0.6756465353745872,80,10
grid,dgp3,600,20,10,5,9,0.12258553783582919,GBM,1.192410534809371,0.6911785742693943,0.1517520968139666,0.924,7.3801602776005035,3.7262229227784545,1.6299465422740977,0.10342802953146041,0.0682971930000349,0.725002014817091,0.723900590308495,96.3,3.4534477374329464,0.9098305591790631,0.6756465353745872,80,10
grid,dgp3,600,20,10,5,9,0.12258553783582919,RF-tuned,1.0950040254427995,0.6550414681927518,0.06475847111213345,0.942,6.720127626909229,3.6665172716798313,-3.156022138272377,0.0016472351624520947,2.05745043800016,0.725002014817091,0.723900590308495,96.3,3.4534477374329464,0.9098305591790631,0.6756465353745872,80,10
grid,dgp3,600,20,10,5,9,0.12258553783582919,SSRF-tuned,1.10280236939479,0.6568722526564031,0.0752586324144029,0.946,6.731820890294912,4.02283622235298,-2.6712420315577123,0.007679997145359651,2.081281768000281,0.725002014817091,0.723900590308495,96.3,3.4534477374329464,0.9098305591790631,0.6756465353745872,80,10
grid,dgp3,600,20,500,5,9,0.12258553783582919,RF,1.107127918619347,0.6662144859823205,0.07834978655966506,0.962,5.4091055300820425,4.1378590233066115,-0.13224011687783566,0.8948210000292597,1.6437121760000082,0.7341200503204025,0.733117274322985,95.912,3.4566037369799654,0.8837399119425461,0.6937792220373245,80,10
grid,dgp3,600,20,500,5,9,0.12258553783582919,SSRF,1.1077868663759687,0.6636433436881998,0.08076956290963251,0.958,5.408710143161702,4.0958326782792005,-0.6656831462833555,0.5057673164851217,1.6437121760000082,0.7341200503204025,0.733117274322985,95.912,3.4566037369799654,0.8837399119425461,0.6937792220373245,80,10
grid,dgp3,600,20,500,5,9,0.12258553783582919,SSRF-JS,1.1080245096121375,0.6640348609304721,0.081289086871672,0.958,5.408048068963213,4.09200073258068,,,1.6437121760000082,0.7341200503204025,0.733117274322985,95.912,3.4566037369799654,0.8837399119425461,0.6937792220373245,80,10
grid,dgp3,600,20,500,5,9,0.12258553783582919,RF-H,1.105110401526991,0.6581844560286959,0.07721443802278471,0.968,5.432986418054039,4.3858061426746655,-0.3268131644656754,0.7438776614502188,0.735915494999972,0.7341200503204025,0.733117274322985,95.912,3.4566037369799654,0.8837399119425461,0.6937792220373245,80,10
grid,dgp3,600,20,500,5,9,0.12258553783582919,SSRF-H,1.1811111282221485,0.702016648126921,0.15832033808312565,0.966,5.534973000807926,4.449699021140598,4.440706180926058,9.965572664076062e-06,0.735915494999972,0.7341200503204025,0.733117274322985,95.912,3.4566037369799654,0.8837399119425461,0.6937792220373245,80,10
grid,dgp3,600,20,500,5,9,0.12258553783582919,SSRF-JS-H,1.1798813827484347,0.7014339090039988,0.15711124778797594,0.966,5.529772961746198,4.435860043284108,4.4192276398037285,1.0988038199667385e-05,0.735915494999972,0.7341200503204025,0.733117274322985,95.912,3.4566037369799654,0.8837399119425461,0.6937792220373245,80,10
grid,dgp3,600,20,500,5,9,0.12258553783582919,SSRF-rob,1.1057902364196976,0.6650239259768886,0.07749308256098797,0.962,5.424595862609822,4.199214791701956,-0.41437877189006006,0.6786856905667155,2.132087730999956,0.7341200503204025,0.733117274322985,95.912,3.4566037369799654,0.8837399119425461,0.6937792220373245,80,10
grid,dgp3,600,20,500,5,9,0.12258553783582919,RidgeRF,1.1589182475662543,0.6938445539696968,0.12320419792895655,0.972,5.535784469809845,4.33614178087692,3.6313028657638866,0.00029631523257607587,1.0727598640000906,0.7341200503204025,0.733117274322985,95.912,3.4566037369799654,0.8837399119425461,0.6937792220373245,80,10
grid,dgp3,600,20,500,5,9,0.12258553783582919,LassoRF,1.096056340631294,0.6602662754286125,0.08216559623986933,0.958,5.3811939745877515,3.9795739889248463,-1.277156275525391,0.20184382991838756,0.7244588049998129,0.7341200503204025,0.733117274322985,95.912,3.4566037369799654,0.8837399119425461,0.6937792220373245,80,10
grid,dgp3,600,20,500,5,9,0.12258553783582919,GBM,1.192410534809371,0.6911785742693943,0.1517520968139666,0.96,5.752788104084841,4.413337200197091,3.3935146896323345,0.0007171175357062114,0.06897196699992492,0.7341200503204025,0.733117274322985,95.912,3.4566037369799654,0.8837399119425461,0.6937792220373245,80,10
grid,dgp3,600,20,500,5,9,0.12258553783582919,RF-tuned,1.0923374604268983,0.6514462691056607,0.062275330396294674,0.968,5.384720786302176,4.300203725689399,-1.7424721323168855,0.0817335831608857,2.7130126130000463,0.7341200503204025,0.733117274322985,95.912,3.4566037369799654,0.8837399119425461,0.6937792220373245,80,10
grid,dgp3,600,20,500,5,9,0.12258553783582919,SSRF-tuned,1.0923601390917934,0.6498713742035932,0.059912919012079256,0.966,5.382784814853554,4.249291196220329,-1.9040544724277393,0.05719017553957453,3.8264843020001535,0.7341200503204025,0.733117274322985,95.912,3.4566037369799654,0.8837399119425461,0.6937792220373245,80,10
grid,dgp3,1200,20,10,5,0,0.18719719038361976,RF,0.9289171552252071,0.6505297120229667,0.09794267047938726,0.9666666666666667,5.6288861996146515,4.352594395216662,2.9869447131183935,0.002875065432426678,0.06303089700031705,0.7897691050199116,0.787330424499195,190.3,3.4513641052255966,0.5359927168120597,0.5680810790196914,40,10
grid,dgp3,1200,20,10,5,0,0.18719719038361976,SSRF,0.9063500812605753,0.6377514025071874,0.07535605400404118,0.965,5.614551904140148,4.240844932549095,-2.699433864059898,0.007043423373033893,0.06303089700031705,0.7897691050199116,0.787330424499195,190.3,3.4513641052255966,0.5359927168120597,0.5680810790196914,40,10
grid,dgp3,1200,20,10,5,0,0.18719719038361976,SSRF-JS,0.9092947048345885,0.6390617304615857,0.07883560658164872,0.9633333333333334,5.608934393515427,4.217743330188404,,,0.06303089700031705,0.7897691050199116,0.787330424499195,190.3,3.4513641052255966,0.5359927168120597,0.5680810790196914,40,10
grid,dgp3,1200,20,10,5,0,0.18719719038361976,RF-H,0.9230966065258065,0.6469824321565195,0.07999336915318182,0.9633333333333334,5.559852732802873,4.016257664425546,0.7642805013616683,0.4448504819935476,0.021508801999971183,0.7897691050199116,0.787330424499195,190.3,3.4513641052255966,0.5359927168120597,0.5680810790196914,40,10
grid,dgp3,1200,20,10,5,0,0.18719719038361976,SSRF-H,0.9697326448020757,0.6725766325382249,0.13562220305485367,0.9583333333333334,5.831035308968139,4.122047435692448,3.1385244113774173,0.0017394286641478644,0.021508801999971183,0.7897691050199116,0.787330424499195,190.3,3.4513641052255966,0.5359927168120597,0.5680810790196914,40,10
grid,dgp3,1200,20,10,5,0,0.18719719038361976,SSRF-JS-H,0.9714583262446689,0.6735159072891664,0.13702782691933857,0.96,5.825650818237992,4.123144533389726,3.2071987052620377,0.0013757778427289195,0.021508801999971183,0.7897691050199116,0.787330424499195,190.3,3.4513641052255966,0.5359927168120597,0.5680810790196914,40,10
grid,dgp3,1200,20,10,5,0,0.18719719038361976,SSRF-rob,0.9213790473980041,0.646199037067067,0.09049851043324451,0.9666666666666667,5.608900229820925,4.28600019125555,2.556374622173258,0.010699297050501292,0.07415292599989698,0.7897691050199116,0.787330424499195,190.3,3.4513641052255966,0.5359927168120597,0.5680810790196914,40,10
grid,dgp3,1200,20,10,5,0,0.18719719038361976,RidgeRF,0.9464136556915931,0.6616213156015504,0.08592984846728152,0.96,5.497507038628634,4.172343784759568,1.945311746265168,0.051970951075940144,0.04572779099999025,0.7897691050199116,0.787330424499195,190.3,3.4513641052255966,0.5359927168120597,0.5680810790196914,40,10
grid,dgp3,1200,20,10,5,0,0.18719719038361976,LassoRF,0.9094092540842041,0.6377521747808165,0.07110262053646137,0.96,5.640974754737243,3.936491682241673,0.006472506578397727,0.9948367996956214,0.04350721599985263,0.7897691050199116,0.787330424499195,190.3,3.4513641052255966,0.5359927168120597,0.5680810790196914,40,10
grid,dgp3,1200,20,10,5,0,0.18719719038361976,GBM,0.9132634039502722,0.6360763067130083,0.0858102449286307,0.955,5.682090586196353,4.141333740896557,0.19948037272087274,0.8419208187566419,0.1516962760001661,0.7897691050199116,0.787330424499195,190.3,3.4513641052255966,0.5359927168120597,0.5680810790196914,40,10
grid,dgp3,1200,20,10,5,0,0.18719719038361976,RF-tuned,0.8611517466515454,0.6111082504268902,0.03682331132727503,0.955,5.406300605161132,3.7392013530832418,-3.355811109727528,0.0008161058393791674,3.5508356810000805,0.7897691050199116,0.787330424499195,190.3,3.4513641052255966,0.5359927168120597,0.5680810790196914,40,10
grid,dgp3,1200,20,10,5,0,0.18719719038361976,SSRF-tuned,0.882344071086343,0.6249876491791877,0.04452849272162748,0.9633333333333334,5.469788641876191,4.067105452915897,-2.136924567472747,0.032806031327241914,3.60821260900002,0.7897691050199116,0.787330424499195,190.3,3.4513641052255966,0.5359927168120597,0.5680810790196914,40,10
grid,dgp3,1200,20,500,5,0,0.18719719038361976,RF,0.869713154346306,0.6140095557374072,0.02955578881296481,0.9616666666666667,5.514194171084609,4.019542820850169,-1.3815123535021516,0.16737885622018112,3.1770717220001643,0.78791712727422,0.7855454382614077,191.276,3.457408010744004,0.5299122410157192,0.5523233365523733,40,10
grid,dgp3,1200,20,500,5,0,0.18719719038361976,SSRF,0.8765531894737891,0.6172810565109141,0.03844528207025244,0.9633333333333334,5.502656419981946,4.0463076264620925,-1.0118480438672377,0.3118148586763255,3.1770717220001643,0.78791712727422,0.7855454382614077,191.276,3.457408010744004,0.5299122410157192,0.5523233365523733,40,10
grid,dgp3,1200,20,500,5,0,0.18719719038361976,SSRF-JS,0.8767726321796736,0.6175371884238849,0.0386746553998153,0.9633333333333334,5.502507416127631,4.044387077801056,,,3.1770717220001643,0.78791712727422,0.7855454382614077,191.276,3.457408010744004,0.5299122410157192,0.5523233365523733,40,10
grid,dgp3,1200,20,500,5,0,0.18719719038361976,RF-H,0.8876765411503017,0.6223572369812906,0.048756796822734406,0.9666666666666667,5.524628179295611,4.15445581423355,1.8371289877120682,0.06643823059986038,1.097532050999689,0.78791712727422,0.7855454382614077,191.276,3.457408010744004,0.5299122410157192,0.5523233365523733,40,10
grid,dgp3,1200,20,500,5,0,0.18719719038361976,SSRF-H,0.9781035039737034,0.6767499968256363,0.14580044356840158,0.97,5.756396349674984,4.680686752969021,6.521279275805377,1.0251499808987414e-10,1.097532050999689,0.78791712727422,0.7855454382614077,191.276,3.457408010744004,0.5299122410157192,0.5523233365523733,40,10
grid,dgp3,1200,20,500,5,0,0.18719719038361976,SSRF-JS-H,0.9786397205210572,0.677016528657374,0.1460120920394639,0.97,5.747398042626435,4.658248355207616,6.555796184964486,8.204058006497848e-11,1.097532050999689,0.78791712727422,0.7855454382614077,191.276,3.457408010744004,0.5299122410157192,0.5523233365523733,40,10
grid,dgp3,1200,20,500,5,0,0.18719719038361976,SSRF-rob,0.8702747598879129,0.613881271085149,0.030752256980280564,0.96,5.490502877108535,3.9392232533082203,-1.7712414495496391,0.0767745502095196,3.712736452000172,0.78791712727422,0.7855454382614077,191.276,3.457408010744004,0.5299122410157192,0.5523233365523733,40,10
grid,dgp3,1200,20,500,5,0,0.18719719038361976,RidgeRF,0.8835205046171971,0.6205241493786167,0.03837558049352791,0.965,5.562032643749965,4.233313985483206,0.8839749750085824,0.3768869372467858,2.015020927000023,0.78791712727422,0.7855454382614077,191.276,3.457408010744004,0.5299122410157192,0.5523233365523733,40,10
grid,dgp3,1200,20,500,5,0,0.18719719038361976,LassoRF,0.8801504280923549,0.6234740207894004,0.040613682804254966,0.9633333333333334,5.551536744179956,4.009217735045914,0.40028012805213053,0.6890215082297174,0.9587234139999055,0.78791712727422,0.7855454382614077,191.276,3.457408010744004,0.5299122410157192,0.5523233365523733,40,10
grid,dgp3,1200,20,500,5,0,0.18719719038361976,GBM,0.9132634039502722,0.6360763067130083,0.0858102449286307,0.96,5.662708884790921,4.253825809935896,2.1025691581056267,0.035711504445172,0.15522135299988804,0.78791712727422,0.7855454382614077,191.276,3.457408010744004,0.5299122410157192,0.5523233365523733,40,10
grid,dgp3,1200,20,500,5,0,0.18719719038361976,RF-tuned,0.8610335042172774,0.6082008378753063,0.024143991785555718,0.9683333333333334,5.520175494579197,4.157890160978944,-2.999529503808123,0.002759770421377863,5.004681530000198,0.78791712727422,0.7855454382614077,191.276,3.457408010744004,0.5299122410157192,0.5523233365523733,40,10
grid,dgp3,1200,20,500,5,0,0.18719719038361976,SSRF-tuned,0.8652283879819087,0.6107363922553691,0.02790874052565269,0.965,5.494536909241341,4.106039939567673,-2.736043100794845,0.006310078710515668,7.8901019910003924,0.78791712727422,0.7855454382614077,191.276,3.457408010744004,0.5299122410157192,0.5523233365523733,40,10
grid,dgp3,1200,20,10,5,1,0.20055383990509015,RF,0.9924967267280734,0.6511972670512216,0.10560466197097673,0.9533333333333334,5.951063107602143,3.83930283913753,2.8422860161286745,0.0045550383010165806,0.06602761600015583,0.7999893776473365,0.7978665503891254,189.8,3.4713246282839716,0.49287547266828213,0.5503152145132741,80,10
grid,dgp3,1200,20,10,5,1,0.20055383990509015,SSRF,0.973985756404998,0.6449391804461047,0.09045779529657372,0.945,5.991135752448573,3.6588078896114333,-1.3767940706121442,0.168832938718609,0.06602761600015583,0.7999893776473365,0.7978665503891254,189.8,3.4713246282839716,0.49287547266828213,0.5503152145132741,80,10
grid,dgp3,1200,20,10,5,1,0.20055383990509015,SSRF-JS,0.9756009627101854,0.6454699444132568,0.09222591894045237,0.945,5.987441580192675,3.6367693980943843,,,0.06602761600015583,0.7999893776473365,0.7978665503891254,189.8,3.4713246282839716,0.49287547266828213,0.5503152145132741,80,10
grid,dgp3,1200,20,10,5,1,0.20055383990509015,RF-H,0.9715842106709083,0.6540943576179046,0.10727522190060874,0.9433333333333334,5.885467422508074,3.640920726149234,-0.20826176238478564,0.8350599570179406,0.02255150200016942,0.7999893776473365,0.7978665503891254,189.8,3.4713246282839716,0.49287547266828213,0.5503152145132741,80,10
grid,dgp3,1200,20,10,5,1,0.20055383990509015,SSRF-H,1.0230345088690258,0.6855280115259451,0.15417209275180083,0.9383333333333334,6.222616391776146,3.543971752153116,2.2532253912013496,0.024425056172118077,0.02255150200016942,0.7999893776473365,0.7978665503891254,189.8,3.4713246282839716,0.49287547266828213,0.5503152145132741,80,10
grid,dgp3,1200,20,10,5,1,0.20055383990509015,SSRF-JS-H,1.029693958489134,0.6886776904138278,0.1612859346276158,0.9383333333333334,6.222378323835481,3.5480153182125553,2.496288626223073,0.012683491891363845,0.02255150200016942,0.7999893776473365,0.7978665503891254,189.8,3.4713246282839716,0.49287547266828213,0.5503152145132741,80,10
grid,dgp3,1200,20,10,5,1,0.20055383990509015,SSRF-rob,0.9860424594479726,0.6485430470423829,0.10025038773230105,0.9516666666666667,5.953369560329565,3.77667006406724,2.524642639037469,0.011709782192507406,0.07680429699985325,0.7999893776473365,0.7978665503891254,189.8,3.4713246282839716,0.49287547266828213,0.5503152145132741,80,10
grid,dgp3,1200,20,10,5,1,0.20055383990509015,RidgeRF,0.9580011933333799,0.6429298280512925,0.08739630535707311,0.9433333333333334,5.992364449774178,3.7147764683139153,-0.8302788021570384,0.40654645619675267,0.04338038800005961,0.7999893776473365,0.7978665503891254,189.8,3.4713246282839716,0.49287547266828213,0.5503152145132741,80,10
grid,dgp3,1200,20,10,5,1,0.20055383990509015,LassoRF,0.9449975199195929,0.6409897455226513,0.0864104205910671,0.9533333333333334,5.837491122518233,3.8047361302048475,-1.253062550271732,0.210427253425097,0.04248644200015406,0.7999893776473365,0.7978665503891254,189.8,3.4713246282839716,0.49287547266828213,0.5503152145132741,80,10
grid,dgp3,1200,20,10,5,1,0.20055383990509015,GBM,0.9991404747624597,0.6493768873400076,0.10595894636705165,0.9366666666666666,6.102891062122026,3.64992961766593,1.3250955882362698,0.18539190785196813,0.355916795000212,0.7999893776473365,0.7978665503891254,189.8,3.4713246282839716,0.49287547266828213,0.5503152145132741,80,10
grid,dgp3,1200,20,10,5,1,0.20055383990509015,RF-tuned,0.8982241332195887,0.6052486651079056,0.03203917986441729,0.945,5.879615306715046,3.502294957755946,-5.123156394814363,3.4987240441839905e-07,3.5716357149999567,0.7999893776473365,0.7978665503891254,189.8,3.4713246282839716,0.49287547266828213,0.5503152145132741,80,10
grid,dgp3,1200,20,10,5,1,0.20055383990509015,SSRF-tuned,0.9107201015519775,0.6136893439821806,0.03781148308062485,0.9433333333333334,5.960391394832941,3.4505794225038215,-4.674022960194077,3.2877721085795714e-06,3.617699603999881,0.7999893776473365,0.7978665503891254,189.8,3.4713246282839716,0.49287547266828213,0.5503152145132741,80,10
grid,dgp3,1200,20,500,5,1,0.20055383990509015,RF,0.928992168431666,0.6145041060900758,0.037667294536368835,0.9566666666666667,5.62728044224177,3.782969742586416,-0.5003085918112659,0.6169496186849591,3.2741795119995913,0.7952580040530106,0.7930428250093291,191.402,3.4534497252978955,0.49877620686227664,0.5447062337553844,80,10
grid,dgp3,1200,20,500,5,1,0.20055383990509015,SSRF,0.9311712831354281,0.6201078975481831,0.045036946309820074,0.955,5.6169663801503456,3.7402184956158466,-2.2090290997467905,0.027361148417617245,3.2741795119995913,0.7952580040530106,0.7930428250093291,191.402,3.4534497252978955,0.49877620686227664,0.5447062337553844,80,10
grid,dgp3,1200,20,500,5,1,0.20055383990509015,SSRF-JS,0.9316575480948059,0.620336734964488,0.04514208259839562,0.9533333333333334,5.61739041863747,3.72776853265892,,,3.2741795119995913,0.7952580040530106,0.7930428250093291,191.402,3.4534497252978955,0.49877620686227664,0.5447062337553844,80,10
grid,dgp3,1200,20,500,5,1,0.20055383990509015,RF-H,0.9255885543176987,0.6204251114661605,0.047393619259386933,0.9533333333333334,5.574492868419778,3.711678802052873,-0.9312985755922701,0.3518866148667852,1.1116600280001876,0.7952580040530106,0.7930428250093291,191.402,3.4534497252978955,0.49877620686227664,0.5447062337553844,80,10
grid,dgp3,1200,20,500,5,1,0.20055383990509015,SSRF-H,1.0103205559897945,0.6768706334897695,0.1402006693649672,0.955,5.701526622449,3.8996391337597553,4.631444812232186,4.0272908358418104e-06,1.1116600280001876,0.7952580040530106,0.7930428250093291,191.402,3.4534497252978955,0.49877620686227664,0.5447062337553844,80,10
grid,dgp3,1200,20,500,5,1,0.20055383990509015,SSRF-JS-H,1.0103571710971984,0.6769195638326154,0.1400592350499711,0.955,5.701060032173527,3.901423151312976,4.653437814020938,3.6273552114528997e-06,1.1116600280001876,0.7952580040530106,0.7930428250093291,191.402,3.4534497252978955,0.49877620686227664,0.5447062337553844,80,10
grid,dgp3,1200,20,500,5,1,0.20055383990509015,SSRF-rob,0.9286225529960158,0.6156417193104127,0.038723656906049786,0.9566666666666667,5.6162982492428135,3.7340682482777767,-0.8095495556598136,0.4183597344420345,3.6367143070001475,0.7952580040530106,0.7930428250093291,191.402,3.4534497252978955,0.49877620686227664,0.5447062337553844,80,10
grid,dgp3,1200,20,500,5,1,0.20055383990509015,RidgeRF,0.934489830119226,0.6189737286060679,0.04837752245732862,0.9516666666666667,5.531033725019067,3.700966863983105,0.31866462034136633,0.7500363465337515,1.898929126999974,0.7952580040530106,0.7930428250093291,191.402,3.4534497252978955,0.49877620686227664,0.5447062337553844,80,10
grid,dgp3,1200,20,500,5,1,0.20055383990509015,LassoRF,0.9441869882112803,0.6348248856774147,0.06467759053017998,0.965,5.581835579122934,3.830829029345126,0.9323196609572615,0.35135904431259174,0.7181055159999232,0.7952580040530106,0.7930428250093291,191.402,3.4534497252978955,0.49877620686227664,0.5447062337553844,80,10
grid,dgp3,1200,20,500,5,1,0.20055383990509015,GBM,0.9991404747624597,0.6493768873400076,0.10595894636705165,0.9616666666666667,5.653661998721141,4.076392061150755,4.765291490511432,2.1164981619335828e-06,0.36027186000001166,0.7952580040530106,0.7930428250093291,191.402,3.4534497252978955,0.49877620686227664,0.5447062337553844,80,10
grid,dgp3,1200,20,500,5,1,0.20055383990509015,RF-tuned,0.903930234051864,0.6076448229134017,0.032247350891032214,0.9533333333333334,5.582723302280712,3.7044525382270983,-3.7162966424185275,0.00021148300472696865,4.817811948000326,0.7952580040530106,0.7930428250093291,191.402,3.4534497252978955,0.49877620686227664,0.5447062337553844,80,10
grid,dgp3,1200,20,500,5,1,0.20055383990509015,SSRF-tuned,0.9068530608230234,0.6086119341052143,0.03221039029910434,0.9533333333333334,5.587168742699476,3.650358977094865,-3.8646093433166286,0.00011722752841165193,7.133689868000147,0.7952580040530106,0.7930428250093291,191.402,3.4534497252978955,0.49877620686227664,0.5447062337553844,80,10
grid,dgp3,1200,20,10,5,2,0.20052581620171891,RF,1.0713039871289232,0.6578081050352751,0.10073913446556812,0.945,5.750814957734354,3.9360815376443807,1.5831647415480807,0.11364763660555396,0.06215957799986427,0.7964438191345182,0.7942186377265118,193.5,3.3838838192156544,0.4850704823512193,0.5454009341420137,40,10
grid,dgp3,1200,20,10,5,2,0.20052581620171891,SSRF,1.060604755170084,0.649168956900796,0.08756545391383125,0.945,5.668839042625851,3.883696049366985,-1.2864052478401837,0.19855000256694608,0.06215957799986427,0.7964438191345182,0.7942186377265118,193.5,3.3838838192156544,0.4850704823512193,0.5454009341420137,40,10
grid,dgp3,1200,20,10,5,2,0.20052581620171891,SSRF-JS,1.061768591464591,0.650090971242296,0.08848596480570693,0.9466666666666667,5.679036729141588,3.9157490808741326,,,0.06215957799986427,0.7964438191345182,0.7942186377265118,193.5,3.3838838192156544,0.4850704823512193,0.5454009341420137,40,10
grid,dgp3,1200,20,10,5,2,0.20052581620171891,RF-H,1.0985753690791755,0.6609169722959213,0.08135268054865714,0.9383333333333334,5.655760829580242,3.6814559906804516,1.3883792683718092,0.16527946693359538,0.02493708300016806,0.7964438191345182,0.7942186377265118,193.5,3.3838838192156544,0.4850704823512193,0.5454009341420137,40,10
grid,dgp3,1200,20,10,5,2,0.20052581620171891,SSRF-H,1.1261582192008575,0.6769609488073077,0.13733879811405436,0.94,5.59520642256241,3.8008216543469713,2.906643345232646,0.0037204758542227034,0.02493708300016806,0.7964438191345182,0.7942186377265118,193.5,3.3838838192156544,0.4850704823512193,0.5454009341420137,40,10
grid,dgp3,1200,20,10,5,2,0.20052581620171891,SSRF-JS-H,1.1317919564259271,0.6795624079301279,0.14097068797113324,0.9383333333333334,5.614384367375853,3.7878572869893357,3.1610242166508753,0.0016115350577781157,0.02493708300016806,0.7964438191345182,0.7942186377265118,193.5,3.3838838192156544,0.4850704823512193,0.5454009341420137,40,10
grid,dgp3,1200,20,10,5,2,0.20052581620171891,SSRF-rob,1.0664655017266567,0.6539053796683418,0.09516150158100306,0.945,5.723532719129386,3.9255299691712797,1.1736832681559466,0.24075499913481488,0.07865998299985222,0.7964438191345182,0.7942186377265118,193.5,3.3838838192156544,0.4850704823512193,0.5454009341420137,40,10
grid,dgp3,1200,20,10,5,2,0.20052581620171891,RidgeRF,1.0741529546268567,0.6624129675270185,0.08645967972845967,0.95,5.646794890846976,3.897977271049935,0.6379960719697526,0.5235980611955138,0.046511886000189406,0.7964438191345182,0.7942186377265118,193.5,3.3838838192156544,0.4850704823512193,0.5454009341420137,40,10
grid,dgp3,1200,20,10,5,2,0.20052581620171891,LassoRF,1.0887713666102983,0.654613920680085,0.08116532500130014,0.9566666666666667,5.714286783379515,3.984207158173551,1.0058408244191384,0.31469508889289166,0.04630505399973117,0.7964438191345182,0.7942186377265118,193.5,3.3838838192156544,0.4850704823512193,0.5454009341420137,40,10
grid,dgp3,1200,20,10,5,2,0.20052581620171891,GBM,1.0733131926038275,0.6353132100429225,0.0663013306007316,0.94,5.728366130020522,3.68985944135125,0.4598204050766096,0.645728500343581,0.2699583610001355,0.7964438191345182,0.7942186377265118,193.5,3.3838838192156544,0.4850704823512193,0.5454009341420137,40,10
grid,dgp3,1200,20,10,5,2,0.20052581620171891,RF-tuned,1.0414054865115427,0.6303185280632438,0.03935892380470493,0.95,5.568455457152024,3.764814673556181,-0.8031754500512642,0.42203251909776757,3.611771819000296,0.7964438191345182,0.7942186377265118,193.5,3.3838838192156544,0.4850704823512193,0.5454009341420137,40,10
grid,dgp3,1200,20,10,5,2,0.20052581620171891,SSRF-tuned,1.0274858862319454,0.6262604368766292,0.04167174173432484,0.9433333333333334,5.514262724334239,3.6627506536105723,-1.6443005113632492,0.10037628789848606,3.6662886210006036,0.7964438191345182,0.7942186377265118,193.5,3.3838838192156544,0.4850704823512193,0.5454009341420137,40,10
grid,dgp3,1200,20,500,5,2,0.20052581620171891,RF,1.0252103203469576,0.6258201949367117,0.03843305482288042,0.965,5.6753884787031135,3.9583665843712614,-1.2782521216967575,0.20140793361301676,3.135198000999935,0.8135975949887869,0.8118389832610987,191.364,3.458197124087512,0.44937929443255825,0.5542421714458926,40,10
grid,dgp3,1200,20,500,5,2,0.20052581620171891,SSRF,1.0298274455258094,0.6266938833733483,0.0437292262642098,0.9633333333333334,5.64836411177152,3.87367657296692,-0.2094411882779312,0.8341394212190741,3.135198000999935,0.8135975949887869,0.8118389832610987,191.364,3.458197124087512,0.44937929443255825,0.5542421714458926,40,10
grid,dgp3,1200,20,500,5,2,0.20052581620171891,SSRF-JS,1.0298662462591233,0.6267787227724484,0.043829988561558224,0.9633333333333334,5.646033887242287,3.868881989228462,,,3.135198000999935,0.8135975949887869,0.8118389832610987,191.364,3.458197124087512,0.44937929443255825,0.5542421714458926,40,10
grid,dgp3,1200,20,500,5,2,0.20052581620171891,RF-H,1.042057371447691,0.6303078481296062,0.047862773347191245,0.9583333333333334,5.690989415280331,3.8674928972263447,1.7283971348382547,0.0841744979702282,1.097776409999824,0.8135975949887869,0.8118389832610987,191.364,3.458197124087512,0.44937929443255825,0.5542421714458926,40,10
grid,dgp3,1200,20,500,5,2,0.20052581620171891,SSRF-H,1.1174687996876422,0.6721495563544132,0.13250816346861016,0.9583333333333334,5.815015170431599,4.0977809728782235,6.764416214662685,2.0872383620637437e-11,1.097776409999824,0.8135975949887869,0.8118389832610987,191.364,3.458197124087512,0.44937929443255825,0.5542421714458926,40,10
grid,dgp3,1200,20,500,5,2,0.20052581620171891,SSRF-JS-H,1.117080613768086,0.6720637169122465,0.1324876846715636,0.9583333333333334,5.814688777746798,4.099106314430158,6.75917851852842,2.1612195205260246e-11,1.097776409999824,0.8135975949887869,0.8118389832610987,191.364,3.458197124087512,0.44937929443255825,0.5542421714458926,40,10
grid,dgp3,1200,20,500,5,2,0.20052581620171891,SSRF-rob,1.025708790436839,0.6254337970949496,0.03921999255333529,0.965,5.664833015464766,3.928573214842967,-1.7246726620438602,0.08484419717162495,3.612602112999866,0.8135975949887869,0.8118389832610987,191.364,3.458197124087512,0.44937929443255825,0.5542421714458926,40,10
grid,dgp3,1200,20,500,5,2,0.20052581620171891,RidgeRF,1.0339277710044321,0.6312492507067234,0.047203270485945054,0.9633333333333334,5.59886475323425,3.8811743639427476,0.4468600761799937,0.6550567936297431,1.8685193489995982,0.8135975949887869,0.8118389832610987,191.364,3.458197124087512,0.44937929443255825,0.5542421714458926,40,10
grid,dgp3,1200,20,500,5,2,0.20052581620171891,LassoRF,1.0355853691119685,0.6315215561661041,0.0481467600828596,0.9633333333333334,5.6475795738039265,3.9507777028191957,0.7596737753444639,0.44759894213624807,0.9524463110001307,0.8135975949887869,0.8118389832610987,191.364,3.458197124087512,0.44937929443255825,0.5542421714458926,40,10
grid,dgp3,1200,20,500,5,2,0.20052581620171891,GBM,1.0733131926038275,0.6353132100429225,0.0663013306007316,0.9633333333333334,5.789845990801748,4.049619331302856,3.035969248220694,0.002449366415858214,0.26029401000005237,0.8135975949887869,0.8118389832610987,191.364,3.458197124087512,0.44937929443255825,0.5542421714458926,40,10
grid,dgp3,1200,20,500,5,2,0.20052581620171891,RF-tuned,1.0268017267210396,0.6200353286253939,0.029888379145358083,0.965,5.655894590558386,3.848005612135459,-0.3925547151786604,0.6947181654257842,5.02964649400019,0.8135975949887869,0.8118389832610987,191.364,3.458197124087512,0.44937929443255825,0.5542421714458926,40,10
grid,dgp3,1200,20,500,5,2,0.20052581620171891,SSRF-tuned,1.0283528044869428,0.6216042902798695,0.03305105503747281,0.9616666666666667,5.643129619273151,3.809972419230377,-0.2505951159334493,0.80217009207692,7.876241095999831,0.8135975949887869,0.8118389832610987,191.364,3.458197124087512,0.44937929443255825,0.5542421714458926,40,10
grid,dgp3,1200,20,10,5,3,0.07968160699967168,RF,1.3976245992553222,0.74185266849394,0.22233857004002167,0.9466666666666667,7.86073804610555,4.42165300499144,3.4648866222799537,0.0005491917032326888,0.06687352400012969,0.6199733627337756,0.6139650897538149,191.5,3.436432726172448,1.6737064855188422,0.6531003520100077,40,10
grid,dgp3,1200,20,10,5,3,0.07968160699967168,SSRF,1.3090892335681334,0.7035162906493737,0.10744787711145729,0.9583333333333334,7.429737350751585,4.355461981286802,0.013558217881672018,0.9891846942839151,0.06687352400012969,0.6199733627337756,0.6139650897538149,191.5,3.436432726172448,1.6737064855188422,0.6531003520100077,40,10
grid,dgp3,1200,20,10,5,3,0.07968160699967168,SSRF-JS,1.3090614489842156,0.7048801775831719,0.10885374339495858,0.9583333333333334,7.426240346566494,4.3812243330350364,,,0.06687352400012969,0.6199733627337756,0.6139650897538149,191.5,3.436432726172448,1.6737064855188422,0.6531003520100077,40,10
grid,dgp3,1200,20,10,5,3,0.07968160699967168,RF-H,1.311779392302783,0.7016674947504801,0.0930699626506871,0.965,7.481692692768455,4.277176610962189,0.1309085938886109,0.895869576708978,0.023503455000081885,0.6199733627337756,0.6139650897538149,191.5,3.436432726172448,1.6737064855188422,0.6531003520100077,40,10
grid,dgp3,1200,20,10,5,3,0.07968160699967168,SSRF-H,1.3722952522067946,0.7284447394169565,0.14300419093664413,0.955,7.555397342515828,4.277479442173854,2.808662160467834,0.005055522879801378,0.023503455000081885,0.6199733627337756,0.6139650897538149,191.5,3.436432726172448,1.6737064855188422,0.6531003520100077,40,10
grid,dgp3,1200,20,10,5,3,0.07968160699967168,SSRF-JS-H,1.374055591191289,0.7296919558659716,0.14571998941249015,0.9533333333333334,7.555232093653498,4.241540184651351,2.8707775714602097,0.004166595988077576,0.023503455000081885,0.6199733627337756,0.6139650897538149,191.5,3.436432726172448,1.6737064855188422,0.6531003520100077,40,10
grid,dgp3,1200,20,10,5,3,0.07968160699967168,SSRF-rob,1.385927186177168,0.7366832687556125,0.20823238134512703,0.945,7.813676525719414,4.438880571087425,3.286226191563396,0.00104479005751919,0.07555066399982024,0.6199733627337756,0.6139650897538149,191.5,3.436432726172448,1.6737064855188422,0.6531003520100077,40,10
grid,dgp3,1200,20,10,5,3,0.07968160699967168,RidgeRF,1.3188357162555764,0.7062778468500494,0.1281582071355182,0.9533333333333334,7.430350724583442,4.123262642403412,0.4180623195313618,0.6759764141191398,0.04572938299997986,0.6199733627337756,0.6139650897538149,191.5,3.436432726172448,1.6737064855188422,0.6531003520100077,40,10
grid,dgp3,1200,20,10,5,3,0.07968160699967168,LassoRF,1.343912653040297,0.7152174010458346,0.1547427250091051,0.9566666666666667,7.585017360814397,4.260795930633315,1.4424885394066982,0.14942576863310894,0.041169230000377866,0.6199733627337756,0.6139650897538149,191.5,3.436432726172448,1.6737064855188422,0.6531003520100077,40,10
grid,dgp3,1200,20,10,5,3,0.07968160699967168,GBM,1.4038617502088337,0.7188231572502918,0.21332750557570163,0.9533333333333334,7.931631795638444,4.529134856709305,2.1959691725520014,0.028285141476047795,0.14113520099999732,0.6199733627337756,0.6139650897538149,191.5,3.436432726172448,1.6737064855188422,0.6531003520100077,40,10
grid,dgp3,1200,20,10,5,3,0.07968160699967168,RF-tuned,1.23381946218863,0.6685617275982784,0.04732414368993824,0.955,7.2379028921137465,3.8307644182492746,-4.33066045560811,1.6107648548001893e-05,3.8719123189998754,0.6199733627337756,0.6139650897538149,191.5,3.436432726172448,1.6737064855188422,0.6531003520100077,40,10
grid,dgp3,1200,20,10,5,3,0.07968160699967168,SSRF-tuned,1.2417478416640926,0.6723560061541664,0.05221036776676071,0.9566666666666667,7.313861151286183,4.03723175631256,-4.2112474823079635,2.7296187663446805e-05,3.9319569019999108,0.6199733627337756,0.6139650897538149,191.5,3.436432726172448,1.6737064855188422,0.6531003520100077,40,10
grid,dgp3,1200,20,500,5,3,0.07968160699967168,RF,1.2683787767351176,0.6832480365748788,0.08023304597087427,0.9666666666666667,6.225367427774242,4.348819345582541,-0.867368696861755,0.3859135808269757,3.377316479000001,0.5903735704209054,0.5833419661855129,191.566,3.456724616706441,1.7921393500367313,0.7006225388339391,40,10
grid,dgp3,1200,20,500,5,3,0.07968160699967168,SSRF,1.2804509881315913,0.6855785497652239,0.07127600491085538,0.965,6.234779046844995,4.270658919733806,-0.5460034506391298,0.5851651378724902,3.377316479000001,0.5903735704209054,0.5833419661855129,191.566,3.456724616706441,1.7921393500367313,0.7006225388339391,40,10
grid,dgp3,1200,20,500,5,3,0.07968160699967168,SSRF-JS,1.2806505093014282,0.6860713946258766,0.07177689629017377,0.965,6.23704220144634,4.278683957810288,,,3.377316479000001,0.5903735704209054,0.5833419661855129,191.566,3.456724616706441,1.7921393500367313,0.7006225388339391,40,10
grid,dgp3,1200,20,500,5,3,0.07968160699967168,RF-H,1.2515047570636015,0.6689028463700372,0.04703486078292427,0.9666666666666667,6.169185758422795,4.294551565345193,-3.6451351371184204,0.00027869365623326423,1.1175853790000474,0.5903735704209054,0.5833419661855129,191.566,3.456724616706441,1.7921393500367313,0.7006225388339391,40,10
grid,dgp3,1200,20,500,5,3,0.07968160699967168,SSRF-H,1.3688871437300885,0.7269213664608272,0.13994058013175484,0.9666666666666667,6.378349656549371,4.56419043004519,6.412798280544469,2.0508045586629852e-10,1.1175853790000474,0.5903735704209054,0.5833419661855129,191.566,3.456724616706441,1.7921393500367313,0.7006225388339391,40,10
grid,dgp3,1200,20,500,5,3,0.07968160699967168,SSRF-JS-H,1.3691884035487814,0.727248071198488,0.14018038430588498,0.9683333333333334,6.378958763200106,4.567986629748711,6.434828048447023,1.7829316899401793e-10,1.1175853790000474,0.5903735704209054,0.5833419661855129,191.566,3.456724616706441,1.7921393500367313,0.7006225388339391,40,10
grid,dgp3,1200,20,500,5,3,0.07968160699967168,SSRF-rob,1.267100077491042,0.6820326864632686,0.07706035481551737,0.9666666666666667,6.236666327768479,4.399351573308933,-1.0549067970318755,0.2916804724406796,3.7458645879996766,0.5903735704209054,0.5833419661855129,191.566,3.456724616706441,1.7921393500367313,0.7006225388339391,40,10
grid,dgp3,1200,20,500,5,3,0.07968160699967168,RidgeRF,1.2481165710963267,0.6716750286495863,0.07479136308606396,0.97,6.172347468148729,4.384789436798594,-1.90368028478565,0.057191072391519555,1.9113971610004228,0.5903735704209054,0.5833419661855129,191.566,3.456724616706441,1.7921393500367313,0.7006225388339391,40,10
grid,dgp3,1200,20,500,5,3,0.07968160699967168,LassoRF,1.2945322388879816,0.6925430550920265,0.11674331871932919,0.9666666666666667,6.386225454823881,4.543823950169352,0.5782390866100847,0.5632112995906484,0.7340501110002151,0.5903735704209054,0.5833419661855129,191.566,3.456724616706441,1.7921393500367313,0.7006225388339391,40,10
grid,dgp3,1200,20,500,5,3,0.07968160699967168,GBM,1.4038617502088337,0.7188231572502918,0.21332750557570163,0.965,6.770798589129996,4.822100360244105,2.8561448872417756,0.004362165974515838,0.14395120400013184,0.5903735704209054,0.5833419661855129,191.566,3.456724616706441,1.7921393500367313,0.7006225388339391,40,10
grid,dgp3,1200,20,500,5,3,0.07968160699967168,RF-tuned,1.2192841810213075,0.659141711103239,0.03195672771938862,0.9666666666666667,6.092266118484588,4.224397303170812,-4.831289751753993,1.5319621843819205e-06,5.216587767999954,0.5903735704209054,0.5833419661855129,191.566,3.456724616706441,1.7921393500367313,0.7006225388339391,40,10
grid,dgp3,1200,20,500,5,3,0.07968160699967168,SSRF-tuned,1.2364570816114913,0.6645909252220362,0.042599895226397254,0.9666666666666667,6.124830977467195,4.233390250087674,-4.877898056072084,1.2164189851505487e-06,8.173853889999918,0.5903735704209054,0.5833419661855129,191.566,3.456724616706441,1.7921393500367313,0.7006225388339391,40,10
grid,dgp3,1200,20,10,5,4,0.19329831038710935,RF,0.92041844536192,0.6443446559126571,0.09702001280791613,0.9516666666666667,6.1265047788095375,3.8828338953042913,2.62425854315129,0.008794114158884462,0.0651559709999674,0.8247001087632398,0.8230709910690226,191.8,3.458235441504715,0.44937918196285265,0.5974110223789385,80,10
grid,dgp3,1200,20,10,5,4,0.19329831038710935,SSRF,0.9067724196725434,0.6348215807893609,0.07773234886560566,0.9516666666666667,6.133268569275435,3.7816008576226774,-1.0953084920864131,0.2736014735118335,0.0651559709999674,0.8247001087632398,0.8230709910690226,191.8,3.458235441504715,0.44937918196285265,0.5974110223789385,80,10
grid,dgp3,1200,20,10,5,4,0.19329831038710935,SSRF-JS,0.9076648497828311,0.6355444768557891,0.07959730151155699,0.9516666666666667,6.127089441903423,3.7687575682186996,,,0.0651559709999674,0.8247001087632398,0.8230709910690226,191.8,3.458235441504715,0.44937918196285265,0.5974110223789385,80,10
grid,dgp3,1200,20,10,5,4,0.19329831038710935,RF-H,0.9101155372051699,0.6364102514500916,0.08769963671801095,0.95,5.95460710161626,3.6971550544691034,0.135969515777602,0.8918682043196021,0.02201001000003089,0.8247001087632398,0.8230709910690226,191.8,3.458235441504715,0.44937918196285265,0.5974110223789385,80,10
grid,dgp3,1200,20,10,5,4,0.19329831038710935,SSRF-H,0.9912171585998935,0.6823379982751523,0.14778875590997523,0.955,6.147881555618407,4.0800714060680034,4.1898908020521155,2.995537146761818e-05,0.02201001000003089,0.8247001087632398,0.8230709910690226,191.8,3.458235441504715,0.44937918196285265,0.5974110223789385,80,10
grid,dgp3,1200,20,10,5,4,0.19329831038710935,SSRF-JS-H,0.9907879753180627,0.6810515637992647,0.14814226797434485,0.9516666666666667,6.1469455870294505,4.079940225632966,4.163226555548291,3.362227052147478e-05,0.02201001000003089,0.8247001087632398,0.8230709910690226,191.8,3.458235441504715,0.44937918196285265,0.5974110223789385,80,10
grid,dgp3,1200,20,10,5,4,0.19329831038710935,SSRF-rob,0.9144922649916566,0.640489788994591,0.08945243425972696,0.9516666666666667,6.126513580263929,3.825214477669277,2.157738102504267,0.031146300787118483,0.07923955699970975,0.8247001087632398,0.8230709910690226,191.8,3.458235441504715,0.44937918196285265,0.5974110223789385,80,10
grid,dgp3,1200,20,10,5,4,0.19329831038710935,RidgeRF,0.9334579546226042,0.6481679359851987,0.08452691707835534,0.9516666666666667,6.2285141876571375,3.947900946586696,1.4352558193232738,0.15147501310506864,0.14733983199994327,0.8247001087632398,0.8230709910690226,191.8,3.458235441504715,0.44937918196285265,0.5974110223789385,80,10
grid,dgp3,1200,20,10,5,4,0.19329831038710935,LassoRF,0.9194750216562418,0.6362357335742653,0.09779871033650503,0.9533333333333334,6.160254781213688,3.9480933368864015,0.6188131664747287,0.5361569927566823,0.039921278999827337,0.8247001087632398,0.8230709910690226,191.8,3.458235441504715,0.44937918196285265,0.5974110223789385,80,10
grid,dgp3,1200,20,10,5,4,0.19329831038710935,GBM,0.8971438711575134,0.6304926840423758,0.07151858393558844,0.94,6.141382092866777,3.4869081929323222,-0.6863018817183085,0.49265545484832707,0.21163464000028398,0.8247001087632398,0.8230709910690226,191.8,3.458235441504715,0.44937918196285265,0.5974110223789385,80,10
grid,dgp3,1200,20,10,5,4,0.19329831038710935,RF-tuned,0.8625078822824005,0.6079427899118703,0.03439326385523689,0.9483333333333334,6.039239310606971,3.4891808247085296,-3.3695292869002427,0.0007769095774473141,3.5704383649999727,0.8247001087632398,0.8230709910690226,191.8,3.458235441504715,0.44937918196285265,0.5974110223789385,80,10
grid,dgp3,1200,20,10,5,4,0.19329831038710935,SSRF-tuned,0.8544526518239987,0.6055974419073243,0.03322567093344595,0.9483333333333334,5.968375822002755,3.5060584705061015,-3.89329726804614,0.0001043415388958518,3.617876070999955,0.8247001087632398,0.8230709910690226,191.8,3.458235441504715,0.44937918196285265,0.5974110223789385,80,10
grid,dgp3,1200,20,500,5,4,0.19329831038710935,RF,0.8565699173162549,0.6067471487349477,0.03463858000786291,0.955,6.122369499985529,3.7004310151849436,-2.4958789427006502,0.012698071771751425,3.2142292059998,0.8148828156355535,0.8131756074914609,191.272,3.45958218514377,0.4715289843348793,0.5861007087110143,80,10
grid,dgp3,1200,20,500,5,4,0.19329831038710935,SSRF,0.865768519854081,0.6115965756075119,0.03879788673486422,0.9516666666666667,6.117638031655508,3.692827414160582,-2.4933059414564744,0.01278998017938083,3.2142292059998,0.8148828156355535,0.8131756074914609,191.272,3.45958218514377,0.4715289843348793,0.5861007087110143,80,10
grid,dgp3,1200,20,500,5,4,0.19329831038710935,SSRF-JS,0.8661923998314988,0.6119779081149732,0.039080758021949165,0.9516666666666667,6.119477620183905,3.7006256633687817,,,3.2142292059998,0.8148828156355535,0.8131756074914609,191.272,3.45958218514377,0.4715289843348793,0.5861007087110143,80,10
grid,dgp3,1200,20,500,5,4,0.19329831038710935,RF-H,0.8747757115406777,0.6156177672969233,0.041564017053165585,0.9516666666666667,6.092064596337671,3.6658539688132943,1.7335960838323807,0.08324684245976142,1.1020417480003744,0.8148828156355535,0.8131756074914609,191.272,3.45958218514377,0.4715289843348793,0.5861007087110143,80,10
grid,dgp3,1200,20,500,5,4,0.19329831038710935,SSRF-H,0.9758854748083953,0.6745104014537799,0.1304394371229218,0.9516666666666667,6.1999399460182305,3.9610539496485595,8.053272011076837,1.929431531098596e-15,1.1020417480003744,0.8148828156355535,0.8131756074914609,191.272,3.45958218514377,0.4715289843348793,0.5861007087110143,80,10
grid,dgp3,1200,20,500,5,4,0.19329831038710935,SSRF-JS-H,0.9756566304254681,0.6743528870117386,0.13028243605833636,0.9516666666666667,6.199902626243796,3.9747987041256776,8.055015892409278,1.9035139742067204e-15,1.1020417480003744,0.8148828156355535,0.8131756074914609,191.272,3.45958218514377,0.4715289843348793,0.5861007087110143,80,10
grid,dgp3,1200,20,500,5,4,0.19329831038710935,SSRF-rob,0.8586886338277145,0.6079340090016293,0.03498305023408157,0.955,6.123526981544847,3.7304821948471,-2.9269984179434294,0.003487070244410113,3.720271754999885,0.8148828156355535,0.8131756074914609,191.272,3.45958218514377,0.4715289843348793,0.5861007087110143,80,10
grid,dgp3,1200,20,500,5,4,0.19329831038710935,RidgeRF,0.8867344689587836,0.62240004753484,0.0469388239790766,0.955,6.212356066202586,3.8750205322712192,2.3690391773491997,0.01799209544851331,1.9807274540003164,0.8148828156355535,0.8131756074914609,191.272,3.45958218514377,0.4715289843348793,0.5861007087110143,80,10
grid,dgp3,1200,20,500,5,4,0.19329831038710935,LassoRF,0.8952568696565485,0.6210255725773783,0.07129911296836461,0.9433333333333334,6.229945893082032,3.6086947000794907,1.855918219135973,0.0637104336658891,0.7302530870001647,0.8148828156355535,0.8131756074914609,191.272,3.45958218514377,0.4715289843348793,0.5861007087110143,80,10
grid,dgp3,1200,20,500,5,4,0.19329831038710935,GBM,0.8971438711575134,0.6304926840423758,0.07151858393558844,0.9516666666666667,6.141603736025904,3.6157678439758714,2.966436900631533,0.0030724121085572544,0.22136216799981412,0.8148828156355535,0.8131756074914609,191.272,3.45958218514377,0.4715289843348793,0.5861007087110143,80,10
grid,dgp3,1200,20,500,5,4,0.19329831038710935,RF-tuned,0.8572583204491963,0.6050604102739491,0.02922850201843785,0.95,6.065035568964452,3.5338722196363186,-1.5727005131773213,0.11605200554585557,4.774073868999949,0.8148828156355535,0.8131756074914609,191.272,3.45958218514377,0.4715289843348793,0.5861007087110143,80,10
grid,dgp3,1200,20,500,5,4,0.19329831038710935,SSRF-tuned,0.854115602393068,0.6042921495594533,0.028026857646818056,0.9516666666666667,6.065399943012387,3.5530748652982873,-2.227877382135219,0.026073650535159688,7.015138918000048,0.8148828156355535,0.8131756074914609,191.272,3.45958218514377,0.4715289843348793,0.5861007087110143,80,10
grid,dgp3,1200,20,10,5,5,0.17209153642898428,RF,1.0640160869618938,0.6436401533295306,0.10170271972765212,0.9566666666666667,6.337487154166331,3.6990967556647085,2.2954538423433997,0.02187910935658387,0.06003788199996052,0.7997815951508931,0.797616000109793,193.0,3.432167644222746,0.5609358578463108,0.6387245258796216,40,10
grid,dgp3,1200,20,10,5,5,0.17209153642898428,SSRF,1.0488547755604591,0.6336794132988544,0.07994490996044282,0.9633333333333334,6.346411318364049,3.9125210815589995,-0.4614505476065616,0.6445590943819536,0.06003788199996052,0.7997815951508931,0.797616000109793,193.0,3.432167644222746,0.5609358578463108,0.6387245258796216,40,10
grid,dgp3,1200,20,10,5,5,0.17209153642898428,SSRF-JS,1.0493067828103035,0.634096821239814,0.08119468252360602,0.9633333333333334,6.347850365540077,3.9240892419605795,,,0.06003788199996052,0.7997815951508931,0.797616000109793,193.0,3.432167644222746,0.5609358578463108,0.6387245258796216,40,10
grid,dgp3,1200,20,10,5,5,0.17209153642898428,RF-H,1.0865060765162973,0.6516770804261877,0.0990828946187148,0.9683333333333334,6.501439314161447,3.9700039735950123,2.0105223910880827,0.04459950107937911,0.022656800000277144,0.7997815951508931,0.797616000109793,193.0,3.432167644222746,0.5609358578463108,0.6387245258796216,40,10
grid,dgp3,1200,20,10,5,5,0.17209153642898428,SSRF-H,1.1223683872181964,0.6774608653284442,0.13202748252102472,0.9666666666666667,6.6770683928655,4.315327034415481,3.4514427595751926,0.0005770065045710994,0.022656800000277144,0.7997815951508931,0.797616000109793,193.0,3.432167644222746,0.5609358578463108,0.6387245258796216,40,10
grid,dgp3,1200,20,10,5,5,0.17209153642898428,SSRF-JS-H,1.1225415075389946,0.677647239066457,0.13370856841461204,0.9683333333333334,6.671754628684404,4.331248336038513,3.4810944836718236,0.0005173216489700476,0.022656800000277144,0.7997815951508931,0.797616000109793,193.0,3.432167644222746,0.5609358578463108,0.6387245258796216,40,10
grid,dgp3,1200,20,10,5,5,0.17209153642898428,SSRF-rob,1.0580285886627037,0.6399159171774899,0.0942433635044324,0.955,6.3355370675678095,3.7647576297503127,1.86633279956951,0.06223879221268951,0.07128552599988325,0.7997815951508931,0.797616000109793,193.0,3.432167644222746,0.5609358578463108,0.6387245258796216,40,10
grid,dgp3,1200,20,10,5,5,0.17209153642898428,RidgeRF,1.095835226221784,0.6563487114234,0.08563671245202392,0.9616666666666667,6.539866943055246,4.030205661806307,2.301703041648822,0.021522696682784538,0.04522957300014241,0.7997815951508931,0.797616000109793,193.0,3.432167644222746,0.5609358578463108,0.6387245258796216,40,10
grid,dgp3,1200,20,10,5,5,0.17209153642898428,LassoRF,1.0845247828759554,0.6378974272331015,0.06827159718756586,0.9633333333333334,6.637383026039873,3.965429831592722,1.8036203434656337,0.07154177380193345,0.038664413999867975,0.7997815951508931,0.797616000109793,193.0,3.432167644222746,0.5609358578463108,0.6387245258796216,40,10
grid,dgp3,1200,20,10,5,5,0.17209153642898428,GBM,1.0814406797009026,0.6312520941849383,0.09352369518520331,0.96,6.8459188720017865,3.986707966991653,1.2358707719735693,0.2167486730041162,0.17864588700012973,0.7997815951508931,0.797616000109793,193.0,3.432167644222746,0.5609358578463108,0.6387245258796216,40,10
grid,dgp3,1200,20,10,5,5,0.17209153642898428,RF-tuned,1.0310330101098186,0.6111541088740359,0.02977279601532833,0.9616666666666667,6.46720297262254,3.8525062818538074,-1.3885822440152604,0.16521771547782296,3.466680039000039,0.7997815951508931,0.797616000109793,193.0,3.432167644222746,0.5609358578463108,0.6387245258796216,40,10
grid,dgp3,1200,20,10,5,5,0.17209153642898428,SSRF-tuned,1.0331228742514709,0.6151670394994333,0.03743483493328269,0.9633333333333334,6.432138407108585,3.859827045705362,-1.2718109084298692,0.20368693770725232,3.522236975999931,0.7997815951508931,0.797616000109793,193.0,3.432167644222746,0.5609358578463108,0.6387245258796216,40,10
grid,dgp3,1200,20,500,5,5,0.17209153642898428,RF,1.0366539426056514,0.6126902419576973,0.03356032418814435,0.935,6.820025112934396,3.3411135538890333,-0.17951675453248372,0.8575622944908688,3.119312577999608,0.7787617363128986,0.7761590734051972,191.666,3.453673995906589,0.617326286615674,0.6114890364438345,40,10
grid,dgp3,1200,20,500,5,5,0.17209153642898428,SSRF,1.0372111975419251,0.618158977595241,0.03745899187565707,0.9416666666666667,6.801888040379134,3.530711073558361,-2.170349137864309,0.030176179199187178,3.119312577999608,0.7787617363128986,0.7761590734051972,191.666,3.453673995906589,0.617326286615674,0.6114890364438345,40,10
grid,dgp3,1200,20,500,5,5,0.17209153642898428,SSRF-JS,1.0377204735608363,0.618483465995861,0.037783225587071485,0.9416666666666667,6.802109342405858,3.530503149400905,,,3.119312577999608,0.7787617363128986,0.7761590734051972,191.666,3.453673995906589,0.617326286615674,0.6114890364438345,40,10
grid,dgp3,1200,20,500,5,5,0.17209153642898428,RF-H,1.0322337459093383,0.6179117945698555,0.03627201065026466,0.9433333333333334,6.836527370700702,3.4187427078340247,-0.9182523645459546,0.3586714361857614,1.0852219990001686,0.7787617363128986,0.7761590734051972,191.666,3.453673995906589,0.617326286615674,0.6114890364438345,40,10
grid,dgp3,1200,20,500,5,5,0.17209153642898428,SSRF-H,1.116685340997986,0.677737743381253,0.1264655856881922,0.9383333333333334,6.935779880527098,3.590596528281522,4.900083286592278,1.089192434316668e-06,1.0852219990001686,0.7787617363128986,0.7761590734051972,191.666,3.453673995906589,0.617326286615674,0.6114890364438345,40,10
grid,dgp3,1200,20,500,5,5,0.17209153642898428,SSRF-JS-H,1.1163076442266338,0.6775062290706731,0.1259459659478951,0.9383333333333334,6.937677595115762,3.578310543857938,4.895541525016959,1.1141472202388256e-06,1.0852219990001686,0.7787617363128986,0.7761590734051972,191.666,3.453673995906589,0.617326286615674,0.6114890364438345,40,10
grid,dgp3,1200,20,500,5,5,0.17209153642898428,SSRF-rob,1.035394223754338,0.6129400791368086,0.033097647732609634,0.9366666666666666,6.810109366874849,3.383631036072802,-0.5199644715271313,0.6031843216630689,3.663000478000413,0.7787617363128986,0.7761590734051972,191.666,3.453673995906589,0.617326286615674,0.6114890364438345,40,10
grid,dgp3,1200,20,500,5,5,0.17209153642898428,RidgeRF,1.0394958643180465,0.6185709169091871,0.038757762408081625,0.93,6.895741916939246,3.2946664442893936,0.21852758574205933,0.827055255944569,1.9437609020001219,0.7787617363128986,0.7761590734051972,191.666,3.453673995906589,0.617326286615674,0.6114890364438345,40,10
grid,dgp3,1200,20,500,5,5,0.17209153642898428,LassoRF,1.0445984574360214,0.6145029443796404,0.038516527976624096,0.9433333333333334,6.816118630194908,3.5200107489344776,0.7044348676557216,0.48129879513502427,0.746929886000089,0.7787617363128986,0.7761590734051972,191.666,3.453673995906589,0.617326286615674,0.6114890364438345,40,10
grid,dgp3,1200,20,500,5,5,0.17209153642898428,GBM,1.0814406797009026,0.6312520941849383,0.09352369518520331,0.9383333333333334,7.137785086506553,3.4402686021980458,1.8626087514296987,0.06276175471023854,0.17531111800008148,0.7787617363128986,0.7761590734051972,191.666,3.453673995906589,0.617326286615674,0.6114890364438345,40,10
grid,dgp3,1200,20,500,5,5,0.17209153642898428,RF-tuned,1.0109809853958727,0.6009026860192652,0.02252987507690158,0.9383333333333334,6.780387843101785,3.3112239458815727,-3.5920952947606697,0.0003413123031691391,4.917875602000095,0.7787617363128986,0.7761590734051972,191.666,3.453673995906589,0.617326286615674,0.6114890364438345,40,10
grid,dgp3,1200,20,500,5,5,0.17209153642898428,SSRF-tuned,1.0141293592018477,0.6027611889854981,0.02413807918121373,0.9416666666666667,6.781553832780494,3.4363308053331814,-3.9533008380962738,8.158769820344279e-05,7.706071229999907,0.7787617363128986,0.7761590734051972,191.666,3.453673995906589,0.617326286615674,0.6114890364438345,40,10
grid,dgp3,1200,20,10,5,6,0.00963145587394141,RF,1.7361053413849867,0.7866784188003568,0.8063960916725315,0.975,7.812908368881954,6.329520858094619,4.447072975257675,9.512180652824537e-06,0.06521477200021764,0.26032151260422737,0.25934337142517766,191.0,3.4383956956552413,17.268889634155144,0.305790832145307,40,10
grid,dgp3,1200,20,10,5,6,0.00963145587394141,SSRF,1.1136460134743773,0.6905654253778011,0.14209892327495638,0.9616666666666667,5.389505018623862,4.32068979193332,2.0131810808676702,0.04431873012344358,0.06521477200021764,0.26032151260422737,0.25934337142517766,191.0,3.4383956956552413,17.268889634155144,0.305790832145307,40,10
grid,dgp3,1200,20,10,5,6,0.00963145587394141,SSRF-JS,1.1125034398776001,0.6903924071870502,0.14096452896542486,0.9616666666666667,5.3814840030114945,4.304232052819308,,,0.06521477200021764,0.26032151260422737,0.25934337142517766,191.0,3.4383956956552413,17.268889634155144,0.305790832145307,40,10
grid,dgp3,1200,20,10,5,6,0.00963145587394141,RF-H,1.7404569604586086,0.8048633326718166,0.7440224849108037,0.9766666666666667,7.4954726633914515,6.11010090806303,4.750161500929567,2.2780081507747185e-06,0.024251216999800818,0.26032151260422737,0.25934337142517766,191.0,3.4383956956552413,17.268889634155144,0.305790832145307,40,10
grid,dgp3,1200,20,10,5,6,0.00963145587394141,SSRF-H,1.1647898105494487,0.7193302155582632,0.20160173517433075,0.97,5.518001196149141,4.625205267340946,4.581294164553706,5.103590615966457e-06,0.024251216999800818,0.26032151260422737,0.25934337142517766,191.0,3.4383956956552413,17.268889634155144,0.305790832145307,40,10
grid,dgp3,1200,20,10,5,6,0.00963145587394141,SSRF-JS-H,1.1711142214707533,0.7205186065629724,0.20881840361525225,0.965,5.503288200086447,4.592148069384292,4.394700809489656,1.207413845990856e-05,0.024251216999800818,0.26032151260422737,0.25934337142517766,191.0,3.4383956956552413,17.268889634155144,0.305790832145307,40,10
grid,dgp3,1200,20,10,5,6,0.00963145587394141,SSRF-rob,1.7186014940345482,0.7831266680196985,0.7890711640272312,0.9766666666666667,7.7814569400110605,6.339652012987188,4.405089577245675,1.1518520680718378e-05,0.0743893809999463,0.26032151260422737,0.25934337142517766,191.0,3.4383956956552413,17.268889634155144,0.305790832145307,40,10
grid,dgp3,1200,20,10,5,6,0.00963145587394141,RidgeRF,1.6519216701200095,0.7974950033422818,0.6777425122769811,0.9633333333333334,7.54493280859045,5.705995554527794,5.360705427932732,9.936235494113436e-08,0.044716382999922644,0.26032151260422737,0.25934337142517766,191.0,3.4383956956552413,17.268889634155144,0.305790832145307,40,10
grid,dgp3,1200,20,10,5,6,0.00963145587394141,LassoRF,1.4566263377505493,0.7625915766369019,0.5145171541324637,0.9483333333333334,7.330810496895236,5.030398711400348,4.516258811256385,6.914921254234658e-06,0.04078896600003645,0.26032151260422737,0.25934337142517766,191.0,3.4383956956552413,17.268889634155144,0.305790832145307,40,10
grid,dgp3,1200,20,10,5,6,0.00963145587394141,GBM,3.426746496901755,0.8512125540256196,2.328110924389515,0.9683333333333334,11.839182638068992,5.961173782918911,3.0120196527942906,0.0026495383531079616,0.17152168500024345,0.26032151260422737,0.25934337142517766,191.0,3.4383956956552413,17.268889634155144,0.305790832145307,40,10
grid,dgp3,1200,20,10,5,6,0.00963145587394141,RF-tuned,1.0812585048141472,0.6776052121290507,0.11882664560880347,0.965,5.390813346116663,4.262604244056502,-1.1157407253139013,0.26475669528823975,3.6153181520003272,0.26032151260422737,0.25934337142517766,191.0,3.4383956956552413,17.268889634155144,0.305790832145307,40,10
grid,dgp3,1200,20,10,5,6,0.00963145587394141,SSRF-tuned,1.0895691385766963,0.6709442023595465,0.11211183970324538,0.965,5.386527566041218,4.37211639210222,-2.373454299461221,0.017779451022946827,3.67312202300036,0.26032151260422737,0.25934337142517766,191.0,3.4383956956552413,17.268889634155144,0.305790832145307,40,10
grid,dgp3,1200,20,500,5,6,0.00963145587394141,RF,1.203833805031671,0.703804146373712,0.25735887619468345,0.9566666666666667,6.659251196056829,4.607202222270659,3.0789022774355876,0.0021248565985692303,3.1778782269998374,0.3511781255539559,0.3488433751548987,191.848,3.447440870457299,18.63634908859578,2.0623189314334254,40,10
grid,dgp3,1200,20,500,5,6,0.00963145587394141,SSRF,1.088861892227668,0.6764897845553083,0.1241119039922215,0.94,6.274182142366053,3.909931284064746,-1.7822322483987187,0.07496435983084972,3.1778782269998374,0.3511781255539559,0.3488433751548987,191.848,3.447440870457299,18.63634908859578,2.0623189314334254,40,10
grid,dgp3,1200,20,500,5,6,0.00963145587394141,SSRF-JS,1.0901027406855628,0.677387273745472,0.12624318041205165,0.94,6.271852933210113,3.921437695737995,,,3.1778782269998374,0.3511781255539559,0.3488433751548987,191.848,3.447440870457299,18.63634908859578,2.0623189314334254,40,10
grid,dgp3,1200,20,500,5,6,0.00963145587394141,RF-H,1.057404352459747,0.6602265973131851,0.08587888421528787,0.9416666666666667,6.2343797939806445,3.960100032760541,-1.6059443378794405,0.10854945718473925,1.2254928799998197,0.3511781255539559,0.3488433751548987,191.848,3.447440870457299,18.63634908859578,2.0623189314334254,40,10
grid,dgp3,1200,20,500,5,6,0.00963145587394141,SSRF-H,1.1253443175500575,0.6962910873689484,0.1553893143944919,0.94,6.408772418629039,3.88601197229893,3.055131222050155,0.002299294677051004,1.2254928799998197,0.3511781255539559,0.3488433751548987,191.848,3.447440870457299,18.63634908859578,2.0623189314334254,40,10
grid,dgp3,1200,20,500,5,6,0.00963145587394141,SSRF-JS-H,1.12414837469047,0.6956574759138393,0.1549772652211909,0.9383333333333334,6.408651618560081,3.8823756479968514,2.91262286904888,0.003650476838407623,1.2254928799998197,0.3511781255539559,0.3488433751548987,191.848,3.447440870457299,18.63634908859578,2.0623189314334254,40,10
grid,dgp3,1200,20,500,5,6,0.00963145587394141,SSRF-rob,1.2000647892178036,0.7026501744313175,0.2537091069089837,0.9566666666666667,6.644752735012536,4.585910263524376,3.030497341707901,0.002493839253447039,3.7075495000003684,0.3511781255539559,0.3488433751548987,191.848,3.447440870457299,18.63634908859578,2.0623189314334254,40,10
grid,dgp3,1200,20,500,5,6,0.00963145587394141,RidgeRF,1.512858356397445,0.7256529129707551,0.5389620573348634,0.95,8.710447102564872,4.674987411162874,3.241486194199642,0.0012217878460047413,1.8814226799995595,0.3511781255539559,0.3488433751548987,191.848,3.447440870457299,18.63634908859578,2.0623189314334254,40,10
grid,dgp3,1200,20,500,5,6,0.00963145587394141,LassoRF,1.3095706673236926,0.7215255793165708,0.37032084206613963,0.945,7.115811216029535,4.493059432214175,3.2702279565184758,0.0011051560817869992,0.7428867739999987,0.3511781255539559,0.3488433751548987,191.848,3.447440870457299,18.63634908859578,2.0623189314334254,40,10
grid,dgp3,1200,20,500,5,6,0.00963145587394141,GBM,3.426746496901755,0.8512125540256196,2.328110924389515,0.9383333333333334,12.205552380402947,5.067223687382307,3.046010538782198,0.002369641355526244,0.1720008819997929,0.3511781255539559,0.3488433751548987,191.848,3.447440870457299,18.63634908859578,2.0623189314334254,40,10
grid,dgp3,1200,20,500,5,6,0.00963145587394141,RF-tuned,1.0654847637593123,0.6647446055522608,0.10206784559544735,0.9483333333333334,6.19270312201667,4.196688175476029,-1.2695984636676345,0.20447405613595374,5.243452219000119,0.3511781255539559,0.3488433751548987,191.848,3.447440870457299,18.63634908859578,2.0623189314334254,40,10
grid,dgp3,1200,20,500,5,6,0.00963145587394141,SSRF-tuned,1.056301462021674,0.6564030493619913,0.08770318939165067,0.9383333333333334,6.2395431172633,3.966428040398323,-4.5315236198170465,6.441334247849097e-06,8.204092385999957,0.3511781255539559,0.3488433751548987,191.848,3.447440870457299,18.63634908859578,2.0623189314334254,40,10
grid,dgp3,1200,20,10,5,7,0.1261058822959173,RF,1.2126223078064853,0.6950053196201279,0.14207899618304437,0.9183333333333333,7.582023687291127,3.5042035968800533,4.684851939036284,3.12160501659958e-06,0.06588742800022374,0.7172348930610759,0.7128709825292912,192.4,3.434984434126828,0.9877358225449108,0.7090564047222607,80,10
grid,dgp3,1200,20,10,5,7,0.1261058822959173,SSRF,1.1550402337395622,0.6709401003358191,0.09598080313162809,0.9216666666666666,7.462386734522285,3.3283364934552226,-4.10323021570837,4.3495300868826295e-05,0.06588742800022374,0.7172348930610759,0.7128709825292912,192.4,3.434984434126828,0.9877358225449108,0.7090564047222607,80,10
grid,dgp3,1200,20,10,5,7,0.1261058822959173,SSRF-JS,1.1621274615690922,0.6744059527239608,0.10089451617518136,0.9183333333333333,7.471350467452646,3.3645566088990617,,,0.06588742800022374,0.7172348930610759,0.7128709825292912,192.4,3.434984434126828,0.9877358225449108,0.7090564047222607,80,10
grid,dgp3,1200,20,10,5,7,0.1261058822959173,RF-H,1.1406454112534081,0.6653505343042779,0.11573560843637262,0.945,7.303960577715434,3.7268189672454657,-0.9951258965204024,0.3198758196884224,0.024722296000163624,0.7172348930610759,0.7128709825292912,192.4,3.434984434126828,0.9877358225449108,0.7090564047222607,80,10
grid,dgp3,1200,20,10,5,7,0.1261058822959173,SSRF-H,1.1780459394335296,0.6954736971906584,0.14460267297979626,0.925,7.36228665145845,3.4943094777990495,0.7494754414834164,0.45371771405947725,0.024722296000163624,0.7172348930610759,0.7128709825292912,192.4,3.434984434126828,0.9877358225449108,0.7090564047222607,80,10
grid,dgp3,1200,20,10,5,7,0.1261058822959173,SSRF-JS-H,1.1800339156291761,0.6958944583569662,0.14620348518883103,0.9283333333333333,7.3672290297869765,3.5214800694785753,0.8461186944805904,0.39765536269858126,0.024722296000163624,0.7172348930610759,0.7128709825292912,192.4,3.434984434126828,0.9877358225449108,0.7090564047222607,80,10
grid,dgp3,1200,20,10,5,7,0.1261058822959173,SSRF-rob,1.2017514918916248,0.690162436394173,0.13258380151275717,0.9216666666666666,7.53225996409718,3.5278262958019657,4.414283635532015,1.1047256875335962e-05,0.07646174900037295,0.7172348930610759,0.7128709825292912,192.4,3.434984434126828,0.9877358225449108,0.7090564047222607,80,10
grid,dgp3,1200,20,10,5,7,0.1261058822959173,RidgeRF,1.1535507362661335,0.6665519693288705,0.10770213330137977,0.925,7.449147618754141,3.539156990116509,-0.3724085087651223,0.7096545338100466,0.05177354700026626,0.7172348930610759,0.7128709825292912,192.4,3.434984434126828,0.9877358225449108,0.7090564047222607,80,10
grid,dgp3,1200,20,10,5,7,0.1261058822959173,LassoRF,1.182844244708312,0.6868630297763264,0.12976375031892773,0.925,7.422312507388766,3.4332335224018817,0.8964101345835742,0.3702136948610049,0.04161599200006094,0.7172348930610759,0.7128709825292912,192.4,3.434984434126828,0.9877358225449108,0.7090564047222607,80,10
grid,dgp3,1200,20,10,5,7,0.1261058822959173,GBM,1.1540060486321517,0.6636537513869795,0.09737847785436586,0.9216666666666666,7.37783208742158,3.3694031451573747,-0.37349331825009524,0.7088473433904621,0.19234685199990054,0.7172348930610759,0.7128709825292912,192.4,3.434984434126828,0.9877358225449108,0.7090564047222607,80,10
grid,dgp3,1200,20,10,5,7,0.1261058822959173,RF-tuned,1.0903504467335736,0.63805200133432,0.04412506140105347,0.92,7.3933752449192935,3.2529444114099277,-4.204006463967999,2.8171546725702215e-05,3.7196090620000177,0.7172348930610759,0.7128709825292912,192.4,3.434984434126828,0.9877358225449108,0.7090564047222607,80,10
grid,dgp3,1200,20,10,5,7,0.1261058822959173,SSRF-tuned,1.1041803270265025,0.6401458826829712,0.0434358363580521,0.9266666666666666,7.389630695800831,3.263970664209424,-3.2597404883927172,0.0011464637501076634,3.766461939000237,0.7172348930610759,0.7128709825292912,192.4,3.434984434126828,0.9877358225449108,0.7090564047222607,80,10
grid,dgp3,1200,20,500,5,7,0.1261058822959173,RF,1.0936023682436087,0.6317565562679881,0.04223080942522277,0.945,6.338372636009537,3.589025760573821,-0.2912888559861334,0.7708807923831229,3.33271394600024,0.7232390114546793,0.7191496530084958,191.86,3.4475279765250924,0.9150440972042679,0.6739447297201794,80,10
grid,dgp3,1200,20,500,5,7,0.1261058822959173,SSRF,1.0946741328843386,0.6369351972825964,0.048382338096695794,0.955,6.306447017472298,3.80133315619479,-2.91652713684982,0.0036054210232405906,3.33271394600024,0.7232390114546793,0.7191496530084958,191.86,3.4475279765250924,0.9150440972042679,0.6739447297201794,80,10
grid,dgp3,1200,20,500,5,7,0.1261058822959173,SSRF-JS,1.0957027135293513,0.637491456495622,0.04885472315805496,0.955,6.309379003954712,3.8028054312239767,,,3.33271394600024,0.7232390114546793,0.7191496530084958,191.86,3.4475279765250924,0.9150440972042679,0.6739447297201794,80,10
grid,dgp3,1200,20,500,5,7,0.1261058822959173,RF-H,1.0863818942458972,0.6356370568119053,0.04679803781730212,0.9516666666666667,6.284547753640351,3.730979549904294,-1.4783521929875059,0.13957617567350764,1.145323527999608,0.7232390114546793,0.7191496530084958,191.86,3.4475279765250924,0.9150440972042679,0.6739447297201794,80,10
grid,dgp3,1200,20,500,5,7,0.1261058822959173,SSRF-H,1.1789538558144455,0.6949926824153253,0.1423009196935118,0.9516666666666667,6.35595989681982,3.899008430293343,5.627178370657147,2.2787566752192074e-08,1.145323527999608,0.7232390114546793,0.7191496530084958,191.86,3.4475279765250924,0.9150440972042679,0.6739447297201794,80,10
grid,dgp3,1200,20,500,5,7,0.1261058822959173,SSRF-JS-H,1.1789596756920864,0.69517890942958,0.142673165351379,0.9516666666666667,6.355587882542011,3.900452271459482,5.606770539570209,2.5565561069216298e-08,1.145323527999608,0.7232390114546793,0.7191496530084958,191.86,3.4475279765250924,0.9150440972042679,0.6739447297201794,80,10
grid,dgp3,1200,20,500,5,7,0.1261058822959173,SSRF-rob,1.0922435446331498,0.6315810396170988,0.04159541238754823,0.9483333333333334,6.321212990110566,3.64537027930588,-0.5796509254125285,0.5622589393759265,3.7840676629998597,0.7232390114546793,0.7191496530084958,191.86,3.4475279765250924,0.9150440972042679,0.6739447297201794,80,10
grid,dgp3,1200,20,500,5,7,0.1261058822959173,RidgeRF,1.1040413425543318,0.6391995443829052,0.06052357131215989,0.95,6.3600272477581825,3.691088429221338,0.7416303505592253,0.45845656684729424,2.0650541569998495,0.7232390114546793,0.7191496530084958,191.86,3.4475279765250924,0.9150440972042679,0.6739447297201794,80,10
grid,dgp3,1200,20,500,5,7,0.1261058822959173,LassoRF,1.1569405064939315,0.6762861198985755,0.11395277742794135,0.9466666666666667,6.367618165478974,3.7966604817301497,3.193637131023457,0.0014414862033544848,0.7074084810001295,0.7232390114546793,0.7191496530084958,191.86,3.4475279765250924,0.9150440972042679,0.6739447297201794,80,10
grid,dgp3,1200,20,500,5,7,0.1261058822959173,GBM,1.1540060486321517,0.6636537513869795,0.09737847785436586,0.9516666666666667,6.562510128631351,3.7490912746291793,3.2988097108390027,0.0009994710387771922,0.1940357309999854,0.7232390114546793,0.7191496530084958,191.86,3.4475279765250924,0.9150440972042679,0.6739447297201794,80,10
grid,dgp3,1200,20,500,5,7,0.1261058822959173,RF-tuned,1.0805243093600414,0.6318281508263981,0.03182505510186006,0.9516666666666667,6.321386348382807,3.612954832952508,-2.004214638825995,0.045271647410505066,4.792642507000437,0.7232390114546793,0.7191496530084958,191.86,3.4475279765250924,0.9150440972042679,0.6739447297201794,80,10
grid,dgp3,1200,20,500,5,7,0.1261058822959173,SSRF-tuned,1.0765002323156194,0.6284826047987463,0.030858208825467505,0.95,6.32352079829192,3.5580919203263965,-2.7717045712387613,0.005662623036809328,7.075301299000785,0.7232390114546793,0.7191496530084958,191.86,3.4475279765250924,0.9150440972042679,0.6739447297201794,80,10
grid,dgp3,1200,20,10,5,8,0.21285281868675904,RF,1.0891602258761945,0.6655843035265754,0.08617267752359803,0.96,6.202442829479767,3.9502746577173955,1.4779063568842101,0.13969547101930377,0.06559818499999892,0.7927554191233412,0.7904237136830575,192.4,3.4363340390159993,0.460215237838869,0.4919074450509763,20,10
grid,dgp3,1200,20,10,5,8,0.21285281868675904,SSRF,1.080511815537494,0.6587221964088025,0.07578217046356066,0.955,6.2261741944544235,3.9375929630853896,-0.811460442065572,0.4172623558799361,0.06559818499999892,0.7927554191233412,0.7904237136830575,192.4,3.4363340390159993,0.460215237838869,0.4919074450509763,20,10
grid,dgp3,1200,20,10,5,8,0.21285281868675904,SSRF-JS,1.0813121735268991,0.6589456757402229,0.07645448155536022,0.955,6.231342402978755,3.9511947053866234,,,0.06559818499999892,0.7927554191233412,0.7904237136830575,192.4,3.4363340390159993,0.460215237838869,0.4919074450509763,20,10
grid,dgp3,1200,20,10,5,8,0.21285281868675904,RF-H,1.0945034033902545,0.6691857893398712,0.08858411886220748,0.9566666666666667,6.369671561134486,4.056511556768868,0.8206316142280872,0.412019253799885,0.02157450200002131,0.7927554191233412,0.7904237136830575,192.4,3.4363340390159993,0.460215237838869,0.4919074450509763,20,10
grid,dgp3,1200,20,10,5,8,0.21285281868675904,SSRF-H,1.159461292086437,0.703039872192981,0.15022736534533124,0.95,6.468944164447819,4.1184650902237365,4.444937532138102,9.605601744945258e-06,0.02157450200002131,0.7927554191233412,0.7904237136830575,192.4,3.4363340390159993,0.460215237838869,0.4919074450509763,20,10
grid,dgp3,1200,20,10,5,8,0.21285281868675904,SSRF-JS-H,1.1581935617688586,0.7029082882904515,0.15113321282039635,0.95,6.462147481845521,4.114903153644719,4.401287973482015,1.1718943814267605e-05,0.02157450200002131,0.7927554191233412,0.7904237136830575,192.4,3.4363340390159993,0.460215237838869,0.4919074450509763,20,10
grid,dgp3,1200,20,10,5,8,0.21285281868675904,SSRF-rob,1.085324857819783,0.6626441457564818,0.08183834680814814,0.9583333333333334,6.2038195640962845,3.9151875287405344,1.0584244063068389,0.2900751814218644,0.07533732499996404,0.7927554191233412,0.7904237136830575,192.4,3.4363340390159993,0.460215237838869,0.4919074450509763,20,10
grid,dgp3,1200,20,10,5,8,0.21285281868675904,RidgeRF,1.082387021282633,0.6581748420566023,0.08162142892823111,0.9583333333333334,6.251882042520345,4.074052950483947,0.054513094764520716,0.9565354575336765,0.04723032099991542,0.7927554191233412,0.7904237136830575,192.4,3.4363340390159993,0.460215237838869,0.4919074450509763,20,10
grid,dgp3,1200,20,10,5,8,0.21285281868675904,LassoRF,1.0708382678235104,0.646276710863245,0.07198070898457881,0.9566666666666667,6.266897707800696,4.112252963757263,-0.5591709559260944,0.5761494783973581,0.04095474999985527,0.7927554191233412,0.7904237136830575,192.4,3.4363340390159993,0.460215237838869,0.4919074450509763,20,10
grid,dgp3,1200,20,10,5,8,0.21285281868675904,GBM,1.0832937853567621,0.6531381601373419,0.08650047760404289,0.96,6.303171061821768,4.073595767630368,0.12558997229070312,0.9000775553933114,0.22760939599993435,0.7927554191233412,0.7904237136830575,192.4,3.4363340390159993,0.460215237838869,0.4919074450509763,20,10
grid,dgp3,1200,20,10,5,8,0.21285281868675904,RF-tuned,1.0346740718879432,0.6334523345094323,0.044172251354546305,0.96,6.185799017381866,3.9333382763255154,-3.2291306684182457,0.0012753409791569474,3.6699143409996395,0.7927554191233412,0.7904237136830575,192.4,3.4363340390159993,0.460215237838869,0.4919074450509763,20,10
grid,dgp3,1200,20,10,5,8,0.21285281868675904,SSRF-tuned,1.0532543726503099,0.6391474072286941,0.05314623586153655,0.96,6.312876546459974,4.016529493281037,-2.031725941506002,0.04240154967936816,3.737983666999753,0.7927554191233412,0.7904237136830575,192.4,3.4363340390159993,0.460215237838869,0.4919074450509763,20,10
grid,dgp3,1200,20,500,5,8,0.21285281868675904,RF,1.033928112749047,0.6305408051157919,0.03592921499491891,0.9583333333333334,6.373861733425778,3.980050470391796,-2.7893655341655217,0.005364738061434973,3.237180033000186,0.7945248050969483,0.7922781549684638,191.492,3.455014276621335,0.47090352868275837,0.5106609665763685,20,10
grid,dgp3,1200,20,500,5,8,0.21285281868675904,SSRF,1.0464969576799563,0.6370439316843843,0.04567878526394786,0.9616666666666667,6.373404617470845,4.046588577973407,0.13163981544057862,0.8952912765557818,3.237180033000186,0.7945248050969483,0.7922781549684638,191.492,3.455014276621335,0.47090352868275837,0.5106609665763685,20,10
grid,dgp3,1200,20,500,5,8,0.21285281868675904,SSRF-JS,1.046472495247532,0.6371499531177555,0.04563147467055772,0.9616666666666667,6.372753758320957,4.046036302755558,,,3.237180033000186,0.7945248050969483,0.7922781549684638,191.492,3.455014276621335,0.47090352868275837,0.5106609665763685,20,10
grid,dgp3,1200,20,500,5,8,0.21285281868675904,RF-H,1.0480945947527436,0.637759311471401,0.048781460940011234,0.9616666666666667,6.381081843559484,4.022852371748816,0.34976805770522296,0.726574198517777,1.1614291379996757,0.7945248050969483,0.7922781549684638,191.492,3.455014276621335,0.47090352868275837,0.5106609665763685,20,10
grid,dgp3,1200,20,500,5,8,0.21285281868675904,SSRF-H,1.1492964232707323,0.6968233797284076,0.14075167943696368,0.9566666666666667,6.4267976840378545,4.183835260696554,7.672259963545666,3.4837655558646724e-14,1.1614291379996757,0.7945248050969483,0.7922781549684638,191.492,3.455014276621335,0.47090352868275837,0.5106609665763685,20,10
grid,dgp3,1200,20,500,5,8,0.21285281868675904,SSRF-JS-H,1.1489445061355479,0.6964453257817377,0.14033022117702562,0.9566666666666667,6.429024771003225,4.187655569792639,7.678766263995918,3.319227352111663e-14,1.1614291379996757,0.7945248050969483,0.7922781549684638,191.492,3.455014276621335,0.47090352868275837,0.5106609665763685,20,10
grid,dgp3,1200,20,500,5,8,0.21285281868675904,SSRF-rob,1.0363630101761052,0.6315183180507675,0.03754054940817319,0.9583333333333334,6.3672174568672215,3.970659276729613,-3.160906567070774,0.0016121806490793334,3.6503427570000895,0.7945248050969483,0.7922781549684638,191.492,3.455014276621335,0.47090352868275837,0.5106609665763685,20,10
grid,dgp3,1200,20,500,5,8,0.21285281868675904,RidgeRF,1.0479259397408969,0.6381742411752879,0.042049952121445584,0.9616666666666667,6.457023978123849,4.068041596735026,0.16326260923838595,0.8703391853536047,1.9059639559995958,0.7945248050969483,0.7922781549684638,191.492,3.455014276621335,0.47090352868275837,0.5106609665763685,20,10
grid,dgp3,1200,20,500,5,8,0.21285281868675904,LassoRF,1.0374064935685827,0.6299908978286721,0.04432327234090143,0.9566666666666667,6.387550029038684,4.067733966167545,-0.6948621262784017,0.4872763384260496,0.6991491150001821,0.7945248050969483,0.7922781549684638,191.492,3.455014276621335,0.47090352868275837,0.5106609665763685,20,10
grid,dgp3,1200,20,500,5,8,0.21285281868675904,GBM,1.0832937853567621,0.6531381601373419,0.08650047760404289,0.9566666666666667,6.497020782357137,3.9661368053121473,2.999101009322461,0.002763625472954606,0.22638191700025345,0.7945248050969483,0.7922781549684638,191.492,3.455014276621335,0.47090352868275837,0.5106609665763685,20,10
grid,dgp3,1200,20,500,5,8,0.21285281868675904,RF-tuned,1.023766540106847,0.6247496395758051,0.02866693380374058,0.96,6.382828867942403,3.918261375733238,-3.6739738485932367,0.0002493436633919064,5.327953136999895,0.7945248050969483,0.7922781549684638,191.492,3.455014276621335,0.47090352868275837,0.5106609665763685,20,10
grid,dgp3,1200,20,500,5,8,0.21285281868675904,SSRF-tuned,1.0339850656243812,0.6294611262390913,0.03561392414279077,0.96,6.380660527504267,3.9502960456418994,-3.202998644721263,0.00139582615705692,8.695350186999804,0.7945248050969483,0.7922781549684638,191.492,3.455014276621335,0.47090352868275837,0.5106609665763685,20,10
grid,dgp3,1200,20,10,5,9,0.19323855539150667,RF,1.1936573149457854,0.6531645226971939,0.08774846364394805,0.965,5.762812251150078,4.163306677938181,4.495335691874859,7.618508066585074e-06,0.0637003309998363,0.827228955226684,0.8257245259959543,191.7,3.441435646673103,0.4367970143157075,0.5942062140565003,10,10
grid,dgp3,1200,20,10,5,9,0.19323855539150667,SSRF,1.1649794262196485,0.6386850944516334,0.06912051998530144,0.9633333333333334,5.6635747348722125,4.047554985357521,-0.7906883975960092,0.4292822121596854,0.0637003309998363,0.827228955226684,0.8257245259959543,191.7,3.441435646673103,0.4367970143157075,0.5942062140565003,10,10
grid,dgp3,1200,20,10,5,9,0.19323855539150667,SSRF-JS,1.165730957880188,0.6393893653287916,0.07000007887989286,0.9633333333333334,5.657748726287914,4.0324773646856835,,,0.0637003309998363,0.827228955226684,0.8257245259959543,191.7,3.441435646673103,0.4367970143157075,0.5942062140565003,10,10
grid,dgp3,1200,20,10,5,9,0.19323855539150667,RF-H,1.1576459109771933,0.6452563784191906,0.08188665288280682,0.9683333333333334,5.548436233783926,4.239588031674401,-0.4003862781315905,0.6889433559469934,0.02361211800007368,0.827228955226684,0.8257245259959543,191.7,3.441435646673103,0.4367970143157075,0.5942062140565003,10,10
grid,dgp3,1200,20,10,5,9,0.19323855539150667,SSRF-H,1.1906653257576385,0.6702364665988805,0.13597788202995625,0.9616666666666667,5.485921353616032,4.25748799905324,1.052877941412703,0.2926090713290794,0.02361211800007368,0.827228955226684,0.8257245259959543,191.7,3.441435646673103,0.4367970143157075,0.5942062140565003,10,10
grid,dgp3,1200,20,10,5,9,0.19323855539150667,SSRF-JS-H,1.1924704785373283,0.6707705667660334,0.13556152021332482,0.9633333333333334,5.501033642127125,4.296308746598201,1.1014258136529096,0.2709324303608669,0.02361211800007368,0.827228955226684,0.8257245259959543,191.7,3.441435646673103,0.4367970143157075,0.5942062140565003,10,10
grid,dgp3,1200,20,10,5,9,0.19323855539150667,SSRF-rob,1.1820937085223373,0.6473500008634187,0.07973501558498415,0.965,5.722649523916932,4.1078689705940254,4.142320768021379,3.6791816016506544e-05,0.07404792800025461,0.827228955226684,0.8257245259959543,191.7,3.441435646673103,0.4367970143157075,0.5942062140565003,10,10
grid,dgp3,1200,20,10,5,9,0.19323855539150667,RidgeRF,1.1489850362611158,0.6515805532206659,0.08944396751691076,0.9616666666666667,5.61917142244666,3.8349150787523127,-0.9678793428297287,0.3332998208212721,0.04490524200036816,0.827228955226684,0.8257245259959543,191.7,3.441435646673103,0.4367970143157075,0.5942062140565003,10,10
grid,dgp3,1200,20,10,5,9,0.19323855539150667,LassoRF,1.1484006578413843,0.6393025012647544,0.07175397630439823,0.9616666666666667,5.617651347234744,4.018224356373402,-0.836371294464968,0.40311270741951527,0.03980279799998243,0.827228955226684,0.8257245259959543,191.7,3.441435646673103,0.4367970143157075,0.5942062140565003,10,10
grid,dgp3,1200,20,10,5,9,0.19323855539150667,GBM,1.168739614532034,0.6403113676271986,0.06811129889592174,0.97,5.770376055480139,4.425066445187446,0.19846368005327605,0.8427159436000674,0.21323118899999827,0.827228955226684,0.8257245259959543,191.7,3.441435646673103,0.4367970143157075,0.5942062140565003,10,10
grid,dgp3,1200,20,10,5,9,0.19323855539150667,RF-tuned,1.1607410029632907,0.633436085214976,0.06496399191038335,0.9666666666666667,5.758088810146864,4.102922632069462,-0.30872954579360923,0.7575808996707211,3.5414682250002443,0.827228955226684,0.8257245259959543,191.7,3.441435646673103,0.4367970143157075,0.5942062140565003,10,10
grid,dgp3,1200,20,10,5,9,0.19323855539150667,SSRF-tuned,1.118240623890709,0.6225985359379934,0.05773544098847902,0.9616666666666667,5.536713759231549,3.9962566466655214,-3.5196153122206932,0.00044837022120520906,3.619133879000401,0.827228955226684,0.8257245259959543,191.7,3.441435646673103,0.4367970143157075,0.5942062140565003,10,10
grid,dgp3,1200,20,500,5,9,0.19323855539150667,RF,1.116373597710353,0.6145350315213579,0.031649888545751896,0.98,5.770920494701378,4.387075603937599,0.8514583832871013,0.3946847921793554,3.163971023999693,0.8155860053317342,0.8138670318753806,191.426,3.4574626857545465,0.4814310386065093,0.6012043176673294,10,10
grid,dgp3,1200,20,500,5,9,0.19323855539150667,SSRF,1.1112259531811057,0.6117754137359924,0.033555006245316925,0.9733333333333334,5.695157744961471,4.247707977958588,-0.8536589749462055,0.39346448173205495,3.163971023999693,0.8155860053317342,0.8138670318753806,191.426,3.4574626857545465,0.4814310386065093,0.6012043176673294,10,10
grid,dgp3,1200,20,500,5,9,0.19323855539150667,SSRF-JS,1.1114009650592864,0.6119937783418258,0.03364338005997614,0.9733333333333334,5.6998980351367345,4.256014305000002,,,3.163971023999693,0.8155860053317342,0.8138670318753806,191.426,3.4574626857545465,0.4814310386065093,0.6012043176673294,10,10
grid,dgp3,1200,20,500,5,9,0.19323855539150667,RF-H,1.1069035862912249,0.6090973447174447,0.037074407199059224,0.9733333333333334,5.706720247195773,4.233621787493655,-0.7223366519193544,0.47022838088646857,1.1603193750001992,0.8155860053317342,0.8138670318753806,191.426,3.4574626857545465,0.4814310386065093,0.6012043176673294,10,10
grid,dgp3,1200,20,500,5,9,0.19323855539150667,SSRF-H,1.1804690330413243,0.6628344616833293,0.126470547032851,0.9633333333333334,5.802996932133684,4.307097521068095,3.565877242540992,0.00037692206648086516,1.1603193750001992,0.8155860053317342,0.8138670318753806,191.426,3.4574626857545465,0.4814310386065093,0.6012043176673294,10,10
grid,dgp3,1200,20,500,5,9,0.19323855539150667,SSRF-JS-H,1.1799740075825014,0.662382991839466,0.1256390509296182,0.9633333333333334,5.808111733232263,4.319193555527582,3.5549189992733674,0.0003928122254640733,1.1603193750001992,0.8155860053317342,0.8138670318753806,191.426,3.4574626857545465,0.4814310386065093,0.6012043176673294,10,10
grid,dgp3,1200,20,500,5,9,0.19323855539150667,SSRF-rob,1.1134639632896595,0.61242215266511,0.030984544391271147,0.9783333333333334,5.738593268777317,4.329869790314265,0.5205705432165336,0.602762086812013,3.661644543999955,0.8155860053317342,0.8138670318753806,191.426,3.4574626857545465,0.4814310386065093,0.6012043176673294,10,10
grid,dgp3,1200,20,500,5,9,0.19323855539150667,RidgeRF,1.101849849045245,0.6129292170983849,0.03761514785090567,0.9783333333333334,5.718680174834083,4.234422976835137,-1.1267249318924273,0.2600842445560852,1.926836314999946,0.8155860053317342,0.8138670318753806,191.426,3.4574626857545465,0.4814310386065093,0.6012043176673294,10,10
grid,dgp3,1200,20,500,5,9,0.19323855539150667,LassoRF,1.1397286092470411,0.6285013312074293,0.05048979376767155,0.9816666666666667,5.930060344633772,4.604478870795867,2.021801002403843,0.04341867330438782,0.7061837259998356,0.8155860053317342,0.8138670318753806,191.426,3.4574626857545465,0.4814310386065093,0.6012043176673294,10,10
grid,dgp3,1200,20,500,5,9,0.19323855539150667,GBM,1.168739614532034,0.6403113676271986,0.06811129889592174,0.975,5.806517070206514,4.463199807142214,4.897893782884646,1.1011547115207278e-06,0.21321559500029252,0.8155860053317342,0.8138670318753806,191.426,3.4574626857545465,0.4814310386065093,0.6012043176673294,10,10
grid,dgp3,1200,20,500,5,9,0.19323855539150667,RF-tuned,1.1138978773131767,0.6146390444682236,0.030438248790260546,0.98,5.7564840052782325,4.383868607421183,0.2763492768312747,0.7823274379824294,5.723176942000009,0.8155860053317342,0.8138670318753806,191.426,3.4574626857545465,0.4814310386065093,0.6012043176673294,10,10
grid,dgp3,1200,20,500,5,9,0.19323855539150667,SSRF-tuned,1.1104967319220456,0.6110453337688362,0.03043867334454856,0.9766666666666667,5.72538594292916,4.318916872655248,-0.23239752098273286,0.8162689350022493,9.671616460999758,0.8155860053317342,0.8138670318753806,191.426,3.4574626857545465,0.4814310386065093,0.6012043176673294,10,10
grid,dgp3,2000,24,10,5,0,0.16036251358457224,RF,1.7013043432067194,0.6641124983820885,0.09365520074667356,0.959,6.446866271743112,4.0110518129681845,1.7364352671460976,0.08264096134582873,0.1435125020002488,0.7541451307197111,0.7498272633016436,318.7,3.4448292663211344,0.7170357312737214,0.6200486924204223,40,8
grid,dgp3,2000,24,10,5,0,0.16036251358457224,SSRF,1.6861454773917741,0.6542617771996992,0.07378163295773826,0.961,6.41830721923421,4.006000481679875,-2.032137561083329,0.04227170783425918,0.1435125020002488,0.7541451307197111,0.7498272633016436,318.7,3.4448292663211344,0.7170357312737214,0.6200486924204223,40,8
grid,dgp3,2000,24,10,5,0,0.16036251358457224,SSRF-JS,1.6881014435998558,0.6546747731835728,0.0744449621431937,0.961,6.418025160109033,3.9777260552822034,,,0.1435125020002488,0.7541451307197111,0.7498272633016436,318.7,3.4448292663211344,0.7170357312737214,0.6200486924204223,40,8
grid,dgp3,2000,24,10,5,0,0.16036251358457224,RF-H,1.7391472779097434,0.6740011225102369,0.1021146737230219,0.955,6.537873447866613,3.934771144473613,2.973090179076218,0.0029834293192573663,0.04094282699998075,0.7541451307197111,0.7498272633016436,318.7,3.4448292663211344,0.7170357312737214,0.6200486924204223,40,8
grid,dgp3,2000,24,10,5,0,0.16036251358457224,SSRF-H,1.783430791290912,0.7057453190122289,0.14695405410781961,0.956,6.614167852152523,4.008581273968074,4.671357903530162,3.191377093679533e-06,0.04094282699998075,0.7541451307197111,0.7498272633016436,318.7,3.4448292663211344,0.7170357312737214,0.6200486924204223,40,8
grid,dgp3,2000,24,10,5,0,0.16036251358457224,SSRF-JS-H,1.7920465311050504,0.7091362449764641,0.15446757646723766,0.954,6.6220870012952,3.999112518424907,5.027858409301447,5.402291743796873e-07,0.04094282699998075,0.7541451307197111,0.7498272633016436,318.7,3.4448292663211344,0.7170357312737214,0.6200486924204223,40,8
grid,dgp3,2000,24,10,5,0,0.16036251358457224,SSRF-rob,1.6969104172433058,0.66132405852402,0.08805370778117629,0.959,6.439630177611407,4.009243598601783,1.4184830609192771,0.15620565994304092,0.15802571399990484,0.7541451307197111,0.7498272633016436,318.7,3.4448292663211344,0.7170357312737214,0.6200486924204223,40,8
grid,dgp3,2000,24,10,5,0,0.16036251358457224,RidgeRF,1.7194031668114094,0.6843826754384247,0.09916045292233225,0.966,6.556797328657927,4.256280141427837,1.5835029717903706,0.11346505190023605,0.10384857700000794,0.7541451307197111,0.7498272633016436,318.7,3.4448292663211344,0.7170357312737214,0.6200486924204223,40,8
grid,dgp3,2000,24,10,5,0,0.16036251358457224,LassoRF,1.7065339931104522,0.6710566796124839,0.0896669098943444,0.963,6.4444023241989346,4.037047986879833,1.0659259199686266,0.286585854157933,0.04679196000006414,0.7541451307197111,0.7498272633016436,318.7,3.4448292663211344,0.7170357312737214,0.6200486924204223,40,8
grid,dgp3,2000,24,10,5,0,0.16036251358457224,GBM,1.71320526265038,0.6519737144832203,0.08543191635402525,0.96,6.779816731749069,4.231007039531243,1.3506679380502937,0.17695469978128286,0.37443812599985904,0.7541451307197111,0.7498272633016436,318.7,3.4448292663211344,0.7170357312737214,0.6200486924204223,40,8
grid,dgp3,2000,24,10,5,0,0.16036251358457224,RF-tuned,1.6621833325220905,0.6392822415501199,0.038436499637169406,0.964,6.3856901247737845,3.9366824997031182,-2.2670587647172367,0.02349302881435401,7.418651331999627,0.7541451307197111,0.7498272633016436,318.7,3.4448292663211344,0.7170357312737214,0.6200486924204223,40,8
grid,dgp3,2000,24,10,5,0,0.16036251358457224,SSRF-tuned,1.6746621209795733,0.6444617093942352,0.04708603696403824,0.957,6.4126128597897365,3.909053279198192,-1.0635712374864557,0.28765143701342566,7.510907847999988,0.7541451307197111,0.7498272633016436,318.7,3.4448292663211344,0.7170357312737214,0.6200486924204223,40,8
grid,dgp3,2000,24,500,5,0,0.16036251358457224,RF,1.6603280071166313,0.6348871579019456,0.033717534992556274,0.958,6.988570078773787,3.891528738325407,-1.9124974348660677,0.055955195148685084,7.630143978999968,0.7703088977447813,0.76656906701568,319.92,3.447241628121213,0.6664803577803955,0.6274773532030371,40,8
grid,dgp3,2000,24,500,5,0,0.16036251358457224,SSRF,1.670962934250963,0.6405925825534156,0.04193705645460248,0.959,7.01424413136972,3.968765742896594,-0.5589444720156277,0.5762622254448131,7.630143978999968,0.7703088977447813,0.76656906701568,319.92,3.447241628121213,0.6664803577803955,0.6274773532030371,40,8
grid,dgp3,2000,24,500,5,0,0.16036251358457224,SSRF-JS,1.6710748904573316,0.6408111466886758,0.042321165886651343,0.959,7.015061778047201,3.9768406771510154,,,7.630143978999968,0.7703088977447813,0.76656906701568,319.92,3.447241628121213,0.6664803577803955,0.6274773532030371,40,8
grid,dgp3,2000,24,500,5,0,0.16036251358457224,RF-H,1.669598384375366,0.6386799843294602,0.03960941500334195,0.953,7.016812410173141,3.8156275916592284,-0.26009756152832497,0.7948153052119463,2.0680570770000486,0.7703088977447813,0.76656906701568,319.92,3.447241628121213,0.6664803577803955,0.6274773532030371,40,8
grid,dgp3,2000,24,500,5,0,0.16036251358457224,SSRF-H,1.7753250006414802,0.7017140341632655,0.14126106291128745,0.957,7.153712176433968,4.064812076132504,7.085871947059336,1.9073645001510447e-12,2.0680570770000486,0.7703088977447813,0.76656906701568,319.92,3.447241628121213,0.6664803577803955,0.6274773532030371,40,8
grid,dgp3,2000,24,500,5,0,0.16036251358457224,SSRF-JS-H,1.776122981552577,0.7021838919718884,0.1419879036415174,0.957,7.1542171464418445,4.060844904340336,7.145288170814991,1.2530025103073381e-12,2.0680570770000486,0.7703088977447813,0.76656906701568,319.92,3.447241628121213,0.6664803577803955,0.6274773532030371,40,8
grid,dgp3,2000,24,500,5,0,0.16036251358457224,SSRF-rob,1.6612203402969268,0.6353376370265128,0.03416786579250538,0.959,6.996630242391117,3.9257661365895467,-2.1976401069126514,0.028089091079817545,8.268056665000131,0.7703088977447813,0.76656906701568,319.92,3.447241628121213,0.6664803577803955,0.6274773532030371,40,8
grid,dgp3,2000,24,500,5,0,0.16036251358457224,RidgeRF,1.6778318948184778,0.6472258641291954,0.042666334430888714,0.954,6.9467136758722825,3.7948768076589396,0.8633472496199208,0.3880501435920702,4.668750078999892,0.7703088977447813,0.76656906701568,319.92,3.447241628121213,0.6664803577803955,0.6274773532030371,40,8
grid,dgp3,2000,24,500,5,0,0.16036251358457224,LassoRF,1.675971331250169,0.6508975137743417,0.05017096178720698,0.956,6.955071390665963,3.8385287427078794,0.3478488078310865,0.7279903558966606,1.0324619890002396,0.7703088977447813,0.76656906701568,319.92,3.447241628121213,0.6664803577803955,0.6274773532030371,40,8
grid,dgp3,2000,24,500,5,0,0.16036251358457224,GBM,1.71320526265038,0.6519737144832203,0.08543191635402525,0.951,7.24718275919621,3.95772873729217,2.4276333783958233,0.01528547668982373,0.40325845799998206,0.7703088977447813,0.76656906701568,319.92,3.447241628121213,0.6664803577803955,0.6274773532030371,40,8
grid,dgp3,2000,24,500,5,0,0.16036251358457224,RF-tuned,1.655776287934926,0.6325944564493049,0.030469362590273857,0.957,6.985796407906658,3.884127895947662,-2.2634138010889697,0.023717006246261538,9.702491191999798,0.7703088977447813,0.76656906701568,319.92,3.447241628121213,0.6664803577803955,0.6274773532030371,40,8
grid,dgp3,2000,24,500,5,0,0.16036251358457224,SSRF-tuned,1.659976365361271,0.6350128186716364,0.034222567205399824,0.957,6.988002315087874,3.875772931951673,-2.1248590665563425,0.03372075041907343,14.276250558999891,0.7703088977447813,0.76656906701568,319.92,3.447241628121213,0.6664803577803955,0.6274773532030371,40,8
grid,dgp3,2000,24,10,5,1,0.2220612964538488,RF,1.0308327816025216,0.6447579418795087,0.08828093938901986,0.944,6.542247909041126,3.7068800850757397,3.818848383665966,0.0001381627732741874,0.12927473499985354,0.8165744326763115,0.8140927744085541,318.5,3.4561825973298537,0.41783295473810006,0.5289515150628697,20,12
grid,dgp3,2000,24,10,5,1,0.2220612964538488,SSRF,1.0167529900107577,0.6362408701189101,0.07517139491220007,0.946,6.479454551742696,3.686846055033769,-0.7089005445823373,0.4784688602757031,0.12927473499985354,0.8165744326763115,0.8140927744085541,318.5,3.4561825973298537,0.41783295473810006,0.5289515150628697,20,12
grid,dgp3,2000,24,10,5,1,0.2220612964538488,SSRF-JS,1.017244332089734,0.6367134981564793,0.07675343325179833,0.946,6.484466032751632,3.682363130462085,,,0.12927473499985354,0.8165744326763115,0.8140927744085541,318.5,3.4561825973298537,0.41783295473810006,0.5289515150628697,20,12
grid,dgp3,2000,24,10,5,1,0.2220612964538488,RF-H,0.9967232396116517,0.6336161585139003,0.07156724011571523,0.937,6.417803655545345,3.653545154981629,-1.5554164263967905,0.12000522012327636,0.045298440999886225,0.8165744326763115,0.8140927744085541,318.5,3.4561825973298537,0.41783295473810006,0.5289515150628697,20,12
grid,dgp3,2000,24,10,5,1,0.2220612964538488,SSRF-H,1.0560267038538214,0.6633746449527328,0.12718821350772114,0.945,6.446906834101948,3.7487185689350753,3.151669093724557,0.001647458046270666,0.045298440999886225,0.8165744326763115,0.8140927744085541,318.5,3.4561825973298537,0.41783295473810006,0.5289515150628697,20,12
grid,dgp3,2000,24,10,5,1,0.2220612964538488,SSRF-JS-H,1.0578398987398798,0.6654097677409382,0.13062767340418752,0.942,6.458748038531854,3.7250021892206115,3.207308193777164,0.001361017421040001,0.045298440999886225,0.8165744326763115,0.8140927744085541,318.5,3.4561825973298537,0.41783295473810006,0.5289515150628697,20,12
grid,dgp3,2000,24,10,5,1,0.2220612964538488,SSRF-rob,1.0259050293055139,0.6418661223181875,0.08395673440332332,0.946,6.52392098609416,3.7042139970538486,3.310655284949507,0.0009473357932467422,0.14811007699972834,0.8165744326763115,0.8140927744085541,318.5,3.4561825973298537,0.41783295473810006,0.5289515150628697,20,12
grid,dgp3,2000,24,10,5,1,0.2220612964538488,RidgeRF,1.04989736973739,0.6587188682033982,0.08882536292875594,0.941,6.494087741522805,3.6119770090339287,2.349881788297931,0.018876152188547934,0.09770235599989974,0.8165744326763115,0.8140927744085541,318.5,3.4561825973298537,0.41783295473810006,0.5289515150628697,20,12
grid,dgp3,2000,24,10,5,1,0.2220612964538488,LassoRF,1.0160849050127896,0.646491076957403,0.07659235834718967,0.939,6.305965223279336,3.58912268614953,-0.07865236007373243,0.9373170112125355,0.05805538000004162,0.8165744326763115,0.8140927744085541,318.5,3.4561825973298537,0.41783295473810006,0.5289515150628697,20,12
grid,dgp3,2000,24,10,5,1,0.2220612964538488,GBM,1.0066839184960403,0.6347617003264547,0.08754492597298807,0.943,6.356322219978297,3.711321204923157,-0.709165293688142,0.4783046072261789,0.48792471800015846,0.8165744326763115,0.8140927744085541,318.5,3.4561825973298537,0.41783295473810006,0.5289515150628697,20,12
grid,dgp3,2000,24,10,5,1,0.2220612964538488,RF-tuned,0.9876723197521484,0.6267622697937866,0.04252072972419305,0.942,6.341939172746738,3.627988141530778,-2.5257385089369273,0.011622234889817461,7.069837378000102,0.8165744326763115,0.8140927744085541,318.5,3.4561825973298537,0.41783295473810006,0.5289515150628697,20,12
grid,dgp3,2000,24,10,5,1,0.2220612964538488,SSRF-tuned,0.9824658575290524,0.6233938897547222,0.04631309476259028,0.939,6.415687909066564,3.465400682951551,-3.1691409937385697,0.0015520264929280586,7.215108391000285,0.8165744326763115,0.8140927744085541,318.5,3.4561825973298537,0.41783295473810006,0.5289515150628697,20,12
grid,dgp3,2000,24,500,5,1,0.2220612964538488,RF,0.9693559495854694,0.6150420107315806,0.03444312287716599,0.958,5.802904418356719,3.8771667827123646,-1.5346752965437849,0.12502185387742928,7.104329047000192,0.817155556816853,0.814730870361933,319.36,3.4534119211654932,0.42307775597952924,0.5341298279867599,20,12
grid,dgp3,2000,24,500,5,1,0.2220612964538488,SSRF,0.9750615669337732,0.6178725175120765,0.040682283029751666,0.957,5.835521409612318,3.8488118851004436,0.6981057400583914,0.48519226450070296,7.104329047000192,0.817155556816853,0.814730870361933,319.36,3.4534119211654932,0.42307775597952924,0.5341298279867599,20,12
grid,dgp3,2000,24,500,5,1,0.2220612964538488,SSRF-JS,0.9749096940449734,0.6179393227090793,0.04084434381563818,0.958,5.832052410058469,3.8417704983142196,,,7.104329047000192,0.817155556816853,0.814730870361933,319.36,3.4534119211654932,0.42307775597952924,0.5341298279867599,20,12
grid,dgp3,2000,24,500,5,1,0.2220612964538488,RF-H,0.9805880119757149,0.6179916916852222,0.03986974169985664,0.958,5.869942954457944,3.842622497311027,1.0751108546968295,0.2824548458138473,2.0048055890001706,0.817155556816853,0.814730870361933,319.36,3.4534119211654932,0.42307775597952924,0.5341298279867599,20,12
grid,dgp3,2000,24,500,5,1,0.2220612964538488,SSRF-H,1.0609208892548454,0.6653402047918409,0.1283619029468695,0.955,6.048988410068031,3.886185707932157,6.952608438606536,4.837780048098452e-12,2.0048055890001706,0.817155556816853,0.814730870361933,319.36,3.4534119211654932,0.42307775597952924,0.5341298279867599,20,12
grid,dgp3,2000,24,500,5,1,0.2220612964538488,SSRF-JS-H,1.062037208975731,0.6660080219158026,0.12950311204394174,0.955,6.0528954040955565,3.891908739841917,7.021847507772778,2.9888750060112734e-12,2.0048055890001706,0.817155556816853,0.814730870361933,319.36,3.4534119211654932,0.42307775597952924,0.5341298279867599,20,12
grid,dgp3,2000,24,500,5,1,0.2220612964538488,SSRF-rob,0.9698457411878628,0.6151404889831588,0.03521198151513751,0.96,5.808557603632073,3.864330500414908,-1.904481828671852,0.056990878710680426,7.648578111999996,0.817155556816853,0.814730870361933,319.36,3.4534119211654932,0.42307775597952924,0.5341298279867599,20,12
grid,dgp3,2000,24,500,5,1,0.2220612964538488,RidgeRF,0.9804487434741759,0.6227022382601961,0.03841144315369243,0.957,5.8053412191643705,3.827946897879242,1.0312768484296888,0.30253576614879807,4.203311639999811,0.817155556816853,0.814730870361933,319.36,3.4534119211654932,0.42307775597952924,0.5341298279867599,20,12
grid,dgp3,2000,24,500,5,1,0.2220612964538488,LassoRF,0.9854663996549732,0.6225880222203034,0.04738638391674861,0.963,5.815038562180585,3.9333393125347986,1.5095393857551527,0.13131903449559865,1.4643661820000489,0.817155556816853,0.814730870361933,319.36,3.4534119211654932,0.42307775597952924,0.5341298279867599,20,12
grid,dgp3,2000,24,500,5,1,0.2220612964538488,GBM,1.0066839184960403,0.6347617003264547,0.08754492597298807,0.961,5.887822337397411,3.968273557345221,3.110967463220532,0.0018910928988721814,0.4945258620000459,0.817155556816853,0.814730870361933,319.36,3.4534119211654932,0.42307775597952924,0.5341298279867599,20,12
grid,dgp3,2000,24,500,5,1,0.2220612964538488,RF-tuned,0.9681073363464371,0.6120487357363895,0.025851470700503823,0.956,5.799056271138184,3.7656816985179073,-1.4471669900525013,0.14800695316936116,11.0374267469997,0.817155556816853,0.814730870361933,319.36,3.4534119211654932,0.42307775597952924,0.5341298279867599,20,12
grid,dgp3,2000,24,500,5,1,0.2220612964538488,SSRF-tuned,0.97018345857596,0.6147876514618846,0.03113282217438972,0.956,5.824483362602094,3.8036625138290536,-1.4545853416820465,0.14594108673960743,18.24608806399965,0.817155556816853,0.814730870361933,319.36,3.4534119211654932,0.42307775597952924,0.5341298279867599,20,12
grid,dgp3,2000,24,10,5,2,0.11844026305748574,RF,1.0360567228099011,0.6627337180974812,0.1231163706644743,0.963,6.055758539681242,3.869528553198444,5.570997651132266,2.8753664939017085e-08,0.1338607999996384,0.761088368967478,0.756870601199509,320.0,3.4187090672757914,0.8062264490024298,0.7099233912864227,40,12
grid,dgp3,2000,24,10,5,2,0.11844026305748574,SSRF,0.9965132775862063,0.6406435485562831,0.07686284755933562,0.962,6.036488117551716,3.8534486829291983,-1.925044304386531,0.05436555988769259,0.1338607999996384,0.761088368967478,0.756870601199509,320.0,3.4187090672757914,0.8062264490024298,0.7099233912864227,40,12
grid,dgp3,2000,24,10,5,2,0.11844026305748574,SSRF-JS,0.9984531464011329,0.6421850534869474,0.07901573261676055,0.96,6.031543719654598,3.833894187523356,,,0.1338607999996384,0.761088368967478,0.756870601199509,320.0,3.4187090672757914,0.8062264490024298,0.7099233912864227,40,12
grid,dgp3,2000,24,10,5,2,0.11844026305748574,RF-H,1.0356597337995808,0.6585399572240994,0.09028477875938318,0.956,6.261566326714911,4.048078380969947,2.628689772295683,0.008637096311713366,0.039956137999979546,0.761088368967478,0.756870601199509,320.0,3.4187090672757914,0.8062264490024298,0.7099233912864227,40,12
grid,dgp3,2000,24,10,5,2,0.11844026305748574,SSRF-H,1.060947511081826,0.6714276278562477,0.12084037438083893,0.953,6.333177198078056,4.113230631834805,4.020449540291817,6.024321199034085e-05,0.039956137999979546,0.761088368967478,0.756870601199509,320.0,3.4187090672757914,0.8062264490024298,0.7099233912864227,40,12
grid,dgp3,2000,24,10,5,2,0.11844026305748574,SSRF-JS-H,1.062730952548892,0.6722465804654156,0.12064802203912248,0.95,6.344348447624341,4.053888531857715,4.1185747134934605,3.967504036089421e-05,0.039956137999979546,0.761088368967478,0.756870601199509,320.0,3.4187090672757914,0.8062264490024298,0.7099233912864227,40,12
grid,dgp3,2000,24,10,5,2,0.11844026305748574,SSRF-rob,1.0271177703556,0.6579526076167759,0.11308347846839484,0.963,6.049328100824547,3.8677185886438163,5.125928619495234,3.246142656581242e-07,0.14912412500007122,0.761088368967478,0.756870601199509,320.0,3.4187090672757914,0.8062264490024298,0.7099233912864227,40,12
grid,dgp3,2000,24,10,5,2,0.11844026305748574,RidgeRF,1.0489782973026525,0.6697648336312552,0.1249019357635614,0.966,6.133389260032651,3.9539301196471324,3.0327674673535823,0.0024543867692805306,0.1002070160002404,0.761088368967478,0.756870601199509,320.0,3.4187090672757914,0.8062264490024298,0.7099233912864227,40,12
grid,dgp3,2000,24,10,5,2,0.11844026305748574,LassoRF,1.0251627425693373,0.6496658851068444,0.10922253765388076,0.962,6.218837844453583,3.988531448026444,1.6110399999700264,0.10732887641108867,0.05683684700034064,0.761088368967478,0.756870601199509,320.0,3.4187090672757914,0.8062264490024298,0.7099233912864227,40,12
grid,dgp3,2000,24,10,5,2,0.11844026305748574,GBM,1.0432649935490352,0.6419468251430899,0.10558077695384235,0.955,6.413059557320526,4.053686235626422,2.0048333983565896,0.045115479916086935,0.3755712010001844,0.761088368967478,0.756870601199509,320.0,3.4187090672757914,0.8062264490024298,0.7099233912864227,40,12
grid,dgp3,2000,24,10,5,2,0.11844026305748574,RF-tuned,0.9500461730858181,0.6110802335764294,0.035378213930939845,0.957,6.074129907872222,3.7762318714523873,-4.544557433170111,5.833991187490206e-06,7.186133676999816,0.761088368967478,0.756870601199509,320.0,3.4187090672757914,0.8062264490024298,0.7099233912864227,40,12
grid,dgp3,2000,24,10,5,2,0.11844026305748574,SSRF-tuned,0.9706831732415796,0.616876038729047,0.042144739300241624,0.96,6.1262299509197575,3.8121159061206753,-2.7154421470220096,0.006675685157640497,7.3046198069996535,0.761088368967478,0.756870601199509,320.0,3.4187090672757914,0.8062264490024298,0.7099233912864227,40,12
grid,dgp3,2000,24,500,5,2,0.11844026305748574,RF,0.9659248993017218,0.6174287627467165,0.038933154065113496,0.964,5.560278980140358,3.840112603658831,0.17433039035085093,0.861623469736585,7.027533514999959,0.7405414027579489,0.7358718016182068,319.698,3.44762455504173,0.957492158490481,0.7647799737743252,40,12
grid,dgp3,2000,24,500,5,2,0.11844026305748574,SSRF,0.9640902889063101,0.616446879015208,0.03387785021195469,0.954,5.618876615982796,3.779323814738221,-3.1331583128279865,0.0017544364527549018,7.027533514999959,0.7405414027579489,0.7358718016182068,319.698,3.44762455504173,0.957492158490481,0.7647799737743252,40,12
grid,dgp3,2000,24,500,5,2,0.11844026305748574,SSRF-JS,0.9648646219378759,0.6169687138056629,0.034427956182550415,0.954,5.618256277062789,3.7816588941699294,,,7.027533514999959,0.7405414027579489,0.7358718016182068,319.698,3.44762455504173,0.957492158490481,0.7647799737743252,40,12
grid,dgp3,2000,24,500,5,2,0.11844026305748574,RF-H,0.9575077247321687,0.6091970331124569,0.02802417852444674,0.952,5.598217496597728,3.70940210435021,-1.5498450515420898,0.1213370045884487,1.9843429679999645,0.7405414027579489,0.7358718016182068,319.698,3.44762455504173,0.957492158490481,0.7647799737743252,40,12
grid,dgp3,2000,24,500,5,2,0.11844026305748574,SSRF-H,1.0634937271014195,0.6726671310987442,0.1258590057018836,0.947,5.908970052803201,3.9559019392006936,7.573517248914023,5.516306064981189e-14,1.9843429679999645,0.7405414027579489,0.7358718016182068,319.698,3.44762455504173,0.957492158490481,0.7647799737743252,40,12
grid,dgp3,2000,24,500,5,2,0.11844026305748574,SSRF-JS-H,1.064178769000026,0.6730258591910381,0.12622634226215304,0.946,5.9107575858631245,3.9491419444955316,7.625626495847788,3.7298764435009266e-14,1.9843429679999645,0.7405414027579489,0.7358718016182068,319.698,3.44762455504173,0.957492158490481,0.7647799737743252,40,12
grid,dgp3,2000,24,500,5,2,0.11844026305748574,SSRF-rob,0.9638389662738324,0.6163679607897113,0.0363076646837884,0.96,5.557584238133194,3.798499975694384,-0.19822049730131275,0.8428927066146693,7.707093018000251,0.7405414027579489,0.7358718016182068,319.698,3.44762455504173,0.957492158490481,0.7647799737743252,40,12
grid,dgp3,2000,24,500,5,2,0.11844026305748574,RidgeRF,0.9721793940880701,0.6222791158257955,0.045898698752002816,0.958,5.556610855570927,3.834416248584523,0.94599497639965,0.3442654798256923,4.344620977999966,0.7405414027579489,0.7358718016182068,319.698,3.44762455504173,0.957492158490481,0.7647799737743252,40,12
grid,dgp3,2000,24,500,5,2,0.11844026305748574,LassoRF,0.9730216879359629,0.6217884381348432,0.053434218869431914,0.958,5.666925881223375,3.856904474624058,0.8751793800063815,0.38158145124324194,1.4838830279995818,0.7405414027579489,0.7358718016182068,319.698,3.44762455504173,0.957492158490481,0.7647799737743252,40,12
grid,dgp3,2000,24,500,5,2,0.11844026305748574,GBM,1.0432649935490352,0.6419468251430899,0.10558077695384235,0.95,5.81123769563993,3.936183459643741,3.974855523262037,7.292378882297511e-05,0.3739921530000174,0.7405414027579489,0.7358718016182068,319.698,3.44762455504173,0.957492158490481,0.7647799737743252,40,12
grid,dgp3,2000,24,500,5,2,0.11844026305748574,RF-tuned,0.9458752198819504,0.6054017238816314,0.024812901914303794,0.96,5.571503241903718,3.865100243903577,-3.4212660914136808,0.0006358404759840573,10.16872602400008,0.7405414027579489,0.7358718016182068,319.698,3.44762455504173,0.957492158490481,0.7647799737743252,40,12
grid,dgp3,2000,24,500,5,2,0.11844026305748574,SSRF-tuned,0.9485173931455108,0.6065836760592614,0.02503043163561402,0.958,5.587530123344329,3.829157303549037,-3.902499433358945,9.835672800449815e-05,16.031534728000224,0.7405414027579489,0.7358718016182068,319.698,3.44762455504173,0.957492158490481,0.7647799737743252,40,12
grid,dgp3,2000,24,10,5,3,0.14380015103328014,RF,1.0489644133186604,0.6700595689279459,0.1308376861759665,0.946,6.674484988403379,3.76839488584173,2.8975896602886406,0.0038013544702100244,0.1503041419996407,0.7471726530241752,0.7424146887784693,318.4,3.4673809920554377,0.7622125121858556,0.6284033215746867,20,8
grid,dgp3,2000,24,10,5,3,0.14380015103328014,SSRF,1.0286649699485437,0.6580447618635339,0.09938110637880533,0.948,6.667552999934029,3.727466788159824,-3.3426430708175423,0.000845147168399562,0.1503041419996407,0.7471726530241752,0.7424146887784693,318.4,3.4673809920554377,0.7622125121858556,0.6284033215746867,20,8
grid,dgp3,2000,24,10,5,3,0.14380015103328014,SSRF-JS,1.032052108381154,0.6603897822549631,0.10341979018613483,0.948,6.664734887658572,3.7341222187193224,,,0.1503041419996407,0.7471726530241752,0.7424146887784693,318.4,3.4673809920554377,0.7622125121858556,0.6284033215746867,20,8
grid,dgp3,2000,24,10,5,3,0.14380015103328014,RF-H,1.0415173408982323,0.6643246442069654,0.09795887772784617,0.949,6.713746555258102,3.8450832532975645,0.6847883323171161,0.49355688757549165,0.043484018000071956,0.7471726530241752,0.7424146887784693,318.4,3.4673809920554377,0.7622125121858556,0.6284033215746867,20,8
grid,dgp3,2000,24,10,5,3,0.14380015103328014,SSRF-H,1.1111387036000369,0.7064178825075649,0.15728816927944717,0.946,6.779333964637478,3.8565147148473495,5.351713107705554,9.712351299417159e-08,0.043484018000071956,0.7471726530241752,0.7424146887784693,318.4,3.4673809920554377,0.7622125121858556,0.6284033215746867,20,8
grid,dgp3,2000,24,10,5,3,0.14380015103328014,SSRF-JS-H,1.1145149427393075,0.7082981292490613,0.16014806903418657,0.946,6.781876775178435,3.8863542075471695,5.527990223199294,3.663519122207661e-08,0.043484018000071956,0.7471726530241752,0.7424146887784693,318.4,3.4673809920554377,0.7622125121858556,0.6284033215746867,20,8
grid,dgp3,2000,24,10,5,3,0.14380015103328014,SSRF-rob,1.0443847081717839,0.6673894393758972,0.12450425211798989,0.944,6.676935289006781,3.7051262692178573,2.538585418789231,0.011205443231279073,0.16344213599995783,0.7471726530241752,0.7424146887784693,318.4,3.4673809920554377,0.7622125121858556,0.6284033215746867,20,8
grid,dgp3,2000,24,10,5,3,0.14380015103328014,RidgeRF,1.0790718593809059,0.6851868494982293,0.12958651063136545,0.954,6.688140674211469,4.046124914789845,2.488900876970076,0.012894676272905052,0.09960638499978813,0.7471726530241752,0.7424146887784693,318.4,3.4673809920554377,0.7622125121858556,0.6284033215746867,20,8
grid,dgp3,2000,24,10,5,3,0.14380015103328014,LassoRF,1.0433360938808574,0.6694691398173566,0.0964904703819722,0.94,6.7662306711314555,3.8796293061508624,0.6966414477049304,0.48610820727561116,0.06702388200028508,0.7471726530241752,0.7424146887784693,318.4,3.4673809920554377,0.7622125121858556,0.6284033215746867,20,8
grid,dgp3,2000,24,10,5,3,0.14380015103328014,GBM,1.0426345595675162,0.6544383383556751,0.11582686613048666,0.95,6.817318639682675,3.8695635758703073,0.6203545635273501,0.5350950927969066,0.285715036000056,0.7471726530241752,0.7424146887784693,318.4,3.4673809920554377,0.7622125121858556,0.6284033215746867,20,8
grid,dgp3,2000,24,10,5,3,0.14380015103328014,RF-tuned,1.0104002280397153,0.6482967750770642,0.06188268013860281,0.945,6.66462892352259,3.7707309072152677,-1.7131511281283964,0.08683979563663974,7.311753093000334,0.7471726530241752,0.7424146887784693,318.4,3.4673809920554377,0.7622125121858556,0.6284033215746867,20,8
grid,dgp3,2000,24,10,5,3,0.14380015103328014,SSRF-tuned,1.005756424487171,0.6497348514558549,0.06812675741225656,0.942,6.641127950337337,3.6327946808658136,-2.571625690404152,0.010193909882804905,7.4220249430004515,0.7471726530241752,0.7424146887784693,318.4,3.4673809920554377,0.7622125121858556,0.6284033215746867,20,8
grid,dgp3,2000,24,500,5,3,0.14380015103328014,RF,0.9762515881021575,0.632877476806229,0.04811865527525936,0.965,6.3058957902768755,4.07534079371407,-4.120395908459996,3.936534269009061e-05,7.282125295999776,0.7508992301842908,0.7465573014484228,319.536,3.4538095735477534,0.7345522688401726,0.6222032750098349,20,8
grid,dgp3,2000,24,500,5,3,0.14380015103328014,SSRF,0.9935328953309807,0.6418022333651113,0.057831023216552105,0.965,6.357855498399564,4.190899042504823,-1.9375550727809312,0.05281821958261008,7.282125295999776,0.7508992301842908,0.7465573014484228,319.536,3.4538095735477534,0.7345522688401726,0.6222032750098349,20,8
grid,dgp3,2000,24,500,5,3,0.14380015103328014,SSRF-JS,0.9939106502965284,0.6421400503799063,0.05846356200365901,0.965,6.357518459377177,4.190926529242261,,,7.282125295999776,0.7508992301842908,0.7465573014484228,319.536,3.4538095735477534,0.7345522688401726,0.6222032750098349,20,8
grid,dgp3,2000,24,500,5,3,0.14380015103328014,RF-H,0.9950494501139405,0.6399147574094777,0.05059269195879214,0.967,6.369799939523674,4.241679195055452,0.2414491681782691,0.8092317725857584,2.0231106530000034,0.7508992301842908,0.7465573014484228,319.536,3.4538095735477534,0.7345522688401726,0.6222032750098349,20,8
grid,dgp3,2000,24,500,5,3,0.14380015103328014,SSRF-H,1.1048096533906593,0.7034433083223856,0.1502605838095291,0.966,6.460583331510184,4.330023968325498,10.12110898380864,1.6243343138728548e-23,2.0231106530000034,0.7508992301842908,0.7465573014484228,319.536,3.4538095735477534,0.7345522688401726,0.6222032750098349,20,8
grid,dgp3,2000,24,500,5,3,0.14380015103328014,SSRF-JS-H,1.1061028925266128,0.7041983021171443,0.15148135332436463,0.966,6.461999999634393,4.3306666859308995,10.22935941082195,5.643657210302316e-24,2.0231106530000034,0.7508992301842908,0.7465573014484228,319.536,3.4538095735477534,0.7345522688401726,0.6222032750098349,20,8
grid,dgp3,2000,24,500,5,3,0.14380015103328014,SSRF-rob,0.9782515911627047,0.6337978768866243,0.048812253402393965,0.964,6.297162525601497,4.035319567088414,-4.441165615138775,9.435767474490722e-06,8.034076861000358,0.7508992301842908,0.7465573014484228,319.536,3.4538095735477534,0.7345522688401726,0.6222032750098349,20,8
grid,dgp3,2000,24,500,5,3,0.14380015103328014,RidgeRF,1.0148837819132193,0.6530597678170359,0.07552169899056137,0.961,6.323653520714842,4.090374402404046,2.2545673397140575,0.02426833263133737,4.603885902999991,0.7508992301842908,0.7465573014484228,319.536,3.4538095735477534,0.7345522688401726,0.6222032750098349,20,8
grid,dgp3,2000,24,500,5,3,0.14380015103328014,LassoRF,0.9962999881944484,0.6413512398480486,0.05348034989907292,0.964,6.310056397929601,4.031637465086748,0.28630165137325686,0.7746767607017858,2.0904786370001602,0.7508992301842908,0.7465573014484228,319.536,3.4538095735477534,0.7345522688401726,0.6222032750098349,20,8
grid,dgp3,2000,24,500,5,3,0.14380015103328014,GBM,1.0426345595675162,0.6544383383556751,0.11582686613048666,0.966,6.575562957322777,4.4547895447319785,3.065535532088994,0.0022018754434755873,0.29714931599983174,0.7508992301842908,0.7465573014484228,319.536,3.4538095735477534,0.7345522688401726,0.6222032750098349,20,8
grid,dgp3,2000,24,500,5,3,0.14380015103328014,RF-tuned,0.9768761014311533,0.6300037879630686,0.03924731137824524,0.967,6.3634242725870855,4.224521281250838,-3.850646785591806,0.00012151248043649091,10.348312648000046,0.7508992301842908,0.7465573014484228,319.536,3.4538095735477534,0.7345522688401726,0.6222032750098349,20,8
grid,dgp3,2000,24,500,5,3,0.14380015103328014,SSRF-tuned,0.9874302834653331,0.6362958586657173,0.04811726033659085,0.967,6.380141447078039,4.235298318795658,-2.238816860011245,0.02527747771384742,15.812958357999833,0.7508992301842908,0.7465573014484228,319.536,3.4538095735477534,0.7345522688401726,0.6222032750098349,20,8
grid,dgp3,2000,24,10,5,4,0.204164648299222,RF,1.3486264857609012,0.6886120425287184,0.08763476074951271,0.937,6.986652186337346,3.748280310623763,4.708250507978934,2.6701284917463307e-06,0.13632157900019592,0.8262495786099651,0.8240759626141564,316.4,3.5001785638714793,0.4447867345541062,0.5900716115475444,20,12
grid,dgp3,2000,24,10,5,4,0.204164648299222,SSRF,1.3249592909433014,0.6773813447856376,0.07054508121168888,0.945,6.9137545056189795,3.843381895354012,1.5621823732375544,0.11840331898061264,0.13632157900019592,0.8262495786099651,0.8240759626141564,316.4,3.5001785638714793,0.4447867345541062,0.5900716115475444,20,12
grid,dgp3,2000,24,10,5,4,0.204164648299222,SSRF-JS,1.3238270804730228,0.6773374091267992,0.07133668557304909,0.943,6.90494730176946,3.8511867556640826,,,0.13632157900019592,0.8262495786099651,0.8240759626141564,316.4,3.5001785638714793,0.4447867345541062,0.5900716115475444,20,12
grid,dgp3,2000,24,10,5,4,0.204164648299222,RF-H,1.3039184119783436,0.6692082985197597,0.06516096145654791,0.943,6.86554824790006,3.7169400858297323,-1.272086591274918,0.20349031369782075,0.040186287999858905,0.8262495786099651,0.8240759626141564,316.4,3.5001785638714793,0.4447867345541062,0.5900716115475444,20,12
grid,dgp3,2000,24,10,5,4,0.204164648299222,SSRF-H,1.3404306997637372,0.6914925099040787,0.11832079024456092,0.95,6.835922452865563,3.905840847160251,0.856388655765261,0.39188548127554407,0.040186287999858905,0.8262495786099651,0.8240759626141564,316.4,3.5001785638714793,0.4447867345541062,0.5900716115475444,20,12
grid,dgp3,2000,24,10,5,4,0.204164648299222,SSRF-JS-H,1.3418283376167697,0.6927455413996169,0.12016692829358507,0.946,6.834067375365737,3.874368552241087,0.9306546062101467,0.3521446326418392,0.040186287999858905,0.8262495786099651,0.8240759626141564,316.4,3.5001785638714793,0.4447867345541062,0.5900716115475444,20,12
grid,dgp3,2000,24,10,5,4,0.204164648299222,SSRF-rob,1.3403831550994543,0.6848469970198338,0.08174129754685978,0.939,6.95863389500869,3.7833600031356056,4.333954490818826,1.5372299249137963e-05,0.159445291999873,0.8262495786099651,0.8240759626141564,316.4,3.5001785638714793,0.4447867345541062,0.5900716115475444,20,12
grid,dgp3,2000,24,10,5,4,0.204164648299222,RidgeRF,1.35421957439563,0.6852545089480578,0.07161291732437898,0.947,7.055237058816101,3.960643565790264,2.006111028297554,0.04497890111688685,0.0983879559998968,0.8262495786099651,0.8240759626141564,316.4,3.5001785638714793,0.4447867345541062,0.5900716115475444,20,12
grid,dgp3,2000,24,10,5,4,0.204164648299222,LassoRF,1.3483646670575853,0.6834882218913166,0.08095120626079977,0.945,7.043340690408551,3.7694098879402826,1.3432268410223602,0.17935100469759319,0.05688371999985975,0.8262495786099651,0.8240759626141564,316.4,3.5001785638714793,0.4447867345541062,0.5900716115475444,20,12
grid,dgp3,2000,24,10,5,4,0.204164648299222,GBM,1.3084410378588343,0.6642657326582909,0.06263738385923721,0.949,6.908092664502208,3.9358090051651193,-1.0722562940228613,0.2837343610141165,0.3098270739997133,0.8262495786099651,0.8240759626141564,316.4,3.5001785638714793,0.4447867345541062,0.5900716115475444,20,12
grid,dgp3,2000,24,10,5,4,0.204164648299222,RF-tuned,1.2795486637163622,0.6551349976133387,0.03673795128700371,0.935,6.918872541394743,3.5090489288129283,-3.195613521987398,0.0014171033273655347,7.074763157999769,0.8262495786099651,0.8240759626141564,316.4,3.5001785638714793,0.4447867345541062,0.5900716115475444,20,12
grid,dgp3,2000,24,10,5,4,0.204164648299222,SSRF-tuned,1.2943520347724597,0.6652905871252095,0.05022421881008474,0.945,6.876300118421827,3.7268095719104704,-2.1645403375286847,0.030540936280554976,7.211660679999568,0.8262495786099651,0.8240759626141564,316.4,3.5001785638714793,0.4447867345541062,0.5900716115475444,20,12
grid,dgp3,2000,24,500,5,4,0.204164648299222,RF,1.287328456379425,0.6530008551470423,0.028780940314599626,0.967,5.301991410361859,4.245938100775825,1.279796459089784,0.20076523570828847,6.795310662000247,0.825691809810179,0.8235084225408441,319.214,3.456134833794103,0.45336871988004634,0.6074130111015689,20,12
grid,dgp3,2000,24,500,5,4,0.204164648299222,SSRF,1.281265808238008,0.6516599212529978,0.031060924222431972,0.969,5.249447000306173,4.219234245952812,-2.978234539254393,0.0029340252975539227,6.795310662000247,0.825691809810179,0.8235084225408441,319.214,3.456134833794103,0.45336871988004634,0.6074130111015689,20,12
grid,dgp3,2000,24,500,5,4,0.204164648299222,SSRF-JS,1.2817467026258886,0.6519071329537678,0.031248528519312303,0.969,5.2513696977058135,4.220573514753282,,,6.795310662000247,0.825691809810179,0.8235084225408441,319.214,3.456134833794103,0.45336871988004634,0.6074130111015689,20,12
grid,dgp3,2000,24,500,5,4,0.204164648299222,RF-H,1.276928469248211,0.649615160062496,0.03362188805189376,0.969,5.229632562856802,4.214129784694047,-1.078111482749725,0.2811140845228641,1.934892440999647,0.825691809810179,0.8235084225408441,319.214,3.456134833794103,0.45336871988004634,0.6074130111015689,20,12
grid,dgp3,2000,24,500,5,4,0.204164648299222,SSRF-H,1.3428611134723514,0.6945760798390463,0.1198041033451534,0.971,5.208167631126732,4.1832459628876455,3.998799515057876,6.597907974924897e-05,1.934892440999647,0.825691809810179,0.8235084225408441,319.214,3.456134833794103,0.45336871988004634,0.6074130111015689,20,12
grid,dgp3,2000,24,500,5,4,0.204164648299222,SSRF-JS-H,1.343081017370111,0.6949438782089193,0.12030886539105959,0.971,5.21288988063928,4.190577970161084,4.011990948366754,6.242555631982697e-05,1.934892440999647,0.825691809810179,0.8235084225408441,319.214,3.456134833794103,0.45336871988004634,0.6074130111015689,20,12
grid,dgp3,2000,24,500,5,4,0.204164648299222,SSRF-rob,1.2847748748533803,0.6520628171264762,0.028425977140478408,0.97,5.290004147197451,4.246376524107334,0.956801334494832,0.33878323498805485,7.520136309999998,0.825691809810179,0.8235084225408441,319.214,3.456134833794103,0.45336871988004634,0.6074130111015689,20,12
grid,dgp3,2000,24,500,5,4,0.204164648299222,RidgeRF,1.2845773375464542,0.653413471836009,0.033508936585051684,0.967,5.279514944804854,4.1970471386067505,0.38023433552688496,0.7038118698556386,4.10940042700031,0.825691809810179,0.8235084225408441,319.214,3.456134833794103,0.45336871988004634,0.6074130111015689,20,12
grid,dgp3,2000,24,500,5,4,0.204164648299222,LassoRF,1.3056196799829414,0.6604218706112094,0.04737240879745342,0.965,5.342799930804891,4.146778164902003,2.0225974909033817,0.043247573382998276,1.4643842409996068,0.825691809810179,0.8235084225408441,319.214,3.456134833794103,0.45336871988004634,0.6074130111015689,20,12
grid,dgp3,2000,24,500,5,4,0.204164648299222,GBM,1.3084410378588343,0.6642657326582909,0.06263738385923721,0.965,5.342375390469203,4.225862211455287,2.6645401029497178,0.007771343906669191,0.30161713500001497,0.825691809810179,0.8235084225408441,319.214,3.456134833794103,0.45336871988004634,0.6074130111015689,20,12
grid,dgp3,2000,24,500,5,4,0.204164648299222,RF-tuned,1.2815802657615123,0.6488472407885358,0.022900668456654682,0.972,5.323856660954945,4.293810717380157,-0.026604675707415787,0.9787776994384257,10.776848548000089,0.825691809810179,0.8235084225408441,319.214,3.456134833794103,0.45336871988004634,0.6074130111015689,20,12
grid,dgp3,2000,24,500,5,4,0.204164648299222,SSRF-tuned,1.2764821096214414,0.6483246691878964,0.025094964693744566,0.968,5.264472454151352,4.195315232711942,-1.2360263183247375,0.21659400007738705,18.12643405300014,0.825691809810179,0.8235084225408441,319.214,3.456134833794103,0.45336871988004634,0.6074130111015689,20,12
grid,dgp3,2000,24,10,5,5,0.1372098713502666,RF,1.4952807359209457,0.717203888408841,0.1282581847605574,0.95,7.703055407261239,4.180504015603965,5.669958523060694,1.6360132042905684e-08,0.1567986730001394,0.7511339250725615,0.7466962272949573,318.2,3.4805295804117935,0.8537515114200834,0.7214330461251849,40,12
grid,dgp3,2000,24,10,5,5,0.1372098713502666,SSRF,1.4491522220189983,0.6987520624146509,0.08951180796916766,0.95,7.565940783495767,4.1463850991996045,-2.455291705590715,0.014161644778411139,0.1567986730001394,0.7511339250725615,0.7466962272949573,318.2,3.4805295804117935,0.8537515114200834,0.7214330461251849,40,12
grid,dgp3,2000,24,10,5,5,0.1372098713502666,SSRF-JS,1.4532744593730136,0.7000758923897831,0.0933892903598447,0.952,7.578291558997149,4.155082726767036,,,0.1567986730001394,0.7511339250725615,0.7466962272949573,318.2,3.4805295804117935,0.8537515114200834,0.7214330461251849,40,12
grid,dgp3,2000,24,10,5,5,0.1372098713502666,RF-H,1.442388789979636,0.6966026030241271,0.09746618859549648,0.954,7.473685116933322,4.054911833766418,-0.6117787376313987,0.5407537296139718,0.042220531000111805,0.7511339250725615,0.7466962272949573,318.2,3.4805295804117935,0.8537515114200834,0.7214330461251849,40,12
grid,dgp3,2000,24,10,5,5,0.1372098713502666,SSRF-H,1.4728772215019381,0.7245972213219308,0.13254259889933137,0.949,7.458395701994211,4.041462298204885,1.1260406798684426,0.26028346603453506,0.042220531000111805,0.7511339250725615,0.7466962272949573,318.2,3.4805295804117935,0.8537515114200834,0.7214330461251849,40,12
grid,dgp3,2000,24,10,5,5,0.1372098713502666,SSRF-JS-H,1.4764528524153722,0.7259558260719969,0.13586142067533974,0.948,7.460227117125825,4.0426099342487385,1.3273746214342257,0.18453636266150977,0.042220531000111805,0.7511339250725615,0.7466962272949573,318.2,3.4805295804117935,0.8537515114200834,0.7214330461251849,40,12
grid,dgp3,2000,24,10,5,5,0.1372098713502666,SSRF-rob,1.4859787692014157,0.713124371276196,0.12025541970324945,0.95,7.678877918545185,4.158591082147831,5.3240859225639685,1.1286283345253675e-07,0.1796358820001842,0.7511339250725615,0.7466962272949573,318.2,3.4805295804117935,0.8537515114200834,0.7214330461251849,40,12
grid,dgp3,2000,24,10,5,5,0.1372098713502666,RidgeRF,1.4671396246892736,0.7142464510085267,0.11496918610834013,0.953,7.483628877079869,4.054955311938199,0.6510874678092003,0.5150648599742738,0.10068908299990653,0.7511339250725615,0.7466962272949573,318.2,3.4805295804117935,0.8537515114200834,0.7214330461251849,40,12
grid,dgp3,2000,24,10,5,5,0.1372098713502666,LassoRF,1.4751035240465846,0.7111755656742974,0.10418990381923078,0.955,7.46989795784894,4.0158428006441875,1.1742890057756878,0.24041915845838815,0.06565362400033337,0.7511339250725615,0.7466962272949573,318.2,3.4805295804117935,0.8537515114200834,0.7214330461251849,40,12
grid,dgp3,2000,24,10,5,5,0.1372098713502666,GBM,1.4721241481321337,0.6986409639903777,0.12284565673901016,0.952,7.638445054115362,4.333760279281429,1.0004228439867555,0.31722700130256165,0.28979257699984373,0.7511339250725615,0.7466962272949573,318.2,3.4805295804117935,0.8537515114200834,0.7214330461251849,40,12
grid,dgp3,2000,24,10,5,5,0.1372098713502666,RF-tuned,1.3945615397053057,0.669018011072706,0.04308821314604185,0.948,7.478717675037183,3.804600581909448,-3.7044830677464504,0.00021757331928851095,7.61504224600003,0.7511339250725615,0.7466962272949573,318.2,3.4805295804117935,0.8537515114200834,0.7214330461251849,40,12
grid,dgp3,2000,24,10,5,5,0.1372098713502666,SSRF-tuned,1.3936557785421353,0.6660979232542491,0.041793158892680385,0.95,7.437028021513333,3.9625530392567616,-4.092634914575199,4.434521288610732e-05,7.743942648000029,0.7511339250725615,0.7466962272949573,318.2,3.4805295804117935,0.8537515114200834,0.7214330461251849,40,12
grid,dgp3,2000,24,500,5,5,0.1372098713502666,RF,1.394475066171193,0.6718670139779629,0.04078200673921388,0.967,6.673463456790907,4.31190136151721,-0.5168525611935936,0.6053162615538316,7.7016630140001325,0.7576755463384032,0.7535924445703199,319.542,3.4534921438739348,0.786852162400168,0.6925356233010248,40,12
grid,dgp3,2000,24,500,5,5,0.1372098713502666,SSRF,1.396602980353066,0.6758804124177672,0.04690371398644776,0.967,6.679010881603191,4.243262936737458,-3.005734020784205,0.002682378109425002,7.7016630140001325,0.7576755463384032,0.7535924445703199,319.542,3.4534921438739348,0.786852162400168,0.6925356233010248,40,12
grid,dgp3,2000,24,500,5,5,0.1372098713502666,SSRF-JS,1.3973471190391424,0.6763128193663299,0.04747538654975558,0.967,6.679728351468976,4.246865019615629,,,7.7016630140001325,0.7576755463384032,0.7535924445703199,319.542,3.4534921438739348,0.786852162400168,0.6925356233010248,40,12
grid,dgp3,2000,24,500,5,5,0.1372098713502666,RF-H,1.3849261497105199,0.6676219864954593,0.0391867623646386,0.957,6.704832575183206,4.075406422428733,-2.252247783617979,0.024414718127294788,2.0468770069996935,0.7576755463384032,0.7535924445703199,319.542,3.4534921438739348,0.786852162400168,0.6925356233010248,40,12
grid,dgp3,2000,24,500,5,5,0.1372098713502666,SSRF-H,1.4785550399901835,0.7295085345850371,0.13868033101665952,0.959,6.880182028373591,4.329807346220632,5.809505410525529,7.273553804014151e-09,2.0468770069996935,0.7576755463384032,0.7535924445703199,319.542,3.4534921438739348,0.786852162400168,0.6925356233010248,40,12
grid,dgp3,2000,24,500,5,5,0.1372098713502666,SSRF-JS-H,1.4791824200875705,0.7298994925354566,0.13922727820487932,0.959,6.8814332160377605,4.322070172797383,5.817107338795581,6.955754295642486e-09,2.0468770069996935,0.7576755463384032,0.7535924445703199,319.542,3.4534921438739348,0.786852162400168,0.6925356233010248,40,12
grid,dgp3,2000,24,500,5,5,0.1372098713502666,SSRF-rob,1.3936908131333208,0.6716822706112123,0.04066287594575211,0.967,6.673320088776767,4.300867810983298,-0.8015298267771611,0.4229202475124648,8.133637792999707,0.7576755463384032,0.7535924445703199,319.542,3.4534921438739348,0.786852162400168,0.6925356233010248,40,12
grid,dgp3,2000,24,500,5,5,0.1372098713502666,RidgeRF,1.4026382512111781,0.6802767510267514,0.051462701292213496,0.968,6.699284189127722,4.33468160641535,0.4529864454383766,0.6506076628382808,4.503641441999662,0.7576755463384032,0.7535924445703199,319.542,3.4534921438739348,0.786852162400168,0.6925356233010248,40,12
grid,dgp3,2000,24,500,5,5,0.1372098713502666,LassoRF,1.4036317954010284,0.6798655666151795,0.05498560647125597,0.966,6.677881504197882,4.307339422331572,0.6983808308738825,0.4850202943684531,1.9897561329999007,0.7576755463384032,0.7535924445703199,319.542,3.4534921438739348,0.786852162400168,0.6925356233010248,40,12
grid,dgp3,2000,24,500,5,5,0.1372098713502666,GBM,1.4721241481321337,0.6986409639903777,0.12284565673901016,0.972,6.990936551513224,4.800332079582005,4.364420705425522,1.339609290645836e-05,0.28933260199983124,0.7576755463384032,0.7535924445703199,319.542,3.4534921438739348,0.786852162400168,0.6925356233010248,40,12
grid,dgp3,2000,24,500,5,5,0.1372098713502666,RF-tuned,1.3747055340903283,0.6581975407540922,0.026552786035896656,0.961,6.652933226818913,4.094384488650968,-3.7126124373281204,0.00021074680918629197,10.74248172300031,0.7576755463384032,0.7535924445703199,319.542,3.4534921438739348,0.786852162400168,0.6925356233010248,40,12
grid,dgp3,2000,24,500,5,5,0.1372098713502666,SSRF-tuned,1.3818893273349582,0.6627588715296943,0.030531146559674753,0.958,6.641525739017498,4.0409780405059195,-3.208074954030274,0.0013574127035682901,17.04009221100023,0.7576755463384032,0.7535924445703199,319.542,3.4534921438739348,0.786852162400168,0.6925356233010248,40,12
grid,dgp3,2000,24,10,5,6,0.1378982877331702,RF,1.4069639199776993,0.7029627092542112,0.12035775836418504,0.941,7.8073141550544,3.871246114654463,3.728157802149814,0.00019824971946778237,0.13721112399980484,0.7604706047388583,0.7562705709224825,318.3,3.466578586175973,0.7483799911501609,0.6583703468441284,40,8
grid,dgp3,2000,24,10,5,6,0.1378982877331702,SSRF,1.371520592708493,0.6876350434890579,0.08357665895032565,0.942,7.809168716730602,3.822913054641285,-4.0233416843595196,5.951376040584075e-05,0.13721112399980484,0.7604706047388583,0.7562705709224825,318.3,3.466578586175973,0.7483799911501609,0.6583703468441284,40,8
grid,dgp3,2000,24,10,5,6,0.1378982877331702,SSRF-JS,1.3785846741293635,0.6910492133676747,0.09028382275100427,0.941,7.807785910110483,3.8254030085420685,,,0.13721112399980484,0.7604706047388583,0.7562705709224825,318.3,3.466578586175973,0.7483799911501609,0.6583703468441284,40,8
grid,dgp3,2000,24,10,5,6,0.1378982877331702,RF-H,1.4131057380674303,0.6955941767270933,0.11345438673369453,0.93,7.980862872615107,3.723029375673072,1.9116097534674177,0.05606911305036626,0.03980912499991973,0.7604706047388583,0.7562705709224825,318.3,3.466578586175973,0.7483799911501609,0.6583703468441284,40,8
grid,dgp3,2000,24,10,5,6,0.1378982877331702,SSRF-H,1.4392003280608734,0.7222286007668823,0.1471370365321708,0.93,8.049555357322536,3.8012883645221294,3.389642096175579,0.0007134349579282731,0.03980912499991973,0.7604706047388583,0.7562705709224825,318.3,3.466578586175973,0.7483799911501609,0.6583703468441284,40,8
grid,dgp3,2000,24,10,5,6,0.1378982877331702,SSRF-JS-H,1.4450635433753656,0.7247583648227851,0.1506336024418744,0.93,8.0613991643243,3.8042917916610857,3.7233082540900226,0.00020207151437691778,0.03980912499991973,0.7604706047388583,0.7562705709224825,318.3,3.466578586175973,0.7483799911501609,0.6583703468441284,40,8
grid,dgp3,2000,24,10,5,6,0.1378982877331702,SSRF-rob,1.3998197972062076,0.6999523132131619,0.11292409382082741,0.941,7.804171237070389,3.859589132362835,3.438363545174644,0.000597235216753339,0.15271630100005495,0.7604706047388583,0.7562705709224825,318.3,3.466578586175973,0.7483799911501609,0.6583703468441284,40,8
grid,dgp3,2000,24,10,5,6,0.1378982877331702,RidgeRF,1.4063224823168925,0.7088549406154927,0.11919701774007294,0.942,7.882032144530948,3.914844715004704,1.5653444708452566,0.11766044010004575,0.09831993900024827,0.7604706047388583,0.7562705709224825,318.3,3.466578586175973,0.7483799911501609,0.6583703468441284,40,8
grid,dgp3,2000,24,10,5,6,0.1378982877331702,LassoRF,1.366276678936472,0.6873255460609075,0.08327748331557769,0.935,7.6384336593348,3.6446326986775244,-0.5610462024169687,0.5748289233470225,0.05688477100011369,0.7604706047388583,0.7562705709224825,318.3,3.466578586175973,0.7483799911501609,0.6583703468441284,40,8
grid,dgp3,2000,24,10,5,6,0.1378982877331702,GBM,1.5007458601842587,0.6973142016770859,0.19590353243807504,0.94,8.311767210929933,3.9420727372019964,2.5712980200678413,0.01020352838555739,0.442071672000111,0.7604706047388583,0.7562705709224825,318.3,3.466578586175973,0.7483799911501609,0.6583703468441284,40,8
grid,dgp3,2000,24,10,5,6,0.1378982877331702,RF-tuned,1.3245726509409084,0.6671175808958116,0.050848539015306955,0.934,7.798574658869855,3.6520692063447933,-4.315509985435537,1.6700757139391465e-05,7.1515995830000065,0.7604706047388583,0.7562705709224825,318.3,3.466578586175973,0.7483799911501609,0.6583703468441284,40,8
grid,dgp3,2000,24,10,5,6,0.1378982877331702,SSRF-tuned,1.3360885196796408,0.6688525365811279,0.05252032374129304,0.933,7.72781245356386,3.656965224696663,-3.526327127916784,0.0004308615295939943,7.240722316999836,0.7604706047388583,0.7562705709224825,318.3,3.466578586175973,0.7483799911501609,0.6583703468441284,40,8
grid,dgp3,2000,24,500,5,6,0.1378982877331702,RF,1.31576529143401,0.657782547920396,0.0359577690688454,0.958,6.159143876865953,3.9391696076286418,-2.3627254017980155,0.018236391161018595,7.192855352999686,0.7369547658500464,0.7321566840763066,319.464,3.4537623813902423,0.8497380230575466,0.6643457214066085,40,8
grid,dgp3,2000,24,500,5,6,0.1378982877331702,SSRF,1.3286190755501526,0.6631209017788214,0.04530286920035718,0.961,6.229502850981741,4.096283747674392,-2.9220345138310133,0.0035165601611333694,7.192855352999686,0.7369547658500464,0.7321566840763066,319.464,3.4537623813902423,0.8497380230575466,0.6643457214066085,40,8
grid,dgp3,2000,24,500,5,6,0.1378982877331702,SSRF-JS,1.3292797830489598,0.6636738618741078,0.04592443409685877,0.961,6.2269415981456895,4.081887465622662,,,7.192855352999686,0.7369547658500464,0.7321566840763066,319.464,3.4537623813902423,0.8497380230575466,0.6643457214066085,40,8
grid,dgp3,2000,24,500,5,6,0.1378982877331702,RF-H,1.321814316466436,0.6566004535415269,0.03804064292937847,0.96,6.2105295347638005,4.04749121683151,-1.5831032188834653,0.11355612518527067,1.9631359750001138,0.7369547658500464,0.7321566840763066,319.464,3.4537623813902423,0.8497380230575466,0.6643457214066085,40,8
grid,dgp3,2000,24,500,5,6,0.1378982877331702,SSRF-H,1.429486763030594,0.717631016635295,0.13850926696627602,0.961,6.37885340084149,4.243385371025639,8.160391051618129,5.839477885207908e-16,1.9631359750001138,0.7369547658500464,0.7321566840763066,319.464,3.4537623813902423,0.8497380230575466,0.6643457214066085,40,8
grid,dgp3,2000,24,500,5,6,0.1378982877331702,SSRF-JS-H,1.4304456354414303,0.7181491485457812,0.1396027698947065,0.961,6.382898220938976,4.251859035438528,8.185495336030181,4.77413682317036e-16,1.9631359750001138,0.7369547658500464,0.7321566840763066,319.464,3.4537623813902423,0.8497380230575466,0.6643457214066085,40,8
grid,dgp3,2000,24,500,5,6,0.1378982877331702,SSRF-rob,1.3164930977619087,0.6580022483938578,0.03615388306343293,0.959,6.169192569418818,3.9606817116090323,-2.6487868333021214,0.008141702475228564,7.774321234999661,0.7369547658500464,0.7321566840763066,319.464,3.4537623813902423,0.8497380230575466,0.6643457214066085,40,8
grid,dgp3,2000,24,500,5,6,0.1378982877331702,RidgeRF,1.3208330684609288,0.6647135292173605,0.04644217346125951,0.953,6.131957490038076,3.8832397096534175,-0.9883089744352089,0.3231209592865225,4.399352231000194,0.7369547658500464,0.7321566840763066,319.464,3.4537623813902423,0.8497380230575466,0.6643457214066085,40,8
grid,dgp3,2000,24,500,5,6,0.1378982877331702,LassoRF,1.3132723250073695,0.6562614265989365,0.034394163371643714,0.961,6.163166829721892,4.030186794722489,-1.4077093678304262,0.15937262716890352,1.5021294220000527,0.7369547658500464,0.7321566840763066,319.464,3.4537623813902423,0.8497380230575466,0.6643457214066085,40,8
grid,dgp3,2000,24,500,5,6,0.1378982877331702,GBM,1.5007458601842587,0.6973142016770859,0.19590353243807504,0.958,6.750218713275474,4.314076015295093,3.5683478584673978,0.0003677043847472866,0.44295899600001576,0.7369547658500464,0.7321566840763066,319.464,3.4537623813902423,0.8497380230575466,0.6643457214066085,40,8
grid,dgp3,2000,24,500,5,6,0.1378982877331702,RF-tuned,1.3125078261649787,0.6506744314328683,0.0281740955423301,0.96,6.208188372564641,4.06006176980206,-3.020125202386496,0.002558702687534053,9.520500557000105,0.7369547658500464,0.7321566840763066,319.464,3.4537623813902423,0.8497380230575466,0.6643457214066085,40,8
grid,dgp3,2000,24,500,5,6,0.1378982877331702,SSRF-tuned,1.3185851072521773,0.6557777775535442,0.0338268199447006,0.959,6.208624647334751,4.06127932887418,-2.6324331833025463,0.008542826632320056,14.378309147999971,0.7369547658500464,0.7321566840763066,319.464,3.4537623813902423,0.8497380230575466,0.6643457214066085,40,8
grid,dgp3,2000,24,10,5,7,0.18290451464274485,RF,1.1002050131721577,0.678852658321995,0.10492636436119694,0.944,6.37416480815101,3.7841539580365775,3.2460884127082257,0.0011893678103332948,0.14525341199987452,0.8098595215392594,0.8074160600471469,319.8,3.4562026502726035,0.5426627027748196,0.6521276587279896,40,12
grid,dgp3,2000,24,10,5,7,0.18290451464274485,SSRF,1.081105055210735,0.6668461353568655,0.08095421851781702,0.947,6.346560386335365,3.794750036891399,-2.325903867828512,0.020123246457797922,0.14525341199987452,0.8098595215392594,0.8074160600471469,319.8,3.4562026502726035,0.5426627027748196,0.6521276587279896,40,12
grid,dgp3,2000,24,10,5,7,0.18290451464274485,SSRF-JS,1.0827433621551068,0.6674338435689964,0.08226735538099599,0.946,6.347395819509821,3.7781616676697776,,,0.14525341199987452,0.8098595215392594,0.8074160600471469,319.8,3.4562026502726035,0.5426627027748196,0.6521276587279896,40,12
grid,dgp3,2000,24,10,5,7,0.18290451464274485,RF-H,1.085475619225399,0.6670115649970053,0.07529052429206934,0.938,6.492311864332487,3.760013213386258,0.19905868493393966,0.8422370828996145,0.04166145899989715,0.8098595215392594,0.8074160600471469,319.8,3.4562026502726035,0.5426627027748196,0.6521276587279896,40,12
grid,dgp3,2000,24,10,5,7,0.18290451464274485,SSRF-H,1.1603578250106557,0.7070037374676195,0.1393633148975824,0.949,6.488688492499237,3.9869911702856498,4.038072585509964,5.592643257633648e-05,0.04166145899989715,0.8098595215392594,0.8074160600471469,319.8,3.4562026502726035,0.5426627027748196,0.6521276587279896,40,12
grid,dgp3,2000,24,10,5,7,0.18290451464274485,SSRF-JS-H,1.1642032343800919,0.7087977109088783,0.14171073121564326,0.95,6.501687163435452,3.9655109838521203,4.238601089585083,2.351549752851771e-05,0.04166145899989715,0.8098595215392594,0.8074160600471469,319.8,3.4562026502726035,0.5426627027748196,0.6521276587279896,40,12
grid,dgp3,2000,24,10,5,7,0.18290451464274485,SSRF-rob,1.0940736136465876,0.6752391927996949,0.0974113151330761,0.944,6.362802701977874,3.785410301111021,2.843621575557788,0.004505741583231983,0.1670390409999527,0.8098595215392594,0.8074160600471469,319.8,3.4562026502726035,0.5426627027748196,0.6521276587279896,40,12
grid,dgp3,2000,24,10,5,7,0.18290451464274485,RidgeRF,1.082549833953075,0.6733042213556719,0.0962642410574085,0.939,6.456152531769908,3.757155395868992,-0.011314458926653951,0.9909736895400469,0.09945505099994989,0.8098595215392594,0.8074160600471469,319.8,3.4562026502726035,0.5426627027748196,0.6521276587279896,40,12
grid,dgp3,2000,24,10,5,7,0.18290451464274485,LassoRF,1.0841686888197806,0.6704893196687973,0.07296774334603962,0.947,6.379861976993555,3.941133197681509,0.10004736471793348,0.9203167546742861,0.05333006299997578,0.8098595215392594,0.8074160600471469,319.8,3.4562026502726035,0.5426627027748196,0.6521276587279896,40,12
grid,dgp3,2000,24,10,5,7,0.18290451464274485,GBM,1.1240399071981357,0.6728314060368065,0.11303718709174376,0.941,6.764503078977855,3.9172824436028666,1.5611820943485677,0.11863908165808802,0.5462337200001457,0.8098595215392594,0.8074160600471469,319.8,3.4562026502726035,0.5426627027748196,0.6521276587279896,40,12
grid,dgp3,2000,24,10,5,7,0.18290451464274485,RF-tuned,1.0462552308393778,0.6489385293122217,0.038841188973376885,0.94,6.454876262730122,3.657844896805749,-3.103914010093725,0.00193653750878286,7.300725442999919,0.8098595215392594,0.8074160600471469,319.8,3.4562026502726035,0.5426627027748196,0.6521276587279896,40,12
grid,dgp3,2000,24,10,5,7,0.18290451464274485,SSRF-tuned,1.0488734338718104,0.6511308916741778,0.039911771299720594,0.94,6.39780594100831,3.6920771501967735,-3.0238910596560475,0.0025272126109110024,7.4243728069996,0.8098595215392594,0.8074160600471469,319.8,3.4562026502726035,0.5426627027748196,0.6521276587279896,40,12
grid,dgp3,2000,24,500,5,7,0.18290451464274485,RF,1.03390914249184,0.6429170672494952,0.04005537508241008,0.935,6.652859396331917,3.6374567861463785,-1.1225623758587024,0.2617582112657544,7.482936261999839,0.8174614157227766,0.8150649371710722,319.678,3.4500209435449545,0.5135303856900141,0.651311081520549,40,12
grid,dgp3,2000,24,500,5,7,0.18290451464274485,SSRF,1.0385439339071902,0.6434192783987571,0.03930901974241841,0.935,6.679116997983374,3.5411412284217336,-1.544159092278643,0.12270807955834079,7.482936261999839,0.8174614157227766,0.8150649371710722,319.678,3.4500209435449545,0.5135303856900141,0.651311081520549,40,12
grid,dgp3,2000,24,500,5,7,0.18290451464274485,SSRF-JS,1.0387903802065894,0.6436407350609411,0.03973392440580411,0.935,6.680432291967185,3.536465107122353,,,7.482936261999839,0.8174614157227766,0.8150649371710722,319.678,3.4500209435449545,0.5135303856900141,0.651311081520549,40,12
grid,dgp3,2000,24,500,5,7,0.18290451464274485,RF-H,1.042919256686793,0.644361431537607,0.034607427729406115,0.937,6.6544553947492044,3.5559931423226625,0.6996528461485746,0.48422553714846145,2.016598826000063,0.8174614157227766,0.8150649371710722,319.678,3.4500209435449545,0.5135303856900141,0.651311081520549,40,12
grid,dgp3,2000,24,500,5,7,0.18290451464274485,SSRF-H,1.1438745538795083,0.6984670960372903,0.12558589851222582,0.93,6.738934134409179,3.675206158754584,6.9291453572897295,5.689664054446082e-12,2.016598826000063,0.8174614157227766,0.8150649371710722,319.678,3.4500209435449545,0.5135303856900141,0.651311081520549,40,12
grid,dgp3,2000,24,500,5,7,0.18290451464274485,SSRF-JS-H,1.14495228661599,0.6989516161238535,0.12663242022233734,0.93,6.738018341398034,3.681200589028471,6.953802252500977,4.797955806243177e-12,2.016598826000063,0.8174614157227766,0.8150649371710722,319.678,3.4500209435449545,0.5135303856900141,0.651311081520549,40,12
grid,dgp3,2000,24,500,5,7,0.18290451464274485,SSRF-rob,1.0340203509449113,0.6424204176810964,0.038820815284138964,0.934,6.662178575153723,3.604326018423615,-1.480108363485525,0.13900190781150887,8.136424747000092,0.8174614157227766,0.8150649371710722,319.678,3.4500209435449545,0.5135303856900141,0.651311081520549,40,12
grid,dgp3,2000,24,500,5,7,0.18290451464274485,RidgeRF,1.036231117434415,0.6431120428394705,0.04187640971892029,0.931,6.658358564625605,3.6017251965884673,-0.36590929347431805,0.7144714788962444,4.410794804000034,0.8174614157227766,0.8150649371710722,319.678,3.4500209435449545,0.5135303856900141,0.651311081520549,40,12
grid,dgp3,2000,24,500,5,7,0.18290451464274485,LassoRF,1.0536608134204535,0.6523307826860643,0.04326818266728626,0.937,6.664031757562854,3.7546632620943323,2.180391083174608,0.02934475098609025,1.0806622680001965,0.8174614157227766,0.8150649371710722,319.678,3.4500209435449545,0.5135303856900141,0.651311081520549,40,12
grid,dgp3,2000,24,500,5,7,0.18290451464274485,GBM,1.1240399071981357,0.6728314060368065,0.11303718709174376,0.94,6.814154732140068,3.911899301676485,3.5224072839391476,0.00043724322863337376,0.5399051149997831,0.8174614157227766,0.8150649371710722,319.678,3.4500209435449545,0.5135303856900141,0.651311081520549,40,12
grid,dgp3,2000,24,500,5,7,0.18290451464274485,RF-tuned,1.029306069865881,0.6383814642734722,0.02355714121418498,0.938,6.604145165172152,3.661179855536624,-1.8823311793404156,0.059936201940247326,10.56088587000022,0.8174614157227766,0.8150649371710722,319.678,3.4500209435449545,0.5135303856900141,0.651311081520549,40,12
grid,dgp3,2000,24,500,5,7,0.18290451464274485,SSRF-tuned,1.0294619825238387,0.6385638359890254,0.025857000297492723,0.933,6.639192722098973,3.5717143438357013,-2.361031483851307,0.018319665457972797,16.76426134600024,0.8174614157227766,0.8150649371710722,319.678,3.4500209435449545,0.5135303856900141,0.651311081520549,40,12
grid,dgp3,2000,24,10,5,8,0.19869366579515496,RF,1.2307615200260251,0.6670855256777143,0.08952289419170237,0.96,6.5846051698454735,4.009988781690318,2.652016274869907,0.008064514831572028,0.14661745500006873,0.8186801289323883,0.8163448846841359,318.5,3.455145079631273,0.4978542850703671,0.6283271716408587,10,12
grid,dgp3,2000,24,10,5,8,0.19869366579515496,SSRF,1.2170020114548743,0.6563196904629807,0.06893439889082169,0.958,6.579486744182828,3.9919348984103635,-1.8639108374705282,0.06248072785469692,0.14661745500006873,0.8186801289323883,0.8163448846841359,318.5,3.455145079631273,0.4978542850703671,0.6283271716408587,10,12
grid,dgp3,2000,24,10,5,8,0.19869366579515496,SSRF-JS,1.2186997583072294,0.6572317356030858,0.07054338875902087,0.958,6.579181027465377,3.9962148431027327,,,0.14661745500006873,0.8186801289323883,0.8163448846841359,318.5,3.455145079631273,0.4978542850703671,0.6283271716408587,10,12
grid,dgp3,2000,24,10,5,8,0.19869366579515496,RF-H,1.2124203813950067,0.65832916909655,0.060867520216600406,0.964,6.548725032028595,4.102231679391579,-0.4886732923837276,0.6251266191658551,0.03970354500006579,0.8186801289323883,0.8163448846841359,318.5,3.455145079631273,0.4978542850703671,0.6283271716408587,10,12
grid,dgp3,2000,24,10,5,8,0.19869366579515496,SSRF-H,1.2842274310427007,0.6842527143487908,0.11827695576308386,0.959,6.730204794890914,4.28620456721072,4.352964304315649,1.4108938530473845e-05,0.03970354500006579,0.8186801289323883,0.8163448846841359,318.5,3.455145079631273,0.4978542850703671,0.6283271716408587,10,12
grid,dgp3,2000,24,10,5,8,0.19869366579515496,SSRF-JS-H,1.2867854340093967,0.6851277531115971,0.11983341012408108,0.961,6.741774338825409,4.330908534241451,4.4528656381974265,8.940556321578322e-06,0.03970354500006579,0.8186801289323883,0.8163448846841359,318.5,3.455145079631273,0.4978542850703671,0.6283271716408587,10,12
grid,dgp3,2000,24,10,5,8,0.19869366579515496,SSRF-rob,1.2261498251532341,0.663969868873877,0.08341407132355584,0.96,6.5810603605695,4.007665967685157,2.165168794490249,0.03049272344450854,0.1538404959997024,0.8186801289323883,0.8163448846841359,318.5,3.455145079631273,0.4978542850703671,0.6283271716408587,10,12
grid,dgp3,2000,24,10,5,8,0.19869366579515496,RidgeRF,1.2370742351117365,0.6732849178604019,0.0914082231937269,0.961,6.506020420892945,4.155793253327133,1.240112599151022,0.21507929367641782,0.10124348099998315,0.8186801289323883,0.8163448846841359,318.5,3.455145079631273,0.4978542850703671,0.6283271716408587,10,12
grid,dgp3,2000,24,10,5,8,0.19869366579515496,LassoRF,1.2101186433612117,0.660736271233816,0.07293111208082088,0.963,6.589696811198567,4.188573373948101,-0.5547310111547933,0.579140720995146,0.05930774599983124,0.8186801289323883,0.8163448846841359,318.5,3.455145079631273,0.4978542850703671,0.6283271716408587,10,12
grid,dgp3,2000,24,10,5,8,0.19869366579515496,GBM,1.2309253460185035,0.6515703732667195,0.08636943486176839,0.962,6.731484455052621,4.177601598045742,0.4849497239217127,0.6277651457387307,0.36862679200021375,0.8186801289323883,0.8163448846841359,318.5,3.455145079631273,0.4978542850703671,0.6283271716408587,10,12
grid,dgp3,2000,24,10,5,8,0.19869366579515496,RF-tuned,1.2124485484739032,0.6606613456850942,0.06232143390553934,0.959,6.516539035774569,4.020099766264506,-0.4323338681585673,0.6655454073565523,7.290393942000264,0.8186801289323883,0.8163448846841359,318.5,3.455145079631273,0.4978542850703671,0.6283271716408587,10,12
grid,dgp3,2000,24,10,5,8,0.19869366579515496,SSRF-tuned,1.2015772523746555,0.6535992878154309,0.05975290517757421,0.954,6.580702625402869,3.883225996425238,-1.4647879336031864,0.14313603368774352,7.464309714000137,0.8186801289323883,0.8163448846841359,318.5,3.455145079631273,0.4978542850703671,0.6283271716408587,10,12
grid,dgp3,2000,24,500,5,8,0.19869366579515496,RF,1.1697178998411673,0.6382214970739668,0.034323633451826284,0.948,6.345908563718683,3.781271932171634,-1.6437073095334447,0.10039392811397505,7.343697650999729,0.81979054541812,0.8174397656371144,319.166,3.4568128268727283,0.49011201896545814,0.6286176403542645,10,12
grid,dgp3,2000,24,500,5,8,0.19869366579515496,SSRF,1.1763014018498754,0.6363899768638255,0.033519533497729695,0.944,6.429093596451521,3.8076697445407657,-1.9728700838648199,0.04864795259175379,7.343697650999729,0.81979054541812,0.8174397656371144,319.166,3.4568128268727283,0.49011201896545814,0.6286176403542645,10,12
grid,dgp3,2000,24,500,5,8,0.19869366579515496,SSRF-JS,1.1766347734660265,0.6366509792090669,0.03392177987391826,0.944,6.428230012090285,3.806688256229613,,,7.343697650999729,0.81979054541812,0.8174397656371144,319.166,3.4568128268727283,0.49011201896545814,0.6286176403542645,10,12
grid,dgp3,2000,24,500,5,8,0.19869366579515496,RF-H,1.179086855860229,0.6356180999925986,0.03056831057328609,0.946,6.478280660130884,3.859069479535364,0.4200008810176317,0.6745299474759627,1.9707744659999662,0.81979054541812,0.8174397656371144,319.166,3.4568128268727283,0.49011201896545814,0.6286176403542645,10,12
grid,dgp3,2000,24,500,5,8,0.19869366579515496,SSRF-H,1.2837597647073804,0.6820877589882441,0.11741062353182816,0.941,6.7657378802435835,3.9635419958594245,7.505667414258693,9.148427622169418e-14,1.9707744659999662,0.81979054541812,0.8174397656371144,319.166,3.4568128268727283,0.49011201896545814,0.6286176403542645,10,12
grid,dgp3,2000,24,500,5,8,0.19869366579515496,SSRF-JS-H,1.2852665044266764,0.6827610695464821,0.11838764395189685,0.941,6.765024047639837,3.9897721011123,7.557001257673599,6.241561980947635e-14,1.9707744659999662,0.81979054541812,0.8174397656371144,319.166,3.4568128268727283,0.49011201896545814,0.6286176403542645,10,12
grid,dgp3,2000,24,500,5,8,0.19869366579515496,SSRF-rob,1.1703122260017607,0.6371148308722107,0.03306443520485287,0.949,6.362898085908539,3.8380214476008097,-2.012434803388847,0.04430801574480889,8.03284648800036,0.81979054541812,0.8174397656371144,319.166,3.4568128268727283,0.49011201896545814,0.6286176403542645,10,12
grid,dgp3,2000,24,500,5,8,0.19869366579515496,RidgeRF,1.186018506354881,0.6450846918254692,0.04131039218862536,0.947,6.386778927062693,3.75254793894432,1.2590066423497033,0.20817493177678628,4.380733099000281,0.81979054541812,0.8174397656371144,319.166,3.4568128268727283,0.49011201896545814,0.6286176403542645,10,12
grid,dgp3,2000,24,500,5,8,0.19869366579515496,LassoRF,1.1786652805975537,0.642588402718312,0.04069944679306567,0.948,6.461771372491514,3.9308014530710427,0.26572393574031666,0.7904792289288389,1.529441356999996,0.81979054541812,0.8174397656371144,319.166,3.4568128268727283,0.49011201896545814,0.6286176403542645,10,12
grid,dgp3,2000,24,500,5,8,0.19869366579515496,GBM,1.2309253460185035,0.6515703732667195,0.08636943486176839,0.946,6.5608661185685335,3.916987170337982,2.4040705068261206,0.01630413966470384,0.3750012959999367,0.81979054541812,0.8174397656371144,319.166,3.4568128268727283,0.49011201896545814,0.6286176403542645,10,12
grid,dgp3,2000,24,500,5,8,0.19869366579515496,RF-tuned,1.16254047294831,0.6349217202876375,0.030174648158224158,0.945,6.347511631251928,3.7660243355442082,-2.528709484457761,0.011524642807106276,12.18841484100085,0.81979054541812,0.8174397656371144,319.166,3.4568128268727283,0.49011201896545814,0.6286176403542645,10,12
grid,dgp3,2000,24,500,5,8,0.19869366579515496,SSRF-tuned,1.1708930955851182,0.6350412006943991,0.031028409079106575,0.94,6.410184223315255,3.7383114843767227,-2.247450971562768,0.02471987245666857,21.121217773000353,0.81979054541812,0.8174397656371144,319.166,3.4568128268727283,0.49011201896545814,0.6286176403542645,10,12
grid,dgp3,2000,24,10,5,9,0.11852791680401674,RF,1.1585593606191364,0.6931180725864229,0.12787572838212768,0.952,6.657573435064714,4.179189535261564,4.684570833385725,2.994362798445412e-06,0.14639221400011593,0.7029801116849665,0.6967191748821844,317.4,3.4635363389512905,1.0047135653673234,0.6592605683631385,10,8
grid,dgp3,2000,24,10,5,9,0.11852791680401674,SSRF,1.109777735610475,0.6698132594657797,0.08722934620296353,0.953,6.53666382252077,3.976622715359319,-3.093089827036638,0.002008231097123309,0.14639221400011593,0.7029801116849665,0.6967191748821844,317.4,3.4635363389512905,1.0047135653673234,0.6592605683631385,10,8
grid,dgp3,2000,24,10,5,9,0.11852791680401674,SSRF-JS,1.1141295297124854,0.6728970654816292,0.0913272781342759,0.953,6.545691638110846,4.002688250231266,,,0.14639221400011593,0.7029801116849665,0.6967191748821844,317.4,3.4635363389512905,1.0047135653673234,0.6592605683631385,10,8
grid,dgp3,2000,24,10,5,9,0.11852791680401674,RF-H,1.1784884393540984,0.690494997809827,0.16151299246800946,0.947,6.723351812705942,4.063788305840981,2.4972602520039113,0.012595575224038907,0.039377181000418204,0.7029801116849665,0.6967191748821844,317.4,3.4635363389512905,1.0047135653673234,0.6592605683631385,10,8
grid,dgp3,2000,24,10,5,9,0.11852791680401674,SSRF-H,1.1817862164347488,0.6987037013562221,0.16581235930991817,0.956,6.583227519656508,4.2160794411009155,3.247148590967704,0.0011849694705666014,0.039377181000418204,0.7029801116849665,0.6967191748821844,317.4,3.4635363389512905,1.0047135653673234,0.6592605683631385,10,8
grid,dgp3,2000,24,10,5,9,0.11852791680401674,SSRF-JS-H,1.2059160056328775,0.7039378489993385,0.1888292766248105,0.957,6.680603782039492,4.382514967152778,3.7366037265954835,0.0001917554944323444,0.039377181000418204,0.7029801116849665,0.6967191748821844,317.4,3.4635363389512905,1.0047135653673234,0.6592605683631385,10,8
grid,dgp3,2000,24,10,5,9,0.11852791680401674,SSRF-rob,1.14952331085798,0.6892733850388456,0.11979256278389695,0.953,6.640504445587486,4.185395177382744,4.338931713603873,1.503146976329074e-05,0.16175835699959862,0.7029801116849665,0.6967191748821844,317.4,3.4635363389512905,1.0047135653673234,0.6592605683631385,10,8
grid,dgp3,2000,24,10,5,9,0.11852791680401674,RidgeRF,1.166568723275619,0.6902376647425369,0.12720574974483126,0.953,6.676199862931535,4.005877892081878,1.8283391046527322,0.06764762444934622,0.0927549319994796,0.7029801116849665,0.6967191748821844,317.4,3.4635363389512905,1.0047135653673234,0.6592605683631385,10,8
grid,dgp3,2000,24,10,5,9,0.11852791680401674,LassoRF,1.1512886012609245,0.6761953752882555,0.1132287891943528,0.948,6.637042708050444,4.033252565458243,1.5929667002198407,0.11132575910143554,0.057230417000027956,0.7029801116849665,0.6967191748821844,317.4,3.4635363389512905,1.0047135653673234,0.6592605683631385,10,8
grid,dgp3,2000,24,10,5,9,0.11852791680401674,GBM,1.4397114565909364,0.6871533340210364,0.40831979317114747,0.95,7.516640775305529,4.271063287208606,2.609751918382001,0.009128413213600611,0.25673237899991364,0.7029801116849665,0.6967191748821844,317.4,3.4635363389512905,1.0047135653673234,0.6592605683631385,10,8
grid,dgp3,2000,24,10,5,9,0.11852791680401674,RF-tuned,1.0856225169262703,0.6555042270415654,0.06978201604022663,0.95,6.4837089402151635,3.975985483058076,-2.069985597564185,0.03858185754345531,7.247660601999996,0.7029801116849665,0.6967191748821844,317.4,3.4635363389512905,1.0047135653673234,0.6592605683631385,10,8
grid,dgp3,2000,24,10,5,9,0.11852791680401674,SSRF-tuned,1.0858218775676916,0.6568799686145007,0.07299561114637959,0.95,6.503239363133529,3.9414674455487653,-2.054389560308506,0.04006775730603594,7.383391155000027,0.7029801116849665,0.6967191748821844,317.4,3.4635363389512905,1.0047135653673234,0.6592605683631385,10,8
grid,dgp3,2000,24,500,5,9,0.11852791680401674,RF,1.0766801613232393,0.6466585989351276,0.048463974786553496,0.946,6.7534410897976604,3.9970567276481805,0.9101567127366452,0.3628495974857075,7.422646691999944,0.7243756669718021,0.7190825999136634,319.384,3.452444329787283,0.9454481150959816,0.6846728860971578,10,8
grid,dgp3,2000,24,500,5,9,0.11852791680401674,SSRF,1.068893963699037,0.644342326067976,0.04675541282209494,0.945,6.772430523101564,3.871630319805,-5.425984104311145,6.463211098868159e-08,7.422646691999944,0.7243756669718021,0.7190825999136634,319.384,3.452444329787283,0.9454481150959816,0.6846728860971578,10,8
grid,dgp3,2000,24,500,5,9,0.11852791680401674,SSRF-JS,1.0706461718422362,0.6452696689350222,0.04793958745260925,0.948,6.769224687476382,3.9304417961072824,,,7.422646691999944,0.7243756669718021,0.7190825999136634,319.384,3.452444329787283,0.9454481150959816,0.6846728860971578,10,8
grid,dgp3,2000,24,500,5,9,0.11852791680401674,RF-H,1.0557216441455475,0.6363611308522985,0.041046001081714696,0.944,6.743617730456739,3.816049495696101,-2.6197622062955097,0.008865683798675819,1.9667204359993775,0.7243756669718021,0.7190825999136634,319.384,3.452444329787283,0.9454481150959816,0.6846728860971578,10,8
grid,dgp3,2000,24,500,5,9,0.11852791680401674,SSRF-H,1.1468695422201052,0.6866908091841212,0.1365337370309961,0.945,6.871492757170116,3.8832688039619465,5.907112810512014,4.081870393181996e-09,1.9667204359993775,0.7243756669718021,0.7190825999136634,319.384,3.452444329787283,0.9454481150959816,0.6846728860971578,10,8
grid,dgp3,2000,24,500,5,9,0.11852791680401674,SSRF-JS-H,1.1479954708338904,0.6875409125685048,0.13800084243000793,0.945,6.8738568033375325,3.8818541399124133,5.954856034516196,3.0672467112290508e-09,1.9667204359993775,0.7243756669718021,0.7190825999136634,319.384,3.452444329787283,0.9454481150959816,0.6846728860971578,10,8
grid,dgp3,2000,24,500,5,9,0.11852791680401674,SSRF-rob,1.0741685005386843,0.6455502743051504,0.04675973705177091,0.949,6.7507447169245225,4.02024388183962,0.6247070200290036,0.532234659652016,8.010474255999725,0.7243756669718021,0.7190825999136634,319.384,3.452444329787283,0.9454481150959816,0.6846728860971578,10,8
grid,dgp3,2000,24,500,5,9,0.11852791680401674,RidgeRF,1.1083077506950312,0.6627394023663794,0.06864175277845379,0.948,6.830862490494291,4.106780331080602,3.3486437801256486,0.000827155914962362,4.2610347059999185,0.7243756669718021,0.7190825999136634,319.384,3.452444329787283,0.9454481150959816,0.6846728860971578,10,8
grid,dgp3,2000,24,500,5,9,0.11852791680401674,LassoRF,1.0894532909540922,0.6501033936983831,0.05120173199319494,0.944,6.884207081390722,3.820622047606902,2.1072656141321753,0.03521882435146822,1.5144288900000902,0.7243756669718021,0.7190825999136634,319.384,3.452444329787283,0.9454481150959816,0.6846728860971578,10,8
grid,dgp3,2000,24,500,5,9,0.11852791680401674,GBM,1.4397114565909364,0.6871533340210364,0.40831979317114747,0.949,7.683417233241613,4.247573210288145,2.9889762415198504,0.002833267554116961,0.26793136400010553,0.7243756669718021,0.7190825999136634,319.384,3.452444329787283,0.9454481150959816,0.6846728860971578,10,8
grid,dgp3,2000,24,500,5,9,0.11852791680401674,RF-tuned,1.0588136309871081,0.6379929703352485,0.031956085743549106,0.944,6.757014458186546,3.7856380908485447,-1.9333837502212334,0.053329986747364874,10.965771744999984,0.7243756669718021,0.7190825999136634,319.384,3.452444329787283,0.9454481150959816,0.6846728860971578,10,8
grid,dgp3,2000,24,500,5,9,0.11852791680401674,SSRF-tuned,1.0615543922199622,0.6406476265451301,0.03994589449233651,0.945,6.764297513038103,3.7925672018579557,-3.4381851307463926,0.0005976265438820812,17.338051697999617,0.7243756669718021,0.7190825999136634,319.384,3.452444329787283,0.9454481150959816,0.6846728860971578,10,8
