experiment,dgp,n,p,B,min_leaf,rep,method,mse,mse_true
equivalence,dgp1,600,10,5,5,0,RF,1.3722128542710077,0.20283314809820907
equivalence,dgp1,600,10,5,5,0,SSRF-JS,1.3113779119125204,0.1474505281437103
equivalence,dgp1,600,10,10,5,0,RF,1.3019773873027864,0.12373620191188513
equivalence,dgp1,600,10,10,5,0,SSRF-JS,1.2646513715588599,0.09491121729463288
equivalence,dgp1,600,10,15,5,0,RF,1.2770997739043997,0.10603386881010442
equivalence,dgp1,600,10,15,5,0,SSRF-JS,1.2511101222667071,0.08703942690717768
equivalence,dgp1,600,10,25,5,0,RF,1.2623702238104797,0.08922871885113176
equivalence,dgp1,600,10,25,5,0,SSRF-JS,1.2433184702412692,0.07742121967869595
equivalence,dgp1,600,10,40,5,0,RF,1.2620410907461799,0.0874252661369725
equivalence,dgp1,600,10,40,5,0,SSRF-JS,1.2450302196924319,0.07776593297465341
equivalence,dgp1,600,10,50,5,0,RF,1.2561238767218008,0.08487919072710612
equivalence,dgp1,600,10,50,5,0,SSRF-JS,1.2414942502316106,0.07697933067866745
equivalence,dgp1,600,10,60,5,0,RF,1.252472450883008,0.08092342032551739
equivalence,dgp1,600,10,60,5,0,SSRF-JS,1.238807166182785,0.07411630971181328
equivalence,dgp1,600,10,100,5,0,RF,1.2506185552982279,0.08153822756601165
equivalence,dgp1,600,10,100,5,0,SSRF-JS,1.2362825233943193,0.07378491247447438
equivalence,dgp1,600,10,150,5,0,RF,1.2434752887016254,0.07711385116672263
equivalence,dgp1,600,10,150,5,0,SSRF-JS,1.231493853327499,0.07101682322982501
equivalence,dgp1,600,10,250,5,0,RF,1.2448008903829368,0.07798646252084442
equivalence,dgp1,600,10,250,5,0,SSRF-JS,1.2336766124833356,0.07269224640331867
equivalence,dgp1,600,10,400,5,0,RF,1.2442691015199725,0.07531130199265698
equivalence,dgp1,600,10,400,5,0,SSRF-JS,1.2339374464090085,0.07123728146951849
equivalence,dgp1,600,10,600,5,0,RF,1.2442458143307733,0.07438883470774339
equivalence,dgp1,600,10,600,5,0,SSRF-JS,1.2340786431579005,0.07071077727455524
equivalence,dgp1,600,10,5,5,1,RF,1.5370261200290425,0.17053971143679655
equivalence,dgp1,600,10,5,5,1,SSRF-JS,1.4839924967425195,0.11414198992484911
equivalence,dgp1,600,10,10,5,1,RF,1.498663963021196,0.11121453668173899
equivalence,dgp1,600,10,10,5,1,SSRF-JS,1.4681999574168259,0.08188730481440676
equivalence,dgp1,600,10,15,5,1,RF,1.4866559694405825,0.08719623868044325
equivalence,dgp1,600,10,15,5,1,SSRF-JS,1.4650063855007538,0.06919194217913478
equivalence,dgp1,600,10,25,5,1,RF,1.4700773727576975,0.07544815563976735
equivalence,dgp1,600,10,25,5,1,SSRF-JS,1.4586028910924789,0.06683541295280651
equivalence,dgp1,600,10,40,5,1,RF,1.459224008920078,0.0675228679850299
equivalence,dgp1,600,10,40,5,1,SSRF-JS,1.451073659898412,0.061647383824342
equivalence,dgp1,600,10,50,5,1,RF,1.4540904299026403,0.06293832239043874
equivalence,dgp1,600,10,50,5,1,SSRF-JS,1.447619712738456,0.058315482684147754
equivalence,dgp1,600,10,60,5,1,RF,1.4572590866713777,0.061181321228716265
equivalence,dgp1,600,10,60,5,1,SSRF-JS,1.4510754652392213,0.05786124888732752
equivalence,dgp1,600,10,100,5,1,RF,1.4526823401529334,0.05917858149861693
equivalence,dgp1,600,10,100,5,1,SSRF-JS,1.4479587989445166,0.05701192984839175
equivalence,dgp1,600,10,150,5,1,RF,1.449909652874427,0.056122030298352193
equivalence,dgp1,600,10,150,5,1,SSRF-JS,1.4467991149004762,0.05556408279763248
equivalence,dgp1,600,10,250,5,1,RF,1.4477955991216853,0.055290055163983186
equivalence,dgp1,600,10,250,5,1,SSRF-JS,1.4453223115460823,0.0550733923223423
equivalence,dgp1,600,10,400,5,1,RF,1.4463146131348743,0.05488956716611148
equivalence,dgp1,600,10,400,5,1,SSRF-JS,1.4444339347027457,0.05489555702776394
equivalence,dgp1,600,10,600,5,1,RF,1.4482330705956046,0.05447068819068716
equivalence,dgp1,600,10,600,5,1,SSRF-JS,1.4459330018994363,0.05465669616977834
equivalence,dgp1,600,10,5,5,2,RF,1.575465139351898,0.26768221020532157
equivalence,dgp1,600,10,5,5,2,SSRF-JS,1.5087830239326,0.20489476996615077
equivalence,dgp1,600,10,10,5,2,RF,1.4583218735825534,0.15638804129385359
equivalence,dgp1,600,10,10,5,2,SSRF-JS,1.429154742416802,0.12950539420647728
equivalence,dgp1,600,10,15,5,2,RF,1.436255811902977,0.1327920869025518
equivalence,dgp1,600,10,15,5,2,SSRF-JS,1.415541563186738,0.11448603950161576
equivalence,dgp1,600,10,25,5,2,RF,1.4351662071437017,0.11403020860422122
equivalence,dgp1,600,10,25,5,2,SSRF-JS,1.416537615941421,0.10148172387171266
equivalence,dgp1,600,10,40,5,2,RF,1.4184375115497407,0.09438293345647579
equivalence,dgp1,600,10,40,5,2,SSRF-JS,1.4053926951061864,0.08784611383505728
equivalence,dgp1,600,10,50,5,2,RF,1.4158948235013455,0.0896445987843618
equivalence,dgp1,600,10,50,5,2,SSRF-JS,1.403609325999414,0.08428115943322957
equivalence,dgp1,600,10,60,5,2,RF,1.415481612743241,0.08581920903723567
equivalence,dgp1,600,10,60,5,2,SSRF-JS,1.4039205724052406,0.08185976684760504
equivalence,dgp1,600,10,100,5,2,RF,1.404683896382991,0.07741688831240287
equivalence,dgp1,600,10,100,5,2,SSRF-JS,1.396765133665486,0.07674797638078408
equivalence,dgp1,600,10,150,5,2,RF,1.4064479079313976,0.07651718647711017
equivalence,dgp1,600,10,150,5,2,SSRF-JS,1.3985042626218176,0.07624895074401929
equivalence,dgp1,600,10,250,5,2,RF,1.40548586512836,0.07454627760185491
equivalence,dgp1,600,10,250,5,2,SSRF-JS,1.3981757260377812,0.07519399515104606
equivalence,dgp1,600,10,400,5,2,RF,1.4048670886367896,0.07439680633042854
equivalence,dgp1,600,10,400,5,2,SSRF-JS,1.3979636344146658,0.07534695808382082
equivalence,dgp1,600,10,600,5,2,RF,1.406460594389028,0.07470304468116236
equivalence,dgp1,600,10,600,5,2,SSRF-JS,1.3991760450064306,0.07556101452341187
equivalence,dgp1,600,10,5,5,3,RF,1.6125696309400603,0.17592722295664598
equivalence,dgp1,600,10,5,5,3,SSRF-JS,1.5630169698799874,0.1387742581604879
equivalence,dgp1,600,10,10,5,3,RF,1.5400958606804436,0.11686431636774047
equivalence,dgp1,600,10,10,5,3,SSRF-JS,1.5126553990377136,0.0977459241699236
equivalence,dgp1,600,10,15,5,3,RF,1.5153046676135198,0.09265624119786063
equivalence,dgp1,600,10,15,5,3,SSRF-JS,1.493487493629937,0.07915052295192446
equivalence,dgp1,600,10,25,5,3,RF,1.4890401533874926,0.07967180205891676
equivalence,dgp1,600,10,25,5,3,SSRF-JS,1.4748395338470728,0.07068252864037705
equivalence,dgp1,600,10,40,5,3,RF,1.4739610706437423,0.071051969836096
equivalence,dgp1,600,10,40,5,3,SSRF-JS,1.464503357263648,0.06568783802279612
equivalence,dgp1,600,10,50,5,3,RF,1.472023365980884,0.06639329572396006
equivalence,dgp1,600,10,50,5,3,SSRF-JS,1.4628500855583855,0.06210701658288542
equivalence,dgp1,600,10,60,5,3,RF,1.4695760654800836,0.06386194194364408
equivalence,dgp1,600,10,60,5,3,SSRF-JS,1.4608244486735076,0.06001517731557821
equivalence,dgp1,600,10,100,5,3,RF,1.463168739435169,0.06033638426784218
equivalence,dgp1,600,10,100,5,3,SSRF-JS,1.4562848500045062,0.05764511909482393
equivalence,dgp1,600,10,150,5,3,RF,1.4580080303797724,0.05822336119729153
equivalence,dgp1,600,10,150,5,3,SSRF-JS,1.4528776972419097,0.05673944119337548
equivalence,dgp1,600,10,250,5,3,RF,1.4507908722026683,0.056209495010548276
equivalence,dgp1,600,10,250,5,3,SSRF-JS,1.4473346076982034,0.05545093503411757
equivalence,dgp1,600,10,400,5,3,RF,1.4497339410530983,0.053919457293247444
equivalence,dgp1,600,10,400,5,3,SSRF-JS,1.446853084577065,0.05404561640411078
equivalence,dgp1,600,10,600,5,3,RF,1.4487584481364437,0.05276069540974019
equivalence,dgp1,600,10,600,5,3,SSRF-JS,1.446049113838241,0.05302068077331558
equivalence,dgp1,600,10,5,5,4,RF,1.5423781637046798,0.21055019848561393
equivalence,dgp1,600,10,5,5,4,SSRF-JS,1.4819559350262121,0.15806141106338073
equivalence,dgp1,600,10,10,5,4,RF,1.4881012164129779,0.1341336411219759
equivalence,dgp1,600,10,10,5,4,SSRF-JS,1.4536225950693418,0.11027494101373285
equivalence,dgp1,600,10,15,5,4,RF,1.453554104399905,0.11606536309392593
equivalence,dgp1,600,10,15,5,4,SSRF-JS,1.4295944207758173,0.09985798129728149
equivalence,dgp1,600,10,25,5,4,RF,1.438986868388194,0.095518904954671
equivalence,dgp1,600,10,25,5,4,SSRF-JS,1.4208378846422798,0.08660788503989746
equivalence,dgp1,600,10,40,5,4,RF,1.4279333537181749,0.09150344153751759
equivalence,dgp1,600,10,40,5,4,SSRF-JS,1.414616269903082,0.0867960032142057
equivalence,dgp1,600,10,50,5,4,RF,1.4230166436990122,0.08618844230066276
equivalence,dgp1,600,10,50,5,4,SSRF-JS,1.4104057064287472,0.08241953618910708
equivalence,dgp1,600,10,60,5,4,RF,1.4215111068184636,0.08365476458865453
equivalence,dgp1,600,10,60,5,4,SSRF-JS,1.4091211878495367,0.08024682088605015
equivalence,dgp1,600,10,100,5,4,RF,1.4163360529503155,0.07808399053658412
equivalence,dgp1,600,10,100,5,4,SSRF-JS,1.4059808841962977,0.07686354891488976
equivalence,dgp1,600,10,150,5,4,RF,1.4110571617103673,0.07339039639016431
equivalence,dgp1,600,10,150,5,4,SSRF-JS,1.4022569166704846,0.07378692657699897
equivalence,dgp1,600,10,250,5,4,RF,1.4066099917090973,0.07453045167157199
equivalence,dgp1,600,10,250,5,4,SSRF-JS,1.3992077667506406,0.07521673850933287
equivalence,dgp1,600,10,400,5,4,RF,1.4060636470944503,0.07342967539140088
equivalence,dgp1,600,10,400,5,4,SSRF-JS,1.3991096115488126,0.07472331463782646
equivalence,dgp1,600,10,600,5,4,RF,1.4031397316116696,0.07171099741010183
equivalence,dgp1,600,10,600,5,4,SSRF-JS,1.3968513156688216,0.07338491167570314
equivalence,dgp1,600,10,5,5,5,RF,1.5075100592191428,0.24564163532464087
equivalence,dgp1,600,10,5,5,5,SSRF-JS,1.428457421107458,0.1650301035734117
equivalence,dgp1,600,10,10,5,5,RF,1.4019727563833946,0.16320725555730778
equivalence,dgp1,600,10,10,5,5,SSRF-JS,1.3697793045686668,0.12416038851927326
equivalence,dgp1,600,10,15,5,5,RF,1.3789051030809194,0.13652730895033238
equivalence,dgp1,600,10,15,5,5,SSRF-JS,1.358364402040288,0.11047018368576397
equivalence,dgp1,600,10,25,5,5,RF,1.3780780552241814,0.12153892692852443
equivalence,dgp1,600,10,25,5,5,SSRF-JS,1.3587681703051175,0.10032894279215056
equivalence,dgp1,600,10,40,5,5,RF,1.3745145339712175,0.11201933879785266
equivalence,dgp1,600,10,40,5,5,SSRF-JS,1.3572528916401805,0.09422930621189549
equivalence,dgp1,600,10,50,5,5,RF,1.3694239527910883,0.10544351731312024
equivalence,dgp1,600,10,50,5,5,SSRF-JS,1.3541919161610407,0.09023315575885525
equivalence,dgp1,600,10,60,5,5,RF,1.3793075322020565,0.11142986242399917
equivalence,dgp1,600,10,60,5,5,SSRF-JS,1.3597516496404354,0.09329783905869518
equivalence,dgp1,600,10,100,5,5,RF,1.3655370032114498,0.10506282461644272
equivalence,dgp1,600,10,100,5,5,SSRF-JS,1.3519422547755773,0.09090802248505539
equivalence,dgp1,600,10,150,5,5,RF,1.3653110422046115,0.10109015350102464
equivalence,dgp1,600,10,150,5,5,SSRF-JS,1.3517105777590892,0.08756656781064864
equivalence,dgp1,600,10,250,5,5,RF,1.3727144566733644,0.1027782971114774
equivalence,dgp1,600,10,250,5,5,SSRF-JS,1.357635494298194,0.08929819518166968
equivalence,dgp1,600,10,400,5,5,RF,1.367951382678452,0.10109539135080882
equivalence,dgp1,600,10,400,5,5,SSRF-JS,1.3533663588844422,0.08733312919453903
equivalence,dgp1,600,10,600,5,5,RF,1.3627435055146568,0.09743369794830437
equivalence,dgp1,600,10,600,5,5,SSRF-JS,1.3498828964571141,0.0851240332045065
equivalence,dgp1,600,10,5,5,6,RF,1.370550061558634,0.2310916277282473
equivalence,dgp1,600,10,5,5,6,SSRF-JS,1.3129240860765734,0.17853157560819552
equivalence,dgp1,600,10,10,5,6,RF,1.3004123467285962,0.16080904981145389
equivalence,dgp1,600,10,10,5,6,SSRF-JS,1.2672534720046658,0.1327146289353892
equivalence,dgp1,600,10,15,5,6,RF,1.2657968310682874,0.13347709717550776
equivalence,dgp1,600,10,15,5,6,SSRF-JS,1.245090098285981,0.11640592928170171
equivalence,dgp1,600,10,25,5,6,RF,1.2545008190474116,0.11015773874210015
equivalence,dgp1,600,10,25,5,6,SSRF-JS,1.2387437892519213,0.10069933498147368
equivalence,dgp1,600,10,40,5,6,RF,1.2517709514089879,0.10421491307511113
equivalence,dgp1,600,10,40,5,6,SSRF-JS,1.2369912764004594,0.09606675610719782
equivalence,dgp1,600,10,50,5,6,RF,1.241467357075796,0.09965369262090178
equivalence,dgp1,600,10,50,5,6,SSRF-JS,1.2296366431937136,0.09320140201205064
equivalence,dgp1,600,10,60,5,6,RF,1.240686717464034,0.0979611781832895
equivalence,dgp1,600,10,60,5,6,SSRF-JS,1.2297325144152957,0.09266484956152247
equivalence,dgp1,600,10,100,5,6,RF,1.240960845057669,0.09653195656381063
equivalence,dgp1,600,10,100,5,6,SSRF-JS,1.230766804748802,0.09245671270838413
equivalence,dgp1,600,10,150,5,6,RF,1.233460321670949,0.09086754268181797
equivalence,dgp1,600,10,150,5,6,SSRF-JS,1.2253477833335158,0.08844965443269281
equivalence,dgp1,600,10,250,5,6,RF,1.2352843685887356,0.09032143288852668
equivalence,dgp1,600,10,250,5,6,SSRF-JS,1.2273647637858043,0.08861755000013839
equivalence,dgp1,600,10,400,5,6,RF,1.2315806041881383,0.09016981968246428
equivalence,dgp1,600,10,400,5,6,SSRF-JS,1.2251098927533424,0.08900517509143524
equivalence,dgp1,600,10,600,5,6,RF,1.2339108154456342,0.09036658137970094
equivalence,dgp1,600,10,600,5,6,SSRF-JS,1.2270739391501584,0.08928252637166566
equivalence,dgp1,600,10,5,5,7,RF,1.3953964670872174,0.24863091558821934
equivalence,dgp1,600,10,5,5,7,SSRF-JS,1.3268850508246732,0.1863911275111334
equivalence,dgp1,600,10,10,5,7,RF,1.314005106243997,0.17813378281570125
equivalence,dgp1,600,10,10,5,7,SSRF-JS,1.2772691090265809,0.14519404959189164
equivalence,dgp1,600,10,15,5,7,RF,1.2743326679700504,0.13867772374356427
equivalence,dgp1,600,10,15,5,7,SSRF-JS,1.2505022229249492,0.11855860632041146
equivalence,dgp1,600,10,25,5,7,RF,1.2555461653416722,0.11740869526430178
equivalence,dgp1,600,10,25,5,7,SSRF-JS,1.2374751630496195,0.10356138855864523
equivalence,dgp1,600,10,40,5,7,RF,1.2461419324284173,0.10641954069691863
equivalence,dgp1,600,10,40,5,7,SSRF-JS,1.2335497326997322,0.09867742464912484
equivalence,dgp1,600,10,50,5,7,RF,1.238950891328934,0.09990490027259061
equivalence,dgp1,600,10,50,5,7,SSRF-JS,1.2280375455547925,0.09368344660986876
equivalence,dgp1,600,10,60,5,7,RF,1.2371745006879418,0.0943663657487282
equivalence,dgp1,600,10,60,5,7,SSRF-JS,1.2268052509977694,0.08962710069366758
equivalence,dgp1,600,10,100,5,7,RF,1.238165011469909,0.09072854099677341
equivalence,dgp1,600,10,100,5,7,SSRF-JS,1.2287699302477306,0.08790061928200885
equivalence,dgp1,600,10,150,5,7,RF,1.2358259683946282,0.08812157532884843
equivalence,dgp1,600,10,150,5,7,SSRF-JS,1.226956743832511,0.08593394995436794
equivalence,dgp1,600,10,250,5,7,RF,1.2320211959017542,0.08822345099746444
equivalence,dgp1,600,10,250,5,7,SSRF-JS,1.2238598620149292,0.08595988941111977
equivalence,dgp1,600,10,400,5,7,RF,1.2300864408108818,0.08740336808551644
equivalence,dgp1,600,10,400,5,7,SSRF-JS,1.2233077733604267,0.08622078180227108
equivalence,dgp1,600,10,600,5,7,RF,1.2307520843215283,0.08823262103137736
equivalence,dgp1,600,10,600,5,7,SSRF-JS,1.2241726308533931,0.08725319650282055
equivalence,dgp1,600,10,5,5,8,RF,1.197961873430965,0.1956005861012039
equivalence,dgp1,600,10,5,5,8,SSRF-JS,1.142540792563498,0.13942244098179632
equivalence,dgp1,600,10,10,5,8,RF,1.1456260283299033,0.12825134918403547
equivalence,dgp1,600,10,10,5,8,SSRF-JS,1.1087109310564411,0.09365912539650943
equivalence,dgp1,600,10,15,5,8,RF,1.1198074317602114,0.09653206845248656
equivalence,dgp1,600,10,15,5,8,SSRF-JS,1.0922447478653161,0.07234225038881512
equivalence,dgp1,600,10,25,5,8,RF,1.1114179105029953,0.0838258779877274
equivalence,dgp1,600,10,25,5,8,SSRF-JS,1.0842701170057947,0.06090330964815189
equivalence,dgp1,600,10,40,5,8,RF,1.1056752267857042,0.07275307285604304
equivalence,dgp1,600,10,40,5,8,SSRF-JS,1.0808416574615813,0.0529508660777297
equivalence,dgp1,600,10,50,5,8,RF,1.0961754480439347,0.06852624976081147
equivalence,dgp1,600,10,50,5,8,SSRF-JS,1.0735030384923587,0.05002271991545937
equivalence,dgp1,600,10,60,5,8,RF,1.0979726465144997,0.06838549042227254
equivalence,dgp1,600,10,60,5,8,SSRF-JS,1.0742714407827205,0.049192318364702566
equivalence,dgp1,600,10,100,5,8,RF,1.0911124828012266,0.06409766207757837
equivalence,dgp1,600,10,100,5,8,SSRF-JS,1.0684497394877017,0.045522696101398426
equivalence,dgp1,600,10,150,5,8,RF,1.0890251748088662,0.06179132237149577
equivalence,dgp1,600,10,150,5,8,SSRF-JS,1.0670343881605893,0.04392254806764913
equivalence,dgp1,600,10,250,5,8,RF,1.0885797485972235,0.06059455454919183
equivalence,dgp1,600,10,250,5,8,SSRF-JS,1.0666036612746836,0.04280086315270197
equivalence,dgp1,600,10,400,5,8,RF,1.0882509924624553,0.06002159793855659
equivalence,dgp1,600,10,400,5,8,SSRF-JS,1.0667558664830907,0.04276623016975166
equivalence,dgp1,600,10,600,5,8,RF,1.088906098921024,0.05998137407653409
equivalence,dgp1,600,10,600,5,8,SSRF-JS,1.0672635155346477,0.04267925445416664
equivalence,dgp1,600,10,5,5,9,RF,1.2569678912126336,0.206527644335426
equivalence,dgp1,600,10,5,5,9,SSRF-JS,1.1866909325765653,0.14387342077400944
equivalence,dgp1,600,10,10,5,9,RF,1.1264897416541517,0.11273499104401845
equivalence,dgp1,600,10,10,5,9,SSRF-JS,1.0910146454530487,0.0782217881437295
equivalence,dgp1,600,10,15,5,9,RF,1.1087465474907086,0.09371643251087455
equivalence,dgp1,600,10,15,5,9,SSRF-JS,1.0808952372230736,0.06722708105771602
equivalence,dgp1,600,10,25,5,9,RF,1.0950459529056,0.07677016596399325
equivalence,dgp1,600,10,25,5,9,SSRF-JS,1.0711377692764346,0.05500456090492361
equivalence,dgp1,600,10,40,5,9,RF,1.1041721634533204,0.07364456657408501
equivalence,dgp1,600,10,40,5,9,SSRF-JS,1.077952726009501,0.05194835714671617
equivalence,dgp1,600,10,50,5,9,RF,1.0983601881338396,0.06912661870322162
equivalence,dgp1,600,10,50,5,9,SSRF-JS,1.0739916565678822,0.04912799516376729
equivalence,dgp1,600,10,60,5,9,RF,1.094264027157967,0.0674199780808331
equivalence,dgp1,600,10,60,5,9,SSRF-JS,1.0709911952458517,0.047990118378173824
equivalence,dgp1,600,10,100,5,9,RF,1.0915303813378776,0.06656452976764733
equivalence,dgp1,600,10,100,5,9,SSRF-JS,1.0678390423959858,0.04644608286513023
equivalence,dgp1,600,10,150,5,9,RF,1.0944004165821164,0.06617607354702872
equivalence,dgp1,600,10,150,5,9,SSRF-JS,1.0703473517967415,0.04633537097110137
equivalence,dgp1,600,10,250,5,9,RF,1.0921068356865489,0.06294781752343395
equivalence,dgp1,600,10,250,5,9,SSRF-JS,1.0693183381359357,0.04456046908891227
equivalence,dgp1,600,10,400,5,9,RF,1.0880484761413771,0.060438042602724465
equivalence,dgp1,600,10,400,5,9,SSRF-JS,1.0667686454120384,0.0432768025573642
equivalence,dgp1,600,10,600,5,9,RF,1.0865521927868746,0.05890683227040402
equivalence,dgp1,600,10,600,5,9,SSRF-JS,1.0659487488673087,0.04250349603422883
equivalence,dgp1,600,10,5,5,10,RF,1.3535493364705506,0.2072792667463891
equivalence,dgp1,600,10,5,5,10,SSRF-JS,1.2878326222699703,0.148716186985727
equivalence,dgp1,600,10,10,5,10,RF,1.272847311568569,0.14641596997711057
equivalence,dgp1,600,10,10,5,10,SSRF-JS,1.242018386538063,0.1186872305666318
equivalence,dgp1,600,10,15,5,10,RF,1.2549202009192226,0.11848948360694002
equivalence,dgp1,600,10,15,5,10,SSRF-JS,1.2326685987015102,0.10124192931801908
equivalence,dgp1,600,10,25,5,10,RF,1.2376629990350947,0.09957420474706002
equivalence,dgp1,600,10,25,5,10,SSRF-JS,1.22317929084129,0.0908243465270591
equivalence,dgp1,600,10,40,5,10,RF,1.214677934031326,0.08417339659741215
equivalence,dgp1,600,10,40,5,10,SSRF-JS,1.2068418295290597,0.08039150342137369
equivalence,dgp1,600,10,50,5,10,RF,1.2097813531246213,0.08381252845110386
equivalence,dgp1,600,10,50,5,10,SSRF-JS,1.2044938939832985,0.08128282724603698
equivalence,dgp1,600,10,60,5,10,RF,1.2113860865449821,0.08350339248625473
equivalence,dgp1,600,10,60,5,10,SSRF-JS,1.206624719882123,0.0820855023645216
equivalence,dgp1,600,10,100,5,10,RF,1.2022744406780004,0.07973460079939902
equivalence,dgp1,600,10,100,5,10,SSRF-JS,1.2009044240959201,0.08050635917955837
equivalence,dgp1,600,10,150,5,10,RF,1.2023687002080665,0.07822850685727985
equivalence,dgp1,600,10,150,5,10,SSRF-JS,1.2009585068105795,0.07951492086127439
equivalence,dgp1,600,10,250,5,10,RF,1.2004852501408372,0.0745743123244475
equivalence,dgp1,600,10,250,5,10,SSRF-JS,1.1998344618264927,0.07698340332029566
equivalence,dgp1,600,10,400,5,10,RF,1.200756323988306,0.0746152629043126
equivalence,dgp1,600,10,400,5,10,SSRF-JS,1.2000541989246585,0.07705803662546426
equivalence,dgp1,600,10,600,5,10,RF,1.201119931141874,0.07337282637719805
equivalence,dgp1,600,10,600,5,10,SSRF-JS,1.2004250205653706,0.07610840017028846
equivalence,dgp1,600,10,5,5,11,RF,1.513715602667878,0.24737285840938397
equivalence,dgp1,600,10,5,5,11,SSRF-JS,1.4106502183823504,0.14539332482813072
equivalence,dgp1,600,10,10,5,11,RF,1.4116849354206806,0.17353901634687174
equivalence,dgp1,600,10,10,5,11,SSRF-JS,1.3678564972983291,0.12417112919526992
equivalence,dgp1,600,10,15,5,11,RF,1.3881032393681703,0.14781102593817008
equivalence,dgp1,600,10,15,5,11,SSRF-JS,1.3594437221754145,0.1135547624686684
equivalence,dgp1,600,10,25,5,11,RF,1.3890065283265376,0.13461354392924826
equivalence,dgp1,600,10,25,5,11,SSRF-JS,1.359231310405758,0.10278502198679122
equivalence,dgp1,600,10,40,5,11,RF,1.372189134396675,0.1168420471322287
equivalence,dgp1,600,10,40,5,11,SSRF-JS,1.3505165705430366,0.09375732659117463
equivalence,dgp1,600,10,50,5,11,RF,1.3698747028424496,0.11220463225169677
equivalence,dgp1,600,10,50,5,11,SSRF-JS,1.3498193511566046,0.09065315088825249
equivalence,dgp1,600,10,60,5,11,RF,1.3640938375818557,0.10611929140129062
equivalence,dgp1,600,10,60,5,11,SSRF-JS,1.3461469232912155,0.08689611298446764
equivalence,dgp1,600,10,100,5,11,RF,1.3579080676166613,0.09859063919274234
equivalence,dgp1,600,10,100,5,11,SSRF-JS,1.3450594185130695,0.08505333264949393
equivalence,dgp1,600,10,150,5,11,RF,1.3661250270751277,0.10334137516303857
equivalence,dgp1,600,10,150,5,11,SSRF-JS,1.3495940626566703,0.08706187690989316
equivalence,dgp1,600,10,250,5,11,RF,1.35913295233596,0.09806468064326075
equivalence,dgp1,600,10,250,5,11,SSRF-JS,1.3460175902923923,0.08461999468755162
equivalence,dgp1,600,10,400,5,11,RF,1.3533833455445472,0.09384115662987472
equivalence,dgp1,600,10,400,5,11,SSRF-JS,1.3429036766044655,0.08242568416806334
equivalence,dgp1,600,10,600,5,11,RF,1.3526383483276216,0.09257520090790569
equivalence,dgp1,600,10,600,5,11,SSRF-JS,1.3430264447903273,0.0821153024120213
equivalence,dgp1,600,10,5,5,12,RF,1.244264646407346,0.23466493060702556
equivalence,dgp1,600,10,5,5,12,SSRF-JS,1.1886895006669598,0.16556186300906936
equivalence,dgp1,600,10,10,5,12,RF,1.167606755908776,0.1413926898135781
equivalence,dgp1,600,10,10,5,12,SSRF-JS,1.1459501644124177,0.11054332867955743
equivalence,dgp1,600,10,15,5,12,RF,1.128222108614254,0.10764504646464991
equivalence,dgp1,600,10,15,5,12,SSRF-JS,1.1199161676267464,0.08870136535099826
equivalence,dgp1,600,10,25,5,12,RF,1.1101094122212507,0.08785805132021209
equivalence,dgp1,600,10,25,5,12,SSRF-JS,1.1111319226688448,0.07890817427103647
equivalence,dgp1,600,10,40,5,12,RF,1.1017893595952257,0.07597676169024382
equivalence,dgp1,600,10,40,5,12,SSRF-JS,1.1079194006247666,0.07315587274002136
equivalence,dgp1,600,10,50,5,12,RF,1.0962398524544428,0.07103992848153144
equivalence,dgp1,600,10,50,5,12,SSRF-JS,1.1028527261962038,0.06859341090689319
equivalence,dgp1,600,10,60,5,12,RF,1.0943588802680289,0.06988998884209809
equivalence,dgp1,600,10,60,5,12,SSRF-JS,1.1027084201377386,0.06900994889399167
equivalence,dgp1,600,10,100,5,12,RF,1.087959495501445,0.062321822530807994
equivalence,dgp1,600,10,100,5,12,SSRF-JS,1.0979065630222948,0.06348133951414917
equivalence,dgp1,600,10,150,5,12,RF,1.0845986079375478,0.06000005857104175
equivalence,dgp1,600,10,150,5,12,SSRF-JS,1.0959908919965442,0.0623654907374404
equivalence,dgp1,600,10,250,5,12,RF,1.0851911651315451,0.059893620008346166
equivalence,dgp1,600,10,250,5,12,SSRF-JS,1.097164638315115,0.06276223190347348
equivalence,dgp1,600,10,400,5,12,RF,1.0866399482856326,0.060480913387209866
equivalence,dgp1,600,10,400,5,12,SSRF-JS,1.0994378224840629,0.06426166192362218
equivalence,dgp1,600,10,600,5,12,RF,1.0878465856610984,0.05933307630139525
equivalence,dgp1,600,10,600,5,12,SSRF-JS,1.1006049793830592,0.06365742559706832
equivalence,dgp1,600,10,5,5,13,RF,1.5429508807206749,0.2060294839479471
equivalence,dgp1,600,10,5,5,13,SSRF-JS,1.4879553691227685,0.15385309114590734
equivalence,dgp1,600,10,10,5,13,RF,1.472859343362807,0.13470738994906545
equivalence,dgp1,600,10,10,5,13,SSRF-JS,1.439783585804443,0.10511883732084117
equivalence,dgp1,600,10,15,5,13,RF,1.4430504299616969,0.10925565497789055
equivalence,dgp1,600,10,15,5,13,SSRF-JS,1.4152976160155577,0.08436894177686578
equivalence,dgp1,600,10,25,5,13,RF,1.415728525451075,0.09635765563438983
equivalence,dgp1,600,10,25,5,13,SSRF-JS,1.3960937919640264,0.07642613199229119
equivalence,dgp1,600,10,40,5,13,RF,1.3958746803799706,0.08636344441837746
equivalence,dgp1,600,10,40,5,13,SSRF-JS,1.3799070962053448,0.06834330525669184
equivalence,dgp1,600,10,50,5,13,RF,1.3801848410476139,0.08102993871852457
equivalence,dgp1,600,10,50,5,13,SSRF-JS,1.3671326027860304,0.06390661626461856
equivalence,dgp1,600,10,60,5,13,RF,1.381804201087997,0.08062664030786672
equivalence,dgp1,600,10,60,5,13,SSRF-JS,1.368249578682146,0.06334722009891963
equivalence,dgp1,600,10,100,5,13,RF,1.3808011131956588,0.07946487327217461
equivalence,dgp1,600,10,100,5,13,SSRF-JS,1.367128212476767,0.061904855097460916
equivalence,dgp1,600,10,150,5,13,RF,1.380174999804672,0.07695720130282685
equivalence,dgp1,600,10,150,5,13,SSRF-JS,1.3668922769941814,0.060048490676531854
equivalence,dgp1,600,10,250,5,13,RF,1.3741573049253746,0.0728999972148334
equivalence,dgp1,600,10,250,5,13,SSRF-JS,1.3629787727583855,0.05776820849415471
equivalence,dgp1,600,10,400,5,13,RF,1.3730846125152438,0.072130708654171
equivalence,dgp1,600,10,400,5,13,SSRF-JS,1.3624064821032276,0.05745737034886063
equivalence,dgp1,600,10,600,5,13,RF,1.3709296493887209,0.0713735582334643
equivalence,dgp1,600,10,600,5,13,SSRF-JS,1.361123429012443,0.057281074306636245
equivalence,dgp1,600,10,5,5,14,RF,1.2299933890364272,0.18559896156985564
equivalence,dgp1,600,10,5,5,14,SSRF-JS,1.166971279564124,0.1303031278204661
equivalence,dgp1,600,10,10,5,14,RF,1.1713118246654612,0.1283474133880475
equivalence,dgp1,600,10,10,5,14,SSRF-JS,1.1258332574304446,0.08986159960811191
equivalence,dgp1,600,10,15,5,14,RF,1.149601234277345,0.10739741682061524
equivalence,dgp1,600,10,15,5,14,SSRF-JS,1.110897502712273,0.07534764938136859
equivalence,dgp1,600,10,25,5,14,RF,1.1248214275530235,0.08659857446805044
equivalence,dgp1,600,10,25,5,14,SSRF-JS,1.0931922899552302,0.06113327842154074
equivalence,dgp1,600,10,40,5,14,RF,1.107967553860835,0.07875441210368306
equivalence,dgp1,600,10,40,5,14,SSRF-JS,1.0786026008061784,0.05397803622672067
equivalence,dgp1,600,10,50,5,14,RF,1.1026245828633936,0.07381206801550709
equivalence,dgp1,600,10,50,5,14,SSRF-JS,1.075120732131056,0.050801942989075914
equivalence,dgp1,600,10,60,5,14,RF,1.0972403203930132,0.07096962987373462
equivalence,dgp1,600,10,60,5,14,SSRF-JS,1.071745718178819,0.049489302249189675
equivalence,dgp1,600,10,100,5,14,RF,1.0986725762567784,0.06952890994288981
equivalence,dgp1,600,10,100,5,14,SSRF-JS,1.072203772329471,0.04751586918755449
equivalence,dgp1,600,10,150,5,14,RF,1.0925317231827156,0.06489860261464976
equivalence,dgp1,600,10,150,5,14,SSRF-JS,1.068526586209936,0.045019034412560485
equivalence,dgp1,600,10,250,5,14,RF,1.0906378122296312,0.06243379247888911
equivalence,dgp1,600,10,250,5,14,SSRF-JS,1.0680896269298663,0.04412857134128225
equivalence,dgp1,600,10,400,5,14,RF,1.0894881208613454,0.0605449237470975
equivalence,dgp1,600,10,400,5,14,SSRF-JS,1.0675964024855011,0.04305166930498156
equivalence,dgp1,600,10,600,5,14,RF,1.0896143946270658,0.060441210742668866
equivalence,dgp1,600,10,600,5,14,SSRF-JS,1.0677789540904856,0.043064454143591245
equivalence,dgp1,600,10,5,5,15,RF,1.4305567910147434,0.21095893598910334
equivalence,dgp1,600,10,5,5,15,SSRF-JS,1.3752326194838964,0.14762973861804646
equivalence,dgp1,600,10,10,5,15,RF,1.335854580316565,0.1369939322414686
equivalence,dgp1,600,10,10,5,15,SSRF-JS,1.3199905690032725,0.10826344760460496
equivalence,dgp1,600,10,15,5,15,RF,1.3222029356861125,0.12165968550869109
equivalence,dgp1,600,10,15,5,15,SSRF-JS,1.313507274889335,0.10096733117438313
equivalence,dgp1,600,10,25,5,15,RF,1.3217318402356046,0.09617450861705576
equivalence,dgp1,600,10,25,5,15,SSRF-JS,1.3169192011297517,0.08512250363073899
equivalence,dgp1,600,10,40,5,15,RF,1.3108585555111,0.08967256079344328
equivalence,dgp1,600,10,40,5,15,SSRF-JS,1.310146716785221,0.08153787388094906
equivalence,dgp1,600,10,50,5,15,RF,1.3026289381509228,0.08413247844370796
equivalence,dgp1,600,10,50,5,15,SSRF-JS,1.3057416601974676,0.0792334713408861
equivalence,dgp1,600,10,60,5,15,RF,1.302828090299201,0.08255027461292878
equivalence,dgp1,600,10,60,5,15,SSRF-JS,1.3067726014853278,0.0790543372680462
equivalence,dgp1,600,10,100,5,15,RF,1.2994215102819073,0.0780568699034883
equivalence,dgp1,600,10,100,5,15,SSRF-JS,1.3036307006970422,0.07491586596941507
equivalence,dgp1,600,10,150,5,15,RF,1.297160147817939,0.07519234760218961
equivalence,dgp1,600,10,150,5,15,SSRF-JS,1.3023748545170737,0.07319483942250628
equivalence,dgp1,600,10,250,5,15,RF,1.2958423807003894,0.07196458007045095
equivalence,dgp1,600,10,250,5,15,SSRF-JS,1.3015188424242063,0.07069011634550341
equivalence,dgp1,600,10,400,5,15,RF,1.2954401062571081,0.07063466052067006
equivalence,dgp1,600,10,400,5,15,SSRF-JS,1.301741818752629,0.07014364525571605
equivalence,dgp1,600,10,600,5,15,RF,1.2961483625734627,0.07004965107591034
equivalence,dgp1,600,10,600,5,15,SSRF-JS,1.3023079972109501,0.06967301278138588
equivalence,dgp1,600,10,5,5,16,RF,1.3624499663223504,0.18807131681662032
equivalence,dgp1,600,10,5,5,16,SSRF-JS,1.3101422220165153,0.14100351746378545
equivalence,dgp1,600,10,10,5,16,RF,1.30170403970698,0.13441726078053692
equivalence,dgp1,600,10,10,5,16,SSRF-JS,1.2695165241561663,0.10623417140188125
equivalence,dgp1,600,10,15,5,16,RF,1.2832639538454893,0.11193694911434943
equivalence,dgp1,600,10,15,5,16,SSRF-JS,1.257575510190504,0.09100312729359686
equivalence,dgp1,600,10,25,5,16,RF,1.269613982356185,0.09585035232859046
equivalence,dgp1,600,10,25,5,16,SSRF-JS,1.247009433097051,0.07818063525924099
equivalence,dgp1,600,10,40,5,16,RF,1.261693593601654,0.08477503641781692
equivalence,dgp1,600,10,40,5,16,SSRF-JS,1.2424521197064404,0.07107676068657007
equivalence,dgp1,600,10,50,5,16,RF,1.262819212430002,0.08100262353118702
equivalence,dgp1,600,10,50,5,16,SSRF-JS,1.2445215634745477,0.06938852671196735
equivalence,dgp1,600,10,60,5,16,RF,1.2631485971191159,0.07981710819572269
equivalence,dgp1,600,10,60,5,16,SSRF-JS,1.245635494458849,0.06918967792671113
equivalence,dgp1,600,10,100,5,16,RF,1.2620924296771,0.07709853114524111
equivalence,dgp1,600,10,100,5,16,SSRF-JS,1.2459695786809626,0.06806308067638253
equivalence,dgp1,600,10,150,5,16,RF,1.263061265183851,0.07526789396066082
equivalence,dgp1,600,10,150,5,16,SSRF-JS,1.2474952037004796,0.06733601795549485
equivalence,dgp1,600,10,250,5,16,RF,1.2583731010276913,0.0727716780711703
equivalence,dgp1,600,10,250,5,16,SSRF-JS,1.2440763737628886,0.0657179526242347
equivalence,dgp1,600,10,400,5,16,RF,1.2587051360974044,0.07133670219517706
equivalence,dgp1,600,10,400,5,16,SSRF-JS,1.2442264577920512,0.06449450523135213
equivalence,dgp1,600,10,600,5,16,RF,1.256712447036218,0.0690720018183376
equivalence,dgp1,600,10,600,5,16,SSRF-JS,1.2426684781578765,0.06272765592728531
equivalence,dgp1,600,10,5,5,17,RF,1.5164000517758083,0.20398080725898748
equivalence,dgp1,600,10,5,5,17,SSRF-JS,1.460661940543586,0.14639489971277272
equivalence,dgp1,600,10,10,5,17,RF,1.445305218118817,0.13041253037058168
equivalence,dgp1,600,10,10,5,17,SSRF-JS,1.4128187513391497,0.0966256313932606
equivalence,dgp1,600,10,15,5,17,RF,1.4232307108816833,0.11519925828038124
equivalence,dgp1,600,10,15,5,17,SSRF-JS,1.3988958161361122,0.08826200833499505
equivalence,dgp1,600,10,25,5,17,RF,1.4023756886667174,0.09434101452220277
equivalence,dgp1,600,10,25,5,17,SSRF-JS,1.3842283195222833,0.07357836804617889
equivalence,dgp1,600,10,40,5,17,RF,1.395997181737191,0.08858061484438436
equivalence,dgp1,600,10,40,5,17,SSRF-JS,1.3790901081247249,0.06896732774058748
equivalence,dgp1,600,10,50,5,17,RF,1.3923158164024008,0.08615956723319448
equivalence,dgp1,600,10,50,5,17,SSRF-JS,1.3761262864649695,0.06700104556660945
equivalence,dgp1,600,10,60,5,17,RF,1.3888891487646293,0.08215577861411119
equivalence,dgp1,600,10,60,5,17,SSRF-JS,1.3741385271508197,0.06442815624468268
equivalence,dgp1,600,10,100,5,17,RF,1.3837666037189853,0.0781603437504694
equivalence,dgp1,600,10,100,5,17,SSRF-JS,1.3699171453440773,0.06121877168684201
equivalence,dgp1,600,10,150,5,17,RF,1.3793864089004935,0.07658712312285218
equivalence,dgp1,600,10,150,5,17,SSRF-JS,1.3664648228994603,0.06011666796121286
equivalence,dgp1,600,10,250,5,17,RF,1.3815909946348999,0.07617100548876851
equivalence,dgp1,600,10,250,5,17,SSRF-JS,1.3687778021197463,0.06026293909019895
equivalence,dgp1,600,10,400,5,17,RF,1.3804844290971463,0.07287335616050553
equivalence,dgp1,600,10,400,5,17,SSRF-JS,1.3682670364822291,0.05790083316638559
equivalence,dgp1,600,10,600,5,17,RF,1.3809847980075316,0.07201292385524505
equivalence,dgp1,600,10,600,5,17,SSRF-JS,1.3686382695857817,0.057202748941130116
equivalence,dgp1,600,10,5,5,18,RF,1.3811090446516054,0.2173233323969664
equivalence,dgp1,600,10,5,5,18,SSRF-JS,1.317721699796121,0.15547809117281633
equivalence,dgp1,600,10,10,5,18,RF,1.3129400212777462,0.1390211918144465
equivalence,dgp1,600,10,10,5,18,SSRF-JS,1.269763801461526,0.09877317985631803
equivalence,dgp1,600,10,15,5,18,RF,1.292022051618916,0.11435525041441054
equivalence,dgp1,600,10,15,5,18,SSRF-JS,1.2570255615218793,0.08308631766647645
equivalence,dgp1,600,10,25,5,18,RF,1.2783476913811946,0.09768493228337746
equivalence,dgp1,600,10,25,5,18,SSRF-JS,1.251224113785388,0.07514492517340615
equivalence,dgp1,600,10,40,5,18,RF,1.2681270559347482,0.0854672154246728
equivalence,dgp1,600,10,40,5,18,SSRF-JS,1.2441116924839397,0.06639565569467094
equivalence,dgp1,600,10,50,5,18,RF,1.263026444757099,0.08275860281206016
equivalence,dgp1,600,10,50,5,18,SSRF-JS,1.2403907686681814,0.0645017788978333
equivalence,dgp1,600,10,60,5,18,RF,1.266118879987774,0.08170858075730617
equivalence,dgp1,600,10,60,5,18,SSRF-JS,1.242366643794841,0.06322307372677494
equivalence,dgp1,600,10,100,5,18,RF,1.2594011912810514,0.07727682386198001
equivalence,dgp1,600,10,100,5,18,SSRF-JS,1.2380576571136326,0.06077191466943259
equivalence,dgp1,600,10,150,5,18,RF,1.2570967328395755,0.07238811169375402
equivalence,dgp1,600,10,150,5,18,SSRF-JS,1.2370626791411858,0.05788379286493254
equivalence,dgp1,600,10,250,5,18,RF,1.2490104209032713,0.06808027913398544
equivalence,dgp1,600,10,250,5,18,SSRF-JS,1.2316465616702272,0.055505060371269774
equivalence,dgp1,600,10,400,5,18,RF,1.2498314227181229,0.06752617920896255
equivalence,dgp1,600,10,400,5,18,SSRF-JS,1.2321115135811582,0.05473987635063888
equivalence,dgp1,600,10,600,5,18,RF,1.248316643849256,0.06654573450537175
equivalence,dgp1,600,10,600,5,18,SSRF-JS,1.2310865559826552,0.05413252894834055
equivalence,dgp1,600,10,5,5,19,RF,1.572726753495,0.19047553334996117
equivalence,dgp1,600,10,5,5,19,SSRF-JS,1.5215881688740298,0.14218074689643853
equivalence,dgp1,600,10,10,5,19,RF,1.5267811894921943,0.1217671493018416
equivalence,dgp1,600,10,10,5,19,SSRF-JS,1.4924334526910292,0.0941650151832812
equivalence,dgp1,600,10,15,5,19,RF,1.5061146274965194,0.10142448325297725
equivalence,dgp1,600,10,15,5,19,SSRF-JS,1.4828617173103946,0.08458448816527749
equivalence,dgp1,600,10,25,5,19,RF,1.5068193114242665,0.09001392829230205
equivalence,dgp1,600,10,25,5,19,SSRF-JS,1.4852537055216914,0.07670890632679803
equivalence,dgp1,600,10,40,5,19,RF,1.4873584667526552,0.0811482259296294
equivalence,dgp1,600,10,40,5,19,SSRF-JS,1.471488868657322,0.07181497189317872
equivalence,dgp1,600,10,50,5,19,RF,1.4869326483572518,0.0774508960093083
equivalence,dgp1,600,10,50,5,19,SSRF-JS,1.4724594466613137,0.07001029726715169
equivalence,dgp1,600,10,60,5,19,RF,1.4856400841925261,0.07356790568798172
equivalence,dgp1,600,10,60,5,19,SSRF-JS,1.4712507612516377,0.06674272734703025
equivalence,dgp1,600,10,100,5,19,RF,1.4800384274991596,0.06815970368102121
equivalence,dgp1,600,10,100,5,19,SSRF-JS,1.467597298600435,0.06316783920840746
equivalence,dgp1,600,10,150,5,19,RF,1.480572113393327,0.06688955135671787
equivalence,dgp1,600,10,150,5,19,SSRF-JS,1.46864948827741,0.06281815815613902
equivalence,dgp1,600,10,250,5,19,RF,1.4767457649900588,0.0642234914752647
equivalence,dgp1,600,10,250,5,19,SSRF-JS,1.4662133714950727,0.0613598551509693
equivalence,dgp1,600,10,400,5,19,RF,1.4778154221455213,0.06389375914677912
equivalence,dgp1,600,10,400,5,19,SSRF-JS,1.4670344093180896,0.06108862952211287
equivalence,dgp1,600,10,600,5,19,RF,1.4756148990273086,0.062422117993228485
equivalence,dgp1,600,10,600,5,19,SSRF-JS,1.4650896828555076,0.059742568897761715
equivalence,dgp1,600,10,5,5,20,RF,1.5171740233815025,0.18993956207036497
equivalence,dgp1,600,10,5,5,20,SSRF-JS,1.4588373919401165,0.13401420383224516
equivalence,dgp1,600,10,10,5,20,RF,1.4529853372333952,0.13382893806363705
equivalence,dgp1,600,10,10,5,20,SSRF-JS,1.4212479751653293,0.10208408355178449
equivalence,dgp1,600,10,15,5,20,RF,1.4276301442208623,0.11380121623711906
equivalence,dgp1,600,10,15,5,20,SSRF-JS,1.4022953972806367,0.08704912734238633
equivalence,dgp1,600,10,25,5,20,RF,1.4362631815843105,0.09662619297053089
equivalence,dgp1,600,10,25,5,20,SSRF-JS,1.4138628879228523,0.07828172082975014
equivalence,dgp1,600,10,40,5,20,RF,1.4252205407890715,0.08657313261326977
equivalence,dgp1,600,10,40,5,20,SSRF-JS,1.4084719654716342,0.07349043335206469
equivalence,dgp1,600,10,50,5,20,RF,1.419480283206085,0.08305718379068064
equivalence,dgp1,600,10,50,5,20,SSRF-JS,1.402916502096116,0.06964057954873568
equivalence,dgp1,600,10,60,5,20,RF,1.4142331925079992,0.08054047849527768
equivalence,dgp1,600,10,60,5,20,SSRF-JS,1.3994217658403432,0.06834957425565401
equivalence,dgp1,600,10,100,5,20,RF,1.4077869122288893,0.07631266632472071
equivalence,dgp1,600,10,100,5,20,SSRF-JS,1.3951707431329041,0.06588164378851383
equivalence,dgp1,600,10,150,5,20,RF,1.4072513744624735,0.0751777671562619
equivalence,dgp1,600,10,150,5,20,SSRF-JS,1.395147254289328,0.06549215474148187
equivalence,dgp1,600,10,250,5,20,RF,1.4061509401829477,0.07632393412006934
equivalence,dgp1,600,10,250,5,20,SSRF-JS,1.3945368129657036,0.06669768086195646
equivalence,dgp1,600,10,400,5,20,RF,1.4063706793090927,0.07704305850344043
equivalence,dgp1,600,10,400,5,20,SSRF-JS,1.393844588388886,0.06648009805331576
equivalence,dgp1,600,10,600,5,20,RF,1.4078383406636767,0.07568104883091521
equivalence,dgp1,600,10,600,5,20,SSRF-JS,1.3950568154959988,0.06544358917518645
equivalence,dgp1,600,10,5,5,21,RF,1.478758276790703,0.2283143732802245
equivalence,dgp1,600,10,5,5,21,SSRF-JS,1.4140207907497815,0.16132998210204563
equivalence,dgp1,600,10,10,5,21,RF,1.3728203209352696,0.13080935609931985
equivalence,dgp1,600,10,10,5,21,SSRF-JS,1.3485612432621503,0.10252016367505716
equivalence,dgp1,600,10,15,5,21,RF,1.33392172762956,0.1050410083244759
equivalence,dgp1,600,10,15,5,21,SSRF-JS,1.3239729574453547,0.08813762945182607
equivalence,dgp1,600,10,25,5,21,RF,1.3170801497840574,0.09139249423941624
equivalence,dgp1,600,10,25,5,21,SSRF-JS,1.313274906201314,0.08047090969369626
equivalence,dgp1,600,10,40,5,21,RF,1.3107910437407684,0.08334339068532436
equivalence,dgp1,600,10,40,5,21,SSRF-JS,1.3107143412680478,0.07700876378748026
equivalence,dgp1,600,10,50,5,21,RF,1.309746149580764,0.08039215739813228
equivalence,dgp1,600,10,50,5,21,SSRF-JS,1.310758463580506,0.07565397709746556
equivalence,dgp1,600,10,60,5,21,RF,1.3071276595244614,0.0769192231087285
equivalence,dgp1,600,10,60,5,21,SSRF-JS,1.3090445940429145,0.07324255255208714
equivalence,dgp1,600,10,100,5,21,RF,1.2986754386788553,0.07130617976981216
equivalence,dgp1,600,10,100,5,21,SSRF-JS,1.3034859643021792,0.07013295254380084
equivalence,dgp1,600,10,150,5,21,RF,1.2994448540062933,0.07236054960463055
equivalence,dgp1,600,10,150,5,21,SSRF-JS,1.30436739125961,0.0711752496528214
equivalence,dgp1,600,10,250,5,21,RF,1.2975419116465423,0.06940500473577899
equivalence,dgp1,600,10,250,5,21,SSRF-JS,1.3032650474054706,0.06919224557568696
equivalence,dgp1,600,10,400,5,21,RF,1.2967562293196742,0.07007558311776815
equivalence,dgp1,600,10,400,5,21,SSRF-JS,1.3031190538513604,0.07003645255578167
equivalence,dgp1,600,10,600,5,21,RF,1.2956235408691723,0.06926135511686995
equivalence,dgp1,600,10,600,5,21,SSRF-JS,1.3026220808788211,0.06976509538052113
equivalence,dgp1,600,10,5,5,22,RF,1.3959969479148482,0.2562452917804419
equivalence,dgp1,600,10,5,5,22,SSRF-JS,1.31270953120915,0.17224080543878692
equivalence,dgp1,600,10,10,5,22,RF,1.2978958638597065,0.1489123443644105
equivalence,dgp1,600,10,10,5,22,SSRF-JS,1.2581553975411004,0.11112993580721024
equivalence,dgp1,600,10,15,5,22,RF,1.276310001785869,0.12000775604203917
equivalence,dgp1,600,10,15,5,22,SSRF-JS,1.249467689397534,0.09691459418119018
equivalence,dgp1,600,10,25,5,22,RF,1.256497581394219,0.09296165467527334
equivalence,dgp1,600,10,25,5,22,SSRF-JS,1.238472029487741,0.08033225016589272
equivalence,dgp1,600,10,40,5,22,RF,1.2470356662771336,0.0852682585620398
equivalence,dgp1,600,10,40,5,22,SSRF-JS,1.232040625843819,0.0750914794125508
equivalence,dgp1,600,10,50,5,22,RF,1.236607437464064,0.08082081745071273
equivalence,dgp1,600,10,50,5,22,SSRF-JS,1.224716236798054,0.07222228392569252
equivalence,dgp1,600,10,60,5,22,RF,1.2350741111506474,0.07937609108392578
equivalence,dgp1,600,10,60,5,22,SSRF-JS,1.2245400246688636,0.0720339971915661
equivalence,dgp1,600,10,100,5,22,RF,1.2370499420685477,0.07930870744896705
equivalence,dgp1,600,10,100,5,22,SSRF-JS,1.227236479067679,0.07341921307086839
equivalence,dgp1,600,10,150,5,22,RF,1.2350359457797897,0.07588676183460279
equivalence,dgp1,600,10,150,5,22,SSRF-JS,1.2263589780857982,0.07168811270028479
equivalence,dgp1,600,10,250,5,22,RF,1.2286016351560043,0.07129907036607198
equivalence,dgp1,600,10,250,5,22,SSRF-JS,1.2211680804813052,0.06790567913404981
equivalence,dgp1,600,10,400,5,22,RF,1.2304329819747588,0.07141562080505502
equivalence,dgp1,600,10,400,5,22,SSRF-JS,1.223269093902164,0.06876350196012272
equivalence,dgp1,600,10,600,5,22,RF,1.2316344404203106,0.07159129585222185
equivalence,dgp1,600,10,600,5,22,SSRF-JS,1.224050165950621,0.0686738109790258
equivalence,dgp1,600,10,5,5,23,RF,1.4114412721933858,0.18031828344266615
equivalence,dgp1,600,10,5,5,23,SSRF-JS,1.3736195593111151,0.1395014830716728
equivalence,dgp1,600,10,10,5,23,RF,1.3447335807677865,0.13434858165942762
equivalence,dgp1,600,10,10,5,23,SSRF-JS,1.3282182445446464,0.11120994806735844
equivalence,dgp1,600,10,15,5,23,RF,1.3150081999261012,0.11046802502597101
equivalence,dgp1,600,10,15,5,23,SSRF-JS,1.3056839547957237,0.09352270279221418
equivalence,dgp1,600,10,25,5,23,RF,1.3069375322402235,0.09190668275862265
equivalence,dgp1,600,10,25,5,23,SSRF-JS,1.3031328081537268,0.08264308561007386
equivalence,dgp1,600,10,40,5,23,RF,1.303998331512066,0.09106570898154644
equivalence,dgp1,600,10,40,5,23,SSRF-JS,1.3000810650925632,0.08125964806632782
equivalence,dgp1,600,10,50,5,23,RF,1.3031666109198776,0.08619063108869662
equivalence,dgp1,600,10,50,5,23,SSRF-JS,1.2997003033461312,0.07750540678644163
equivalence,dgp1,600,10,60,5,23,RF,1.2987663237136702,0.08280799884837163
equivalence,dgp1,600,10,60,5,23,SSRF-JS,1.296158969623264,0.07477778974541943
equivalence,dgp1,600,10,100,5,23,RF,1.2839297364792952,0.07889518716962024
equivalence,dgp1,600,10,100,5,23,SSRF-JS,1.2835712042772611,0.0710976290354125
equivalence,dgp1,600,10,150,5,23,RF,1.2835630962487716,0.07548054038795887
equivalence,dgp1,600,10,150,5,23,SSRF-JS,1.2842197247417768,0.06926124229673257
equivalence,dgp1,600,10,250,5,23,RF,1.2837481274343987,0.07229414039264931
equivalence,dgp1,600,10,250,5,23,SSRF-JS,1.2847342653698617,0.06701439935119513
equivalence,dgp1,600,10,400,5,23,RF,1.2838778683838568,0.07042538281519951
equivalence,dgp1,600,10,400,5,23,SSRF-JS,1.2845378610155598,0.06527270154759637
equivalence,dgp1,600,10,600,5,23,RF,1.2870539491511268,0.07161611433037432
equivalence,dgp1,600,10,600,5,23,SSRF-JS,1.2867224994751825,0.06587794107935036
equivalence,dgp1,600,10,5,5,24,RF,1.334549553512091,0.2590044219404154
equivalence,dgp1,600,10,5,5,24,SSRF-JS,1.252989348442448,0.17472603015423654
equivalence,dgp1,600,10,10,5,24,RF,1.2267250452103742,0.15604273312130626
equivalence,dgp1,600,10,10,5,24,SSRF-JS,1.188693235117172,0.11516830406710331
equivalence,dgp1,600,10,15,5,24,RF,1.1967040564140805,0.12539122190888694
equivalence,dgp1,600,10,15,5,24,SSRF-JS,1.1735845987016187,0.09965131148223043
equivalence,dgp1,600,10,25,5,24,RF,1.194329010276274,0.11131153008704527
equivalence,dgp1,600,10,25,5,24,SSRF-JS,1.1773269046390966,0.09417992192293358
equivalence,dgp1,600,10,40,5,24,RF,1.1881057172045708,0.10489570891137351
equivalence,dgp1,600,10,40,5,24,SSRF-JS,1.173372383128328,0.08993870387924834
equivalence,dgp1,600,10,50,5,24,RF,1.1828015235589,0.0988371070930029
equivalence,dgp1,600,10,50,5,24,SSRF-JS,1.1690213639236797,0.08494053248427552
equivalence,dgp1,600,10,60,5,24,RF,1.1826606521011518,0.09775047192582444
equivalence,dgp1,600,10,60,5,24,SSRF-JS,1.1697074349195686,0.08505877936858176
equivalence,dgp1,600,10,100,5,24,RF,1.182443275492695,0.09605668096731342
equivalence,dgp1,600,10,100,5,24,SSRF-JS,1.1705545929094592,0.08480492075824253
equivalence,dgp1,600,10,150,5,24,RF,1.1794328491566655,0.09240235155533354
equivalence,dgp1,600,10,150,5,24,SSRF-JS,1.1686057621394392,0.0822848919645378
equivalence,dgp1,600,10,250,5,24,RF,1.1816466145340292,0.0936378223359784
equivalence,dgp1,600,10,250,5,24,SSRF-JS,1.1706901492150403,0.08366861807764708
equivalence,dgp1,600,10,400,5,24,RF,1.1763650422935528,0.09029139713205468
equivalence,dgp1,600,10,400,5,24,SSRF-JS,1.166715493840998,0.08128658497366466
equivalence,dgp1,600,10,600,5,24,RF,1.1743844837859776,0.08832225114429548
equivalence,dgp1,600,10,600,5,24,SSRF-JS,1.165231219200967,0.07988198376995069
equivalence,dgp2,600,10,5,5,0,RF,0.7160012592308046,0.11204280706567404
equivalence,dgp2,600,10,5,5,0,SSRF-JS,0.6854088357057785,0.08017034281153097
equivalence,dgp2,600,10,10,5,0,RF,0.6736584128828746,0.07475216643746
equivalence,dgp2,600,10,10,5,0,SSRF-JS,0.657937383189478,0.05668643765482983
equivalence,dgp2,600,10,15,5,0,RF,0.6567575482966463,0.06091114881701734
equivalence,dgp2,600,10,15,5,0,SSRF-JS,0.6484796377133188,0.049791824875643625
equivalence,dgp2,600,10,25,5,0,RF,0.6506912851221799,0.05222838695435034
equivalence,dgp2,600,10,25,5,0,SSRF-JS,0.6446478716888965,0.04402670292636301
equivalence,dgp2,600,10,40,5,0,RF,0.6435369183497557,0.0438010615269647
equivalence,dgp2,600,10,40,5,0,SSRF-JS,0.6402652124220642,0.038561345316959
equivalence,dgp2,600,10,50,5,0,RF,0.6413849184859863,0.03814405112976963
equivalence,dgp2,600,10,50,5,0,SSRF-JS,0.6390460794784836,0.0343772625880066
equivalence,dgp2,600,10,60,5,0,RF,0.6410883392735455,0.03734935791692499
equivalence,dgp2,600,10,60,5,0,SSRF-JS,0.6389654380850603,0.03390548955204556
equivalence,dgp2,600,10,100,5,0,RF,0.6365250134630935,0.03409125906390662
equivalence,dgp2,600,10,100,5,0,SSRF-JS,0.6354907962834108,0.03151226798013773
equivalence,dgp2,600,10,150,5,0,RF,0.6346509430719484,0.033588465602858865
equivalence,dgp2,600,10,150,5,0,SSRF-JS,0.6340818032430677,0.031181111231304744
equivalence,dgp2,600,10,250,5,0,RF,0.6332313000285887,0.03243895238481962
equivalence,dgp2,600,10,250,5,0,SSRF-JS,0.6336641920976792,0.031007108088514732
equivalence,dgp2,600,10,400,5,0,RF,0.632651008612134,0.031751537435183864
equivalence,dgp2,600,10,400,5,0,SSRF-JS,0.6330795631931734,0.030389857597116085
equivalence,dgp2,600,10,600,5,0,RF,0.6315346714049749,0.031020273003235406
equivalence,dgp2,600,10,600,5,0,SSRF-JS,0.6320637456342626,0.029671606649009523
equivalence,dgp2,600,10,5,5,1,RF,0.8079497678341623,0.11008573860259915
equivalence,dgp2,600,10,5,5,1,SSRF-JS,0.7764174886027251,0.07886322311179418
equivalence,dgp2,600,10,10,5,1,RF,0.7798242002609923,0.07635748615663321
equivalence,dgp2,600,10,10,5,1,SSRF-JS,0.7621936968792552,0.060047786001434865
equivalence,dgp2,600,10,15,5,1,RF,0.7693759759666089,0.06169574263923799
equivalence,dgp2,600,10,15,5,1,SSRF-JS,0.7564468389779329,0.05104734143380788
equivalence,dgp2,600,10,25,5,1,RF,0.7564031330049235,0.051358596803670574
equivalence,dgp2,600,10,25,5,1,SSRF-JS,0.7487807611362738,0.0452907920567452
equivalence,dgp2,600,10,40,5,1,RF,0.7501934745116103,0.04562702867295061
equivalence,dgp2,600,10,40,5,1,SSRF-JS,0.7457001604898055,0.0424696111159978
equivalence,dgp2,600,10,50,5,1,RF,0.7443027952592068,0.04392669428317997
equivalence,dgp2,600,10,50,5,1,SSRF-JS,0.7418299237251801,0.041796524158823095
equivalence,dgp2,600,10,60,5,1,RF,0.7446103557145902,0.04345084688331151
equivalence,dgp2,600,10,60,5,1,SSRF-JS,0.7420021896566392,0.04128444947204853
equivalence,dgp2,600,10,100,5,1,RF,0.7404153638003995,0.03863037402176655
equivalence,dgp2,600,10,100,5,1,SSRF-JS,0.7386181232397471,0.037487304107516335
equivalence,dgp2,600,10,150,5,1,RF,0.7411195774329205,0.03811778853699506
equivalence,dgp2,600,10,150,5,1,SSRF-JS,0.7393866821146673,0.037278604455135984
equivalence,dgp2,600,10,250,5,1,RF,0.7370027374221346,0.03610712777504248
equivalence,dgp2,600,10,250,5,1,SSRF-JS,0.7361884798077082,0.03584453030080045
equivalence,dgp2,600,10,400,5,1,RF,0.7373209293322116,0.035391762562057956
equivalence,dgp2,600,10,400,5,1,SSRF-JS,0.7367287191039364,0.03556385649821244
equivalence,dgp2,600,10,600,5,1,RF,0.7372085249909216,0.035271555182139536
equivalence,dgp2,600,10,600,5,1,SSRF-JS,0.7365282498210055,0.03533025432886366
equivalence,dgp2,600,10,5,5,2,RF,0.7108573000999792,0.11603291487003772
equivalence,dgp2,600,10,5,5,2,SSRF-JS,0.6840700364877875,0.0802168745154982
equivalence,dgp2,600,10,10,5,2,RF,0.6898193692561082,0.07301051728302371
equivalence,dgp2,600,10,10,5,2,SSRF-JS,0.6751765700755101,0.05389090721859683
equivalence,dgp2,600,10,15,5,2,RF,0.6720681830672092,0.06080367611833468
equivalence,dgp2,600,10,15,5,2,SSRF-JS,0.6629066782263946,0.046309242403318115
equivalence,dgp2,600,10,25,5,2,RF,0.6641651097091876,0.04708990802339812
equivalence,dgp2,600,10,25,5,2,SSRF-JS,0.6593078981209585,0.03791137319787516
equivalence,dgp2,600,10,40,5,2,RF,0.6559130326150955,0.04079349449193378
equivalence,dgp2,600,10,40,5,2,SSRF-JS,0.6538865722610278,0.0340865270603254
equivalence,dgp2,600,10,50,5,2,RF,0.6554353978739579,0.03750361611859994
equivalence,dgp2,600,10,50,5,2,SSRF-JS,0.6540926637995436,0.03205037539227375
equivalence,dgp2,600,10,60,5,2,RF,0.6549577292934046,0.035400457477005993
equivalence,dgp2,600,10,60,5,2,SSRF-JS,0.6541161793782321,0.030805446257532624
equivalence,dgp2,600,10,100,5,2,RF,0.6528795991720331,0.03320368469236256
equivalence,dgp2,600,10,100,5,2,SSRF-JS,0.6533841290373339,0.02991235289706923
equivalence,dgp2,600,10,150,5,2,RF,0.6536211918186741,0.03134684938470551
equivalence,dgp2,600,10,150,5,2,SSRF-JS,0.6541711417612722,0.028644907042308727
equivalence,dgp2,600,10,250,5,2,RF,0.6527370460879632,0.03048974806202003
equivalence,dgp2,600,10,250,5,2,SSRF-JS,0.6539807271708544,0.028496742500595397
equivalence,dgp2,600,10,400,5,2,RF,0.6519467173109003,0.029644686230970867
equivalence,dgp2,600,10,400,5,2,SSRF-JS,0.6534672177015283,0.027926998236343925
equivalence,dgp2,600,10,600,5,2,RF,0.6521224119599066,0.029583154573260505
equivalence,dgp2,600,10,600,5,2,SSRF-JS,0.6537703065793992,0.028062868987144992
equivalence,dgp2,600,10,5,5,3,RF,0.8329358308053696,0.1110278702584776
equivalence,dgp2,600,10,5,5,3,SSRF-JS,0.7984726677887406,0.08164155148470988
equivalence,dgp2,600,10,10,5,3,RF,0.784856868274094,0.07307916820468997
equivalence,dgp2,600,10,10,5,3,SSRF-JS,0.7693602707802938,0.06044303149115791
equivalence,dgp2,600,10,15,5,3,RF,0.7702425620866881,0.05893674345171687
equivalence,dgp2,600,10,15,5,3,SSRF-JS,0.7598116738969769,0.05106699000638317
equivalence,dgp2,600,10,25,5,3,RF,0.7586823981264949,0.04771090376944153
equivalence,dgp2,600,10,25,5,3,SSRF-JS,0.7512133727093387,0.04279625169362754
equivalence,dgp2,600,10,40,5,3,RF,0.7512960414117424,0.0426369987233001
equivalence,dgp2,600,10,40,5,3,SSRF-JS,0.7470909475227169,0.04047097104171539
equivalence,dgp2,600,10,50,5,3,RF,0.747085266204847,0.04113195082397487
equivalence,dgp2,600,10,50,5,3,SSRF-JS,0.743132930763432,0.03867985750909902
equivalence,dgp2,600,10,60,5,3,RF,0.7466567050621337,0.04155745214604742
equivalence,dgp2,600,10,60,5,3,SSRF-JS,0.742963992494341,0.03921205458941426
equivalence,dgp2,600,10,100,5,3,RF,0.7470491783181633,0.04102515164101248
equivalence,dgp2,600,10,100,5,3,SSRF-JS,0.744276856808936,0.03986973625594902
equivalence,dgp2,600,10,150,5,3,RF,0.7459993597665977,0.039705868606891244
equivalence,dgp2,600,10,150,5,3,SSRF-JS,0.7431494433977941,0.03848686068163693
equivalence,dgp2,600,10,250,5,3,RF,0.7432615700160026,0.03700982481103138
equivalence,dgp2,600,10,250,5,3,SSRF-JS,0.7408473808009606,0.03623502070595481
equivalence,dgp2,600,10,400,5,3,RF,0.7411874308919925,0.035658963805292744
equivalence,dgp2,600,10,400,5,3,SSRF-JS,0.7398645360345577,0.03579393300478638
equivalence,dgp2,600,10,600,5,3,RF,0.7406585749975875,0.03453483296579806
equivalence,dgp2,600,10,600,5,3,SSRF-JS,0.7391008543894485,0.03460814001471947
equivalence,dgp2,600,10,5,5,4,RF,0.7147356471431053,0.10185311156239105
equivalence,dgp2,600,10,5,5,4,SSRF-JS,0.6936616500512018,0.07563123925315252
equivalence,dgp2,600,10,10,5,4,RF,0.6798848757138632,0.06049425173961398
equivalence,dgp2,600,10,10,5,4,SSRF-JS,0.6720809015426189,0.04884038925606568
equivalence,dgp2,600,10,15,5,4,RF,0.6739715735842412,0.05150482112761101
equivalence,dgp2,600,10,15,5,4,SSRF-JS,0.669544302211882,0.043793017300068585
equivalence,dgp2,600,10,25,5,4,RF,0.6632457464999322,0.04085304770376899
equivalence,dgp2,600,10,25,5,4,SSRF-JS,0.6610944417654696,0.03530656330933
equivalence,dgp2,600,10,40,5,4,RF,0.6552009765222556,0.03705158719493295
equivalence,dgp2,600,10,40,5,4,SSRF-JS,0.6555108265517157,0.03320709217192606
equivalence,dgp2,600,10,50,5,4,RF,0.6548143175737153,0.03369376365658351
equivalence,dgp2,600,10,50,5,4,SSRF-JS,0.6553468329407022,0.030664442306418085
equivalence,dgp2,600,10,60,5,4,RF,0.6535508138650193,0.03304583934076536
equivalence,dgp2,600,10,60,5,4,SSRF-JS,0.6545534100500103,0.03040275877518184
equivalence,dgp2,600,10,100,5,4,RF,0.6555109713337036,0.03124177357512544
equivalence,dgp2,600,10,100,5,4,SSRF-JS,0.6559547654134139,0.028841728422330463
equivalence,dgp2,600,10,150,5,4,RF,0.6522355250512675,0.030567501711807252
equivalence,dgp2,600,10,150,5,4,SSRF-JS,0.6539847879399483,0.028999902323959822
equivalence,dgp2,600,10,250,5,4,RF,0.6506913119374718,0.030443004169660563
equivalence,dgp2,600,10,250,5,4,SSRF-JS,0.6528243569234379,0.02895746652968854
equivalence,dgp2,600,10,400,5,4,RF,0.6489217385153309,0.02940209842844514
equivalence,dgp2,600,10,400,5,4,SSRF-JS,0.6511747019221271,0.027954261117756365
equivalence,dgp2,600,10,600,5,4,RF,0.6488950600350492,0.02904016193975202
equivalence,dgp2,600,10,600,5,4,SSRF-JS,0.6511087997187116,0.027620145451484546
equivalence,dgp2,600,10,5,5,5,RF,0.7937728539871152,0.090308994979227
equivalence,dgp2,600,10,5,5,5,SSRF-JS,0.7678088724689107,0.0660938789243688
equivalence,dgp2,600,10,10,5,5,RF,0.7777588129352618,0.06812332019807989
equivalence,dgp2,600,10,10,5,5,SSRF-JS,0.7647635579525598,0.05803572354581952
equivalence,dgp2,600,10,15,5,5,RF,0.7704342110790011,0.05859666797471965
equivalence,dgp2,600,10,15,5,5,SSRF-JS,0.7581171294151229,0.04976650023129478
equivalence,dgp2,600,10,25,5,5,RF,0.7579488400572194,0.047939355730430774
equivalence,dgp2,600,10,25,5,5,SSRF-JS,0.7503187910333424,0.04359507154679673
equivalence,dgp2,600,10,40,5,5,RF,0.7537456047238756,0.0434852448452358
equivalence,dgp2,600,10,40,5,5,SSRF-JS,0.7484784084714304,0.041561690548919526
equivalence,dgp2,600,10,50,5,5,RF,0.7571571465465977,0.04179849190000876
equivalence,dgp2,600,10,50,5,5,SSRF-JS,0.7518550804728875,0.04091584644043205
equivalence,dgp2,600,10,60,5,5,RF,0.7547988127604537,0.04043605451258376
equivalence,dgp2,600,10,60,5,5,SSRF-JS,0.7501956797167805,0.04004646764868051
equivalence,dgp2,600,10,100,5,5,RF,0.7532838593959771,0.037804603883231126
equivalence,dgp2,600,10,100,5,5,SSRF-JS,0.7498924019892053,0.03906504554973968
equivalence,dgp2,600,10,150,5,5,RF,0.7515285814627696,0.036110257504969635
equivalence,dgp2,600,10,150,5,5,SSRF-JS,0.748612759762487,0.037865580099144834
equivalence,dgp2,600,10,250,5,5,RF,0.7470867288131758,0.03397121401992053
equivalence,dgp2,600,10,250,5,5,SSRF-JS,0.7454426432086975,0.036411422133883396
equivalence,dgp2,600,10,400,5,5,RF,0.7461664512518483,0.03298341468402527
equivalence,dgp2,600,10,400,5,5,SSRF-JS,0.7446328050975974,0.035485682039423774
equivalence,dgp2,600,10,600,5,5,RF,0.7454330009715383,0.03230467836707021
equivalence,dgp2,600,10,600,5,5,SSRF-JS,0.7438940744991105,0.034791491584189274
equivalence,dgp2,600,10,5,5,6,RF,0.8737470281014323,0.12670374731529527
equivalence,dgp2,600,10,5,5,6,SSRF-JS,0.8405914699376466,0.0947266631953626
equivalence,dgp2,600,10,10,5,6,RF,0.8192893329733688,0.08124069483417841
equivalence,dgp2,600,10,10,5,6,SSRF-JS,0.8058989386315158,0.06748144441748384
equivalence,dgp2,600,10,15,5,6,RF,0.8008649328780578,0.06193997340490009
equivalence,dgp2,600,10,15,5,6,SSRF-JS,0.7945745658570583,0.05562445605548352
equivalence,dgp2,600,10,25,5,6,RF,0.7873727127020989,0.05062133946715478
equivalence,dgp2,600,10,25,5,6,SSRF-JS,0.7848698749504032,0.04764064832454151
equivalence,dgp2,600,10,40,5,6,RF,0.7808148264098118,0.04738307115989958
equivalence,dgp2,600,10,40,5,6,SSRF-JS,0.7802366384705152,0.04571680419448871
equivalence,dgp2,600,10,50,5,6,RF,0.7821438171683551,0.045379666696020136
equivalence,dgp2,600,10,50,5,6,SSRF-JS,0.7818316991893483,0.044713114884870245
equivalence,dgp2,600,10,60,5,6,RF,0.7816396228158007,0.044518535750832595
equivalence,dgp2,600,10,60,5,6,SSRF-JS,0.7821855080047818,0.044586090447099984
equivalence,dgp2,600,10,100,5,6,RF,0.7799630342319847,0.04282652959045867
equivalence,dgp2,600,10,100,5,6,SSRF-JS,0.7821798699790278,0.044664681197371124
equivalence,dgp2,600,10,150,5,6,RF,0.7809900146295435,0.04132890826297691
equivalence,dgp2,600,10,150,5,6,SSRF-JS,0.7834253931328004,0.043985247758670826
equivalence,dgp2,600,10,250,5,6,RF,0.7787402849106346,0.04016706947423227
equivalence,dgp2,600,10,250,5,6,SSRF-JS,0.7819850626240656,0.04342896457878615
equivalence,dgp2,600,10,400,5,6,RF,0.7785484516972976,0.03959500068670768
equivalence,dgp2,600,10,400,5,6,SSRF-JS,0.7817595161215313,0.042920908882389426
equivalence,dgp2,600,10,600,5,6,RF,0.7790006340864181,0.03931574900501294
equivalence,dgp2,600,10,600,5,6,SSRF-JS,0.7821602856009834,0.04273592991088585
equivalence,dgp2,600,10,5,5,7,RF,0.8637274612166248,0.11356065732487529
equivalence,dgp2,600,10,5,5,7,SSRF-JS,0.8330990504436886,0.08586336576383843
equivalence,dgp2,600,10,10,5,7,RF,0.8200744384612338,0.08003548725885658
equivalence,dgp2,600,10,10,5,7,SSRF-JS,0.8074583677600382,0.06792969954244005
equivalence,dgp2,600,10,15,5,7,RF,0.8028108041280368,0.06576001019032574
equivalence,dgp2,600,10,15,5,7,SSRF-JS,0.7963662054207927,0.059140299095412484
equivalence,dgp2,600,10,25,5,7,RF,0.8047669056249854,0.05945646872717299
equivalence,dgp2,600,10,25,5,7,SSRF-JS,0.799625482433163,0.05584105741686002
equivalence,dgp2,600,10,40,5,7,RF,0.7886099893160571,0.04989994971692583
equivalence,dgp2,600,10,40,5,7,SSRF-JS,0.7877059034970579,0.04908168282384501
equivalence,dgp2,600,10,50,5,7,RF,0.7840223086353211,0.04647732942539209
equivalence,dgp2,600,10,50,5,7,SSRF-JS,0.7848121152751204,0.04703683931756443
equivalence,dgp2,600,10,60,5,7,RF,0.7839483453067152,0.04511008983211982
equivalence,dgp2,600,10,60,5,7,SSRF-JS,0.7847903588377121,0.045953834145128845
equivalence,dgp2,600,10,100,5,7,RF,0.7809974271078112,0.0406260362810308
equivalence,dgp2,600,10,100,5,7,SSRF-JS,0.7829178211462728,0.04294086109301814
equivalence,dgp2,600,10,150,5,7,RF,0.7798915692253823,0.04108264169774909
equivalence,dgp2,600,10,150,5,7,SSRF-JS,0.7822521081373475,0.043510671314355875
equivalence,dgp2,600,10,250,5,7,RF,0.777436577562119,0.039608430705073014
equivalence,dgp2,600,10,250,5,7,SSRF-JS,0.7804547109065272,0.04252256478144769
equivalence,dgp2,600,10,400,5,7,RF,0.7773020493745586,0.03817454198185769
equivalence,dgp2,600,10,400,5,7,SSRF-JS,0.780377915609569,0.04140753111402484
equivalence,dgp2,600,10,600,5,7,RF,0.7792614584412949,0.03869413548902316
equivalence,dgp2,600,10,600,5,7,SSRF-JS,0.7819469278458476,0.041904621692282436
equivalence,dgp2,600,10,5,5,8,RF,0.7141914321451923,0.10241982544697047
equivalence,dgp2,600,10,5,5,8,SSRF-JS,0.6910983254203122,0.0773693990317997
equivalence,dgp2,600,10,10,5,8,RF,0.6687469581609325,0.06363931165086614
equivalence,dgp2,600,10,10,5,8,SSRF-JS,0.6613999014780033,0.05261302628868386
equivalence,dgp2,600,10,15,5,8,RF,0.6664440875351016,0.05124135387400979
equivalence,dgp2,600,10,15,5,8,SSRF-JS,0.6607322908049658,0.04384719612165664
equivalence,dgp2,600,10,25,5,8,RF,0.6629112118351206,0.04212217129700015
equivalence,dgp2,600,10,25,5,8,SSRF-JS,0.6591672031124177,0.03781901391327858
equivalence,dgp2,600,10,40,5,8,RF,0.6624597660949086,0.03753015436605016
equivalence,dgp2,600,10,40,5,8,SSRF-JS,0.6591477703235985,0.03449901751792424
equivalence,dgp2,600,10,50,5,8,RF,0.6611697253203124,0.037124138021871526
equivalence,dgp2,600,10,50,5,8,SSRF-JS,0.6581132668686872,0.0342227906090003
equivalence,dgp2,600,10,60,5,8,RF,0.6595566638756962,0.03584241161564033
equivalence,dgp2,600,10,60,5,8,SSRF-JS,0.6565654570103558,0.0329125549491432
equivalence,dgp2,600,10,100,5,8,RF,0.6576790981763289,0.03198224390420892
equivalence,dgp2,600,10,100,5,8,SSRF-JS,0.6552974432150417,0.030117666170775163
equivalence,dgp2,600,10,150,5,8,RF,0.6574175580449879,0.031095338802687347
equivalence,dgp2,600,10,150,5,8,SSRF-JS,0.6553642139874652,0.029697840105911838
equivalence,dgp2,600,10,250,5,8,RF,0.6542564311055599,0.029654262867445196
equivalence,dgp2,600,10,250,5,8,SSRF-JS,0.6530426224187097,0.02878838198391739
equivalence,dgp2,600,10,400,5,8,RF,0.6510772013521544,0.029232526637588768
equivalence,dgp2,600,10,400,5,8,SSRF-JS,0.6505538390762851,0.0285107461575935
equivalence,dgp2,600,10,600,5,8,RF,0.6520204789373627,0.029265750264459694
equivalence,dgp2,600,10,600,5,8,SSRF-JS,0.6513630469200868,0.028619413904946687
equivalence,dgp2,600,10,5,5,9,RF,0.7128558061835568,0.09465887095476042
equivalence,dgp2,600,10,5,5,9,SSRF-JS,0.6856746598969214,0.06651319494083216
equivalence,dgp2,600,10,10,5,9,RF,0.6756056120928666,0.06270720039133124
equivalence,dgp2,600,10,10,5,9,SSRF-JS,0.663971220999188,0.04902456037092294
equivalence,dgp2,600,10,15,5,9,RF,0.6640216084217254,0.049738275222543656
equivalence,dgp2,600,10,15,5,9,SSRF-JS,0.6575713976244342,0.04135586040441668
equivalence,dgp2,600,10,25,5,9,RF,0.6551199204714406,0.043489188821927816
equivalence,dgp2,600,10,25,5,9,SSRF-JS,0.6520361515784737,0.038072711507853976
equivalence,dgp2,600,10,40,5,9,RF,0.6540324889524837,0.03927747754432935
equivalence,dgp2,600,10,40,5,9,SSRF-JS,0.6517925080576015,0.035366957889525895
equivalence,dgp2,600,10,50,5,9,RF,0.6516300938371691,0.036882904984542234
equivalence,dgp2,600,10,50,5,9,SSRF-JS,0.6497631109538421,0.03342510514225881
equivalence,dgp2,600,10,60,5,9,RF,0.6514331941253103,0.03600980505882162
equivalence,dgp2,600,10,60,5,9,SSRF-JS,0.6496993848168021,0.03283712619701002
equivalence,dgp2,600,10,100,5,9,RF,0.65042597266225,0.033373952172671625
equivalence,dgp2,600,10,100,5,9,SSRF-JS,0.6495565308800388,0.031412467055064106
equivalence,dgp2,600,10,150,5,9,RF,0.6517470787280787,0.03148627394921257
equivalence,dgp2,600,10,150,5,9,SSRF-JS,0.6508214214688577,0.030091381892868762
equivalence,dgp2,600,10,250,5,9,RF,0.6504418105622327,0.02978521571640433
equivalence,dgp2,600,10,250,5,9,SSRF-JS,0.6498613687924134,0.028814533557803137
equivalence,dgp2,600,10,400,5,9,RF,0.6485840525849836,0.029390369152217013
equivalence,dgp2,600,10,400,5,9,SSRF-JS,0.6484625937916932,0.028593631971233425
equivalence,dgp2,600,10,600,5,9,RF,0.6490182605113788,0.029093127370925193
equivalence,dgp2,600,10,600,5,9,SSRF-JS,0.6487440160234637,0.028307071706669077
equivalence,dgp2,600,10,5,5,10,RF,0.7178758096211043,0.12906027513570284
equivalence,dgp2,600,10,5,5,10,SSRF-JS,0.683838190876756,0.09129193346539557
equivalence,dgp2,600,10,10,5,10,RF,0.6797291669069728,0.08840483317704827
equivalence,dgp2,600,10,10,5,10,SSRF-JS,0.6636670137149473,0.06931255183693243
equivalence,dgp2,600,10,15,5,10,RF,0.6650545662094747,0.06956256519124415
equivalence,dgp2,600,10,15,5,10,SSRF-JS,0.6550344831834911,0.057606145910991405
equivalence,dgp2,600,10,25,5,10,RF,0.6533041006319937,0.05986082122947737
equivalence,dgp2,600,10,25,5,10,SSRF-JS,0.6492816547184888,0.053535508702556994
equivalence,dgp2,600,10,40,5,10,RF,0.638690128603518,0.048685524199064155
equivalence,dgp2,600,10,40,5,10,SSRF-JS,0.6396055733901821,0.04650977175231102
equivalence,dgp2,600,10,50,5,10,RF,0.6367810102917985,0.045830529500654534
equivalence,dgp2,600,10,50,5,10,SSRF-JS,0.6385649264649752,0.04477668589009045
equivalence,dgp2,600,10,60,5,10,RF,0.633862224650988,0.04390949176343802
equivalence,dgp2,600,10,60,5,10,SSRF-JS,0.6373839759474614,0.04428157360937076
equivalence,dgp2,600,10,100,5,10,RF,0.6337504696245351,0.04350039141352723
equivalence,dgp2,600,10,100,5,10,SSRF-JS,0.6376536091826369,0.044344235991388224
equivalence,dgp2,600,10,150,5,10,RF,0.6347186130110115,0.04253066776166107
equivalence,dgp2,600,10,150,5,10,SSRF-JS,0.637912596909069,0.04319630569678616
equivalence,dgp2,600,10,250,5,10,RF,0.6337287496526876,0.04044413797718233
equivalence,dgp2,600,10,250,5,10,SSRF-JS,0.6370876752727345,0.04152321235102148
equivalence,dgp2,600,10,400,5,10,RF,0.6335114659287044,0.03966800846506705
equivalence,dgp2,600,10,400,5,10,SSRF-JS,0.6370330896245804,0.04099444982439482
equivalence,dgp2,600,10,600,5,10,RF,0.6317740253130265,0.037938180670254396
equivalence,dgp2,600,10,600,5,10,SSRF-JS,0.6357225063244719,0.03974856383928261
equivalence,dgp2,600,10,5,5,11,RF,0.8034091405490702,0.09436856096500434
equivalence,dgp2,600,10,5,5,11,SSRF-JS,0.7804682085891961,0.07407319251089645
equivalence,dgp2,600,10,10,5,11,RF,0.7846950460906681,0.07083182775429749
equivalence,dgp2,600,10,10,5,11,SSRF-JS,0.771264428918644,0.060523870931082496
equivalence,dgp2,600,10,15,5,11,RF,0.7714501681470401,0.05891896720781343
equivalence,dgp2,600,10,15,5,11,SSRF-JS,0.7610427762409014,0.05190076089214855
equivalence,dgp2,600,10,25,5,11,RF,0.7609278318712461,0.049180097016465606
equivalence,dgp2,600,10,25,5,11,SSRF-JS,0.7531569480581702,0.04504941312894109
equivalence,dgp2,600,10,40,5,11,RF,0.7534585513918901,0.043770334740831876
equivalence,dgp2,600,10,40,5,11,SSRF-JS,0.7488318724518395,0.042247102935170075
equivalence,dgp2,600,10,50,5,11,RF,0.7515641071469588,0.040656535981753845
equivalence,dgp2,600,10,50,5,11,SSRF-JS,0.7476506176596067,0.04012999244549745
equivalence,dgp2,600,10,60,5,11,RF,0.7519623607467362,0.03972422901258791
equivalence,dgp2,600,10,60,5,11,SSRF-JS,0.7484131986491686,0.039984018107469356
equivalence,dgp2,600,10,100,5,11,RF,0.7472234165492594,0.03525444732354674
equivalence,dgp2,600,10,100,5,11,SSRF-JS,0.7455669541312915,0.0371897948975161
equivalence,dgp2,600,10,150,5,11,RF,0.7465811789081084,0.03491403575841842
equivalence,dgp2,600,10,150,5,11,SSRF-JS,0.7451611665505286,0.037020795457163226
equivalence,dgp2,600,10,250,5,11,RF,0.7439727079071375,0.03319084901549488
equivalence,dgp2,600,10,250,5,11,SSRF-JS,0.7434976612755351,0.03603931497380099
equivalence,dgp2,600,10,400,5,11,RF,0.7443051515539816,0.03237936509814329
equivalence,dgp2,600,10,400,5,11,SSRF-JS,0.7437270013972084,0.03544324567373195
equivalence,dgp2,600,10,600,5,11,RF,0.7443825242314998,0.031705086087368925
equivalence,dgp2,600,10,600,5,11,SSRF-JS,0.7438087676691386,0.034975566293459395
equivalence,dgp2,600,10,5,5,12,RF,0.7405667287440504,0.11909261974393784
equivalence,dgp2,600,10,5,5,12,SSRF-JS,0.7084930089038332,0.08592864808698202
equivalence,dgp2,600,10,10,5,12,RF,0.710372741603035,0.09103886959772166
equivalence,dgp2,600,10,10,5,12,SSRF-JS,0.6907401100614718,0.07030321942519692
equivalence,dgp2,600,10,15,5,12,RF,0.6950339566880848,0.07234003721531772
equivalence,dgp2,600,10,15,5,12,SSRF-JS,0.6811768004090122,0.058291064061588266
equivalence,dgp2,600,10,25,5,12,RF,0.6871470620989973,0.06175627657657721
equivalence,dgp2,600,10,25,5,12,SSRF-JS,0.6780350813829853,0.052962692551148036
equivalence,dgp2,600,10,40,5,12,RF,0.6762046108081782,0.052435728679037924
equivalence,dgp2,600,10,40,5,12,SSRF-JS,0.670085787921918,0.04639272083011727
equivalence,dgp2,600,10,50,5,12,RF,0.6758096466124373,0.04993750295176825
equivalence,dgp2,600,10,50,5,12,SSRF-JS,0.6702992989922132,0.04504207026160223
equivalence,dgp2,600,10,60,5,12,RF,0.6765428466425814,0.05022328645034289
equivalence,dgp2,600,10,60,5,12,SSRF-JS,0.6712524317914288,0.045651256157347074
equivalence,dgp2,600,10,100,5,12,RF,0.6770943381507045,0.04911169151338074
equivalence,dgp2,600,10,100,5,12,SSRF-JS,0.6727972009528335,0.0459214661165418
equivalence,dgp2,600,10,150,5,12,RF,0.6759792447650639,0.049062819144171224
equivalence,dgp2,600,10,150,5,12,SSRF-JS,0.6720318700342967,0.04589011595410432
equivalence,dgp2,600,10,250,5,12,RF,0.673820733445179,0.04775415604419883
equivalence,dgp2,600,10,250,5,12,SSRF-JS,0.6708005367887578,0.04533238852192987
equivalence,dgp2,600,10,400,5,12,RF,0.6754057021207183,0.04800730371220385
equivalence,dgp2,600,10,400,5,12,SSRF-JS,0.6721258197028763,0.04563243561512301
equivalence,dgp2,600,10,600,5,12,RF,0.6758313268128363,0.04756632442866163
equivalence,dgp2,600,10,600,5,12,SSRF-JS,0.6724593266765244,0.04526638140512584
equivalence,dgp2,600,10,5,5,13,RF,0.7683470121691129,0.12750433937099984
equivalence,dgp2,600,10,5,5,13,SSRF-JS,0.7325850297081645,0.09134587559988623
equivalence,dgp2,600,10,10,5,13,RF,0.7205745031129502,0.08402124708824635
equivalence,dgp2,600,10,10,5,13,SSRF-JS,0.7009474111084621,0.0634811710760485
equivalence,dgp2,600,10,15,5,13,RF,0.7079836339309944,0.07297027419984312
equivalence,dgp2,600,10,15,5,13,SSRF-JS,0.692730503360737,0.0564011753140162
equivalence,dgp2,600,10,25,5,13,RF,0.6888522742779569,0.05679625201953564
equivalence,dgp2,600,10,25,5,13,SSRF-JS,0.6800024463888865,0.046030525019305345
equivalence,dgp2,600,10,40,5,13,RF,0.68922735004381,0.05141416202176941
equivalence,dgp2,600,10,40,5,13,SSRF-JS,0.6811707257441697,0.04246515199432631
equivalence,dgp2,600,10,50,5,13,RF,0.688245072535164,0.05071407655256842
equivalence,dgp2,600,10,50,5,13,SSRF-JS,0.6808593573889224,0.04238427060957377
equivalence,dgp2,600,10,60,5,13,RF,0.684972691622214,0.049099273903714456
equivalence,dgp2,600,10,60,5,13,SSRF-JS,0.6781242343878837,0.041028701746710756
equivalence,dgp2,600,10,100,5,13,RF,0.6808076147045006,0.04775486826050294
equivalence,dgp2,600,10,100,5,13,SSRF-JS,0.6744797800989716,0.03954475406848084
equivalence,dgp2,600,10,150,5,13,RF,0.6798363921728966,0.047613303919243226
equivalence,dgp2,600,10,150,5,13,SSRF-JS,0.673658578472341,0.03943826422610255
equivalence,dgp2,600,10,250,5,13,RF,0.6804859372888202,0.04836536959099091
equivalence,dgp2,600,10,250,5,13,SSRF-JS,0.6742855580797321,0.04008857980108882
equivalence,dgp2,600,10,400,5,13,RF,0.6798577041118214,0.04807286756165657
equivalence,dgp2,600,10,400,5,13,SSRF-JS,0.6738414375855682,0.03989756814044478
equivalence,dgp2,600,10,600,5,13,RF,0.6790129232401496,0.046957171448967015
equivalence,dgp2,600,10,600,5,13,SSRF-JS,0.6735373357830198,0.039398855083965366
equivalence,dgp2,600,10,5,5,14,RF,0.7292806468789335,0.1099935214625148
equivalence,dgp2,600,10,5,5,14,SSRF-JS,0.7018994017854432,0.08248756318077245
equivalence,dgp2,600,10,10,5,14,RF,0.6800314013051094,0.06559291646464006
equivalence,dgp2,600,10,10,5,14,SSRF-JS,0.6682607981116332,0.052662933145705144
equivalence,dgp2,600,10,15,5,14,RF,0.6632121091982606,0.051799573968421955
equivalence,dgp2,600,10,15,5,14,SSRF-JS,0.6576969664114971,0.04441441597593802
equivalence,dgp2,600,10,25,5,14,RF,0.6606498739190247,0.043182686372505184
equivalence,dgp2,600,10,25,5,14,SSRF-JS,0.6564729729201292,0.038222151592421864
equivalence,dgp2,600,10,40,5,14,RF,0.6575543589428562,0.03893105823554772
equivalence,dgp2,600,10,40,5,14,SSRF-JS,0.6547190894842019,0.03549318467542248
equivalence,dgp2,600,10,50,5,14,RF,0.6559558382991753,0.03537135655278441
equivalence,dgp2,600,10,50,5,14,SSRF-JS,0.6533247549965155,0.03246808187091664
equivalence,dgp2,600,10,60,5,14,RF,0.654699588595707,0.033971870966682916
equivalence,dgp2,600,10,60,5,14,SSRF-JS,0.6528079107834485,0.03174531056724128
equivalence,dgp2,600,10,100,5,14,RF,0.6512777414948017,0.03135407315256913
equivalence,dgp2,600,10,100,5,14,SSRF-JS,0.6499338931963526,0.029481669763328354
equivalence,dgp2,600,10,150,5,14,RF,0.6492761672762646,0.029605278025527877
equivalence,dgp2,600,10,150,5,14,SSRF-JS,0.6486250888247261,0.028345860698594644
equivalence,dgp2,600,10,250,5,14,RF,0.6476670530810323,0.028960734445686333
equivalence,dgp2,600,10,250,5,14,SSRF-JS,0.6474894733914757,0.027987229924091465
equivalence,dgp2,600,10,400,5,14,RF,0.6473808380289,0.028036148254515753
equivalence,dgp2,600,10,400,5,14,SSRF-JS,0.6474253655698209,0.027425890834318328
equivalence,dgp2,600,10,600,5,14,RF,0.6466841458354737,0.02783806288559746
equivalence,dgp2,600,10,600,5,14,SSRF-JS,0.6468704299934739,0.027290910840534317
equivalence,dgp2,600,10,5,5,15,RF,0.9850795026469291,0.1289848522558741
equivalence,dgp2,600,10,5,5,15,SSRF-JS,0.9430333019037697,0.09335796716687579
equivalence,dgp2,600,10,10,5,15,RF,0.9404885055551778,0.07985550661598047
equivalence,dgp2,600,10,10,5,15,SSRF-JS,0.9136313824779595,0.06033099807141507
equivalence,dgp2,600,10,15,5,15,RF,0.9286362612598944,0.06720833644706577
equivalence,dgp2,600,10,15,5,15,SSRF-JS,0.905359830421257,0.05140975978557695
equivalence,dgp2,600,10,25,5,15,RF,0.9237733504415562,0.0613590556933887
equivalence,dgp2,600,10,25,5,15,SSRF-JS,0.9015294896278062,0.046698236765525813
equivalence,dgp2,600,10,40,5,15,RF,0.9114226631185831,0.05448322605645546
equivalence,dgp2,600,10,40,5,15,SSRF-JS,0.892876748611349,0.0423023170880251
equivalence,dgp2,600,10,50,5,15,RF,0.9075321573162952,0.05610168524108109
equivalence,dgp2,600,10,50,5,15,SSRF-JS,0.8896771388634346,0.04359486656177433
equivalence,dgp2,600,10,60,5,15,RF,0.9057804383761334,0.054379744496923864
equivalence,dgp2,600,10,60,5,15,SSRF-JS,0.889121918194538,0.0429195067910775
equivalence,dgp2,600,10,100,5,15,RF,0.9030028573137221,0.054368390968766334
equivalence,dgp2,600,10,100,5,15,SSRF-JS,0.8869109856649273,0.04293478743930573
equivalence,dgp2,600,10,150,5,15,RF,0.9019536399949271,0.05348159952420358
equivalence,dgp2,600,10,150,5,15,SSRF-JS,0.886081108014745,0.04217525085402212
equivalence,dgp2,600,10,250,5,15,RF,0.9017538606920286,0.052543213966060126
equivalence,dgp2,600,10,250,5,15,SSRF-JS,0.8860434160917864,0.04149680628111358
equivalence,dgp2,600,10,400,5,15,RF,0.8997367672339021,0.0505603109918237
equivalence,dgp2,600,10,400,5,15,SSRF-JS,0.8848083018265163,0.0403551898399985
equivalence,dgp2,600,10,600,5,15,RF,0.9007942606596765,0.05108223542881088
equivalence,dgp2,600,10,600,5,15,SSRF-JS,0.8857289136349814,0.040818778304399055
equivalence,dgp2,600,10,5,5,16,RF,0.719710608042554,0.11643054918590538
equivalence,dgp2,600,10,5,5,16,SSRF-JS,0.6845974487415932,0.0843664828527482
equivalence,dgp2,600,10,10,5,16,RF,0.6608958913324313,0.07127606153922723
equivalence,dgp2,600,10,10,5,16,SSRF-JS,0.6452741879055448,0.05593300970342591
equivalence,dgp2,600,10,15,5,16,RF,0.6580542451875959,0.059489465918825514
equivalence,dgp2,600,10,15,5,16,SSRF-JS,0.6446750006911439,0.04847650671397668
equivalence,dgp2,600,10,25,5,16,RF,0.6458571971655853,0.04629463416757462
equivalence,dgp2,600,10,25,5,16,SSRF-JS,0.6380673813106623,0.04111200378147612
equivalence,dgp2,600,10,40,5,16,RF,0.6381526674091845,0.04006922188536663
equivalence,dgp2,600,10,40,5,16,SSRF-JS,0.633470983568737,0.03757710716441479
equivalence,dgp2,600,10,50,5,16,RF,0.6380715057719667,0.03960311728124209
equivalence,dgp2,600,10,50,5,16,SSRF-JS,0.6339851368841459,0.037727420338284336
equivalence,dgp2,600,10,60,5,16,RF,0.6341531452889948,0.03788935186302555
equivalence,dgp2,600,10,60,5,16,SSRF-JS,0.6312316269560363,0.036720756945254805
equivalence,dgp2,600,10,100,5,16,RF,0.6285756397854132,0.03544958434821022
equivalence,dgp2,600,10,100,5,16,SSRF-JS,0.6270093639668343,0.0349118357883888
equivalence,dgp2,600,10,150,5,16,RF,0.6273053305695565,0.03255210446351541
equivalence,dgp2,600,10,150,5,16,SSRF-JS,0.6257950532509308,0.03244335818150641
equivalence,dgp2,600,10,250,5,16,RF,0.6265848075635455,0.031207378955594625
equivalence,dgp2,600,10,250,5,16,SSRF-JS,0.6254045267403502,0.03161757799049177
equivalence,dgp2,600,10,400,5,16,RF,0.6236255537342501,0.030400308612137307
equivalence,dgp2,600,10,400,5,16,SSRF-JS,0.6228099891883441,0.03068058718317
equivalence,dgp2,600,10,600,5,16,RF,0.6231982338451794,0.030487195260983885
equivalence,dgp2,600,10,600,5,16,SSRF-JS,0.622479870491026,0.030757227052597928
equivalence,dgp2,600,10,5,5,17,RF,0.7583092962645948,0.12830628745417716
equivalence,dgp2,600,10,5,5,17,SSRF-JS,0.7272123630529431,0.09473645207169033
equivalence,dgp2,600,10,10,5,17,RF,0.7025024750910397,0.08254864582915475
equivalence,dgp2,600,10,10,5,17,SSRF-JS,0.6881747361293431,0.0640770162854537
equivalence,dgp2,600,10,15,5,17,RF,0.6967871294469787,0.06887358481961169
equivalence,dgp2,600,10,15,5,17,SSRF-JS,0.6844315763436974,0.053893123022105104
equivalence,dgp2,600,10,25,5,17,RF,0.6839961764230411,0.05721341202866363
equivalence,dgp2,600,10,25,5,17,SSRF-JS,0.6751491300396466,0.04542343838717839
equivalence,dgp2,600,10,40,5,17,RF,0.6810154890022458,0.05145480485570609
equivalence,dgp2,600,10,40,5,17,SSRF-JS,0.6737605927758782,0.04175550690275381
equivalence,dgp2,600,10,50,5,17,RF,0.6801189772364923,0.04696424989330798
equivalence,dgp2,600,10,50,5,17,SSRF-JS,0.6733822446841479,0.038502267153176555
equivalence,dgp2,600,10,60,5,17,RF,0.6801700975418554,0.0464363820449699
equivalence,dgp2,600,10,60,5,17,SSRF-JS,0.6734149387058033,0.038108762674516974
equivalence,dgp2,600,10,100,5,17,RF,0.6778198626653411,0.045011439735133385
equivalence,dgp2,600,10,100,5,17,SSRF-JS,0.6718481422691472,0.03707793614024089
equivalence,dgp2,600,10,150,5,17,RF,0.6727461183639087,0.043814074721905884
equivalence,dgp2,600,10,150,5,17,SSRF-JS,0.6683760516260125,0.03677092791859464
equivalence,dgp2,600,10,250,5,17,RF,0.6745489491995323,0.04443266900204221
equivalence,dgp2,600,10,250,5,17,SSRF-JS,0.6700272344016486,0.0374273484359326
equivalence,dgp2,600,10,400,5,17,RF,0.674192026280748,0.04479209705015768
equivalence,dgp2,600,10,400,5,17,SSRF-JS,0.6700062511573776,0.03800345920034777
equivalence,dgp2,600,10,600,5,17,RF,0.673576665843538,0.04418238315573844
equivalence,dgp2,600,10,600,5,17,SSRF-JS,0.6692714075880091,0.0372904385301123
equivalence,dgp2,600,10,5,5,18,RF,0.8497725810483268,0.10463753887381629
equivalence,dgp2,600,10,5,5,18,SSRF-JS,0.8259624358028089,0.08058537931172893
equivalence,dgp2,600,10,10,5,18,RF,0.8059482226624157,0.06509675495036507
equivalence,dgp2,600,10,10,5,18,SSRF-JS,0.7936980336444549,0.05178746781455105
equivalence,dgp2,600,10,15,5,18,RF,0.791911151097782,0.05568001157780965
equivalence,dgp2,600,10,15,5,18,SSRF-JS,0.7838305275847824,0.04563805951543155
equivalence,dgp2,600,10,25,5,18,RF,0.7886978617431466,0.046311394455340105
equivalence,dgp2,600,10,25,5,18,SSRF-JS,0.7830631305013748,0.03989395953277156
equivalence,dgp2,600,10,40,5,18,RF,0.7828521557795918,0.040795787762547095
equivalence,dgp2,600,10,40,5,18,SSRF-JS,0.7800883752574552,0.0371426953103122
equivalence,dgp2,600,10,50,5,18,RF,0.7808549641406063,0.03776789569192309
equivalence,dgp2,600,10,50,5,18,SSRF-JS,0.7793130117799962,0.03552668345489575
equivalence,dgp2,600,10,60,5,18,RF,0.7791570077939232,0.03568577781492322
equivalence,dgp2,600,10,60,5,18,SSRF-JS,0.7777498071104586,0.03371664184754654
equivalence,dgp2,600,10,100,5,18,RF,0.7797775147744879,0.03354868172000014
equivalence,dgp2,600,10,100,5,18,SSRF-JS,0.7791594719035742,0.03288770706293902
equivalence,dgp2,600,10,150,5,18,RF,0.7768428197449235,0.03149456057969195
equivalence,dgp2,600,10,150,5,18,SSRF-JS,0.7764298691344813,0.03086460717017951
equivalence,dgp2,600,10,250,5,18,RF,0.7790186400738782,0.03195936334310792
equivalence,dgp2,600,10,250,5,18,SSRF-JS,0.777846611482556,0.030875205335972912
equivalence,dgp2,600,10,400,5,18,RF,0.7800336979871417,0.0318588257346335
equivalence,dgp2,600,10,400,5,18,SSRF-JS,0.7787518808507592,0.03084209868834341
equivalence,dgp2,600,10,600,5,18,RF,0.7810830229471644,0.031204354202705693
equivalence,dgp2,600,10,600,5,18,SSRF-JS,0.7798701482144321,0.030577767294473878
equivalence,dgp2,600,10,5,5,19,RF,0.8299730926593468,0.1357088989102369
equivalence,dgp2,600,10,5,5,19,SSRF-JS,0.7858628062023117,0.09631337110563112
equivalence,dgp2,600,10,10,5,19,RF,0.7742796399824591,0.07844283878696663
equivalence,dgp2,600,10,10,5,19,SSRF-JS,0.752691217878845,0.06153755969742065
equivalence,dgp2,600,10,15,5,19,RF,0.74938574958018,0.06107444535636631
equivalence,dgp2,600,10,15,5,19,SSRF-JS,0.7355057745279313,0.050223818356179416
equivalence,dgp2,600,10,25,5,19,RF,0.7354302234278486,0.05484113538337571
equivalence,dgp2,600,10,25,5,19,SSRF-JS,0.7254238200683594,0.04571961814802277
equivalence,dgp2,600,10,40,5,19,RF,0.7283242674919902,0.050657958384418576
equivalence,dgp2,600,10,40,5,19,SSRF-JS,0.7203845677582302,0.04297355006862555
equivalence,dgp2,600,10,50,5,19,RF,0.7259072356202717,0.04769907887776323
equivalence,dgp2,600,10,50,5,19,SSRF-JS,0.718561761604109,0.040762032195999734
equivalence,dgp2,600,10,60,5,19,RF,0.7230468088403035,0.04817588818684153
equivalence,dgp2,600,10,60,5,19,SSRF-JS,0.7160838752798262,0.04084305662690292
equivalence,dgp2,600,10,100,5,19,RF,0.7225280708482763,0.045274965870930176
equivalence,dgp2,600,10,100,5,19,SSRF-JS,0.7162159279470779,0.03902742958680248
equivalence,dgp2,600,10,150,5,19,RF,0.7194682350429927,0.04190233121868797
equivalence,dgp2,600,10,150,5,19,SSRF-JS,0.7151166896514665,0.03762158553723751
equivalence,dgp2,600,10,250,5,19,RF,0.716742051637367,0.04059256864296912
equivalence,dgp2,600,10,250,5,19,SSRF-JS,0.7132382300372097,0.03672783349943185
equivalence,dgp2,600,10,400,5,19,RF,0.7172596973040317,0.03941332367549183
equivalence,dgp2,600,10,400,5,19,SSRF-JS,0.7136611023520357,0.03585238393139085
equivalence,dgp2,600,10,600,5,19,RF,0.717383285114045,0.038580053827896844
equivalence,dgp2,600,10,600,5,19,SSRF-JS,0.7139966722525612,0.03545100317191807
equivalence,dgp2,600,10,5,5,20,RF,0.8642176356631126,0.16333270332884228
equivalence,dgp2,600,10,5,5,20,SSRF-JS,0.8003992817841928,0.1135583299890251
equivalence,dgp2,600,10,10,5,20,RF,0.7681766263283064,0.08632410041891277
equivalence,dgp2,600,10,10,5,20,SSRF-JS,0.7415486077061165,0.0683515486372181
equivalence,dgp2,600,10,15,5,20,RF,0.7442251399958082,0.06812988050745913
equivalence,dgp2,600,10,15,5,20,SSRF-JS,0.72621639532634,0.057505597794169354
equivalence,dgp2,600,10,25,5,20,RF,0.7350821775249572,0.05565140363803851
equivalence,dgp2,600,10,25,5,20,SSRF-JS,0.720745364888936,0.049475827571229945
equivalence,dgp2,600,10,40,5,20,RF,0.7199712570636524,0.04614870143991978
equivalence,dgp2,600,10,40,5,20,SSRF-JS,0.7118155062076524,0.04455413622082321
equivalence,dgp2,600,10,50,5,20,RF,0.7141830281177208,0.04419737578639847
equivalence,dgp2,600,10,50,5,20,SSRF-JS,0.7082719859125773,0.043819846846574535
equivalence,dgp2,600,10,60,5,20,RF,0.7100538158422056,0.04240583887248688
equivalence,dgp2,600,10,60,5,20,SSRF-JS,0.7056209333355291,0.042911091959205686
equivalence,dgp2,600,10,100,5,20,RF,0.7074239646243262,0.03831803462911914
equivalence,dgp2,600,10,100,5,20,SSRF-JS,0.704951340211324,0.041118294101513984
equivalence,dgp2,600,10,150,5,20,RF,0.7051512859265882,0.0381130761388744
equivalence,dgp2,600,10,150,5,20,SSRF-JS,0.7032445060817848,0.04102049201623703
equivalence,dgp2,600,10,250,5,20,RF,0.7048555035119993,0.03649147978195378
equivalence,dgp2,600,10,250,5,20,SSRF-JS,0.7037810437394562,0.04059764794517021
equivalence,dgp2,600,10,400,5,20,RF,0.7036545303536623,0.03591276363072356
equivalence,dgp2,600,10,400,5,20,SSRF-JS,0.702738766858038,0.04007153696489083
equivalence,dgp2,600,10,600,5,20,RF,0.7022942427090778,0.03524747471157553
equivalence,dgp2,600,10,600,5,20,SSRF-JS,0.7018569602804464,0.03972077930387616
equivalence,dgp2,600,10,5,5,21,RF,0.998350597701858,0.12183476339637658
equivalence,dgp2,600,10,5,5,21,SSRF-JS,0.9534317756023406,0.0865449492562634
equivalence,dgp2,600,10,10,5,21,RF,0.9511143225417618,0.08603623514427655
equivalence,dgp2,600,10,10,5,21,SSRF-JS,0.9194536648475499,0.06210794804263365
equivalence,dgp2,600,10,15,5,21,RF,0.9328887200172828,0.07706292190137325
equivalence,dgp2,600,10,15,5,21,SSRF-JS,0.9064656003204609,0.05655813708187896
equivalence,dgp2,600,10,25,5,21,RF,0.9136308821192805,0.062350257368983045
equivalence,dgp2,600,10,25,5,21,SSRF-JS,0.8953036192219647,0.04925775773916462
equivalence,dgp2,600,10,40,5,21,RF,0.907985824429604,0.0600884736515102
equivalence,dgp2,600,10,40,5,21,SSRF-JS,0.8910896372451131,0.04767639442204747
equivalence,dgp2,600,10,50,5,21,RF,0.9058821430017446,0.05771217562478168
equivalence,dgp2,600,10,50,5,21,SSRF-JS,0.8895013032025836,0.04585698239664398
equivalence,dgp2,600,10,60,5,21,RF,0.9032516131404814,0.05436243451679515
equivalence,dgp2,600,10,60,5,21,SSRF-JS,0.8872334029537848,0.04297688461805141
equivalence,dgp2,600,10,100,5,21,RF,0.9053753751261419,0.05267611869537519
equivalence,dgp2,600,10,100,5,21,SSRF-JS,0.8897417753633199,0.04256359402098994
equivalence,dgp2,600,10,150,5,21,RF,0.9009757612132341,0.05092013366812553
equivalence,dgp2,600,10,150,5,21,SSRF-JS,0.8865717421802286,0.04149298930785064
equivalence,dgp2,600,10,250,5,21,RF,0.9036506374602479,0.051804732615336906
equivalence,dgp2,600,10,250,5,21,SSRF-JS,0.888122156155318,0.041618011008630246
equivalence,dgp2,600,10,400,5,21,RF,0.9040211896098432,0.05163492829432045
equivalence,dgp2,600,10,400,5,21,SSRF-JS,0.8883445590351873,0.0413742295775592
equivalence,dgp2,600,10,600,5,21,RF,0.9030133032401548,0.051521185576330876
equivalence,dgp2,600,10,600,5,21,SSRF-JS,0.8873719105928267,0.04106689578460891
equivalence,dgp2,600,10,5,5,22,RF,0.8210295147496872,0.15428028693837853
equivalence,dgp2,600,10,5,5,22,SSRF-JS,0.766147051905458,0.10818555557350638
equivalence,dgp2,600,10,10,5,22,RF,0.7627687390484158,0.09937150662797943
equivalence,dgp2,600,10,10,5,22,SSRF-JS,0.7344055220894825,0.07818550308796801
equivalence,dgp2,600,10,15,5,22,RF,0.7339640345676153,0.07325644155453778
equivalence,dgp2,600,10,15,5,22,SSRF-JS,0.7158565276395826,0.061280521540247095
equivalence,dgp2,600,10,25,5,22,RF,0.7225485938331228,0.06818743308122989
equivalence,dgp2,600,10,25,5,22,SSRF-JS,0.7075468676699019,0.058049616916647895
equivalence,dgp2,600,10,40,5,22,RF,0.7105297482175993,0.061656251583454814
equivalence,dgp2,600,10,40,5,22,SSRF-JS,0.7009196917699904,0.0553458694167736
equivalence,dgp2,600,10,50,5,22,RF,0.7073104870414021,0.06014284350991105
equivalence,dgp2,600,10,50,5,22,SSRF-JS,0.6992844710647707,0.0549559745194745
equivalence,dgp2,600,10,60,5,22,RF,0.7068860780019717,0.057024165955586285
equivalence,dgp2,600,10,60,5,22,SSRF-JS,0.6998624226296919,0.05343819122945135
equivalence,dgp2,600,10,100,5,22,RF,0.7022764104362441,0.05285031618412963
equivalence,dgp2,600,10,100,5,22,SSRF-JS,0.6972086412161337,0.050951374525992375
equivalence,dgp2,600,10,150,5,22,RF,0.6998841004011448,0.051939924025170094
equivalence,dgp2,600,10,150,5,22,SSRF-JS,0.6957081822137188,0.05047380828441737
equivalence,dgp2,600,10,250,5,22,RF,0.6972601501822674,0.052689206652192844
equivalence,dgp2,600,10,250,5,22,SSRF-JS,0.6935054666138725,0.05073757818953612
equivalence,dgp2,600,10,400,5,22,RF,0.6954216703562778,0.05249581885122297
equivalence,dgp2,600,10,400,5,22,SSRF-JS,0.692355619325442,0.05083581373430321
equivalence,dgp2,600,10,600,5,22,RF,0.6931470187261263,0.05037056079596848
equivalence,dgp2,600,10,600,5,22,SSRF-JS,0.6909862976907264,0.04953127944881233
equivalence,dgp2,600,10,5,5,23,RF,0.6833687702384487,0.11287617294530874
equivalence,dgp2,600,10,5,5,23,SSRF-JS,0.6575100761841725,0.08642572844678054
equivalence,dgp2,600,10,10,5,23,RF,0.6303558272867634,0.0652637229844315
equivalence,dgp2,600,10,10,5,23,SSRF-JS,0.6187240625349671,0.05201387329566122
equivalence,dgp2,600,10,15,5,23,RF,0.6165449881137854,0.05448319216637824
equivalence,dgp2,600,10,15,5,23,SSRF-JS,0.6096789298470772,0.04533078001298713
equivalence,dgp2,600,10,25,5,23,RF,0.5972269138926595,0.042736764170433504
equivalence,dgp2,600,10,25,5,23,SSRF-JS,0.5965585928081415,0.03809462178617362
equivalence,dgp2,600,10,40,5,23,RF,0.5910223507815069,0.03654330105815142
equivalence,dgp2,600,10,40,5,23,SSRF-JS,0.5923562450268107,0.03403614546944552
equivalence,dgp2,600,10,50,5,23,RF,0.5871005723093151,0.03439142207220693
equivalence,dgp2,600,10,50,5,23,SSRF-JS,0.5891743628335985,0.032308625471388706
equivalence,dgp2,600,10,60,5,23,RF,0.5867591054928789,0.033979744514261244
equivalence,dgp2,600,10,60,5,23,SSRF-JS,0.5891835943823198,0.03231321007425438
equivalence,dgp2,600,10,100,5,23,RF,0.5815845829578034,0.029753993366812285
equivalence,dgp2,600,10,100,5,23,SSRF-JS,0.5854433915305631,0.02934807053800168
equivalence,dgp2,600,10,150,5,23,RF,0.580736171372776,0.02811576831608213
equivalence,dgp2,600,10,150,5,23,SSRF-JS,0.5848523031692725,0.028195544677436846
equivalence,dgp2,600,10,250,5,23,RF,0.5805733780093272,0.02681593568435043
equivalence,dgp2,600,10,250,5,23,SSRF-JS,0.5853440698361151,0.02775175153812452
equivalence,dgp2,600,10,400,5,23,RF,0.579574325699336,0.026567939101429364
equivalence,dgp2,600,10,400,5,23,SSRF-JS,0.5846264274666918,0.027704848625213507
equivalence,dgp2,600,10,600,5,23,RF,0.5802885849933304,0.02610181317808887
equivalence,dgp2,600,10,600,5,23,SSRF-JS,0.5854259810766507,0.027536324964203114
equivalence,dgp2,600,10,5,5,24,RF,0.6973374044850857,0.10140086967255736
equivalence,dgp2,600,10,5,5,24,SSRF-JS,0.6746073148978317,0.07788236418854452
equivalence,dgp2,600,10,10,5,24,RF,0.6718707653986438,0.07251029231299069
equivalence,dgp2,600,10,10,5,24,SSRF-JS,0.66088437548768,0.06125936005692618
equivalence,dgp2,600,10,15,5,24,RF,0.6632852712847547,0.06036321424000702
equivalence,dgp2,600,10,15,5,24,SSRF-JS,0.6542676294668917,0.051841946062749514
equivalence,dgp2,600,10,25,5,24,RF,0.6584431718167916,0.05056219930101608
equivalence,dgp2,600,10,25,5,24,SSRF-JS,0.6521924416397872,0.045825948180027484
equivalence,dgp2,600,10,40,5,24,RF,0.6519738192567698,0.04629726703661709
equivalence,dgp2,600,10,40,5,24,SSRF-JS,0.6480189125698815,0.043424769521576805
equivalence,dgp2,600,10,50,5,24,RF,0.6504888670866873,0.04242262033884506
equivalence,dgp2,600,10,50,5,24,SSRF-JS,0.6474201501311696,0.040975732597388986
equivalence,dgp2,600,10,60,5,24,RF,0.648152285628777,0.04068398860140694
equivalence,dgp2,600,10,60,5,24,SSRF-JS,0.6459062985398322,0.03996308970066125
equivalence,dgp2,600,10,100,5,24,RF,0.6459912101827731,0.03741289989438008
equivalence,dgp2,600,10,100,5,24,SSRF-JS,0.6433106818961233,0.0365074994061897
equivalence,dgp2,600,10,150,5,24,RF,0.6447742236569509,0.03675799571111174
equivalence,dgp2,600,10,150,5,24,SSRF-JS,0.6424748605424131,0.03614566592171075
equivalence,dgp2,600,10,250,5,24,RF,0.6438149960784069,0.03581593660284071
equivalence,dgp2,600,10,250,5,24,SSRF-JS,0.6422160571004758,0.03593467785424707
equivalence,dgp2,600,10,400,5,24,RF,0.641447114912552,0.03568795966602097
equivalence,dgp2,600,10,400,5,24,SSRF-JS,0.6403399123977401,0.03586490257245537
equivalence,dgp2,600,10,600,5,24,RF,0.639722008552352,0.03531057689611582
equivalence,dgp2,600,10,600,5,24,SSRF-JS,0.6390524897388993,0.035609916107565115
equivalence,dgp3,600,10,5,5,0,RF,1.1025821116514936,0.17342123547937377
equivalence,dgp3,600,10,5,5,0,SSRF-JS,1.0400441897596995,0.11685434713516292
equivalence,dgp3,600,10,10,5,0,RF,1.0113423233912657,0.09409701960259796
equivalence,dgp3,600,10,10,5,0,SSRF-JS,0.9882706118840803,0.07318504464012474
equivalence,dgp3,600,10,15,5,0,RF,0.9895629966017095,0.08346344366055777
equivalence,dgp3,600,10,15,5,0,SSRF-JS,0.9744784137560921,0.06734583114672235
equivalence,dgp3,600,10,25,5,0,RF,0.9684652444040782,0.06210481283503098
equivalence,dgp3,600,10,25,5,0,SSRF-JS,0.9614084535001,0.05451143321836031
equivalence,dgp3,600,10,40,5,0,RF,0.9574876027227899,0.05257476896770777
equivalence,dgp3,600,10,40,5,0,SSRF-JS,0.9554210415247926,0.049624429703283394
equivalence,dgp3,600,10,50,5,0,RF,0.9531966614704246,0.05142942480644708
equivalence,dgp3,600,10,50,5,0,SSRF-JS,0.9523151160921125,0.04857009468200553
equivalence,dgp3,600,10,60,5,0,RF,0.9510847295935576,0.04978386012551925
equivalence,dgp3,600,10,60,5,0,SSRF-JS,0.9514699807223691,0.048108542546562556
equivalence,dgp3,600,10,100,5,0,RF,0.9487538916752595,0.048748023097047226
equivalence,dgp3,600,10,100,5,0,SSRF-JS,0.9514643862265109,0.049153653974777514
equivalence,dgp3,600,10,150,5,0,RF,0.9441042374570608,0.04647500384695832
equivalence,dgp3,600,10,150,5,0,SSRF-JS,0.9478098245434661,0.04729064027714717
equivalence,dgp3,600,10,250,5,0,RF,0.9393404233586141,0.04508837976908431
equivalence,dgp3,600,10,250,5,0,SSRF-JS,0.9461980581570585,0.047987587979753644
equivalence,dgp3,600,10,400,5,0,RF,0.9392208708377106,0.043918391270347815
equivalence,dgp3,600,10,400,5,0,SSRF-JS,0.94647287763581,0.04748974623604686
equivalence,dgp3,600,10,600,5,0,RF,0.9374382476479479,0.04377588389924245
equivalence,dgp3,600,10,600,5,0,SSRF-JS,0.9450239874941618,0.04727640386268129
equivalence,dgp3,600,10,5,5,1,RF,1.1233451062826225,0.10613278073689408
equivalence,dgp3,600,10,5,5,1,SSRF-JS,1.1076909376057547,0.08265886147805736
equivalence,dgp3,600,10,10,5,1,RF,1.0874445852049255,0.06978733831440824
equivalence,dgp3,600,10,10,5,1,SSRF-JS,1.0832170120317124,0.058340971370060876
equivalence,dgp3,600,10,15,5,1,RF,1.0794966710661995,0.05842195981565285
equivalence,dgp3,600,10,15,5,1,SSRF-JS,1.0805260322451908,0.05293222916926072
equivalence,dgp3,600,10,25,5,1,RF,1.0739445234961267,0.04607426653927348
equivalence,dgp3,600,10,25,5,1,SSRF-JS,1.0796338596557058,0.046551720767638506
equivalence,dgp3,600,10,40,5,1,RF,1.0668898028124267,0.040946886404473935
equivalence,dgp3,600,10,40,5,1,SSRF-JS,1.0756816593678642,0.044282689071651914
equivalence,dgp3,600,10,50,5,1,RF,1.0618044248357086,0.03873961335018412
equivalence,dgp3,600,10,50,5,1,SSRF-JS,1.0716599526113963,0.042519096572760685
equivalence,dgp3,600,10,60,5,1,RF,1.059203901622493,0.03710255729662107
equivalence,dgp3,600,10,60,5,1,SSRF-JS,1.069239347792414,0.04085099660497391
equivalence,dgp3,600,10,100,5,1,RF,1.0591025667727705,0.035991562241983036
equivalence,dgp3,600,10,100,5,1,SSRF-JS,1.0703438427999514,0.04106461016541126
equivalence,dgp3,600,10,150,5,1,RF,1.0620235760608547,0.03513734102506575
equivalence,dgp3,600,10,150,5,1,SSRF-JS,1.0727919232885699,0.0405368990697312
equivalence,dgp3,600,10,250,5,1,RF,1.0609173871220037,0.033364901623721285
equivalence,dgp3,600,10,250,5,1,SSRF-JS,1.0725275111673416,0.039699322609869615
equivalence,dgp3,600,10,400,5,1,RF,1.0610303372660483,0.033019747253191
equivalence,dgp3,600,10,400,5,1,SSRF-JS,1.0729473003049095,0.039763066875745864
equivalence,dgp3,600,10,600,5,1,RF,1.0619104493089693,0.032971432726101285
equivalence,dgp3,600,10,600,5,1,SSRF-JS,1.073444333598303,0.039549823836791995
equivalence,dgp3,600,10,5,5,2,RF,1.4521104874673783,0.12909558333668364
equivalence,dgp3,600,10,5,5,2,SSRF-JS,1.4332032201103808,0.10968762807294956
equivalence,dgp3,600,10,10,5,2,RF,1.4243275944070302,0.0933833288875956
equivalence,dgp3,600,10,10,5,2,SSRF-JS,1.4179531493401991,0.08761093516104514
equivalence,dgp3,600,10,15,5,2,RF,1.4118367993764225,0.07900202092371228
equivalence,dgp3,600,10,15,5,2,SSRF-JS,1.4103356265590858,0.07856540605609304
equivalence,dgp3,600,10,25,5,2,RF,1.3976595479418459,0.06588337045149385
equivalence,dgp3,600,10,25,5,2,SSRF-JS,1.400411056679474,0.06924558289081101
equivalence,dgp3,600,10,40,5,2,RF,1.384478587309275,0.059014355499317064
equivalence,dgp3,600,10,40,5,2,SSRF-JS,1.3909108208668228,0.06483934867625754
equivalence,dgp3,600,10,50,5,2,RF,1.3764415833993844,0.055657920536452486
equivalence,dgp3,600,10,50,5,2,SSRF-JS,1.3839113899374866,0.061624461294840956
equivalence,dgp3,600,10,60,5,2,RF,1.3767869084163036,0.053284407736692574
equivalence,dgp3,600,10,60,5,2,SSRF-JS,1.3836206062019494,0.059228926941197566
equivalence,dgp3,600,10,100,5,2,RF,1.371692619937084,0.04819323373611661
equivalence,dgp3,600,10,100,5,2,SSRF-JS,1.3796227745986391,0.055231147984818534
equivalence,dgp3,600,10,150,5,2,RF,1.3691755355437847,0.047200077171733884
equivalence,dgp3,600,10,150,5,2,SSRF-JS,1.377542047138601,0.054319719120316357
equivalence,dgp3,600,10,250,5,2,RF,1.372811253538107,0.045890625399698876
equivalence,dgp3,600,10,250,5,2,SSRF-JS,1.3802427165325202,0.05308946567346637
equivalence,dgp3,600,10,400,5,2,RF,1.3717470434175916,0.04575858522075387
equivalence,dgp3,600,10,400,5,2,SSRF-JS,1.3796580643201974,0.053277766211361835
equivalence,dgp3,600,10,600,5,2,RF,1.371417028904456,0.04465902164229874
equivalence,dgp3,600,10,600,5,2,SSRF-JS,1.3791985972262153,0.05223354807361767
equivalence,dgp3,600,10,5,5,3,RF,1.145306368477442,0.12333884159297115
equivalence,dgp3,600,10,5,5,3,SSRF-JS,1.1227244361046278,0.09448349091871605
equivalence,dgp3,600,10,10,5,3,RF,1.1021315486845626,0.07386443197686028
equivalence,dgp3,600,10,10,5,3,SSRF-JS,1.0967607002463091,0.06406326795057672
equivalence,dgp3,600,10,15,5,3,RF,1.0886704126872428,0.06270041609211402
equivalence,dgp3,600,10,15,5,3,SSRF-JS,1.0883895461179862,0.05729051113213503
equivalence,dgp3,600,10,25,5,3,RF,1.081433366585482,0.05505180671515346
equivalence,dgp3,600,10,25,5,3,SSRF-JS,1.0843525308106898,0.05274974679441387
equivalence,dgp3,600,10,40,5,3,RF,1.0743574692124138,0.04794883215835269
equivalence,dgp3,600,10,40,5,3,SSRF-JS,1.0813623856086878,0.04974921899986747
equivalence,dgp3,600,10,50,5,3,RF,1.0727534034898145,0.04658061622360501
equivalence,dgp3,600,10,50,5,3,SSRF-JS,1.0812067671305852,0.04973851690540503
equivalence,dgp3,600,10,60,5,3,RF,1.067499866983655,0.042696822440113774
equivalence,dgp3,600,10,60,5,3,SSRF-JS,1.0773671526997355,0.047001100415358606
equivalence,dgp3,600,10,100,5,3,RF,1.0621925797900877,0.037783402547261764
equivalence,dgp3,600,10,100,5,3,SSRF-JS,1.0731444450075605,0.04305910241568734
equivalence,dgp3,600,10,150,5,3,RF,1.0613393795983808,0.036072942190059354
equivalence,dgp3,600,10,150,5,3,SSRF-JS,1.072865022579149,0.04206972610271964
equivalence,dgp3,600,10,250,5,3,RF,1.0594320971972069,0.034100125141525536
equivalence,dgp3,600,10,250,5,3,SSRF-JS,1.0711059903190938,0.040212945265823995
equivalence,dgp3,600,10,400,5,3,RF,1.0596858335818924,0.03335137557444957
equivalence,dgp3,600,10,400,5,3,SSRF-JS,1.07177502724559,0.04013711837469221
equivalence,dgp3,600,10,600,5,3,RF,1.0606395877439527,0.03309750961695378
equivalence,dgp3,600,10,600,5,3,SSRF-JS,1.072583845089034,0.039963190024112014
equivalence,dgp3,600,10,5,5,4,RF,1.511614664482591,0.15153129894584802
equivalence,dgp3,600,10,5,5,4,SSRF-JS,1.480614643397276,0.12576462578262215
equivalence,dgp3,600,10,10,5,4,RF,1.4464106220306057,0.09543365161139258
equivalence,dgp3,600,10,10,5,4,SSRF-JS,1.4329682657491942,0.08606726327359973
equivalence,dgp3,600,10,15,5,4,RF,1.4136589239432311,0.07989256497863799
equivalence,dgp3,600,10,15,5,4,SSRF-JS,1.411784189144869,0.07846617498590244
equivalence,dgp3,600,10,25,5,4,RF,1.3876936354818155,0.06405958617893137
equivalence,dgp3,600,10,25,5,4,SSRF-JS,1.3915826429159595,0.06664224255949606
equivalence,dgp3,600,10,40,5,4,RF,1.3825130460847632,0.0556975375909331
equivalence,dgp3,600,10,40,5,4,SSRF-JS,1.3877038813716123,0.060350148154225146
equivalence,dgp3,600,10,50,5,4,RF,1.3779273412485566,0.05397930602324859
equivalence,dgp3,600,10,50,5,4,SSRF-JS,1.384284531302263,0.059402357542703205
equivalence,dgp3,600,10,60,5,4,RF,1.373714890953365,0.050949673235878484
equivalence,dgp3,600,10,60,5,4,SSRF-JS,1.3809762253689597,0.05709321140242982
equivalence,dgp3,600,10,100,5,4,RF,1.371420901992407,0.04956532829319938
equivalence,dgp3,600,10,100,5,4,SSRF-JS,1.3797194107214739,0.05667791025408764
equivalence,dgp3,600,10,150,5,4,RF,1.3725047646380863,0.048339822146509295
equivalence,dgp3,600,10,150,5,4,SSRF-JS,1.3807431477271106,0.05578748081969422
equivalence,dgp3,600,10,250,5,4,RF,1.3719949034179428,0.04612977233285916
equivalence,dgp3,600,10,250,5,4,SSRF-JS,1.3795670344812698,0.053232794048726266
equivalence,dgp3,600,10,400,5,4,RF,1.3703315602800228,0.044659094865209026
equivalence,dgp3,600,10,400,5,4,SSRF-JS,1.3784307881397362,0.05228002203310608
equivalence,dgp3,600,10,600,5,4,RF,1.3699646713644027,0.04456011309542356
equivalence,dgp3,600,10,600,5,4,SSRF-JS,1.378176239761219,0.05218932800985897
equivalence,dgp3,600,10,5,5,5,RF,1.372116301777587,0.23313723078527687
equivalence,dgp3,600,10,5,5,5,SSRF-JS,1.2702475212156386,0.14336626449442205
equivalence,dgp3,600,10,10,5,5,RF,1.2995316311568328,0.1535575377207345
equivalence,dgp3,600,10,10,5,5,SSRF-JS,1.2267466605044177,0.09849655907249644
equivalence,dgp3,600,10,15,5,5,RF,1.2625405404274934,0.12828099401194823
equivalence,dgp3,600,10,15,5,5,SSRF-JS,1.2022813893027533,0.08315718951354178
equivalence,dgp3,600,10,25,5,5,RF,1.2366726841665647,0.09790989105122588
equivalence,dgp3,600,10,25,5,5,SSRF-JS,1.1948695775443419,0.073184751258929
equivalence,dgp3,600,10,40,5,5,RF,1.2080622288034213,0.0803572141702493
equivalence,dgp3,600,10,40,5,5,SSRF-JS,1.1842359653273995,0.06965828740949533
equivalence,dgp3,600,10,50,5,5,RF,1.2064615717895049,0.0769333112847745
equivalence,dgp3,600,10,50,5,5,SSRF-JS,1.184058659829991,0.06911997925730197
equivalence,dgp3,600,10,60,5,5,RF,1.1988683096638437,0.07262690598300955
equivalence,dgp3,600,10,60,5,5,SSRF-JS,1.1805820973072387,0.0677975731735482
equivalence,dgp3,600,10,100,5,5,RF,1.1867744095530657,0.06860488126770169
equivalence,dgp3,600,10,100,5,5,SSRF-JS,1.175572453738981,0.068452041880531
equivalence,dgp3,600,10,150,5,5,RF,1.1807374494793776,0.06714529841959166
equivalence,dgp3,600,10,150,5,5,SSRF-JS,1.1723729107743193,0.06864327841981185
equivalence,dgp3,600,10,250,5,5,RF,1.1820068554754841,0.06384899295819176
equivalence,dgp3,600,10,250,5,5,SSRF-JS,1.1740957738077187,0.06727594632181395
equivalence,dgp3,600,10,400,5,5,RF,1.1799310370472347,0.06153364773056905
equivalence,dgp3,600,10,400,5,5,SSRF-JS,1.1735160935106026,0.06672384272554231
equivalence,dgp3,600,10,600,5,5,RF,1.179742840127393,0.061360105975637506
equivalence,dgp3,600,10,600,5,5,SSRF-JS,1.1726370487981557,0.06581059838740856
equivalence,dgp3,600,10,5,5,6,RF,1.0358855032013,0.17945163799349878
equivalence,dgp3,600,10,5,5,6,SSRF-JS,0.9756365267892049,0.12403361190918713
equivalence,dgp3,600,10,10,5,6,RF,0.9686548627205709,0.12265072752184758
equivalence,dgp3,600,10,10,5,6,SSRF-JS,0.9349361965706205,0.0916410576099061
equivalence,dgp3,600,10,15,5,6,RF,0.9322022203573309,0.0894123659643008
equivalence,dgp3,600,10,15,5,6,SSRF-JS,0.9100924464537937,0.0692407940580305
equivalence,dgp3,600,10,25,5,6,RF,0.9052356508477405,0.07120681601026599
equivalence,dgp3,600,10,25,5,6,SSRF-JS,0.8907243514234258,0.055997893482614025
equivalence,dgp3,600,10,40,5,6,RF,0.886991124197734,0.060485688542236286
equivalence,dgp3,600,10,40,5,6,SSRF-JS,0.8809924321741388,0.05185663404118159
equivalence,dgp3,600,10,50,5,6,RF,0.8861160080845615,0.05797995424390858
equivalence,dgp3,600,10,50,5,6,SSRF-JS,0.8797318799684258,0.049355491836533844
equivalence,dgp3,600,10,60,5,6,RF,0.886460982483459,0.05693196292546004
equivalence,dgp3,600,10,60,5,6,SSRF-JS,0.8798354012459407,0.048362853114124915
equivalence,dgp3,600,10,100,5,6,RF,0.8840732788370415,0.049789414863178345
equivalence,dgp3,600,10,100,5,6,SSRF-JS,0.8799561404155601,0.044942300389434336
equivalence,dgp3,600,10,150,5,6,RF,0.8815239094644141,0.04786326243107343
equivalence,dgp3,600,10,150,5,6,SSRF-JS,0.8783828993213595,0.043957418814090404
equivalence,dgp3,600,10,250,5,6,RF,0.8812148822958211,0.04545068904235914
equivalence,dgp3,600,10,250,5,6,SSRF-JS,0.878722833139675,0.04278713135461343
equivalence,dgp3,600,10,400,5,6,RF,0.8800754088402909,0.04325280994145503
equivalence,dgp3,600,10,400,5,6,SSRF-JS,0.8786411841438864,0.041911737530304596
equivalence,dgp3,600,10,600,5,6,RF,0.8802269202797458,0.04259635006291543
equivalence,dgp3,600,10,600,5,6,SSRF-JS,0.8794355032842276,0.04214934151555385
equivalence,dgp3,600,10,5,5,7,RF,1.0013702633789416,0.1951792828408789
equivalence,dgp3,600,10,5,5,7,SSRF-JS,0.9363955434591118,0.12389893289709407
equivalence,dgp3,600,10,10,5,7,RF,0.9404593291530178,0.12130098623362191
equivalence,dgp3,600,10,10,5,7,SSRF-JS,0.9082151005655569,0.08516352678886405
equivalence,dgp3,600,10,15,5,7,RF,0.9163293139694751,0.09491537702252374
equivalence,dgp3,600,10,15,5,7,SSRF-JS,0.8962835331706257,0.0714993733660334
equivalence,dgp3,600,10,25,5,7,RF,0.8951891208560834,0.0752768807236208
equivalence,dgp3,600,10,25,5,7,SSRF-JS,0.8842126548325447,0.06029473514544797
equivalence,dgp3,600,10,40,5,7,RF,0.8881036490259807,0.06383802204431008
equivalence,dgp3,600,10,40,5,7,SSRF-JS,0.8808272912446672,0.05377295115458628
equivalence,dgp3,600,10,50,5,7,RF,0.8920191712696224,0.05961948528027577
equivalence,dgp3,600,10,50,5,7,SSRF-JS,0.8845838846245936,0.05133979211784132
equivalence,dgp3,600,10,60,5,7,RF,0.8918560534347216,0.057353646503954754
equivalence,dgp3,600,10,60,5,7,SSRF-JS,0.8843523964336173,0.049525130486236836
equivalence,dgp3,600,10,100,5,7,RF,0.8857972723913373,0.05140004637626487
equivalence,dgp3,600,10,100,5,7,SSRF-JS,0.8812363472928076,0.04642873252944465
equivalence,dgp3,600,10,150,5,7,RF,0.8793405223599624,0.047930707890055366
equivalence,dgp3,600,10,150,5,7,SSRF-JS,0.8772355987189254,0.044550462652140806
equivalence,dgp3,600,10,250,5,7,RF,0.878312375315335,0.04446107267111546
equivalence,dgp3,600,10,250,5,7,SSRF-JS,0.8769254192674388,0.042418900779397486
equivalence,dgp3,600,10,400,5,7,RF,0.8792893716513045,0.043510614674115024
equivalence,dgp3,600,10,400,5,7,SSRF-JS,0.8773588486243679,0.04140772362077308
equivalence,dgp3,600,10,600,5,7,RF,0.8796558523570827,0.04350768754429956
equivalence,dgp3,600,10,600,5,7,SSRF-JS,0.8772148890025904,0.04098593261019443
equivalence,dgp3,600,10,5,5,8,RF,0.8919542972008739,0.13924428673494693
equivalence,dgp3,600,10,5,5,8,SSRF-JS,0.8544273569547582,0.10015371580708457
equivalence,dgp3,600,10,10,5,8,RF,0.8599260625306466,0.09343228299956086
equivalence,dgp3,600,10,10,5,8,SSRF-JS,0.8384330237993142,0.07353649284462574
equivalence,dgp3,600,10,15,5,8,RF,0.8561887219297593,0.08854962571928496
equivalence,dgp3,600,10,15,5,8,SSRF-JS,0.8379212530287701,0.07241000158356527
equivalence,dgp3,600,10,25,5,8,RF,0.8305694492092589,0.07093308038492784
equivalence,dgp3,600,10,25,5,8,SSRF-JS,0.8201555615437593,0.06070227088313895
equivalence,dgp3,600,10,40,5,8,RF,0.8217054081941266,0.06064785822156619
equivalence,dgp3,600,10,40,5,8,SSRF-JS,0.8152139173584583,0.05454019333417559
equivalence,dgp3,600,10,50,5,8,RF,0.8240991141847286,0.058143630066991935
equivalence,dgp3,600,10,50,5,8,SSRF-JS,0.817301571832919,0.052945258177013156
equivalence,dgp3,600,10,60,5,8,RF,0.8208166425383113,0.055417785799171955
equivalence,dgp3,600,10,60,5,8,SSRF-JS,0.8156047268966667,0.05173568843100338
equivalence,dgp3,600,10,100,5,8,RF,0.8145365861648791,0.05032880555302951
equivalence,dgp3,600,10,100,5,8,SSRF-JS,0.8119944456092921,0.04897358018051242
equivalence,dgp3,600,10,150,5,8,RF,0.8110843017474829,0.04702411149348025
equivalence,dgp3,600,10,150,5,8,SSRF-JS,0.8096132555765867,0.046721973450434044
equivalence,dgp3,600,10,250,5,8,RF,0.8085465103259586,0.045183420097153856
equivalence,dgp3,600,10,250,5,8,SSRF-JS,0.8080679932283235,0.045730297926415406
equivalence,dgp3,600,10,400,5,8,RF,0.8085088245023841,0.04480287387720736
equivalence,dgp3,600,10,400,5,8,SSRF-JS,0.8078922973025316,0.04533899387004561
equivalence,dgp3,600,10,600,5,8,RF,0.8080502858508336,0.04384390760664967
equivalence,dgp3,600,10,600,5,8,SSRF-JS,0.807382020400647,0.04443912767659111
equivalence,dgp3,600,10,5,5,9,RF,0.9113416680937656,0.14926953014582553
equivalence,dgp3,600,10,5,5,9,SSRF-JS,0.8720181133755182,0.11108093706502603
equivalence,dgp3,600,10,10,5,9,RF,0.8540275983753028,0.09424687705398783
equivalence,dgp3,600,10,10,5,9,SSRF-JS,0.8354802069202989,0.07691925761347722
equivalence,dgp3,600,10,15,5,9,RF,0.8440381040966421,0.08187364448460685
equivalence,dgp3,600,10,15,5,9,SSRF-JS,0.8324953157671532,0.07164123553070349
equivalence,dgp3,600,10,25,5,9,RF,0.8321116110225996,0.0702213527108824
equivalence,dgp3,600,10,25,5,9,SSRF-JS,0.8239218340058801,0.06292380767697993
equivalence,dgp3,600,10,40,5,9,RF,0.8239324973777743,0.06158053705590625
equivalence,dgp3,600,10,40,5,9,SSRF-JS,0.8175020297498301,0.05613649785806069
equivalence,dgp3,600,10,50,5,9,RF,0.8187429405978056,0.057077187718569726
equivalence,dgp3,600,10,50,5,9,SSRF-JS,0.8137616498547924,0.05299019329497444
equivalence,dgp3,600,10,60,5,9,RF,0.8186515611352596,0.056292645168177204
equivalence,dgp3,600,10,60,5,9,SSRF-JS,0.8133578852556889,0.05208598018734953
equivalence,dgp3,600,10,100,5,9,RF,0.809504711709527,0.04979772482643703
equivalence,dgp3,600,10,100,5,9,SSRF-JS,0.8082365599727916,0.049008832726574574
equivalence,dgp3,600,10,150,5,9,RF,0.8080460659536469,0.04738111633166643
equivalence,dgp3,600,10,150,5,9,SSRF-JS,0.8073987080929018,0.04744987547547038
equivalence,dgp3,600,10,250,5,9,RF,0.8069704107401365,0.04658848850010695
equivalence,dgp3,600,10,250,5,9,SSRF-JS,0.8062765783436774,0.0464144820912991
equivalence,dgp3,600,10,400,5,9,RF,0.8066487595519966,0.04580710253668851
equivalence,dgp3,600,10,400,5,9,SSRF-JS,0.8065874416163995,0.04632639589728706
equivalence,dgp3,600,10,600,5,9,RF,0.8055103393309397,0.04514581627047067
equivalence,dgp3,600,10,600,5,9,SSRF-JS,0.8063361436042719,0.046438718302468665
equivalence,dgp3,600,10,5,5,10,RF,1.153022701193211,0.14562250260807344
equivalence,dgp3,600,10,5,5,10,SSRF-JS,1.109769033556195,0.10099560774019452
equivalence,dgp3,600,10,10,5,10,RF,1.1255908335208806,0.12546950473227997
equivalence,dgp3,600,10,10,5,10,SSRF-JS,1.1007485375773713,0.09642175166628836
equivalence,dgp3,600,10,15,5,10,RF,1.11012772233514,0.100377686165464
equivalence,dgp3,600,10,15,5,10,SSRF-JS,1.0923342781505065,0.08100365451340057
equivalence,dgp3,600,10,25,5,10,RF,1.092025183070091,0.0793903734082063
equivalence,dgp3,600,10,25,5,10,SSRF-JS,1.0797793104771822,0.0670270505896158
equivalence,dgp3,600,10,40,5,10,RF,1.0786908647300284,0.06142920635846671
equivalence,dgp3,600,10,40,5,10,SSRF-JS,1.0688157692355569,0.05240663505840121
equivalence,dgp3,600,10,50,5,10,RF,1.0718700538112726,0.05575820609505958
equivalence,dgp3,600,10,50,5,10,SSRF-JS,1.064993533381497,0.0494732210687478
equivalence,dgp3,600,10,60,5,10,RF,1.0661069559551295,0.056155460242974
equivalence,dgp3,600,10,60,5,10,SSRF-JS,1.0613264419019925,0.050664790199040244
equivalence,dgp3,600,10,100,5,10,RF,1.0614937782290368,0.05083128522720938
equivalence,dgp3,600,10,100,5,10,SSRF-JS,1.058879655976408,0.047927367350142656
equivalence,dgp3,600,10,150,5,10,RF,1.0605154494318532,0.05136139407683734
equivalence,dgp3,600,10,150,5,10,SSRF-JS,1.0576430713185014,0.047768096439845066
equivalence,dgp3,600,10,250,5,10,RF,1.0589146226712218,0.048332192080918976
equivalence,dgp3,600,10,250,5,10,SSRF-JS,1.056985002469343,0.04611193034621834
equivalence,dgp3,600,10,400,5,10,RF,1.0570440653486246,0.04634627230193943
equivalence,dgp3,600,10,400,5,10,SSRF-JS,1.0561889453423756,0.04518971556091547
equivalence,dgp3,600,10,600,5,10,RF,1.057559548777788,0.046784176988266694
equivalence,dgp3,600,10,600,5,10,SSRF-JS,1.0566361746763948,0.045646137027220327
equivalence,dgp3,600,10,5,5,11,RF,1.2851756833489252,0.18274511768708682
equivalence,dgp3,600,10,5,5,11,SSRF-JS,1.211875774286263,0.11486023390867114
equivalence,dgp3,600,10,10,5,11,RF,1.2590769399684318,0.14497582528113098
equivalence,dgp3,600,10,10,5,11,SSRF-JS,1.2053111029453367,0.10079534524425643
equivalence,dgp3,600,10,15,5,11,RF,1.2202179008977145,0.11544899509126952
equivalence,dgp3,600,10,15,5,11,SSRF-JS,1.1870282823129827,0.0874893038625914
equivalence,dgp3,600,10,25,5,11,RF,1.2022815042166033,0.08872890104992738
equivalence,dgp3,600,10,25,5,11,SSRF-JS,1.1818488234134716,0.07760513524654822
equivalence,dgp3,600,10,40,5,11,RF,1.1888243386974848,0.07716748560075413
equivalence,dgp3,600,10,40,5,11,SSRF-JS,1.177684398360612,0.07482829751146239
equivalence,dgp3,600,10,50,5,11,RF,1.1875309395619456,0.07736801862271638
equivalence,dgp3,600,10,50,5,11,SSRF-JS,1.1777829835823097,0.07608106002872195
equivalence,dgp3,600,10,60,5,11,RF,1.1833494627338503,0.07354779315834412
equivalence,dgp3,600,10,60,5,11,SSRF-JS,1.1748252637550902,0.07364994005565716
equivalence,dgp3,600,10,100,5,11,RF,1.1878687476889802,0.07155342930857524
equivalence,dgp3,600,10,100,5,11,SSRF-JS,1.176811422459266,0.0721325505150519
equivalence,dgp3,600,10,150,5,11,RF,1.186543779309244,0.06783115883217614
equivalence,dgp3,600,10,150,5,11,SSRF-JS,1.1754647816517134,0.06862859651478082
equivalence,dgp3,600,10,250,5,11,RF,1.1832222129287815,0.06418665990206428
equivalence,dgp3,600,10,250,5,11,SSRF-JS,1.1746314468787293,0.06757636277908721
equivalence,dgp3,600,10,400,5,11,RF,1.184311087344967,0.06555257366107414
equivalence,dgp3,600,10,400,5,11,SSRF-JS,1.1750364017775756,0.0679983601525622
equivalence,dgp3,600,10,600,5,11,RF,1.1830451667171527,0.0646767253636319
equivalence,dgp3,600,10,600,5,11,SSRF-JS,1.174194576996271,0.06748071239887113
equivalence,dgp3,600,10,5,5,12,RF,1.2268651465965228,0.2589137656813802
equivalence,dgp3,600,10,5,5,12,SSRF-JS,1.125839690679404,0.15506041140380128
equivalence,dgp3,600,10,10,5,12,RF,1.121610180148168,0.14821157564961573
equivalence,dgp3,600,10,10,5,12,SSRF-JS,1.074604799812728,0.1018679742441681
equivalence,dgp3,600,10,15,5,12,RF,1.0899259456674775,0.10366291654384692
equivalence,dgp3,600,10,15,5,12,SSRF-JS,1.0629700896048022,0.08131149116929062
equivalence,dgp3,600,10,25,5,12,RF,1.0766878022080306,0.08470093045795839
equivalence,dgp3,600,10,25,5,12,SSRF-JS,1.057648049306625,0.07174910022897164
equivalence,dgp3,600,10,40,5,12,RF,1.0553137260217598,0.07290495421782217
equivalence,dgp3,600,10,40,5,12,SSRF-JS,1.043897560067924,0.06470884825854198
equivalence,dgp3,600,10,50,5,12,RF,1.0509215410948163,0.06735909786591289
equivalence,dgp3,600,10,50,5,12,SSRF-JS,1.04244679705077,0.06238322146245748
equivalence,dgp3,600,10,60,5,12,RF,1.0536918873587469,0.06952708366819943
equivalence,dgp3,600,10,60,5,12,SSRF-JS,1.0445873164707797,0.06420540410831493
equivalence,dgp3,600,10,100,5,12,RF,1.0481222710781595,0.05926879207597098
equivalence,dgp3,600,10,100,5,12,SSRF-JS,1.0423832983046948,0.058878784246426126
equivalence,dgp3,600,10,150,5,12,RF,1.0509574330874092,0.058798915575897295
equivalence,dgp3,600,10,150,5,12,SSRF-JS,1.0452983535331775,0.05922898043813323
equivalence,dgp3,600,10,250,5,12,RF,1.0488217269518403,0.05893425565633317
equivalence,dgp3,600,10,250,5,12,SSRF-JS,1.044869531463965,0.06022497273358682
equivalence,dgp3,600,10,400,5,12,RF,1.043415272684793,0.058412483133294814
equivalence,dgp3,600,10,400,5,12,SSRF-JS,1.0409050465688696,0.059767770251642975
equivalence,dgp3,600,10,600,5,12,RF,1.040314944187221,0.0570508687176383
equivalence,dgp3,600,10,600,5,12,SSRF-JS,1.039677983770777,0.05970831180271507
equivalence,dgp3,600,10,5,5,13,RF,1.2958923668879194,0.1311785098176314
equivalence,dgp3,600,10,5,5,13,SSRF-JS,1.2561244760958776,0.10298098287761301
equivalence,dgp3,600,10,10,5,13,RF,1.2301739434728813,0.08724438911267066
equivalence,dgp3,600,10,10,5,13,SSRF-JS,1.2121106681462412,0.07538614183794227
equivalence,dgp3,600,10,15,5,13,RF,1.2137723153124174,0.06443934118166096
equivalence,dgp3,600,10,15,5,13,SSRF-JS,1.2002583782697367,0.058450145144941304
equivalence,dgp3,600,10,25,5,13,RF,1.198754008265999,0.049618557823858725
equivalence,dgp3,600,10,25,5,13,SSRF-JS,1.192191148343432,0.05086288844136523
equivalence,dgp3,600,10,40,5,13,RF,1.1871400602806927,0.04265292798148152
equivalence,dgp3,600,10,40,5,13,SSRF-JS,1.1839893135449673,0.04649712939943033
equivalence,dgp3,600,10,50,5,13,RF,1.1801588023080574,0.03916983231174964
equivalence,dgp3,600,10,50,5,13,SSRF-JS,1.1782925152181143,0.04355214145109723
equivalence,dgp3,600,10,60,5,13,RF,1.180034539732113,0.03673972847710581
equivalence,dgp3,600,10,60,5,13,SSRF-JS,1.1780460247386713,0.041433970631983716
equivalence,dgp3,600,10,100,5,13,RF,1.1727705189049256,0.03577977706717168
equivalence,dgp3,600,10,100,5,13,SSRF-JS,1.1718588853913932,0.04026369162305156
equivalence,dgp3,600,10,150,5,13,RF,1.172361715681978,0.035165825569185384
equivalence,dgp3,600,10,150,5,13,SSRF-JS,1.1708370541742346,0.03899442934250606
equivalence,dgp3,600,10,250,5,13,RF,1.173374829767112,0.03391160873648639
equivalence,dgp3,600,10,250,5,13,SSRF-JS,1.171574537155189,0.038006978731829726
equivalence,dgp3,600,10,400,5,13,RF,1.172262038015274,0.03424325163211237
equivalence,dgp3,600,10,400,5,13,SSRF-JS,1.1709785343601358,0.038550719847201764
equivalence,dgp3,600,10,600,5,13,RF,1.1726004649497546,0.033635927530538186
equivalence,dgp3,600,10,600,5,13,SSRF-JS,1.1714056560031227,0.038308568654335615
equivalence,dgp3,600,10,5,5,14,RF,0.8743602822604083,0.1341433638365676
equivalence,dgp3,600,10,5,5,14,SSRF-JS,0.8474173911439666,0.10265709328756602
equivalence,dgp3,600,10,10,5,14,RF,0.8528118485655037,0.09925704851853505
equivalence,dgp3,600,10,10,5,14,SSRF-JS,0.835752736502487,0.08076189005498635
equivalence,dgp3,600,10,15,5,14,RF,0.8340211015417007,0.07673775598694277
equivalence,dgp3,600,10,15,5,14,SSRF-JS,0.8229623092871928,0.06542462065725509
equivalence,dgp3,600,10,25,5,14,RF,0.8151737793811635,0.058621734378012755
equivalence,dgp3,600,10,25,5,14,SSRF-JS,0.8107365943732223,0.05391577948565693
equivalence,dgp3,600,10,40,5,14,RF,0.8120292615486975,0.053883191511148065
equivalence,dgp3,600,10,40,5,14,SSRF-JS,0.8102357107827322,0.0521337081455102
equivalence,dgp3,600,10,50,5,14,RF,0.8105577091031475,0.05243753723322118
equivalence,dgp3,600,10,50,5,14,SSRF-JS,0.8094731947044531,0.051350634641351825
equivalence,dgp3,600,10,60,5,14,RF,0.8118052071345098,0.049126781585023024
equivalence,dgp3,600,10,60,5,14,SSRF-JS,0.8099509971581171,0.0482849805550064
equivalence,dgp3,600,10,100,5,14,RF,0.8103124658867724,0.04868590568882839
equivalence,dgp3,600,10,100,5,14,SSRF-JS,0.8075829125306411,0.04680880961840255
equivalence,dgp3,600,10,150,5,14,RF,0.8052428075297504,0.04479826281220344
equivalence,dgp3,600,10,150,5,14,SSRF-JS,0.8045288017459747,0.04458060729244914
equivalence,dgp3,600,10,250,5,14,RF,0.8048280741170453,0.04338172743284822
equivalence,dgp3,600,10,250,5,14,SSRF-JS,0.8047242380616186,0.04400451860557464
equivalence,dgp3,600,10,400,5,14,RF,0.8022949363144589,0.04236636191065474
equivalence,dgp3,600,10,400,5,14,SSRF-JS,0.8030376833332002,0.04347289947452078
equivalence,dgp3,600,10,600,5,14,RF,0.8036166781284555,0.042345306377042806
equivalence,dgp3,600,10,600,5,14,SSRF-JS,0.8045986230707737,0.04402407746122928
equivalence,dgp3,600,10,5,5,15,RF,0.9728423200922078,0.14337972202991264
equivalence,dgp3,600,10,5,5,15,SSRF-JS,0.9512609224338642,0.11649925630643285
equivalence,dgp3,600,10,10,5,15,RF,0.9421341386347131,0.09635366539221502
equivalence,dgp3,600,10,10,5,15,SSRF-JS,0.9345728508558221,0.08772836727947894
equivalence,dgp3,600,10,15,5,15,RF,0.9305062976971507,0.08048290435783469
equivalence,dgp3,600,10,15,5,15,SSRF-JS,0.9282019145463352,0.0780168498438586
equivalence,dgp3,600,10,25,5,15,RF,0.9201519002974495,0.06625184541347585
equivalence,dgp3,600,10,25,5,15,SSRF-JS,0.9250137782563187,0.072046783633036
equivalence,dgp3,600,10,40,5,15,RF,0.9145656979152132,0.05572722580617293
equivalence,dgp3,600,10,40,5,15,SSRF-JS,0.9219944830909977,0.06514858845731737
equivalence,dgp3,600,10,50,5,15,RF,0.9110503859044141,0.05261654551065864
equivalence,dgp3,600,10,50,5,15,SSRF-JS,0.9200381520446141,0.06341910748703049
equivalence,dgp3,600,10,60,5,15,RF,0.9109508314800554,0.052107927559926895
equivalence,dgp3,600,10,60,5,15,SSRF-JS,0.9205839689879346,0.06363951088346384
equivalence,dgp3,600,10,100,5,15,RF,0.9070036301039833,0.04878603752344673
equivalence,dgp3,600,10,100,5,15,SSRF-JS,0.9175736935556624,0.061111244010050594
equivalence,dgp3,600,10,150,5,15,RF,0.902141701883262,0.04797793938862868
equivalence,dgp3,600,10,150,5,15,SSRF-JS,0.9147351677228276,0.06136936806484992
equivalence,dgp3,600,10,250,5,15,RF,0.8995998727229034,0.044656212514525034
equivalence,dgp3,600,10,250,5,15,SSRF-JS,0.913272714508068,0.059223100543236686
equivalence,dgp3,600,10,400,5,15,RF,0.9003763832208618,0.04466408136689732
equivalence,dgp3,600,10,400,5,15,SSRF-JS,0.9140660869932914,0.05954702803489905
equivalence,dgp3,600,10,600,5,15,RF,0.8999627046046567,0.04354883805226196
equivalence,dgp3,600,10,600,5,15,SSRF-JS,0.9139583316246901,0.05894404696976399
equivalence,dgp3,600,10,5,5,16,RF,1.107332599107525,0.1231092418792821
equivalence,dgp3,600,10,5,5,16,SSRF-JS,1.0764775128315662,0.09592445614109296
equivalence,dgp3,600,10,10,5,16,RF,1.0521438244832135,0.07725870978010721
equivalence,dgp3,600,10,10,5,16,SSRF-JS,1.0391507567475362,0.06605649831421799
equivalence,dgp3,600,10,15,5,16,RF,1.0327740057141743,0.06202365605575035
equivalence,dgp3,600,10,15,5,16,SSRF-JS,1.0245076928424381,0.05465324659078189
equivalence,dgp3,600,10,25,5,16,RF,1.019447699302897,0.05264563037401031
equivalence,dgp3,600,10,25,5,16,SSRF-JS,1.01535401766321,0.04881672906906145
equivalence,dgp3,600,10,40,5,16,RF,1.017603032078087,0.04417723471578378
equivalence,dgp3,600,10,40,5,16,SSRF-JS,1.0164008932396251,0.04471601519937616
equivalence,dgp3,600,10,50,5,16,RF,1.0170653628505313,0.04217670054370932
equivalence,dgp3,600,10,50,5,16,SSRF-JS,1.0162117947340834,0.04319444391740898
equivalence,dgp3,600,10,60,5,16,RF,1.0128836853179468,0.04197932224852328
equivalence,dgp3,600,10,60,5,16,SSRF-JS,1.0125085257994033,0.04280033754914165
equivalence,dgp3,600,10,100,5,16,RF,1.0124925970164198,0.03825338857623592
equivalence,dgp3,600,10,100,5,16,SSRF-JS,1.0118054007791455,0.039354728744854
equivalence,dgp3,600,10,150,5,16,RF,1.0076607002991547,0.037212031929456844
equivalence,dgp3,600,10,150,5,16,SSRF-JS,1.008068003298078,0.038613197386106426
equivalence,dgp3,600,10,250,5,16,RF,1.0046298926270205,0.03578026774683191
equivalence,dgp3,600,10,250,5,16,SSRF-JS,1.00634451455652,0.03815529044408523
equivalence,dgp3,600,10,400,5,16,RF,1.003010255335642,0.03512425735340502
equivalence,dgp3,600,10,400,5,16,SSRF-JS,1.0046527794892284,0.0371714052512362
equivalence,dgp3,600,10,600,5,16,RF,1.001280918164984,0.03481200305233173
equivalence,dgp3,600,10,600,5,16,SSRF-JS,1.0035328570153896,0.03720094460885311
equivalence,dgp3,600,10,5,5,17,RF,1.2998227123963648,0.15388975521637632
equivalence,dgp3,600,10,5,5,17,SSRF-JS,1.254749334909747,0.11500583347467302
equivalence,dgp3,600,10,10,5,17,RF,1.2082664676367465,0.08518465326400915
equivalence,dgp3,600,10,10,5,17,SSRF-JS,1.1898529975459673,0.06931943562277991
equivalence,dgp3,600,10,15,5,17,RF,1.2013320771998088,0.07424116505311702
equivalence,dgp3,600,10,15,5,17,SSRF-JS,1.1861338984821863,0.06243415449860703
equivalence,dgp3,600,10,25,5,17,RF,1.1893804885269148,0.05574172900001767
equivalence,dgp3,600,10,25,5,17,SSRF-JS,1.179421384466378,0.050571797931098984
equivalence,dgp3,600,10,40,5,17,RF,1.1799055229597393,0.04481551596384878
equivalence,dgp3,600,10,40,5,17,SSRF-JS,1.1755261327491013,0.04562456945676871
equivalence,dgp3,600,10,50,5,17,RF,1.1796970216720004,0.043144937531990696
equivalence,dgp3,600,10,50,5,17,SSRF-JS,1.175474208534831,0.044471386379487714
equivalence,dgp3,600,10,60,5,17,RF,1.179479959290308,0.03996265827924556
equivalence,dgp3,600,10,60,5,17,SSRF-JS,1.175756507576309,0.042492307745949275
equivalence,dgp3,600,10,100,5,17,RF,1.1806440471618453,0.039175808123412335
equivalence,dgp3,600,10,100,5,17,SSRF-JS,1.1762580776938774,0.0415945914191916
equivalence,dgp3,600,10,150,5,17,RF,1.179148780872065,0.03817414043982061
equivalence,dgp3,600,10,150,5,17,SSRF-JS,1.174710527900838,0.04040678483687868
equivalence,dgp3,600,10,250,5,17,RF,1.1734303309520226,0.03703401724394067
equivalence,dgp3,600,10,250,5,17,SSRF-JS,1.1715671966370589,0.04070550986664523
equivalence,dgp3,600,10,400,5,17,RF,1.1702803837928815,0.035991199794925106
equivalence,dgp3,600,10,400,5,17,SSRF-JS,1.1691134958675515,0.040038179989847406
equivalence,dgp3,600,10,600,5,17,RF,1.1692775175470786,0.03576254125194311
equivalence,dgp3,600,10,600,5,17,SSRF-JS,1.1689826916143398,0.04043374432725556
equivalence,dgp3,600,10,5,5,18,RF,1.0376491014007163,0.1451360394226096
equivalence,dgp3,600,10,5,5,18,SSRF-JS,1.0006617152555093,0.10049914626238922
equivalence,dgp3,600,10,10,5,18,RF,0.980317858557376,0.09311789777044871
equivalence,dgp3,600,10,10,5,18,SSRF-JS,0.9667631936214358,0.07133195016852195
equivalence,dgp3,600,10,15,5,18,RF,0.9560805064463564,0.07462886665849928
equivalence,dgp3,600,10,15,5,18,SSRF-JS,0.9531509030838138,0.062320579651911484
equivalence,dgp3,600,10,25,5,18,RF,0.9365044617335518,0.05847003515155698
equivalence,dgp3,600,10,25,5,18,SSRF-JS,0.9434323336257872,0.05482414791632925
equivalence,dgp3,600,10,40,5,18,RF,0.9320823884032324,0.05053294729451729
equivalence,dgp3,600,10,40,5,18,SSRF-JS,0.9421285097759392,0.05053581473495702
equivalence,dgp3,600,10,50,5,18,RF,0.9310710013690875,0.04818540348902604
equivalence,dgp3,600,10,50,5,18,SSRF-JS,0.9419985918974987,0.0492670238391284
equivalence,dgp3,600,10,60,5,18,RF,0.9262390700151403,0.04574120968966264
equivalence,dgp3,600,10,60,5,18,SSRF-JS,0.9393055520277115,0.048350576426345736
equivalence,dgp3,600,10,100,5,18,RF,0.9268365894494915,0.042316551640795654
equivalence,dgp3,600,10,100,5,18,SSRF-JS,0.9406278397470232,0.04666603595262212
equivalence,dgp3,600,10,150,5,18,RF,0.9257998178928208,0.04032696269265187
equivalence,dgp3,600,10,150,5,18,SSRF-JS,0.9401587114021627,0.04548552980139925
equivalence,dgp3,600,10,250,5,18,RF,0.9306167603599808,0.03903490928594874
equivalence,dgp3,600,10,250,5,18,SSRF-JS,0.9440574124627037,0.04486492849928297
equivalence,dgp3,600,10,400,5,18,RF,0.9289369182186599,0.03816817530039083
equivalence,dgp3,600,10,400,5,18,SSRF-JS,0.9424412760658963,0.043799179360211354
equivalence,dgp3,600,10,600,5,18,RF,0.9280900817662456,0.0375005835682661
equivalence,dgp3,600,10,600,5,18,SSRF-JS,0.9417313093915339,0.04323102417166691
equivalence,dgp3,600,10,5,5,19,RF,1.049021406664181,0.12440062009991978
equivalence,dgp3,600,10,5,5,19,SSRF-JS,1.0234545307289027,0.09730693512778717
equivalence,dgp3,600,10,10,5,19,RF,1.0081737815167167,0.08027153434271642
equivalence,dgp3,600,10,10,5,19,SSRF-JS,0.995489670021421,0.06631393578067553
equivalence,dgp3,600,10,15,5,19,RF,0.9944269105324012,0.06793533607100057
equivalence,dgp3,600,10,15,5,19,SSRF-JS,0.9900801696973984,0.06172151934401732
equivalence,dgp3,600,10,25,5,19,RF,0.9852032231167165,0.05465952685555912
equivalence,dgp3,600,10,25,5,19,SSRF-JS,0.9846473597171639,0.0529795354608842
equivalence,dgp3,600,10,40,5,19,RF,0.9826902073656866,0.050906907783816374
equivalence,dgp3,600,10,40,5,19,SSRF-JS,0.9811645077538448,0.04881445836279037
equivalence,dgp3,600,10,50,5,19,RF,0.9836239524870445,0.04910169170785734
equivalence,dgp3,600,10,50,5,19,SSRF-JS,0.9824790699084894,0.047980312014904505
equivalence,dgp3,600,10,60,5,19,RF,0.9835428037017804,0.04670750844324009
equivalence,dgp3,600,10,60,5,19,SSRF-JS,0.9827924442696124,0.04651693413723836
equivalence,dgp3,600,10,100,5,19,RF,0.9743554505211189,0.04390546276851107
equivalence,dgp3,600,10,100,5,19,SSRF-JS,0.9769245524947153,0.04556471581829325
equivalence,dgp3,600,10,150,5,19,RF,0.9732402702411473,0.04210189725307843
equivalence,dgp3,600,10,150,5,19,SSRF-JS,0.9768345078996452,0.04503752436697109
equivalence,dgp3,600,10,250,5,19,RF,0.9744418520941027,0.04126596979091033
equivalence,dgp3,600,10,250,5,19,SSRF-JS,0.9773946142104939,0.04401609036679302
equivalence,dgp3,600,10,400,5,19,RF,0.9751722844785842,0.04008681144196489
equivalence,dgp3,600,10,400,5,19,SSRF-JS,0.977307968469289,0.04244343959509615
equivalence,dgp3,600,10,600,5,19,RF,0.973556140813905,0.039281906506619474
equivalence,dgp3,600,10,600,5,19,SSRF-JS,0.976351060137967,0.04211378986205014
equivalence,dgp3,600,10,5,5,20,RF,1.5989307130030315,0.16714198128553892
equivalence,dgp3,600,10,5,5,20,SSRF-JS,1.5443183072721558,0.11237145113082496
equivalence,dgp3,600,10,10,5,20,RF,1.5140953238347648,0.08890420538928527
equivalence,dgp3,600,10,10,5,20,SSRF-JS,1.4951400865073954,0.06929890620208765
equivalence,dgp3,600,10,15,5,20,RF,1.482826745230696,0.06713066977019706
equivalence,dgp3,600,10,15,5,20,SSRF-JS,1.4756361483693097,0.05687027479435852
equivalence,dgp3,600,10,25,5,20,RF,1.4739354209727396,0.051273028948085574
equivalence,dgp3,600,10,25,5,20,SSRF-JS,1.472579426293524,0.048458441745951
equivalence,dgp3,600,10,40,5,20,RF,1.474244338458676,0.04692072940559138
equivalence,dgp3,600,10,40,5,20,SSRF-JS,1.473549263137067,0.04622823828527798
equivalence,dgp3,600,10,50,5,20,RF,1.469627347868946,0.0433556342359591
equivalence,dgp3,600,10,50,5,20,SSRF-JS,1.4706551272381312,0.04414714875682291
equivalence,dgp3,600,10,60,5,20,RF,1.466681647737789,0.04161562884643329
equivalence,dgp3,600,10,60,5,20,SSRF-JS,1.4682341854621155,0.042783994723748046
equivalence,dgp3,600,10,100,5,20,RF,1.4630463980149755,0.03833064038503914
equivalence,dgp3,600,10,100,5,20,SSRF-JS,1.4659763433061408,0.040827706118338344
equivalence,dgp3,600,10,150,5,20,RF,1.4636443045621728,0.03583516240700966
equivalence,dgp3,600,10,150,5,20,SSRF-JS,1.4660011052318107,0.0386078946745414
equivalence,dgp3,600,10,250,5,20,RF,1.4619113849228158,0.033666113427374855
equivalence,dgp3,600,10,250,5,20,SSRF-JS,1.4652186938040468,0.03739131979561322
equivalence,dgp3,600,10,400,5,20,RF,1.4612030245749787,0.03368125021652024
equivalence,dgp3,600,10,400,5,20,SSRF-JS,1.464276984524102,0.036937588308555
equivalence,dgp3,600,10,600,5,20,RF,1.4593345353095883,0.03325153423478824
equivalence,dgp3,600,10,600,5,20,SSRF-JS,1.4629907869161647,0.03670673198328799
equivalence,dgp3,600,10,5,5,21,RF,1.0199054075863574,0.1549040057851365
equivalence,dgp3,600,10,5,5,21,SSRF-JS,0.9825973159908209,0.11946245217110055
equivalence,dgp3,600,10,10,5,21,RF,0.9546643226375154,0.09694854047044549
equivalence,dgp3,600,10,10,5,21,SSRF-JS,0.9445294564699743,0.08822820450511025
equivalence,dgp3,600,10,15,5,21,RF,0.9352402828727104,0.07638055182519089
equivalence,dgp3,600,10,15,5,21,SSRF-JS,0.9320776293265853,0.0750225740731166
equivalence,dgp3,600,10,25,5,21,RF,0.9305797831339613,0.06828040534096858
equivalence,dgp3,600,10,25,5,21,SSRF-JS,0.9320734752495027,0.07262454846741663
equivalence,dgp3,600,10,40,5,21,RF,0.912651755755842,0.05699519604623225
equivalence,dgp3,600,10,40,5,21,SSRF-JS,0.9201359480787762,0.06553574293683968
equivalence,dgp3,600,10,50,5,21,RF,0.9086765735508758,0.05379280773679847
equivalence,dgp3,600,10,50,5,21,SSRF-JS,0.9179631029123086,0.06395837041151317
equivalence,dgp3,600,10,60,5,21,RF,0.908424145730495,0.05140275328541257
equivalence,dgp3,600,10,60,5,21,SSRF-JS,0.918312883567286,0.06270088165206153
equivalence,dgp3,600,10,100,5,21,RF,0.90732141384565,0.04653694495406729
equivalence,dgp3,600,10,100,5,21,SSRF-JS,0.9179072457654182,0.05960044249551497
equivalence,dgp3,600,10,150,5,21,RF,0.9052478808251394,0.04583053574171928
equivalence,dgp3,600,10,150,5,21,SSRF-JS,0.9164736981407963,0.059036132862922086
equivalence,dgp3,600,10,250,5,21,RF,0.904991303791027,0.04508178721059405
equivalence,dgp3,600,10,250,5,21,SSRF-JS,0.9163051507879936,0.05856776709362689
equivalence,dgp3,600,10,400,5,21,RF,0.905709804709213,0.04632472138481611
equivalence,dgp3,600,10,400,5,21,SSRF-JS,0.9172249277076456,0.05996189016262978
equivalence,dgp3,600,10,600,5,21,RF,0.904599075128376,0.045144977282533715
equivalence,dgp3,600,10,600,5,21,SSRF-JS,0.9167301488455399,0.059439465582625625
equivalence,dgp3,600,10,5,5,22,RF,1.1517658811167497,0.13498894870673922
equivalence,dgp3,600,10,5,5,22,SSRF-JS,1.1149541152739788,0.09377277605981355
equivalence,dgp3,600,10,10,5,22,RF,1.1170973149727668,0.09099598559205781
equivalence,dgp3,600,10,10,5,22,SSRF-JS,1.09925802857581,0.07086784096158558
equivalence,dgp3,600,10,15,5,22,RF,1.0935517766167968,0.07033445101976671
equivalence,dgp3,600,10,15,5,22,SSRF-JS,1.084921785942904,0.058967216280351585
equivalence,dgp3,600,10,25,5,22,RF,1.0736665153420517,0.05295119647697091
equivalence,dgp3,600,10,25,5,22,SSRF-JS,1.074399475405759,0.050311010714182376
equivalence,dgp3,600,10,40,5,22,RF,1.055934208166191,0.044724679938281726
equivalence,dgp3,600,10,40,5,22,SSRF-JS,1.0611349992545829,0.044591423483309904
equivalence,dgp3,600,10,50,5,22,RF,1.0551891073071313,0.04283682657253975
equivalence,dgp3,600,10,50,5,22,SSRF-JS,1.0596442722000277,0.04229694086960064
equivalence,dgp3,600,10,60,5,22,RF,1.056691081117526,0.041670343052535225
equivalence,dgp3,600,10,60,5,22,SSRF-JS,1.0622018035038672,0.04266979179972597
equivalence,dgp3,600,10,100,5,22,RF,1.0510554114532946,0.03719126711454644
equivalence,dgp3,600,10,100,5,22,SSRF-JS,1.0570339153437678,0.03827441627674178
equivalence,dgp3,600,10,150,5,22,RF,1.0467369444332038,0.034669980891376996
equivalence,dgp3,600,10,150,5,22,SSRF-JS,1.055011802504281,0.03752483001537616
equivalence,dgp3,600,10,250,5,22,RF,1.0506981088848768,0.032771189319564686
equivalence,dgp3,600,10,250,5,22,SSRF-JS,1.059310737818639,0.03738318408438448
equivalence,dgp3,600,10,400,5,22,RF,1.0506601214974742,0.032403239537619984
equivalence,dgp3,600,10,400,5,22,SSRF-JS,1.0595846697388425,0.03743334373676931
equivalence,dgp3,600,10,600,5,22,RF,1.048607782671716,0.03158187555345768
equivalence,dgp3,600,10,600,5,22,SSRF-JS,1.0580986080890866,0.036860748110900045
equivalence,dgp3,600,10,5,5,23,RF,1.0088573634590805,0.1464512022988294
equivalence,dgp3,600,10,5,5,23,SSRF-JS,0.965676018929396,0.10747870954334397
equivalence,dgp3,600,10,10,5,23,RF,0.9665868630946227,0.08962271362688709
equivalence,dgp3,600,10,10,5,23,SSRF-JS,0.9471551580018825,0.07764410654213333
equivalence,dgp3,600,10,15,5,23,RF,0.9488225940506354,0.07416731866555419
equivalence,dgp3,600,10,15,5,23,SSRF-JS,0.9373841994359153,0.06973477112925755
equivalence,dgp3,600,10,25,5,23,RF,0.9370331993370713,0.06413071311197453
equivalence,dgp3,600,10,25,5,23,SSRF-JS,0.9293631047218258,0.06329256428578205
equivalence,dgp3,600,10,40,5,23,RF,0.927471958512265,0.05545761092029352
equivalence,dgp3,600,10,40,5,23,SSRF-JS,0.922522834727406,0.05729674939442551
equivalence,dgp3,600,10,50,5,23,RF,0.9255511888127368,0.0520696739296931
equivalence,dgp3,600,10,50,5,23,SSRF-JS,0.9212961532381543,0.05467001046163281
equivalence,dgp3,600,10,60,5,23,RF,0.9234786407867953,0.05155425008824299
equivalence,dgp3,600,10,60,5,23,SSRF-JS,0.9198572779075799,0.05439884382273128
equivalence,dgp3,600,10,100,5,23,RF,0.9154922752263331,0.04947906228751206
equivalence,dgp3,600,10,100,5,23,SSRF-JS,0.9148505866596932,0.05405084020551696
equivalence,dgp3,600,10,150,5,23,RF,0.9107813051287047,0.04627455090783846
equivalence,dgp3,600,10,150,5,23,SSRF-JS,0.9119158823638883,0.052247468074379695
equivalence,dgp3,600,10,250,5,23,RF,0.9084611357188349,0.04508474866941414
equivalence,dgp3,600,10,250,5,23,SSRF-JS,0.91064426327189,0.05181624193830019
equivalence,dgp3,600,10,400,5,23,RF,0.9072068082111328,0.04465003437952824
equivalence,dgp3,600,10,400,5,23,SSRF-JS,0.9097183996768853,0.051463861690780266
equivalence,dgp3,600,10,600,5,23,RF,0.9087106362744559,0.044977883403447584
equivalence,dgp3,600,10,600,5,23,SSRF-JS,0.9108866373579282,0.05168742040362611
equivalence,dgp3,600,10,5,5,24,RF,1.054587881759227,0.15121079602804374
equivalence,dgp3,600,10,5,5,24,SSRF-JS,1.0316914534975608,0.11969177661450246
equivalence,dgp3,600,10,10,5,24,RF,1.0073984996165894,0.10404731912380626
equivalence,dgp3,600,10,10,5,24,SSRF-JS,1.0038922593210335,0.09331853460696907
equivalence,dgp3,600,10,15,5,24,RF,0.9816160002182682,0.08352089379533222
equivalence,dgp3,600,10,15,5,24,SSRF-JS,0.9875747184932796,0.08110804784811597
equivalence,dgp3,600,10,25,5,24,RF,0.9670602266929655,0.0679404932616345
equivalence,dgp3,600,10,25,5,24,SSRF-JS,0.9771116759055406,0.07014939302163223
equivalence,dgp3,600,10,40,5,24,RF,0.9642922988867622,0.0630697606412386
equivalence,dgp3,600,10,40,5,24,SSRF-JS,0.9766258935276446,0.06813511118766673
equivalence,dgp3,600,10,50,5,24,RF,0.9656146925118075,0.06597468162399156
equivalence,dgp3,600,10,50,5,24,SSRF-JS,0.9781765319709281,0.07084158179607052
equivalence,dgp3,600,10,60,5,24,RF,0.9632197523720468,0.06367050552012786
equivalence,dgp3,600,10,60,5,24,SSRF-JS,0.9761701185970378,0.06905692136482681
equivalence,dgp3,600,10,100,5,24,RF,0.9614228946186119,0.06144517667224314
equivalence,dgp3,600,10,100,5,24,SSRF-JS,0.9747008131767131,0.06718383685307122
equivalence,dgp3,600,10,150,5,24,RF,0.9619664167384435,0.06094498391730803
equivalence,dgp3,600,10,150,5,24,SSRF-JS,0.9756306875715567,0.06734570327400932
equivalence,dgp3,600,10,250,5,24,RF,0.9613343562558251,0.059025151398816755
equivalence,dgp3,600,10,250,5,24,SSRF-JS,0.9755844394294869,0.06628247523656644
equivalence,dgp3,600,10,400,5,24,RF,0.9589137384092303,0.0582604210704978
equivalence,dgp3,600,10,400,5,24,SSRF-JS,0.9734064541524532,0.06537711917542025
equivalence,dgp3,600,10,600,5,24,RF,0.9591948344835861,0.05837819876304521
equivalence,dgp3,600,10,600,5,24,SSRF-JS,0.9737023355617772,0.06553614968852695
