experiment,dgp,n,p,B,min_leaf,rep,method,mse,mse_true,runtime,lam_tree,lam_cv,lam_ij,lam_oracle,lam_local_mean
calibration,dgp1,300,10,10,5,0,RF,1.507841004990359,0.25816198222866593,0.013323753999884502,0.7463672286579778,0.1041579436754054,0.09214856832927398,0.36,0.11957272861415473
calibration,dgp1,300,10,10,5,0,SSRF-JS,1.448564977862669,0.1939850070880315,0.013323753999884502,0.7463672286579778,0.1041579436754054,0.09214856832927398,0.36,0.11957272861415473
calibration,dgp1,300,10,10,5,0,Cal-CV,1.4385511442425105,0.1692502243756328,0.0706055099999503,0.7463672286579778,0.1041579436754054,0.09214856832927398,0.36,0.11957272861415473
calibration,dgp1,300,10,10,5,0,Cal-CV-local,1.4377950907845198,0.1693714420407108,0.0706055099999503,0.7463672286579778,0.1041579436754054,0.09214856832927398,0.36,0.11957272861415473
calibration,dgp1,300,10,10,5,0,Cal-IJ,1.4403848452329924,0.17082088041787252,0.017610532999924544,0.7463672286579778,0.1041579436754054,0.09214856832927398,0.36,0.11957272861415473
calibration,dgp1,300,10,10,5,1,RF,1.6677787371771124,0.13669804602881724,0.011796124000056807,0.7729646029880963,0.47419845041757197,0.04817219591222074,0.59,0.5598376594028736
calibration,dgp1,300,10,10,5,1,SSRF-JS,1.6441160155402652,0.10113610177395117,0.011796124000056807,0.7729646029880963,0.47419845041757197,0.04817219591222074,0.59,0.5598376594028736
calibration,dgp1,300,10,10,5,1,Cal-CV,1.6571949099185392,0.09642611385801972,0.06735944000001837,0.7729646029880963,0.47419845041757197,0.04817219591222074,0.59,0.5598376594028736
calibration,dgp1,300,10,10,5,1,Cal-CV-local,1.6507914679416098,0.09679825578157553,0.06735944000001837,0.7729646029880963,0.47419845041757197,0.04817219591222074,0.59,0.5598376594028736
calibration,dgp1,300,10,10,5,1,Cal-IJ,1.7541996897887326,0.16937635804043993,0.016319236000072124,0.7729646029880963,0.47419845041757197,0.04817219591222074,0.59,0.5598376594028736
calibration,dgp1,300,10,10,5,2,RF,1.4327832606591504,0.14469883742902448,0.012166627999931734,0.7903347698520233,0.22846768596615086,0.0,0.5700000000000001,0.2641508062562532
calibration,dgp1,300,10,10,5,2,SSRF-JS,1.4114544834700373,0.12573908544857434,0.012166627999931734,0.7903347698520233,0.22846768596615086,0.0,0.5700000000000001,0.2641508062562532
calibration,dgp1,300,10,10,5,2,Cal-CV,1.416552986309552,0.13544208323061577,0.07069454499992389,0.7903347698520233,0.22846768596615086,0.0,0.5700000000000001,0.2641508062562532
calibration,dgp1,300,10,10,5,2,Cal-CV-local,1.4187073255264362,0.13510795840769876,0.07069454499992389,0.7903347698520233,0.22846768596615086,0.0,0.5700000000000001,0.2641508062562532
calibration,dgp1,300,10,10,5,2,Cal-IJ,1.4439507707279697,0.16490488032964412,0.016556178999962867,0.7903347698520233,0.22846768596615086,0.0,0.5700000000000001,0.2641508062562532
calibration,dgp1,300,10,10,5,3,RF,1.282743178085643,0.15290621180792763,0.011148748999858071,0.7886982932696874,0.4039041698504176,0.28523502827616515,0.53,0.4134432205555559
calibration,dgp1,300,10,10,5,3,SSRF-JS,1.2322775195771898,0.11176320336400664,0.011148748999858071,0.7886982932696874,0.4039041698504176,0.28523502827616515,0.53,0.4134432205555559
calibration,dgp1,300,10,10,5,3,Cal-CV,1.2007790808270042,0.09733854077286776,0.06883596999978181,0.7886982932696874,0.4039041698504176,0.28523502827616515,0.53,0.4134432205555559
calibration,dgp1,300,10,10,5,3,Cal-CV-local,1.2056073459961723,0.10314474880641772,0.06883596999978181,0.7886982932696874,0.4039041698504176,0.28523502827616515,0.53,0.4134432205555559
calibration,dgp1,300,10,10,5,3,Cal-IJ,1.2080536840297398,0.10986807293525441,0.015486263999946459,0.7886982932696874,0.4039041698504176,0.28523502827616515,0.53,0.4134432205555559
calibration,dgp1,300,10,10,5,4,RF,1.430234382326135,0.15526811285136735,0.011900775000185604,0.6870759951817672,0.05779457151936159,0.0,0.54,0.0707401546754657
calibration,dgp1,300,10,10,5,4,SSRF-JS,1.3994309164847802,0.11628783978150896,0.011900775000185604,0.6870759951817672,0.05779457151936159,0.0,0.54,0.0707401546754657
calibration,dgp1,300,10,10,5,4,Cal-CV,1.463226891384316,0.16133573734967044,0.0701082780001343,0.6870759951817672,0.05779457151936159,0.0,0.54,0.0707401546754657
calibration,dgp1,300,10,10,5,4,Cal-CV-local,1.4608485650331795,0.15995661604922054,0.0701082780001343,0.6870759951817672,0.05779457151936159,0.0,0.54,0.0707401546754657
calibration,dgp1,300,10,10,5,4,Cal-IJ,1.4771806710588253,0.17363795344864857,0.016284049000205414,0.6870759951817672,0.05779457151936159,0.0,0.54,0.0707401546754657
calibration,dgp1,300,10,10,5,5,RF,1.4035740467093862,0.13098922226424164,0.012038470999868878,0.7990710508992617,0.6866810419002017,0.2024475834593714,0.5700000000000001,0.6494139716009018
calibration,dgp1,300,10,10,5,5,SSRF-JS,1.3692525466929395,0.09379695806770538,0.012038470999868878,0.7990710508992617,0.6866810419002017,0.2024475834593714,0.5700000000000001,0.6494139716009018
calibration,dgp1,300,10,10,5,5,Cal-CV,1.360593366164703,0.08336940679454907,0.07234146899986627,0.7990710508992617,0.6866810419002017,0.2024475834593714,0.5700000000000001,0.6494139716009018
calibration,dgp1,300,10,10,5,5,Cal-CV-local,1.359429704531014,0.08395150670885285,0.07234146899986627,0.7990710508992617,0.6866810419002017,0.2024475834593714,0.5700000000000001,0.6494139716009018
calibration,dgp1,300,10,10,5,5,Cal-IJ,1.4033225526116888,0.11892882489258234,0.016836631999922247,0.7990710508992617,0.6866810419002017,0.2024475834593714,0.5700000000000001,0.6494139716009018
calibration,dgp1,300,10,10,5,6,RF,1.3880649550888633,0.21224188726576046,0.013568598000119891,0.7797739510440406,0.6920137614247683,0.02068871954803768,0.37,0.7021072455014885
calibration,dgp1,300,10,10,5,6,SSRF-JS,1.364452079799938,0.1846267013188904,0.013568598000119891,0.7797739510440406,0.6920137614247683,0.02068871954803768,0.37,0.7021072455014885
calibration,dgp1,300,10,10,5,6,Cal-CV,1.3566671980756209,0.175615602593966,0.07977864400027102,0.7797739510440406,0.6920137614247683,0.02068871954803768,0.37,0.7021072455014885
calibration,dgp1,300,10,10,5,6,Cal-CV-local,1.3590912631002279,0.178571785662815,0.07977864400027102,0.7797739510440406,0.6920137614247683,0.02068871954803768,0.37,0.7021072455014885
calibration,dgp1,300,10,10,5,6,Cal-IJ,1.3710071436466387,0.17855880016231668,0.01848460300016086,0.7797739510440406,0.6920137614247683,0.02068871954803768,0.37,0.7021072455014885
calibration,dgp1,300,10,10,5,7,RF,1.3964985076922767,0.1785938074019519,0.013160206000065955,0.8010360911821485,0.5228566009632898,0.14621908718185467,0.46,0.6015397692013489
calibration,dgp1,300,10,10,5,7,SSRF-JS,1.353609497383889,0.13693864999165933,0.013160206000065955,0.8010360911821485,0.5228566009632898,0.14621908718185467,0.46,0.6015397692013489
calibration,dgp1,300,10,10,5,7,Cal-CV,1.3245833981665258,0.10774427916945543,0.07566226900007678,0.8010360911821485,0.5228566009632898,0.14621908718185467,0.46,0.6015397692013489
calibration,dgp1,300,10,10,5,7,Cal-CV-local,1.3295059428210478,0.11721931215699476,0.07566226900007678,0.8010360911821485,0.5228566009632898,0.14621908718185467,0.46,0.6015397692013489
calibration,dgp1,300,10,10,5,7,Cal-IJ,1.3469367983887008,0.13093880574868255,0.01758124200000566,0.8010360911821485,0.5228566009632898,0.14621908718185467,0.46,0.6015397692013489
calibration,dgp1,300,10,10,5,8,RF,1.3039929641921515,0.15020394273412235,0.012395846999879723,0.7954629513621799,0.5969369099825668,0.41038250293522965,0.56,0.6276066438082882
calibration,dgp1,300,10,10,5,8,SSRF-JS,1.2713557214068802,0.12071582813229137,0.012395846999879723,0.7954629513621799,0.5969369099825668,0.41038250293522965,0.56,0.6276066438082882
calibration,dgp1,300,10,10,5,8,Cal-CV,1.2549135712816948,0.10838318297288782,0.073339500999964,0.7954629513621799,0.5969369099825668,0.41038250293522965,0.56,0.6276066438082882
calibration,dgp1,300,10,10,5,8,Cal-CV-local,1.262507275637222,0.11527423195207744,0.073339500999964,0.7954629513621799,0.5969369099825668,0.41038250293522965,0.56,0.6276066438082882
calibration,dgp1,300,10,10,5,8,Cal-IJ,1.2556652306610876,0.11249444048136926,0.017578220999894256,0.7954629513621799,0.5969369099825668,0.41038250293522965,0.56,0.6276066438082882
calibration,dgp1,300,10,10,5,9,RF,1.424470604649226,0.15817210663928727,0.012870497999983854,0.7819726357814988,0.5912513356932385,0.11755908654257788,0.52,0.6312840517419389
calibration,dgp1,300,10,10,5,9,SSRF-JS,1.3980784217674775,0.13130415877644172,0.012870497999983854,0.7819726357814988,0.5912513356932385,0.11755908654257788,0.52,0.6312840517419389
calibration,dgp1,300,10,10,5,9,Cal-CV,1.385415938158154,0.12010881560618505,0.07749922599987258,0.7819726357814988,0.5912513356932385,0.11755908654257788,0.52,0.6312840517419389
calibration,dgp1,300,10,10,5,9,Cal-CV-local,1.381019687070228,0.12273988227601497,0.07749922599987258,0.7819726357814988,0.5912513356932385,0.11755908654257788,0.52,0.6312840517419389
calibration,dgp1,300,10,10,5,9,Cal-IJ,1.4116825879112118,0.14752435442346756,0.017286164999859466,0.7819726357814988,0.5912513356932385,0.11755908654257788,0.52,0.6312840517419389
calibration,dgp1,300,10,10,5,10,RF,1.519977551163019,0.1972185168942383,0.012087804999964646,0.7816699626177764,0.4353162048589174,0.07915821955216126,0.37,0.44632965029357125
calibration,dgp1,300,10,10,5,10,SSRF-JS,1.485516949343524,0.1588532645029834,0.012087804999964646,0.7816699626177764,0.4353162048589174,0.07915821955216126,0.37,0.44632965029357125
calibration,dgp1,300,10,10,5,10,Cal-CV,1.460666595150119,0.12835614272844584,0.07365391500002261,0.7816699626177764,0.4353162048589174,0.07915821955216126,0.37,0.44632965029357125
calibration,dgp1,300,10,10,5,10,Cal-CV-local,1.4693415210528304,0.13167190852650348,0.07365391500002261,0.7816699626177764,0.4353162048589174,0.07915821955216126,0.37,0.44632965029357125
calibration,dgp1,300,10,10,5,10,Cal-IJ,1.481417643459501,0.14308291005893659,0.016685466999888376,0.7816699626177764,0.4353162048589174,0.07915821955216126,0.37,0.44632965029357125
calibration,dgp1,300,10,10,5,11,RF,1.3581425555440227,0.1301270771000898,0.011931325999967157,0.8203568289316843,0.5685196977007566,0.16965370174144861,0.58,0.5588303510509776
calibration,dgp1,300,10,10,5,11,SSRF-JS,1.336726664342968,0.11095687268413437,0.011931325999967157,0.8203568289316843,0.5685196977007566,0.16965370174144861,0.58,0.5588303510509776
calibration,dgp1,300,10,10,5,11,Cal-CV,1.3191880878632256,0.0983563810424175,0.07519670499982567,0.8203568289316843,0.5685196977007566,0.16965370174144861,0.58,0.5588303510509776
calibration,dgp1,300,10,10,5,11,Cal-CV-local,1.3301725698244824,0.10352690659491277,0.07519670499982567,0.8203568289316843,0.5685196977007566,0.16965370174144861,0.58,0.5588303510509776
calibration,dgp1,300,10,10,5,11,Cal-IJ,1.3423204664734092,0.1281295314512978,0.01631848500005617,0.8203568289316843,0.5685196977007566,0.16965370174144861,0.58,0.5588303510509776
calibration,dgp1,300,10,10,5,12,RF,1.539594512997751,0.18907098955118876,0.011970709000024726,0.7776776164876603,0.30717440310067384,0.3156173959045307,0.44,0.3406916150806555
calibration,dgp1,300,10,10,5,12,SSRF-JS,1.5073686468101515,0.15679104071182254,0.011970709000024726,0.7776776164876603,0.30717440310067384,0.3156173959045307,0.44,0.3406916150806555
calibration,dgp1,300,10,10,5,12,Cal-CV,1.4916310184269042,0.1415226874655528,0.07059485600007065,0.7776776164876603,0.30717440310067384,0.3156173959045307,0.44,0.3406916150806555
calibration,dgp1,300,10,10,5,12,Cal-CV-local,1.4934948845323839,0.14275774138379801,0.07059485600007065,0.7776776164876603,0.30717440310067384,0.3156173959045307,0.44,0.3406916150806555
calibration,dgp1,300,10,10,5,12,Cal-IJ,1.4912753940504893,0.1411620034216244,0.016307245999996667,0.7776776164876603,0.30717440310067384,0.3156173959045307,0.44,0.3406916150806555
calibration,dgp1,300,10,10,5,13,RF,1.2396211677915667,0.1651405309698783,0.011818957000059527,0.8018249472657898,0.5982439656659833,0.224753665679149,0.51,0.6253955153673596
calibration,dgp1,300,10,10,5,13,SSRF-JS,1.2087718735307271,0.13235905065691667,0.011818957000059527,0.8018249472657898,0.5982439656659833,0.224753665679149,0.51,0.6253955153673596
calibration,dgp1,300,10,10,5,13,Cal-CV,1.1951692434485839,0.11637768282454632,0.07426714800021728,0.8018249472657898,0.5982439656659833,0.224753665679149,0.51,0.6253955153673596
calibration,dgp1,300,10,10,5,13,Cal-CV-local,1.2009052815136174,0.12135093548279201,0.07426714800021728,0.8018249472657898,0.5982439656659833,0.224753665679149,0.51,0.6253955153673596
calibration,dgp1,300,10,10,5,13,Cal-IJ,1.2152488057605144,0.13244961840143907,0.0162841369999569,0.8018249472657898,0.5982439656659833,0.224753665679149,0.51,0.6253955153673596
calibration,dgp1,300,10,10,5,14,RF,1.3383648826207661,0.13371197492409131,0.01113489599993045,0.7818251300124908,0.5980549256078784,0.21663218047883767,0.61,0.6328390361642062
calibration,dgp1,300,10,10,5,14,SSRF-JS,1.3021098749366145,0.10834970054743351,0.01113489599993045,0.7818251300124908,0.5980549256078784,0.21663218047883767,0.61,0.6328390361642062
calibration,dgp1,300,10,10,5,14,Cal-CV,1.2866060045389234,0.10282193319354273,0.07525648899991211,0.7818251300124908,0.5980549256078784,0.21663218047883767,0.61,0.6328390361642062
calibration,dgp1,300,10,10,5,14,Cal-CV-local,1.2904333306363072,0.10655305291976905,0.07525648899991211,0.7818251300124908,0.5980549256078784,0.21663218047883767,0.61,0.6328390361642062
calibration,dgp1,300,10,10,5,14,Cal-IJ,1.2992075526386506,0.13522680606543577,0.016456343999834644,0.7818251300124908,0.5980549256078784,0.21663218047883767,0.61,0.6328390361642062
calibration,dgp1,300,10,10,5,15,RF,1.3035942445750806,0.16998495640946873,0.013522345999945173,0.8050949706423822,0.6047095225577532,0.21896375648289002,0.64,0.6054387662863716
calibration,dgp1,300,10,10,5,15,SSRF-JS,1.2887806241943984,0.1510195293811079,0.013522345999945173,0.8050949706423822,0.6047095225577532,0.21896375648289002,0.64,0.6054387662863716
calibration,dgp1,300,10,10,5,15,Cal-CV,1.2911061609715426,0.149083978723975,0.08221395900000061,0.8050949706423822,0.6047095225577532,0.21896375648289002,0.64,0.6054387662863716
calibration,dgp1,300,10,10,5,15,Cal-CV-local,1.295935314054652,0.15354905744508002,0.08221395900000061,0.8050949706423822,0.6047095225577532,0.21896375648289002,0.64,0.6054387662863716
calibration,dgp1,300,10,10,5,15,Cal-IJ,1.3269624856526823,0.17673054764891943,0.019095132999837006,0.8050949706423822,0.6047095225577532,0.21896375648289002,0.64,0.6054387662863716
calibration,dgp1,300,10,10,5,16,RF,1.3312897459160171,0.14798102071399244,0.012140227000145387,0.74491503004167,0.0787650183653085,0.1698579146325543,0.56,0.08150082094723238
calibration,dgp1,300,10,10,5,16,SSRF-JS,1.2979327488260333,0.11967463067918493,0.012140227000145387,0.74491503004167,0.0787650183653085,0.1698579146325543,0.56,0.08150082094723238
calibration,dgp1,300,10,10,5,16,Cal-CV,1.3138428104707875,0.15426364320577862,0.07234664700013127,0.74491503004167,0.0787650183653085,0.1698579146325543,0.56,0.08150082094723238
calibration,dgp1,300,10,10,5,16,Cal-CV-local,1.3145748182060506,0.15517514357946222,0.07234664700013127,0.74491503004167,0.0787650183653085,0.1698579146325543,0.56,0.08150082094723238
calibration,dgp1,300,10,10,5,16,Cal-IJ,1.3019593019605813,0.14003372557877083,0.01658905300018887,0.74491503004167,0.0787650183653085,0.1698579146325543,0.56,0.08150082094723238
calibration,dgp1,300,10,10,5,17,RF,1.3439090408453909,0.1454029576743903,0.01150701400001708,0.8195136486455977,0.6176341412798266,0.18756842532739904,0.53,0.6922769883669109
calibration,dgp1,300,10,10,5,17,SSRF-JS,1.3196660646197507,0.11526322524278966,0.01150701400001708,0.8195136486455977,0.6176341412798266,0.18756842532739904,0.53,0.6922769883669109
calibration,dgp1,300,10,10,5,17,Cal-CV,1.3112144835774797,0.09925653432613496,0.07685571899992283,0.8195136486455977,0.6176341412798266,0.18756842532739904,0.53,0.6922769883669109
calibration,dgp1,300,10,10,5,17,Cal-CV-local,1.3152130090648844,0.10849804182874326,0.07685571899992283,0.8195136486455977,0.6176341412798266,0.18756842532739904,0.53,0.6922769883669109
calibration,dgp1,300,10,10,5,17,Cal-IJ,1.3499341476239055,0.12284622197743185,0.017849770000111675,0.8195136486455977,0.6176341412798266,0.18756842532739904,0.53,0.6922769883669109
calibration,dgp1,300,10,10,5,18,RF,1.4361632732868683,0.15703099645620294,0.017837529000189534,0.8159944965607107,0.7310444636050646,0.4231748146303818,0.52,0.720740872312401
calibration,dgp1,300,10,10,5,18,SSRF-JS,1.3964802643326857,0.12029464754765405,0.017837529000189534,0.8159944965607107,0.7310444636050646,0.4231748146303818,0.52,0.720740872312401
calibration,dgp1,300,10,10,5,18,Cal-CV,1.384094015826092,0.10730148429598428,0.09437364500013246,0.8159944965607107,0.7310444636050646,0.4231748146303818,0.52,0.720740872312401
calibration,dgp1,300,10,10,5,18,Cal-CV-local,1.3873977565705287,0.11269153729097273,0.09437364500013246,0.8159944965607107,0.7310444636050646,0.4231748146303818,0.52,0.720740872312401
calibration,dgp1,300,10,10,5,18,Cal-IJ,1.3717685226857739,0.09765426494778916,0.022230069000215735,0.8159944965607107,0.7310444636050646,0.4231748146303818,0.52,0.720740872312401
calibration,dgp1,300,10,10,5,19,RF,1.4264911938726605,0.13482714985404998,0.011939088999952219,0.8241988678633897,0.8256372456518065,0.25249461748739344,0.58,0.7999609109376062
calibration,dgp1,300,10,10,5,19,SSRF-JS,1.3908345380611966,0.10257030844558847,0.011939088999952219,0.8241988678633897,0.8256372456518065,0.25249461748739344,0.58,0.7999609109376062
calibration,dgp1,300,10,10,5,19,Cal-CV,1.3919456126731475,0.10320433197367541,0.07119321400000445,0.8241988678633897,0.8256372456518065,0.25249461748739344,0.58,0.7999609109376062
calibration,dgp1,300,10,10,5,19,Cal-CV-local,1.386168278881046,0.10066897161731837,0.07119321400000445,0.8241988678633897,0.8256372456518065,0.25249461748739344,0.58,0.7999609109376062
calibration,dgp1,300,10,10,5,19,Cal-IJ,1.3940839094623503,0.11494995721152262,0.01644639799997094,0.8241988678633897,0.8256372456518065,0.25249461748739344,0.58,0.7999609109376062
calibration,dgp1,300,10,100,5,0,RF,1.3472407555975319,0.08761261693145783,0.13507474099992578,0.8302325706181014,0.9399941545169694,0.9789846078697978,0.72,0.957501885582551
calibration,dgp1,300,10,100,5,0,SSRF-JS,1.3394524512601,0.07473241160772805,0.13507474099992578,0.8302325706181014,0.9399941545169694,0.9789846078697978,0.72,0.957501885582551
calibration,dgp1,300,10,100,5,0,Cal-CV,1.3431810635002308,0.0817378058047036,0.6456323749998774,0.8302325706181014,0.9399941545169694,0.9789846078697978,0.72,0.957501885582551
calibration,dgp1,300,10,100,5,0,Cal-CV-local,1.3433148557209798,0.08326400410889669,0.6456323749998774,0.8302325706181014,0.9399941545169694,0.9789846078697978,0.72,0.957501885582551
calibration,dgp1,300,10,100,5,0,Cal-IJ,1.3456568937974966,0.08539305976108162,0.16777049099982833,0.8302325706181014,0.9399941545169694,0.9789846078697978,0.72,0.957501885582551
calibration,dgp1,300,10,100,5,1,RF,1.324119889523677,0.07937088996751604,0.11657728700015468,0.7976186356051214,0.5170021830308462,0.6772412832304554,0.8200000000000001,0.6514777612649822
calibration,dgp1,300,10,100,5,1,SSRF-JS,1.3198578498699225,0.07586405213667376,0.11657728700015468,0.7976186356051214,0.5170021830308462,0.6772412832304554,0.8200000000000001,0.6514777612649822
calibration,dgp1,300,10,100,5,1,Cal-CV,1.3291946388224802,0.08690330427498767,0.6952716830001009,0.7976186356051214,0.5170021830308462,0.6772412832304554,0.8200000000000001,0.6514777612649822
calibration,dgp1,300,10,100,5,1,Cal-CV-local,1.3244058025068406,0.08274169753619882,0.6952716830001009,0.7976186356051214,0.5170021830308462,0.6772412832304554,0.8200000000000001,0.6514777612649822
calibration,dgp1,300,10,100,5,1,Cal-IJ,1.3214176374909856,0.07831094930058786,0.1503119090000382,0.7976186356051214,0.5170021830308462,0.6772412832304554,0.8200000000000001,0.6514777612649822
calibration,dgp1,300,10,100,5,2,RF,1.1377354708385632,0.09681998422418528,0.11621482699979424,0.7955511791618463,0.8877201066700554,0.8992005133970881,0.6900000000000001,0.9181968135048966
calibration,dgp1,300,10,100,5,2,SSRF-JS,1.1193326052410846,0.07916524360261347,0.11621482699979424,0.7955511791618463,0.8877201066700554,0.8992005133970881,0.6900000000000001,0.9181968135048966
calibration,dgp1,300,10,100,5,2,Cal-CV,1.12540020652811,0.08484335715343042,0.7292413789998591,0.7955511791618463,0.8877201066700554,0.8992005133970881,0.6900000000000001,0.9181968135048966
calibration,dgp1,300,10,100,5,2,Cal-CV-local,1.1257141251222529,0.08638675313102365,0.7292413789998591,0.7955511791618463,0.8877201066700554,0.8992005133970881,0.6900000000000001,0.9181968135048966
calibration,dgp1,300,10,100,5,2,Cal-IJ,1.126413869646904,0.08582035029279098,0.1515056469997944,0.7955511791618463,0.8877201066700554,0.8992005133970881,0.6900000000000001,0.9181968135048966
calibration,dgp1,300,10,100,5,3,RF,1.3941937105244622,0.09515826024345748,0.12360317200000281,0.7914128707992986,0.49055227399303075,0.6777937853822076,0.76,0.6419278081858175
calibration,dgp1,300,10,100,5,3,SSRF-JS,1.3845419493281153,0.08684097642200488,0.12360317200000281,0.7914128707992986,0.49055227399303075,0.6777937853822076,0.76,0.6419278081858175
calibration,dgp1,300,10,100,5,3,Cal-CV,1.392160002262884,0.09663177677248717,0.720134107000149,0.7914128707992986,0.49055227399303075,0.6777937853822076,0.76,0.6419278081858175
calibration,dgp1,300,10,100,5,3,Cal-CV-local,1.3912170151322663,0.0926009140251039,0.720134107000149,0.7914128707992986,0.49055227399303075,0.6777937853822076,0.76,0.6419278081858175
calibration,dgp1,300,10,100,5,3,Cal-IJ,1.384425045047658,0.08760778039376943,0.15484293500003332,0.7914128707992986,0.49055227399303075,0.6777937853822076,0.76,0.6419278081858175
calibration,dgp1,300,10,100,5,4,RF,1.180480821306234,0.10757171828163958,0.12194290200000069,0.7651393663486504,0.5070056779257334,0.21913150210988935,0.85,0.6357202205186339
calibration,dgp1,300,10,100,5,4,SSRF-JS,1.184160678920576,0.10620007972436274,0.12194290200000069,0.7651393663486504,0.5070056779257334,0.21913150210988935,0.85,0.6357202205186339
calibration,dgp1,300,10,100,5,4,Cal-CV,1.1985463408105677,0.11482314679722931,0.6859815319999143,0.7651393663486504,0.5070056779257334,0.21913150210988935,0.85,0.6357202205186339
calibration,dgp1,300,10,100,5,4,Cal-CV-local,1.1902882153011267,0.11059326485414166,0.6859815319999143,0.7651393663486504,0.5070056779257334,0.21913150210988935,0.85,0.6357202205186339
calibration,dgp1,300,10,100,5,4,Cal-IJ,1.226827675010179,0.13678980881667457,0.15519151400008013,0.7651393663486504,0.5070056779257334,0.21913150210988935,0.85,0.6357202205186339
calibration,dgp1,300,10,100,5,5,RF,1.3783636625602544,0.1076183772264888,0.11238152900000387,0.7949392842395094,0.9176100130825275,0.8222070123815615,0.59,0.9516105021497235
calibration,dgp1,300,10,100,5,5,SSRF-JS,1.3427810031444976,0.07791053229832705,0.11238152900000387,0.7949392842395094,0.9176100130825275,0.8222070123815615,0.59,0.9516105021497235
calibration,dgp1,300,10,100,5,5,Cal-CV,1.3617074323260046,0.09316209786482921,0.6169211760000053,0.7949392842395094,0.9176100130825275,0.8222070123815615,0.59,0.9516105021497235
calibration,dgp1,300,10,100,5,5,Cal-CV-local,1.360937510423868,0.09231078398044743,0.6169211760000053,0.7949392842395094,0.9176100130825275,0.8222070123815615,0.59,0.9516105021497235
calibration,dgp1,300,10,100,5,5,Cal-IJ,1.3465084265738394,0.08051051228460875,0.13888472100006766,0.7949392842395094,0.9176100130825275,0.8222070123815615,0.59,0.9516105021497235
calibration,dgp1,300,10,100,5,6,RF,1.3255827618199838,0.10473548476361585,0.09726951900006497,0.7736480649485411,0.4151495959105733,0.29105006454583426,0.8,0.5599280266476925
calibration,dgp1,300,10,100,5,6,SSRF-JS,1.3211053847925054,0.10028610274903849,0.09726951900006497,0.7736480649485411,0.4151495959105733,0.29105006454583426,0.8,0.5599280266476925
calibration,dgp1,300,10,100,5,6,Cal-CV,1.3373978386234837,0.11650161768559716,0.6311417120000442,0.7736480649485411,0.4151495959105733,0.29105006454583426,0.8,0.5599280266476925
calibration,dgp1,300,10,100,5,6,Cal-CV-local,1.3267025532977395,0.11253715448679444,0.6311417120000442,0.7736480649485411,0.4151495959105733,0.29105006454583426,0.8,0.5599280266476925
calibration,dgp1,300,10,100,5,6,Cal-IJ,1.3497180723525317,0.12881146600203855,0.12575146800008952,0.7736480649485411,0.4151495959105733,0.29105006454583426,0.8,0.5599280266476925
calibration,dgp1,300,10,100,5,7,RF,1.2554964420257897,0.07295878980839145,0.10515401400016344,0.7930066065957054,0.7084266740806604,0.8076375469623661,0.78,0.7827564000387833
calibration,dgp1,300,10,100,5,7,SSRF-JS,1.244350359377755,0.06552106838832686,0.10515401400016344,0.7930066065957054,0.7084266740806604,0.8076375469623661,0.78,0.7827564000387833
calibration,dgp1,300,10,100,5,7,Cal-CV,1.2431564748530979,0.06595303453044331,0.6705662460001349,0.7930066065957054,0.7084266740806604,0.8076375469623661,0.78,0.7827564000387833
calibration,dgp1,300,10,100,5,7,Cal-CV-local,1.2412551966545755,0.06653640171832043,0.6705662460001349,0.7930066065957054,0.7084266740806604,0.8076375469623661,0.78,0.7827564000387833
calibration,dgp1,300,10,100,5,7,Cal-IJ,1.2442857282225184,0.06526726652729851,0.13945039500003986,0.7930066065957054,0.7084266740806604,0.8076375469623661,0.78,0.7827564000387833
calibration,dgp1,300,10,100,5,8,RF,1.326989536792594,0.09043785473929683,0.11999970600004417,0.699950954839972,0.5209376097078848,0.6394146048084699,0.75,0.6764657878193354
calibration,dgp1,300,10,100,5,8,SSRF-JS,1.3189738838832548,0.08021629467677056,0.11999970600004417,0.699950954839972,0.5209376097078848,0.6394146048084699,0.75,0.6764657878193354
calibration,dgp1,300,10,100,5,8,Cal-CV,1.3298061973483697,0.08926188450775843,0.6768351959999563,0.699950954839972,0.5209376097078848,0.6394146048084699,0.75,0.6764657878193354
calibration,dgp1,300,10,100,5,8,Cal-CV-local,1.3171947776881185,0.08141972355589956,0.6768351959999563,0.699950954839972,0.5209376097078848,0.6394146048084699,0.75,0.6764657878193354
calibration,dgp1,300,10,100,5,8,Cal-IJ,1.322150690684917,0.08259379599236513,0.16360489999988204,0.699950954839972,0.5209376097078848,0.6394146048084699,0.75,0.6764657878193354
calibration,dgp1,300,10,100,5,9,RF,1.3247860591051397,0.07529965371331349,0.11436565300004986,0.7787441878404582,0.718994456932814,0.8771111951940003,0.72,0.8147923067045246
calibration,dgp1,300,10,100,5,9,SSRF-JS,1.3094604110728745,0.0611382319566837,0.11436565300004986,0.7787441878404582,0.718994456932814,0.8771111951940003,0.72,0.8147923067045246
calibration,dgp1,300,10,100,5,9,Cal-CV,1.3076264999350204,0.06031916129007632,0.6297535000001062,0.7787441878404582,0.718994456932814,0.8771111951940003,0.72,0.8147923067045246
calibration,dgp1,300,10,100,5,9,Cal-CV-local,1.309847792715724,0.06198827435914633,0.6297535000001062,0.7787441878404582,0.718994456932814,0.8771111951940003,0.72,0.8147923067045246
calibration,dgp1,300,10,100,5,9,Cal-IJ,1.3136350917125856,0.06510163160857826,0.14199572800021087,0.7787441878404582,0.718994456932814,0.8771111951940003,0.72,0.8147923067045246
calibration,dgp1,300,10,100,5,10,RF,1.2738771751317697,0.113356645175515,0.0985928850000164,0.7841401173760219,0.622180687719017,0.5043344117856469,0.66,0.7045716758094089
calibration,dgp1,300,10,100,5,10,SSRF-JS,1.245537121798805,0.09512212513958415,0.0985928850000164,0.7841401173760219,0.622180687719017,0.5043344117856469,0.66,0.7045716758094089
calibration,dgp1,300,10,100,5,10,Cal-CV,1.2348959030948619,0.09214992464054012,0.6886299539999072,0.7841401173760219,0.622180687719017,0.5043344117856469,0.66,0.7045716758094089
calibration,dgp1,300,10,100,5,10,Cal-CV-local,1.2369373779876078,0.09793263198153582,0.6886299539999072,0.7841401173760219,0.622180687719017,0.5043344117856469,0.66,0.7045716758094089
calibration,dgp1,300,10,100,5,10,Cal-IJ,1.2336166997713,0.09641481245473059,0.13198098500015476,0.7841401173760219,0.622180687719017,0.5043344117856469,0.66,0.7045716758094089
calibration,dgp1,300,10,100,5,11,RF,1.2951945368545768,0.09530509044484012,0.11903579699992406,0.7913878434898691,0.8668890800509005,0.8643087576461854,0.67,0.9140337347127565
calibration,dgp1,300,10,100,5,11,SSRF-JS,1.274655147173458,0.07678150600176953,0.11903579699992406,0.7913878434898691,0.8668890800509005,0.8643087576461854,0.67,0.9140337347127565
calibration,dgp1,300,10,100,5,11,Cal-CV,1.2798040164465854,0.0813125795991222,0.709619130999954,0.7913878434898691,0.8668890800509005,0.8643087576461854,0.67,0.9140337347127565
calibration,dgp1,300,10,100,5,11,Cal-CV-local,1.2862923404261426,0.08673392279579013,0.709619130999954,0.7913878434898691,0.8668890800509005,0.8643087576461854,0.67,0.9140337347127565
calibration,dgp1,300,10,100,5,11,Cal-IJ,1.2795765830784196,0.08111224630206189,0.16088622999996005,0.7913878434898691,0.8668890800509005,0.8643087576461854,0.67,0.9140337347127565
calibration,dgp1,300,10,100,5,12,RF,1.2800215460502253,0.09562761446243818,0.13135317100000066,0.7662815821458624,0.602877711382997,0.497243868716144,0.75,0.736752042087378
calibration,dgp1,300,10,100,5,12,SSRF-JS,1.2764408351253111,0.08751042740028668,0.13135317100000066,0.7662815821458624,0.602877711382997,0.497243868716144,0.75,0.736752042087378
calibration,dgp1,300,10,100,5,12,Cal-CV,1.2831443168427212,0.09053010766649142,0.7675048940000124,0.7662815821458624,0.602877711382997,0.497243868716144,0.75,0.736752042087378
calibration,dgp1,300,10,100,5,12,Cal-CV-local,1.2815477058166544,0.08904409847670797,0.7675048940000124,0.7662815821458624,0.602877711382997,0.497243868716144,0.75,0.736752042087378
calibration,dgp1,300,10,100,5,12,Cal-IJ,1.2911980777381669,0.0963972889255249,0.16833752999991702,0.7662815821458624,0.602877711382997,0.497243868716144,0.75,0.736752042087378
calibration,dgp1,300,10,100,5,13,RF,1.2815548302831234,0.09720763850810446,0.12600268300002426,0.7880132603876271,0.49981614816690273,0.45447512201968193,0.9,0.6356247526228858
calibration,dgp1,300,10,100,5,13,SSRF-JS,1.284540232660516,0.09716929627541304,0.12600268300002426,0.7880132603876271,0.49981614816690273,0.45447512201968193,0.9,0.6356247526228858
calibration,dgp1,300,10,100,5,13,Cal-CV,1.3020568490896163,0.11073799320829963,0.7727765539998472,0.7880132603876271,0.49981614816690273,0.45447512201968193,0.9,0.6356247526228858
calibration,dgp1,300,10,100,5,13,Cal-CV-local,1.2979799378432135,0.10190825959128881,0.7727765539998472,0.7880132603876271,0.49981614816690273,0.45447512201968193,0.9,0.6356247526228858
calibration,dgp1,300,10,100,5,13,Cal-IJ,1.3061573728439726,0.11420654453216876,0.16177265800001805,0.7880132603876271,0.49981614816690273,0.45447512201968193,0.9,0.6356247526228858
calibration,dgp1,300,10,100,5,14,RF,1.1860123197696182,0.10389363123427302,0.11774551100006647,0.8192395323536324,0.8742851473445952,0.8041494178739208,0.72,0.9225524817232847
calibration,dgp1,300,10,100,5,14,SSRF-JS,1.1806670890177866,0.09381259147021306,0.11774551100006647,0.8192395323536324,0.8742851473445952,0.8041494178739208,0.72,0.9225524817232847
calibration,dgp1,300,10,100,5,14,Cal-CV,1.1812734715925084,0.09590974381464298,0.7244166700002097,0.8192395323536324,0.8742851473445952,0.8041494178739208,0.72,0.9225524817232847
calibration,dgp1,300,10,100,5,14,Cal-CV-local,1.1821038441497707,0.09794047604119029,0.7244166700002097,0.8192395323536324,0.8742851473445952,0.8041494178739208,0.72,0.9225524817232847
calibration,dgp1,300,10,100,5,14,Cal-IJ,1.18063384077052,0.09345972074680794,0.15193961800014222,0.8192395323536324,0.8742851473445952,0.8041494178739208,0.72,0.9225524817232847
calibration,dgp1,300,10,100,5,15,RF,1.2567928625431959,0.08808837939160173,0.122895010999855,0.8033340162040244,0.8437270215239224,0.6841183133638826,0.78,0.8949742839922338
calibration,dgp1,300,10,100,5,15,SSRF-JS,1.239112760394049,0.0810960922631698,0.122895010999855,0.8033340162040244,0.8437270215239224,0.6841183133638826,0.78,0.8949742839922338
calibration,dgp1,300,10,100,5,15,Cal-CV,1.2416539254901615,0.08171120256043157,0.712644575000013,0.8033340162040244,0.8437270215239224,0.6841183133638826,0.78,0.8949742839922338
calibration,dgp1,300,10,100,5,15,Cal-CV-local,1.245416669781026,0.0839639171971123,0.712644575000013,0.8033340162040244,0.8437270215239224,0.6841183133638826,0.78,0.8949742839922338
calibration,dgp1,300,10,100,5,15,Cal-IJ,1.233682656782247,0.08268871849754686,0.15642136999986178,0.8033340162040244,0.8437270215239224,0.6841183133638826,0.78,0.8949742839922338
calibration,dgp1,300,10,100,5,16,RF,1.2466099046090966,0.08682775290221847,0.1251197819999561,0.809147561409075,0.9775419008430437,1.001948709482635,0.78,0.9825771435510524
calibration,dgp1,300,10,100,5,16,SSRF-JS,1.2382464600322407,0.07827517257126197,0.1251197819999561,0.809147561409075,0.9775419008430437,1.001948709482635,0.78,0.9825771435510524
calibration,dgp1,300,10,100,5,16,Cal-CV,1.24490980757294,0.08512736664095745,0.72319218299981,0.809147561409075,0.9775419008430437,1.001948709482635,0.78,0.9825771435510524
calibration,dgp1,300,10,100,5,16,Cal-CV-local,1.2448136738337128,0.08503595506957239,0.72319218299981,0.809147561409075,0.9775419008430437,1.001948709482635,0.78,0.9825771435510524
calibration,dgp1,300,10,100,5,16,Cal-IJ,1.2467661754379047,0.08698404882734924,0.15964378100011345,0.809147561409075,0.9775419008430437,1.001948709482635,0.78,0.9825771435510524
calibration,dgp1,300,10,100,5,17,RF,1.2175494663627175,0.08012780643001957,0.11663617699991846,0.7801751705675859,0.4496392983012896,0.5397821324991755,1.01,0.6143935665941505
calibration,dgp1,300,10,100,5,17,SSRF-JS,1.2205916581182235,0.08476565280744663,0.11663617699991846,0.7801751705675859,0.4496392983012896,0.5397821324991755,1.01,0.6143935665941505
calibration,dgp1,300,10,100,5,17,Cal-CV,1.2432900832845935,0.1096761636778167,0.6917355519999546,0.7801751705675859,0.4496392983012896,0.5397821324991755,1.01,0.6143935665941505
calibration,dgp1,300,10,100,5,17,Cal-CV-local,1.2350706966751772,0.09697246173941543,0.6917355519999546,0.7801751705675859,0.4496392983012896,0.5397821324991755,1.01,0.6143935665941505
calibration,dgp1,300,10,100,5,17,Cal-IJ,1.2352118926514164,0.10097430841195659,0.14964414199971543,0.7801751705675859,0.4496392983012896,0.5397821324991755,1.01,0.6143935665941505
calibration,dgp1,300,10,100,5,18,RF,1.3595876502694617,0.07501412869427727,0.11311407300013343,0.7702550539193236,0.426222667560864,0.43788743493283094,0.8200000000000001,0.5535028636046525
calibration,dgp1,300,10,100,5,18,SSRF-JS,1.3538841039231002,0.07093844949092262,0.11311407300013343,0.7702550539193236,0.426222667560864,0.43788743493283094,0.8200000000000001,0.5535028636046525
calibration,dgp1,300,10,100,5,18,Cal-CV,1.3742647816770417,0.093384607127363,0.6855866289999994,0.7702550539193236,0.426222667560864,0.43788743493283094,0.8200000000000001,0.5535028636046525
calibration,dgp1,300,10,100,5,18,Cal-CV-local,1.3727585937916544,0.08403497896825371,0.6855866289999994,0.7702550539193236,0.426222667560864,0.43788743493283094,0.8200000000000001,0.5535028636046525
calibration,dgp1,300,10,100,5,18,Cal-IJ,1.373001963600721,0.09204670411575326,0.1481332180001118,0.7702550539193236,0.426222667560864,0.43788743493283094,0.8200000000000001,0.5535028636046525
calibration,dgp1,300,10,100,5,19,RF,1.5437807593619632,0.12704264217752875,0.11743188500008728,0.7892249257936372,0.3431703457408434,0.33365619731142027,0.72,0.4508175601864989
calibration,dgp1,300,10,100,5,19,SSRF-JS,1.5361518356980068,0.11971902258044236,0.11743188500008728,0.7892249257936372,0.3431703457408434,0.33365619731142027,0.72,0.4508175601864989
calibration,dgp1,300,10,100,5,19,Cal-CV,1.5500161404295831,0.13280094653395896,0.7076545600002646,0.7892249257936372,0.3431703457408434,0.33365619731142027,0.72,0.4508175601864989
calibration,dgp1,300,10,100,5,19,Cal-CV-local,1.5410666782078102,0.12679479821160872,0.7076545600002646,0.7892249257936372,0.3431703457408434,0.33365619731142027,0.72,0.4508175601864989
calibration,dgp1,300,10,100,5,19,Cal-IJ,1.5507240552120742,0.13350195088143402,0.15061148699987825,0.7892249257936372,0.3431703457408434,0.33365619731142027,0.72,0.4508175601864989
calibration,dgp1,300,10,500,5,0,RF,1.2165896692977294,0.08056469652706168,0.5990921739999067,0.8128905320755101,0.8538569156251844,0.9132577719758805,0.92,0.9385477493693268
calibration,dgp1,300,10,500,5,0,SSRF-JS,1.2150486201565907,0.08084752781157946,0.5990921739999067,0.8128905320755101,0.8538569156251844,0.9132577719758805,0.92,0.9385477493693268
calibration,dgp1,300,10,500,5,0,Cal-CV,1.2148585494236304,0.08021988306545441,3.6784021729997676,0.8128905320755101,0.8538569156251844,0.9132577719758805,0.92,0.9385477493693268
calibration,dgp1,300,10,500,5,0,Cal-CV-local,1.2164476326658265,0.0803702941224518,3.6784021729997676,0.8128905320755101,0.8538569156251844,0.9132577719758805,0.92,0.9385477493693268
calibration,dgp1,300,10,500,5,0,Cal-IJ,1.2150209969730594,0.07981885689035685,0.778521888999876,0.8128905320755101,0.8538569156251844,0.9132577719758805,0.92,0.9385477493693268
calibration,dgp1,300,10,500,5,1,RF,1.223143759597642,0.08219202205811436,0.6471490179999364,0.7912136666010657,0.5052686788675964,0.4786191485308753,0.93,0.7431459922905075
calibration,dgp1,300,10,500,5,1,SSRF-JS,1.220886191768579,0.08368582076757151,0.6471490179999364,0.7912136666010657,0.5052686788675964,0.4786191485308753,0.93,0.7431459922905075
calibration,dgp1,300,10,500,5,1,Cal-CV,1.2305564722549225,0.09859616055709546,3.8012423929999386,0.7912136666010657,0.5052686788675964,0.4786191485308753,0.93,0.7431459922905075
calibration,dgp1,300,10,500,5,1,Cal-CV-local,1.2209772434654327,0.08571014856280978,3.8012423929999386,0.7912136666010657,0.5052686788675964,0.4786191485308753,0.93,0.7431459922905075
calibration,dgp1,300,10,500,5,1,Cal-IJ,1.2322479162320148,0.1007719427305049,0.817103268999972,0.7912136666010657,0.5052686788675964,0.4786191485308753,0.93,0.7431459922905075
calibration,dgp1,300,10,500,5,2,RF,1.3840549482485027,0.09832127223793748,0.5915177410001888,0.7694233446564493,0.2271489767035145,0.22687213618788346,0.78,0.4320400016320221
calibration,dgp1,300,10,500,5,2,SSRF-JS,1.378826084240873,0.09196039898727,0.5915177410001888,0.7694233446564493,0.2271489767035145,0.22687213618788346,0.78,0.4320400016320221
calibration,dgp1,300,10,500,5,2,Cal-CV,1.4189710693849138,0.1288735124390713,3.6043283110000175,0.7694233446564493,0.2271489767035145,0.22687213618788346,0.78,0.4320400016320221
calibration,dgp1,300,10,500,5,2,Cal-CV-local,1.4016461659246524,0.1124936093414972,3.6043283110000175,0.7694233446564493,0.2271489767035145,0.22687213618788346,0.78,0.4320400016320221
calibration,dgp1,300,10,500,5,2,Cal-IJ,1.4190097049967885,0.1289105848789871,0.7620653090002634,0.7694233446564493,0.2271489767035145,0.22687213618788346,0.78,0.4320400016320221
calibration,dgp1,300,10,500,5,3,RF,1.0946723658356547,0.09048200904891288,0.5762826710001718,0.8041618421263297,0.8032716951541509,0.8075492239012635,0.72,0.9200555092426548
calibration,dgp1,300,10,500,5,3,SSRF-JS,1.0863221747594556,0.07885951147856972,0.5762826710001718,0.8041618421263297,0.8032716951541509,0.8075492239012635,0.72,0.9200555092426548
calibration,dgp1,300,10,500,5,3,Cal-CV,1.0862221222968524,0.07861941537995679,3.4583870540000134,0.8041618421263297,0.8032716951541509,0.8075492239012635,0.72,0.9200555092426548
calibration,dgp1,300,10,500,5,3,Cal-CV-local,1.08827352149199,0.08136585718803574,3.4583870540000134,0.8041618421263297,0.8032716951541509,0.8075492239012635,0.72,0.9200555092426548
calibration,dgp1,300,10,500,5,3,Cal-IJ,1.0862666938870553,0.07873818283022341,0.743863833999967,0.8041618421263297,0.8032716951541509,0.8075492239012635,0.72,0.9200555092426548
calibration,dgp1,300,10,500,5,4,RF,1.4685003028488306,0.08170955378598611,0.6232865619999757,0.8060676754248679,0.9559404975051038,0.9320244315822956,0.74,0.9832997276715745
calibration,dgp1,300,10,500,5,4,SSRF-JS,1.4492475795263942,0.07099863872172006,0.6232865619999757,0.8060676754248679,0.9559404975051038,0.9320244315822956,0.74,0.9832997276715745
calibration,dgp1,300,10,500,5,4,Cal-CV,1.463023085595933,0.07818386539142318,3.486727704999794,0.8060676754248679,0.9559404975051038,0.9320244315822956,0.74,0.9832997276715745
calibration,dgp1,300,10,500,5,4,Cal-CV-local,1.4652225953885931,0.07963423726914687,3.486727704999794,0.8060676754248679,0.9559404975051038,0.9320244315822956,0.74,0.9832997276715745
calibration,dgp1,300,10,500,5,4,Cal-IJ,1.460320247395901,0.07654034221274467,0.7949618830000418,0.8060676754248679,0.9559404975051038,0.9320244315822956,0.74,0.9832997276715745
calibration,dgp1,300,10,500,5,5,RF,1.3308115766833983,0.09202913854585108,0.6117032010001822,0.7418257799716487,0.3075510740690953,0.5258359774685559,0.8200000000000001,0.5399684340601595
calibration,dgp1,300,10,500,5,5,SSRF-JS,1.3273247171884444,0.0886955689956629,0.6117032010001822,0.7418257799716487,0.3075510740690953,0.5258359774685559,0.8200000000000001,0.5399684340601595
calibration,dgp1,300,10,500,5,5,Cal-CV,1.3587587117926545,0.12023215599135441,3.4764675830003853,0.7418257799716487,0.3075510740690953,0.5258359774685559,0.8200000000000001,0.5399684340601595
calibration,dgp1,300,10,500,5,5,Cal-CV-local,1.341740320039671,0.10793258180263303,3.4764675830003853,0.7418257799716487,0.3075510740690953,0.5258359774685559,0.8200000000000001,0.5399684340601595
calibration,dgp1,300,10,500,5,5,Cal-IJ,1.3371458870741835,0.09853866792146825,0.7584955210002136,0.7418257799716487,0.3075510740690953,0.5258359774685559,0.8200000000000001,0.5399684340601595
calibration,dgp1,300,10,500,5,6,RF,1.1505133854423268,0.09424938745970105,0.5668714750001982,0.8058295003805389,0.8743755088055969,0.7910619056695595,0.74,0.9510778077624944
calibration,dgp1,300,10,500,5,6,SSRF-JS,1.1393498226785415,0.08322141946317521,0.5668714750001982,0.8058295003805389,0.8743755088055969,0.7910619056695595,0.74,0.9510778077624944
calibration,dgp1,300,10,500,5,6,Cal-CV,1.141625251340359,0.08551882866736515,3.4411385320001955,0.8058295003805389,0.8743755088055969,0.7910619056695595,0.74,0.9510778077624944
calibration,dgp1,300,10,500,5,6,Cal-CV-local,1.146413575462393,0.09026449783035981,3.4411385320001955,0.8058295003805389,0.8743755088055969,0.7910619056695595,0.74,0.9510778077624944
calibration,dgp1,300,10,500,5,6,Cal-IJ,1.1387746437101571,0.0827727242808053,0.7299352550001004,0.8058295003805389,0.8743755088055969,0.7910619056695595,0.74,0.9510778077624944
calibration,dgp1,300,10,500,5,7,RF,1.2473735133645083,0.06830269962913298,0.5551099439999234,0.8022729478225016,0.7920182821858667,0.7027762144266522,0.8200000000000001,0.911782411651875
calibration,dgp1,300,10,500,5,7,SSRF-JS,1.2350932127569303,0.06363464787788631,0.5551099439999234,0.8022729478225016,0.7920182821858667,0.7027762144266522,0.8200000000000001,0.911782411651875
calibration,dgp1,300,10,500,5,7,Cal-CV,1.2346986652229597,0.0637202002312113,3.428769609000028,0.8022729478225016,0.7920182821858667,0.7027762144266522,0.8200000000000001,0.911782411651875
calibration,dgp1,300,10,500,5,7,Cal-CV-local,1.2413416511317807,0.06519132661305867,3.428769609000028,0.8022729478225016,0.7920182821858667,0.7027762144266522,0.8200000000000001,0.911782411651875
calibration,dgp1,300,10,500,5,7,Cal-IJ,1.2328920781292165,0.06538592763943492,0.7275803739998992,0.8022729478225016,0.7920182821858667,0.7027762144266522,0.8200000000000001,0.911782411651875
calibration,dgp1,300,10,500,5,8,RF,1.1383802970600359,0.07759446007493266,0.5806074679999256,0.7646451497051411,0.688177153461295,0.6544314596505982,0.84,0.8461364258443721
calibration,dgp1,300,10,500,5,8,SSRF-JS,1.1307732957119876,0.07383633309714951,0.5806074679999256,0.7646451497051411,0.688177153461295,0.6544314596505982,0.84,0.8461364258443721
calibration,dgp1,300,10,500,5,8,Cal-CV,1.132290984185148,0.076749859965913,3.507182938999904,0.7646451497051411,0.688177153461295,0.6544314596505982,0.84,0.8461364258443721
calibration,dgp1,300,10,500,5,8,Cal-CV-local,1.129835439100376,0.07128023209806363,3.507182938999904,0.7646451497051411,0.688177153461295,0.6544314596505982,0.84,0.8461364258443721
calibration,dgp1,300,10,500,5,8,Cal-IJ,1.1333752172711045,0.07840167965781118,0.7537378499998795,0.7646451497051411,0.688177153461295,0.6544314596505982,0.84,0.8461364258443721
calibration,dgp1,300,10,500,5,9,RF,1.2848736336149287,0.06475638031648881,0.6013709750000089,0.7958275598285641,0.7540255383720217,0.7025513857446591,0.7000000000000001,0.8964841952975027
calibration,dgp1,300,10,500,5,9,SSRF-JS,1.2644663027717864,0.04814409993232086,0.6013709750000089,0.7958275598285641,0.7540255383720217,0.7025513857446591,0.7000000000000001,0.8964841952975027
calibration,dgp1,300,10,500,5,9,Cal-CV,1.2625539523969245,0.04682966714662586,3.5238398730000426,0.7958275598285641,0.7540255383720217,0.7025513857446591,0.7000000000000001,0.8964841952975027
calibration,dgp1,300,10,500,5,9,Cal-CV-local,1.2728964345180602,0.053818151859130615,3.5238398730000426,0.7958275598285641,0.7540255383720217,0.7025513857446591,0.7000000000000001,0.8964841952975027
calibration,dgp1,300,10,500,5,9,Cal-IJ,1.2611191789693703,0.04631419365899435,0.7834255390000635,0.7958275598285641,0.7540255383720217,0.7025513857446591,0.7000000000000001,0.8964841952975027
calibration,dgp1,300,10,500,5,10,RF,1.370166608896148,0.08797809775647361,0.5831639589998758,0.8045457347481549,0.9034433147169452,0.8699821743335132,0.68,0.9587308440865339
calibration,dgp1,300,10,500,5,10,SSRF-JS,1.3443937092914826,0.07083232241985896,0.5831639589998758,0.8045457347481549,0.9034433147169452,0.8699821743335132,0.68,0.9587308440865339
calibration,dgp1,300,10,500,5,10,Cal-CV,1.35556164594027,0.0776030900613727,3.608627335999927,0.8045457347481549,0.9034433147169452,0.8699821743335132,0.68,0.9587308440865339
calibration,dgp1,300,10,500,5,10,Cal-CV-local,1.3611981814589245,0.08185841932308512,3.608627335999927,0.8045457347481549,0.9034433147169452,0.8699821743335132,0.68,0.9587308440865339
calibration,dgp1,300,10,500,5,10,Cal-IJ,1.351359696670638,0.07486700642685022,0.7496170019996953,0.8045457347481549,0.9034433147169452,0.8699821743335132,0.68,0.9587308440865339
calibration,dgp1,300,10,500,5,11,RF,1.2054965501096058,0.0750325476862548,0.5764548449999438,0.7993379999233184,0.6503071571588414,0.7588341597680344,0.9500000000000001,0.8270925258606436
calibration,dgp1,300,10,500,5,11,SSRF-JS,1.2113598182513916,0.0770121279486397,0.5764548449999438,0.7993379999233184,0.6503071571588414,0.7588341597680344,0.9500000000000001,0.8270925258606436
calibration,dgp1,300,10,500,5,11,Cal-CV,1.221765691546307,0.08431201933956338,3.364420485999972,0.7993379999233184,0.6503071571588414,0.7588341597680344,0.9500000000000001,0.8270925258606436
calibration,dgp1,300,10,500,5,11,Cal-CV-local,1.21492468012939,0.07797926155850853,3.364420485999972,0.7993379999233184,0.6503071571588414,0.7588341597680344,0.9500000000000001,0.8270925258606436
calibration,dgp1,300,10,500,5,11,Cal-IJ,1.2138773987699063,0.07859296715915678,0.7398126359998969,0.7993379999233184,0.6503071571588414,0.7588341597680344,0.9500000000000001,0.8270925258606436
calibration,dgp1,300,10,500,5,12,RF,1.28569784487565,0.06665603806080309,0.5155192590000297,0.7914748780808757,0.7697003122719424,0.792211969239911,0.81,0.891005272716272
calibration,dgp1,300,10,500,5,12,SSRF-JS,1.276783240603502,0.06093849213403361,0.5155192590000297,0.7914748780808757,0.7697003122719424,0.792211969239911,0.81,0.891005272716272
calibration,dgp1,300,10,500,5,12,Cal-CV,1.2763338159467679,0.0611301334112434,3.2911812840002312,0.7914748780808757,0.7697003122719424,0.792211969239911,0.81,0.891005272716272
calibration,dgp1,300,10,500,5,12,Cal-CV-local,1.2791509209854852,0.06252568260119197,3.2911812840002312,0.7914748780808757,0.7697003122719424,0.792211969239911,0.81,0.891005272716272
calibration,dgp1,300,10,500,5,12,Cal-IJ,1.2764792876204818,0.06090043072832261,0.6762554509998608,0.7914748780808757,0.7697003122719424,0.792211969239911,0.81,0.891005272716272
calibration,dgp1,300,10,500,5,13,RF,1.2823839099691714,0.09698991354144143,0.47246378499994535,0.8075227086172888,0.7200760335945784,0.6554197286137114,0.89,0.8786171757807706
calibration,dgp1,300,10,500,5,13,SSRF-JS,1.2788999996443209,0.09645097313480214,0.47246378499994535,0.8075227086172888,0.7200760335945784,0.6554197286137114,0.89,0.8786171757807706
calibration,dgp1,300,10,500,5,13,Cal-CV,1.280652647359139,0.09950356996258922,3.2732100089999676,0.8075227086172888,0.7200760335945784,0.6554197286137114,0.89,0.8786171757807706
calibration,dgp1,300,10,500,5,13,Cal-CV-local,1.2762798080566549,0.09505032702520153,3.2732100089999676,0.8075227086172888,0.7200760335945784,0.6554197286137114,0.89,0.8786171757807706
calibration,dgp1,300,10,500,5,13,Cal-IJ,1.2832853571410812,0.10311676306299614,0.6132395570000426,0.8075227086172888,0.7200760335945784,0.6554197286137114,0.89,0.8786171757807706
calibration,dgp1,300,10,500,5,14,RF,1.1736594039499302,0.1226393147773906,0.4919126639999831,0.8097177105887008,0.261431404556043,0.5405628421630041,0.73,0.5304441779797333
calibration,dgp1,300,10,500,5,14,SSRF-JS,1.1681366726441955,0.11606983114037037,0.4919126639999831,0.8097177105887008,0.261431404556043,0.5405628421630041,0.73,0.5304441779797333
calibration,dgp1,300,10,500,5,14,Cal-CV,1.1930512651899061,0.13811514794628185,3.356021574999886,0.8097177105887008,0.261431404556043,0.5405628421630041,0.73,0.5304441779797333
calibration,dgp1,300,10,500,5,14,Cal-CV-local,1.171988758908007,0.12089992815213502,3.356021574999886,0.8097177105887008,0.261431404556043,0.5405628421630041,0.73,0.5304441779797333
calibration,dgp1,300,10,500,5,14,Cal-IJ,1.1726096391360799,0.11915352869471323,0.6565024450001147,0.8097177105887008,0.261431404556043,0.5405628421630041,0.73,0.5304441779797333
calibration,dgp1,300,10,500,5,15,RF,1.4393589634954866,0.11114769223697823,0.5557954349999363,0.8278906699376564,0.9692223932633007,0.9813112189475081,0.65,0.988151613315654
calibration,dgp1,300,10,500,5,15,SSRF-JS,1.4198589624393887,0.09340823359024929,0.5557954349999363,0.8278906699376564,0.9692223932633007,0.9813112189475081,0.65,0.988151613315654
calibration,dgp1,300,10,500,5,15,Cal-CV,1.4349854195676417,0.10709521799868565,3.378222143999892,0.8278906699376564,0.9692223932633007,0.9813112189475081,0.65,0.988151613315654
calibration,dgp1,300,10,500,5,15,Cal-CV-local,1.4377346275762988,0.10952074705008828,3.378222143999892,0.8278906699376564,0.9692223932633007,0.9813112189475081,0.65,0.988151613315654
calibration,dgp1,300,10,500,5,15,Cal-IJ,1.4366587263899886,0.10864241509643054,0.7268540009999924,0.8278906699376564,0.9692223932633007,0.9813112189475081,0.65,0.988151613315654
calibration,dgp1,300,10,500,5,16,RF,1.2628586075457222,0.07813833874279086,0.5753051149999919,0.8134666061549055,0.8693948262658597,0.890532967657953,0.73,0.9377709554319282
calibration,dgp1,300,10,500,5,16,SSRF-JS,1.2497108697929946,0.06596848538022326,0.5753051149999919,0.8134666061549055,0.8693948262658597,0.890532967657953,0.73,0.9377709554319282
calibration,dgp1,300,10,500,5,16,Cal-CV,1.252256672598982,0.06822678236618064,3.5249059790000956,0.8134666061549055,0.8693948262658597,0.890532967657953,0.73,0.9377709554319282
calibration,dgp1,300,10,500,5,16,Cal-CV-local,1.255306958684431,0.07236526264520132,3.5249059790000956,0.8134666061549055,0.8693948262658597,0.890532967657953,0.73,0.9377709554319282
calibration,dgp1,300,10,500,5,16,Cal-IJ,1.2535392503530625,0.06939762396607782,0.7433570050000071,0.8134666061549055,0.8693948262658597,0.890532967657953,0.73,0.9377709554319282
calibration,dgp1,300,10,500,5,17,RF,1.17280363892363,0.0513264738735093,0.5730895910000982,0.8217423571874352,0.9041028463530631,0.9332893745113425,0.84,0.9595370610436106
calibration,dgp1,300,10,500,5,17,SSRF-JS,1.1712421203346777,0.04673681905478065,0.5730895910000982,0.8217423571874352,0.9041028463530631,0.9332893745113425,0.84,0.9595370610436106
calibration,dgp1,300,10,500,5,17,Cal-CV,1.1706293701131116,0.047518067091363116,3.300945461000083,0.8217423571874352,0.9041028463530631,0.9332893745113425,0.84,0.9595370610436106
calibration,dgp1,300,10,500,5,17,Cal-CV-local,1.1719304266427932,0.049162965055409756,3.300945461000083,0.8217423571874352,0.9041028463530631,0.9332893745113425,0.84,0.9595370610436106
calibration,dgp1,300,10,500,5,17,Cal-IJ,1.1709557508473554,0.0483418016271494,0.7110342809999111,0.8217423571874352,0.9041028463530631,0.9332893745113425,0.84,0.9595370610436106
calibration,dgp1,300,10,500,5,18,RF,1.2506215961692044,0.06360672298588255,0.4735382659998777,0.7621807156718557,0.3800598963060419,0.5181415348953933,0.88,0.6666082450729286
calibration,dgp1,300,10,500,5,18,SSRF-JS,1.251687003281723,0.06322228187518797,0.4735382659998777,0.7621807156718557,0.3800598963060419,0.5181415348953933,0.88,0.6666082450729286
calibration,dgp1,300,10,500,5,18,Cal-CV,1.2857246432615361,0.09550130935244382,2.8771700779998355,0.7621807156718557,0.3800598963060419,0.5181415348953933,0.88,0.6666082450729286
calibration,dgp1,300,10,500,5,18,Cal-CV-local,1.2578485370407415,0.06939661275442136,2.8771700779998355,0.7621807156718557,0.3800598963060419,0.5181415348953933,0.88,0.6666082450729286
calibration,dgp1,300,10,500,5,18,Cal-IJ,1.2687290900748773,0.07922038893711893,0.6226711449999129,0.7621807156718557,0.3800598963060419,0.5181415348953933,0.88,0.6666082450729286
calibration,dgp1,300,10,500,5,19,RF,1.4016814661524095,0.10592643766917176,0.48806905099991127,0.8103146024208279,0.8611610089498125,0.8669336306095793,0.71,0.9331021435610013
calibration,dgp1,300,10,500,5,19,SSRF-JS,1.3905223803225797,0.09451266307268194,0.48806905099991127,0.8103146024208279,0.8611610089498125,0.8669336306095793,0.71,0.9331021435610013
calibration,dgp1,300,10,500,5,19,Cal-CV,1.392458959967941,0.09643041863363172,3.299872062999839,0.8103146024208279,0.8611610089498125,0.8669336306095793,0.71,0.9331021435610013
calibration,dgp1,300,10,500,5,19,Cal-CV-local,1.3978364142152078,0.09963926349044455,3.299872062999839,0.8103146024208279,0.8611610089498125,0.8669336306095793,0.71,0.9331021435610013
calibration,dgp1,300,10,500,5,19,Cal-IJ,1.3927211194116846,0.09670395014365472,0.6408073430000059,0.8103146024208279,0.8611610089498125,0.8669336306095793,0.71,0.9331021435610013
calibration,dgp1,1200,10,10,5,0,RF,1.4963367841836444,0.11552625580236134,0.03385505200003536,0.7988617651045219,0.49957605177943193,0.10921582160149124,0.62,0.5036523366354718
calibration,dgp1,1200,10,10,5,0,SSRF-JS,1.4786087659020026,0.09043193806019027,0.03385505200003536,0.7988617651045219,0.49957605177943193,0.10921582160149124,0.62,0.5036523366354718
calibration,dgp1,1200,10,10,5,0,Cal-CV,1.487219710961491,0.08714030816352564,0.2246733540000605,0.7988617651045219,0.49957605177943193,0.10921582160149124,0.62,0.5036523366354718
calibration,dgp1,1200,10,10,5,0,Cal-CV-local,1.492271446996503,0.09365549238631521,0.2246733540000605,0.7988617651045219,0.49957605177943193,0.10921582160149124,0.62,0.5036523366354718
calibration,dgp1,1200,10,10,5,0,Cal-IJ,1.5591194078292925,0.1440091451388051,0.047166958999923736,0.7988617651045219,0.49957605177943193,0.10921582160149124,0.62,0.5036523366354718
calibration,dgp1,1200,10,10,5,1,RF,1.338211686943072,0.12451756792878699,0.03350263199990877,0.8070155510555587,0.6626552594028747,0.08175940712715724,0.59,0.6192934090067643
calibration,dgp1,1200,10,10,5,1,SSRF-JS,1.3156774269209248,0.09741137373973398,0.03350263199990877,0.8070155510555587,0.6626552594028747,0.08175940712715724,0.59,0.6192934090067643
calibration,dgp1,1200,10,10,5,1,Cal-CV,1.3106240661707853,0.08824040343491127,0.18898860299987064,0.8070155510555587,0.6626552594028747,0.08175940712715724,0.59,0.6192934090067643
calibration,dgp1,1200,10,10,5,1,Cal-CV-local,1.317818167517099,0.09281519806827464,0.18898860299987064,0.8070155510555587,0.6626552594028747,0.08175940712715724,0.59,0.6192934090067643
calibration,dgp1,1200,10,10,5,1,Cal-IJ,1.382839803020551,0.14549304971713228,0.046763357999907385,0.8070155510555587,0.6626552594028747,0.08175940712715724,0.59,0.6192934090067643
calibration,dgp1,1200,10,10,5,2,RF,1.3068129740708367,0.1399857916896401,0.037217245999954685,0.7812631768746379,0.5819561110869484,0.13018643030932017,0.55,0.5301684360976132
calibration,dgp1,1200,10,10,5,2,SSRF-JS,1.2790934365888853,0.10630868795277267,0.037217245999954685,0.7812631768746379,0.5819561110869484,0.13018643030932017,0.55,0.5301684360976132
calibration,dgp1,1200,10,10,5,2,Cal-CV,1.2728447725540837,0.09411125331088882,0.21145579099993483,0.7812631768746379,0.5819561110869484,0.13018643030932017,0.55,0.5301684360976132
calibration,dgp1,1200,10,10,5,2,Cal-CV-local,1.2755304660139024,0.09629533341987877,0.21145579099993483,0.7812631768746379,0.5819561110869484,0.13018643030932017,0.55,0.5301684360976132
calibration,dgp1,1200,10,10,5,2,Cal-IJ,1.3262124854693753,0.13461208275764944,0.051944550999905914,0.7812631768746379,0.5819561110869484,0.13018643030932017,0.55,0.5301684360976132
calibration,dgp1,1200,10,10,5,3,RF,1.3191321617557212,0.13627771557429533,0.036303765999946336,0.786013540622166,0.5561545291271891,0.14210948789005656,0.58,0.5314747740544699
calibration,dgp1,1200,10,10,5,3,SSRF-JS,1.2822123991836465,0.10446511729479804,0.036303765999946336,0.786013540622166,0.5561545291271891,0.14210948789005656,0.58,0.5314747740544699
calibration,dgp1,1200,10,10,5,3,Cal-CV,1.2641106398246327,0.09310470034441382,0.20159735399988676,0.786013540622166,0.5561545291271891,0.14210948789005656,0.58,0.5314747740544699
calibration,dgp1,1200,10,10,5,3,Cal-CV-local,1.2760661076419246,0.09797693425693964,0.20159735399988676,0.786013540622166,0.5561545291271891,0.14210948789005656,0.58,0.5314747740544699
calibration,dgp1,1200,10,10,5,3,Cal-IJ,1.2988799366189996,0.1389269778891587,0.049984682000058456,0.786013540622166,0.5561545291271891,0.14210948789005656,0.58,0.5314747740544699
calibration,dgp1,1200,10,10,5,4,RF,1.2703246990543782,0.11265289674873627,0.034962339999992764,0.8108104586803231,0.572383656273668,0.08653128406699928,0.62,0.5798280683331785
calibration,dgp1,1200,10,10,5,4,SSRF-JS,1.2525888587506173,0.09235527328768146,0.034962339999992764,0.8108104586803231,0.572383656273668,0.08653128406699928,0.62,0.5798280683331785
calibration,dgp1,1200,10,10,5,4,Cal-CV,1.2500120227417733,0.08627459532726442,0.1969651189999695,0.8108104586803231,0.572383656273668,0.08653128406699928,0.62,0.5798280683331785
calibration,dgp1,1200,10,10,5,4,Cal-CV-local,1.2576507114740256,0.09266150091249024,0.1969651189999695,0.8108104586803231,0.572383656273668,0.08653128406699928,0.62,0.5798280683331785
calibration,dgp1,1200,10,10,5,4,Cal-IJ,1.3117263330721731,0.14109721783680484,0.04929521600001863,0.8108104586803231,0.572383656273668,0.08653128406699928,0.62,0.5798280683331785
calibration,dgp1,1200,10,10,5,5,RF,1.3125911659906262,0.12960817742243871,0.03616051599988168,0.7930231651113839,0.6039042404916616,0.06873221142244156,0.59,0.5958865995311886
calibration,dgp1,1200,10,10,5,5,SSRF-JS,1.2888012354833118,0.10396272467608443,0.03616051599988168,0.7930231651113839,0.6039042404916616,0.06873221142244156,0.59,0.5958865995311886
calibration,dgp1,1200,10,10,5,5,Cal-CV,1.2821179243377423,0.09496703542622958,0.2008350739999969,0.7930231651113839,0.6039042404916616,0.06873221142244156,0.59,0.5958865995311886
calibration,dgp1,1200,10,10,5,5,Cal-CV-local,1.292443137610911,0.10120135235520657,0.2008350739999969,0.7930231651113839,0.6039042404916616,0.06873221142244156,0.59,0.5958865995311886
calibration,dgp1,1200,10,10,5,5,Cal-IJ,1.3419195772833892,0.14913736405155495,0.049857496999948125,0.7930231651113839,0.6039042404916616,0.06873221142244156,0.59,0.5958865995311886
calibration,dgp1,1200,10,10,5,6,RF,1.2095943983996664,0.1275276773971233,0.0380150109999704,0.8076596153244939,0.5550875952056065,0.19548597761884015,0.61,0.5855638194474506
calibration,dgp1,1200,10,10,5,6,SSRF-JS,1.1795861935721905,0.10220946504746807,0.0380150109999704,0.8076596153244939,0.5550875952056065,0.19548597761884015,0.61,0.5855638194474506
calibration,dgp1,1200,10,10,5,6,Cal-CV,1.1642511734917973,0.09378916681525476,0.23638622299995404,0.8076596153244939,0.5550875952056065,0.19548597761884015,0.61,0.5855638194474506
calibration,dgp1,1200,10,10,5,6,Cal-CV-local,1.1756553078820917,0.09978011126893466,0.23638622299995404,0.8076596153244939,0.5550875952056065,0.19548597761884015,0.61,0.5855638194474506
calibration,dgp1,1200,10,10,5,6,Cal-IJ,1.1919114194314193,0.1308289535325509,0.052932924000060666,0.8076596153244939,0.5550875952056065,0.19548597761884015,0.61,0.5855638194474506
calibration,dgp1,1200,10,10,5,7,RF,1.6337116781892485,0.14004377478332194,0.03750321799998346,0.7804167499031249,0.5080546117975064,0.10450157001192437,0.5700000000000001,0.4975249861365237
calibration,dgp1,1200,10,10,5,7,SSRF-JS,1.593801626272382,0.11037166439743301,0.03750321799998346,0.7804167499031249,0.5080546117975064,0.10450157001192437,0.5700000000000001,0.4975249861365237
calibration,dgp1,1200,10,10,5,7,Cal-CV,1.5731617208962854,0.10236246653609078,0.20200566099993011,0.7804167499031249,0.5080546117975064,0.10450157001192437,0.5700000000000001,0.4975249861365237
calibration,dgp1,1200,10,10,5,7,Cal-CV-local,1.5909817856529211,0.10853597503221633,0.20200566099993011,0.7804167499031249,0.5080546117975064,0.10450157001192437,0.5700000000000001,0.4975249861365237
calibration,dgp1,1200,10,10,5,7,Cal-IJ,1.6003514420623492,0.14831181652529035,0.054814621000105035,0.7804167499031249,0.5080546117975064,0.10450157001192437,0.5700000000000001,0.4975249861365237
calibration,dgp1,1200,10,10,5,8,RF,1.2428668099808835,0.16484131705900032,0.04081418999999187,0.7415849814401352,0.44578843072927615,0.1191210335025377,0.51,0.40150982930899204
calibration,dgp1,1200,10,10,5,8,SSRF-JS,1.1981661594851423,0.12264547651790261,0.04081418999999187,0.7415849814401352,0.44578843072927615,0.1191210335025377,0.51,0.40150982930899204
calibration,dgp1,1200,10,10,5,8,Cal-CV,1.1892923518577676,0.11330093550241956,0.21499046200005978,0.7415849814401352,0.44578843072927615,0.1191210335025377,0.51,0.40150982930899204
calibration,dgp1,1200,10,10,5,8,Cal-CV-local,1.1924016685607837,0.11307767731382196,0.21499046200005978,0.7415849814401352,0.44578843072927615,0.1191210335025377,0.51,0.40150982930899204
calibration,dgp1,1200,10,10,5,8,Cal-IJ,1.2195380318512412,0.14474555563823693,0.05496340600006988,0.7415849814401352,0.44578843072927615,0.1191210335025377,0.51,0.40150982930899204
calibration,dgp1,1200,10,10,5,9,RF,1.2237025761373268,0.12322407251834394,0.04022397499988983,0.7774827554938659,0.5229828619795315,0.12510474533322385,0.6,0.5523861354598871
calibration,dgp1,1200,10,10,5,9,SSRF-JS,1.2015180593645118,0.09592932113719689,0.04022397499988983,0.7774827554938659,0.5229828619795315,0.12510474533322385,0.6,0.5523861354598871
calibration,dgp1,1200,10,10,5,9,Cal-CV,1.2028433863020749,0.0908703900261813,0.2142381599996952,0.7774827554938659,0.5229828619795315,0.12510474533322385,0.6,0.5523861354598871
calibration,dgp1,1200,10,10,5,9,Cal-CV-local,1.2101211577104887,0.09726345951925947,0.2142381599996952,0.7774827554938659,0.5229828619795315,0.12510474533322385,0.6,0.5523861354598871
calibration,dgp1,1200,10,10,5,9,Cal-IJ,1.2604132576575353,0.13885275031418776,0.06143818099985765,0.7774827554938659,0.5229828619795315,0.12510474533322385,0.6,0.5523861354598871
calibration,dgp1,1200,10,10,5,10,RF,1.4385962526997298,0.13767335819647553,0.036919089999855714,0.8046946019727018,0.6183420566646548,0.08876723348580907,0.56,0.5996406698573855
calibration,dgp1,1200,10,10,5,10,SSRF-JS,1.3930638498564407,0.10239853992082933,0.036919089999855714,0.8046946019727018,0.6183420566646548,0.08876723348580907,0.56,0.5996406698573855
calibration,dgp1,1200,10,10,5,10,Cal-CV,1.3673594255901547,0.0867749129139712,0.21047853799973382,0.8046946019727018,0.6183420566646548,0.08876723348580907,0.56,0.5996406698573855
calibration,dgp1,1200,10,10,5,10,Cal-CV-local,1.3756014302624837,0.0901487363398195,0.21047853799973382,0.8046946019727018,0.6183420566646548,0.08876723348580907,0.56,0.5996406698573855
calibration,dgp1,1200,10,10,5,10,Cal-IJ,1.396001211654176,0.14363750545640222,0.0505474049998611,0.8046946019727018,0.6183420566646548,0.08876723348580907,0.56,0.5996406698573855
calibration,dgp1,1200,10,10,5,11,RF,1.273881578888719,0.14356930969174234,0.03764045899993107,0.7685131932471897,0.42797000669105867,0.031444887346783336,0.53,0.441132476757829
calibration,dgp1,1200,10,10,5,11,SSRF-JS,1.2305120931044196,0.11262144433195272,0.03764045899993107,0.7685131932471897,0.42797000669105867,0.031444887346783336,0.53,0.441132476757829
calibration,dgp1,1200,10,10,5,11,Cal-CV,1.203442943122253,0.10407459747199582,0.21609659399996417,0.7685131932471897,0.42797000669105867,0.031444887346783336,0.53,0.441132476757829
calibration,dgp1,1200,10,10,5,11,Cal-CV-local,1.2131784720314336,0.10892449193132903,0.21609659399996417,0.7685131932471897,0.42797000669105867,0.031444887346783336,0.53,0.441132476757829
calibration,dgp1,1200,10,10,5,11,Cal-IJ,1.227799076712649,0.14988073039960526,0.05059173499989811,0.7685131932471897,0.42797000669105867,0.031444887346783336,0.53,0.441132476757829
calibration,dgp1,1200,10,10,5,12,RF,1.1545352824891528,0.12480286127451516,0.038176086000021314,0.8050031090013903,0.6741994891303502,0.2306646264624747,0.58,0.6625810466029292
calibration,dgp1,1200,10,10,5,12,SSRF-JS,1.129363336920809,0.09234758262871857,0.038176086000021314,0.8050031090013903,0.6741994891303502,0.2306646264624747,0.58,0.6625810466029292
calibration,dgp1,1200,10,10,5,12,Cal-CV,1.1243901366419242,0.08161193535338025,0.20429416000001765,0.8050031090013903,0.6741994891303502,0.2306646264624747,0.58,0.6625810466029292
calibration,dgp1,1200,10,10,5,12,Cal-CV-local,1.1443316516786677,0.09060860557905119,0.20429416000001765,0.8050031090013903,0.6741994891303502,0.2306646264624747,0.58,0.6625810466029292
calibration,dgp1,1200,10,10,5,12,Cal-IJ,1.1729551047987823,0.1124167770511661,0.051307494000184306,0.8050031090013903,0.6741994891303502,0.2306646264624747,0.58,0.6625810466029292
calibration,dgp1,1200,10,10,5,13,RF,1.3002849818530624,0.12310502098533925,0.03589099500004522,0.795723059176144,0.616692981626003,0.1093923147490424,0.6,0.5926456216654956
calibration,dgp1,1200,10,10,5,13,SSRF-JS,1.2639400471113793,0.0944031649119908,0.03589099500004522,0.795723059176144,0.616692981626003,0.1093923147490424,0.6,0.5926456216654956
calibration,dgp1,1200,10,10,5,13,Cal-CV,1.2490548924122846,0.08575538562259717,0.19639921499992852,0.795723059176144,0.616692981626003,0.1093923147490424,0.6,0.5926456216654956
calibration,dgp1,1200,10,10,5,13,Cal-CV-local,1.2604891704287586,0.09383313580582323,0.19639921499992852,0.795723059176144,0.616692981626003,0.1093923147490424,0.6,0.5926456216654956
calibration,dgp1,1200,10,10,5,13,Cal-IJ,1.2876986276799898,0.1427696783619947,0.04910698300000149,0.795723059176144,0.616692981626003,0.1093923147490424,0.6,0.5926456216654956
calibration,dgp1,1200,10,10,5,14,RF,1.395297180725964,0.137255110918861,0.03448012600006223,0.7967364105447631,0.6382983991514821,0.2662480890188473,0.5700000000000001,0.6630936807183121
calibration,dgp1,1200,10,10,5,14,SSRF-JS,1.3610448860337365,0.10380386165768767,0.03448012600006223,0.7967364105447631,0.6382983991514821,0.2662480890188473,0.5700000000000001,0.6630936807183121
calibration,dgp1,1200,10,10,5,14,Cal-CV,1.3485334192361107,0.09178103522216373,0.19276879500012,0.7967364105447631,0.6382983991514821,0.2662480890188473,0.5700000000000001,0.6630936807183121
calibration,dgp1,1200,10,10,5,14,Cal-CV-local,1.3583693602266382,0.0975824851457555,0.19276879500012,0.7967364105447631,0.6382983991514821,0.2662480890188473,0.5700000000000001,0.6630936807183121
calibration,dgp1,1200,10,10,5,14,Cal-IJ,1.3682961186670524,0.11287031987747728,0.047857573999863234,0.7967364105447631,0.6382983991514821,0.2662480890188473,0.5700000000000001,0.6630936807183121
calibration,dgp1,1200,10,10,5,15,RF,1.449103595210788,0.126549350543739,0.03620564299990292,0.7829053575537054,0.49137674333216186,0.08785031196279397,0.6,0.4905617557883376
calibration,dgp1,1200,10,10,5,15,SSRF-JS,1.424949687604998,0.0971804358708586,0.03620564299990292,0.7829053575537054,0.49137674333216186,0.08785031196279397,0.6,0.4905617557883376
calibration,dgp1,1200,10,10,5,15,Cal-CV,1.4274512544350666,0.09193921068636897,0.20029576100000668,0.7829053575537054,0.49137674333216186,0.08785031196279397,0.6,0.4905617557883376
calibration,dgp1,1200,10,10,5,15,Cal-CV-local,1.4271068506487423,0.09498724135562701,0.20029576100000668,0.7829053575537054,0.49137674333216186,0.08785031196279397,0.6,0.4905617557883376
calibration,dgp1,1200,10,10,5,15,Cal-IJ,1.4966059344904172,0.15081356172948596,0.049514148999833196,0.7829053575537054,0.49137674333216186,0.08785031196279397,0.6,0.4905617557883376
calibration,dgp1,1200,10,10,5,16,RF,1.3172049524693579,0.14867217756521597,0.03815692500006662,0.7920545521904818,0.6222773737408481,0.09508448281387792,0.56,0.6142974446717918
calibration,dgp1,1200,10,10,5,16,SSRF-JS,1.2948934323772487,0.12046806367388899,0.03815692500006662,0.7920545521904818,0.6222773737408481,0.09508448281387792,0.56,0.6142974446717918
calibration,dgp1,1200,10,10,5,16,Cal-CV,1.2893288261103424,0.11036735242195657,0.21942698000020755,0.7920545521904818,0.6222773737408481,0.09508448281387792,0.56,0.6142974446717918
calibration,dgp1,1200,10,10,5,16,Cal-CV-local,1.2949550116345498,0.11171522941696235,0.21942698000020755,0.7920545521904818,0.6222773737408481,0.09508448281387792,0.56,0.6142974446717918
calibration,dgp1,1200,10,10,5,16,Cal-IJ,1.345669288834157,0.15215233056937194,0.05159914400019261,0.7920545521904818,0.6222773737408481,0.09508448281387792,0.56,0.6142974446717918
calibration,dgp1,1200,10,10,5,17,RF,1.2946796828499665,0.12383014633338318,0.035298934999900666,0.8097763742041311,0.64603508262235,0.153366575502626,0.5700000000000001,0.6487465081073943
calibration,dgp1,1200,10,10,5,17,SSRF-JS,1.2633597967534558,0.09078292843948771,0.035298934999900666,0.8097763742041311,0.64603508262235,0.153366575502626,0.5700000000000001,0.6487465081073943
calibration,dgp1,1200,10,10,5,17,Cal-CV,1.2507892035153356,0.0770409733113986,0.20520619099988835,0.8097763742041311,0.64603508262235,0.153366575502626,0.5700000000000001,0.6487465081073943
calibration,dgp1,1200,10,10,5,17,Cal-CV-local,1.249188691259047,0.08476394250282805,0.20520619099988835,0.8097763742041311,0.64603508262235,0.153366575502626,0.5700000000000001,0.6487465081073943
calibration,dgp1,1200,10,10,5,17,Cal-IJ,1.2973099769737295,0.11952718000502406,0.04869332999987819,0.8097763742041311,0.64603508262235,0.153366575502626,0.5700000000000001,0.6487465081073943
calibration,dgp1,1200,10,10,5,18,RF,1.3429096633156001,0.1268017022537726,0.036348792000126195,0.7935297843455349,0.48156885625427565,0.16311795167157636,0.58,0.504068209405668
calibration,dgp1,1200,10,10,5,18,SSRF-JS,1.303613176927741,0.09772562427400608,0.036348792000126195,0.7935297843455349,0.48156885625427565,0.16311795167157636,0.58,0.504068209405668
calibration,dgp1,1200,10,10,5,18,Cal-CV,1.2798214548360975,0.08930920207660252,0.20733966000011606,0.7935297843455349,0.48156885625427565,0.16311795167157636,0.58,0.504068209405668
calibration,dgp1,1200,10,10,5,18,Cal-CV-local,1.2875544164670665,0.09782336957689772,0.20733966000011606,0.7935297843455349,0.48156885625427565,0.16311795167157636,0.58,0.504068209405668
calibration,dgp1,1200,10,10,5,18,Cal-IJ,1.3000585697898734,0.12526870670670281,0.049826791999976194,0.7935297843455349,0.48156885625427565,0.16311795167157636,0.58,0.504068209405668
calibration,dgp1,1200,10,10,5,19,RF,1.2732021642894702,0.12386998442225676,0.0373124430000189,0.791995119484126,0.5193180748132926,0.1342257545566311,0.6,0.5001109193732901
calibration,dgp1,1200,10,10,5,19,SSRF-JS,1.2512761740809297,0.09628415645435115,0.0373124430000189,0.791995119484126,0.5193180748132926,0.1342257545566311,0.6,0.5001109193732901
calibration,dgp1,1200,10,10,5,19,Cal-CV,1.2519781620593526,0.08958622134884402,0.21263307100002748,0.791995119484126,0.5193180748132926,0.1342257545566311,0.6,0.5001109193732901
calibration,dgp1,1200,10,10,5,19,Cal-CV-local,1.2567749029900233,0.09588074172417589,0.21263307100002748,0.791995119484126,0.5193180748132926,0.1342257545566311,0.6,0.5001109193732901
calibration,dgp1,1200,10,10,5,19,Cal-IJ,1.310485805796819,0.13763120081369742,0.057096037000064825,0.791995119484126,0.5193180748132926,0.1342257545566311,0.6,0.5001109193732901
calibration,dgp1,1200,10,100,5,0,RF,1.2473275875106793,0.0658980636669103,0.3874336169999424,0.8073571218835464,0.8361985871719251,0.8488606269847337,0.78,0.8602448914340306
calibration,dgp1,1200,10,100,5,0,SSRF-JS,1.247679538000426,0.05765200602759361,0.3874336169999424,0.8073571218835464,0.8361985871719251,0.8488606269847337,0.78,0.8602448914340306
calibration,dgp1,1200,10,100,5,0,Cal-CV,1.246950076571546,0.05804309169674169,2.077427426999975,0.8073571218835464,0.8361985871719251,0.8488606269847337,0.78,0.8602448914340306
calibration,dgp1,1200,10,100,5,0,Cal-CV-local,1.2482446077716767,0.059025568041395825,2.077427426999975,0.8073571218835464,0.8361985871719251,0.8488606269847337,0.78,0.8602448914340306
calibration,dgp1,1200,10,100,5,0,Cal-IJ,1.246650446188231,0.05832147775198492,0.4620763299999453,0.8073571218835464,0.8361985871719251,0.8488606269847337,0.78,0.8602448914340306
calibration,dgp1,1200,10,100,5,1,RF,1.3829929397873406,0.05334168951504561,0.3541577050000342,0.7979085526931051,0.8765432509974773,0.8254522283155663,0.84,0.8927999664838129
calibration,dgp1,1200,10,100,5,1,SSRF-JS,1.3825181549457386,0.049832327396330055,0.3541577050000342,0.7979085526931051,0.8765432509974773,0.8254522283155663,0.84,0.8927999664838129
calibration,dgp1,1200,10,100,5,1,Cal-CV,1.3813595740532565,0.049753326720431666,1.872025813000164,0.7979085526931051,0.8765432509974773,0.8254522283155663,0.84,0.8927999664838129
calibration,dgp1,1200,10,100,5,1,Cal-CV-local,1.3804101602552394,0.04975227108403452,1.872025813000164,0.7979085526931051,0.8765432509974773,0.8254522283155663,0.84,0.8927999664838129
calibration,dgp1,1200,10,100,5,1,Cal-IJ,1.3820559335862115,0.049640635310691295,0.4193773810000039,0.7979085526931051,0.8765432509974773,0.8254522283155663,0.84,0.8927999664838129
calibration,dgp1,1200,10,100,5,2,RF,1.2372872964213169,0.05571923794048651,0.3379959680000866,0.799143836464927,0.8169855625833007,0.7113675497588634,0.81,0.8393431097783955
calibration,dgp1,1200,10,100,5,2,SSRF-JS,1.2236081406876103,0.04922229356115038,0.3379959680000866,0.799143836464927,0.8169855625833007,0.7113675497588634,0.81,0.8393431097783955
calibration,dgp1,1200,10,100,5,2,Cal-CV,1.224098977051608,0.04925382711556353,1.839724728000192,0.799143836464927,0.8169855625833007,0.7113675497588634,0.81,0.8393431097783955
calibration,dgp1,1200,10,100,5,2,Cal-CV-local,1.2226398649126968,0.049525920972145976,1.839724728000192,0.799143836464927,0.8169855625833007,0.7113675497588634,0.81,0.8393431097783955
calibration,dgp1,1200,10,100,5,2,Cal-IJ,1.2219323294278042,0.05096698400840521,0.4044852230001652,0.799143836464927,0.8169855625833007,0.7113675497588634,0.81,0.8393431097783955
calibration,dgp1,1200,10,100,5,3,RF,1.1957462766697344,0.04963946537595755,0.3458530679999967,0.8089850344971606,0.8061013862276168,0.8452011780856673,0.84,0.8440922516612878
calibration,dgp1,1200,10,100,5,3,SSRF-JS,1.1983846908795899,0.04564987416036711,0.3458530679999967,0.8089850344971606,0.8061013862276168,0.8452011780856673,0.84,0.8440922516612878
calibration,dgp1,1200,10,100,5,3,Cal-CV,1.1985473444601789,0.045670532070526605,1.8514456559998962,0.8089850344971606,0.8061013862276168,0.8452011780856673,0.84,0.8440922516612878
calibration,dgp1,1200,10,100,5,3,Cal-CV-local,1.1987619182608689,0.04770446299475401,1.8514456559998962,0.8089850344971606,0.8061013862276168,0.8452011780856673,0.84,0.8440922516612878
calibration,dgp1,1200,10,100,5,3,Cal-IJ,1.196988654986246,0.04547701807968531,0.4083432109998739,0.8089850344971606,0.8061013862276168,0.8452011780856673,0.84,0.8440922516612878
calibration,dgp1,1200,10,100,5,4,RF,1.1916932910138502,0.06408792842152884,0.3475738470001488,0.8059306914734218,0.9141585355065628,0.8264438810294201,0.76,0.9323675631281928
calibration,dgp1,1200,10,100,5,4,SSRF-JS,1.1783932412836353,0.053598322171245674,0.3475738470001488,0.8059306914734218,0.9141585355065628,0.8264438810294201,0.76,0.9323675631281928
calibration,dgp1,1200,10,100,5,4,Cal-CV,1.1840663163614844,0.0576954459616542,1.8821532060001118,0.8059306914734218,0.9141585355065628,0.8264438810294201,0.76,0.9323675631281928
calibration,dgp1,1200,10,100,5,4,Cal-CV-local,1.1839188416871314,0.05957052861723372,1.8821532060001118,0.8059306914734218,0.9141585355065628,0.8264438810294201,0.76,0.9323675631281928
calibration,dgp1,1200,10,100,5,4,Cal-IJ,1.1791259200892121,0.054016480359956896,0.41789189199994325,0.8059306914734218,0.9141585355065628,0.8264438810294201,0.76,0.9323675631281928
calibration,dgp1,1200,10,100,5,5,RF,1.2723259312847834,0.07680030590950478,0.3699870559998999,0.7603725171307603,0.8176855576218498,0.4964955609331207,0.81,0.8345660844253598
calibration,dgp1,1200,10,100,5,5,SSRF-JS,1.2686408898564328,0.07208234709871122,0.3699870559998999,0.7603725171307603,0.8176855576218498,0.4964955609331207,0.81,0.8345660844253598
calibration,dgp1,1200,10,100,5,5,Cal-CV,1.268120647279041,0.07176756066438282,2.0247823350000544,0.7603725171307603,0.8176855576218498,0.4964955609331207,0.81,0.8345660844253598
calibration,dgp1,1200,10,100,5,5,Cal-CV-local,1.2730669601472404,0.07405315936077288,2.0247823350000544,0.7603725171307603,0.8176855576218498,0.4964955609331207,0.81,0.8345660844253598
calibration,dgp1,1200,10,100,5,5,Cal-IJ,1.2826419278481833,0.08483107261536477,0.443033110999977,0.7603725171307603,0.8176855576218498,0.4964955609331207,0.81,0.8345660844253598
calibration,dgp1,1200,10,100,5,6,RF,1.3163242445694419,0.06882821382732437,0.3573584570001458,0.803536071239429,0.9094662349180208,0.8321819632278362,0.79,0.927812355386698
calibration,dgp1,1200,10,100,5,6,SSRF-JS,1.3033144838543502,0.061179589521193845,0.3573584570001458,0.803536071239429,0.9094662349180208,0.8321819632278362,0.79,0.927812355386698
calibration,dgp1,1200,10,100,5,6,Cal-CV,1.308645729635641,0.0636131879255798,1.9161146390001704,0.803536071239429,0.9094662349180208,0.8321819632278362,0.79,0.927812355386698
calibration,dgp1,1200,10,100,5,6,Cal-CV-local,1.3108015386915224,0.06509870826370372,1.9161146390001704,0.803536071239429,0.9094662349180208,0.8321819632278362,0.79,0.927812355386698
calibration,dgp1,1200,10,100,5,6,Cal-IJ,1.3043280109759485,0.06139843002850239,0.4251442300001145,0.803536071239429,0.9094662349180208,0.8321819632278362,0.79,0.927812355386698
calibration,dgp1,1200,10,100,5,7,RF,1.3080085777012633,0.06911967888955303,0.36419901999988724,0.792590874963708,0.7823695517345807,0.7194075918595413,0.8,0.8270662802649784
calibration,dgp1,1200,10,100,5,7,SSRF-JS,1.3013999705763686,0.06337415043008383,0.36419901999988724,0.792590874963708,0.7823695517345807,0.7194075918595413,0.8,0.8270662802649784
calibration,dgp1,1200,10,100,5,7,Cal-CV,1.3015342084308519,0.06335572996535958,1.9960044760000528,0.792590874963708,0.7823695517345807,0.7194075918595413,0.8,0.8270662802649784
calibration,dgp1,1200,10,100,5,7,Cal-CV-local,1.3086475766214873,0.06486448529903552,1.9960044760000528,0.792590874963708,0.7823695517345807,0.7194075918595413,0.8,0.8270662802649784
calibration,dgp1,1200,10,100,5,7,Cal-IJ,1.3022268715012515,0.06425392244439414,0.4344512319999012,0.792590874963708,0.7823695517345807,0.7194075918595413,0.8,0.8270662802649784
calibration,dgp1,1200,10,100,5,8,RF,1.2749409612967675,0.059081447757509474,0.36056343199993535,0.7932549256287069,0.7374610643736728,0.632727870919492,0.84,0.7688536466740876
calibration,dgp1,1200,10,100,5,8,SSRF-JS,1.274951067539339,0.055455026784291754,0.36056343199993535,0.7932549256287069,0.7374610643736728,0.632727870919492,0.84,0.7688536466740876
calibration,dgp1,1200,10,100,5,8,Cal-CV,1.2769024359401098,0.05666502757445352,1.7099775510000654,0.7932549256287069,0.7374610643736728,0.632727870919492,0.84,0.7688536466740876
calibration,dgp1,1200,10,100,5,8,Cal-CV-local,1.2746117920172007,0.056980449541086824,1.7099775510000654,0.7932549256287069,0.7374610643736728,0.632727870919492,0.84,0.7688536466740876
calibration,dgp1,1200,10,100,5,8,Cal-IJ,1.283472599293632,0.06148874175965937,0.4180965529999412,0.7932549256287069,0.7374610643736728,0.632727870919492,0.84,0.7688536466740876
calibration,dgp1,1200,10,100,5,9,RF,1.4431783280842003,0.0636870199386691,0.2869220510001469,0.7819966113058295,0.7278646951427025,0.44668039026127054,0.8300000000000001,0.7668856234636608
calibration,dgp1,1200,10,100,5,9,SSRF-JS,1.4388420489031797,0.05913082568663966,0.2869220510001469,0.7819966113058295,0.7278646951427025,0.44668039026127054,0.8300000000000001,0.7668856234636608
calibration,dgp1,1200,10,100,5,9,Cal-CV,1.4401242079687266,0.06050968441673927,1.7050622980000298,0.7819966113058295,0.7278646951427025,0.44668039026127054,0.8300000000000001,0.7668856234636608
calibration,dgp1,1200,10,100,5,9,Cal-CV-local,1.4411748027185407,0.06188955726183528,1.7050622980000298,0.7819966113058295,0.7278646951427025,0.44668039026127054,0.8300000000000001,0.7668856234636608
calibration,dgp1,1200,10,100,5,9,Cal-IJ,1.4630679955125578,0.08332615941494863,0.35197611400030837,0.7819966113058295,0.7278646951427025,0.44668039026127054,0.8300000000000001,0.7668856234636608
calibration,dgp1,1200,10,100,5,10,RF,1.1871066936221224,0.05946676536299011,0.37238479999996343,0.8043696716193851,0.8056137829560917,0.6250955879405704,0.87,0.8452664616515252
calibration,dgp1,1200,10,100,5,10,SSRF-JS,1.173639629982927,0.057747582132088575,0.37238479999996343,0.8043696716193851,0.8056137829560917,0.6250955879405704,0.87,0.8452664616515252
calibration,dgp1,1200,10,100,5,10,Cal-CV,1.1734556582769573,0.057709202529272544,1.9740177720000247,0.8043696716193851,0.8056137829560917,0.6250955879405704,0.87,0.8452664616515252
calibration,dgp1,1200,10,100,5,10,Cal-CV-local,1.1765458704346217,0.05883875641539143,1.9740177720000247,0.8043696716193851,0.8056137829560917,0.6250955879405704,0.87,0.8452664616515252
calibration,dgp1,1200,10,100,5,10,Cal-IJ,1.1712487127854998,0.06654721805862752,0.44057406699994317,0.8043696716193851,0.8056137829560917,0.6250955879405704,0.87,0.8452664616515252
calibration,dgp1,1200,10,100,5,11,RF,1.1704544336669145,0.07362552458073786,0.3567063339999095,0.7753466761548453,0.7072475073850396,0.4466963526707034,0.89,0.7485554989518638
calibration,dgp1,1200,10,100,5,11,SSRF-JS,1.1758746495140922,0.07352373541253791,0.3567063339999095,0.7753466761548453,0.7072475073850396,0.4466963526707034,0.89,0.7485554989518638
calibration,dgp1,1200,10,100,5,11,Cal-CV,1.1800276813300064,0.07620971686123865,1.969728692999979,0.7753466761548453,0.7072475073850396,0.4466963526707034,0.89,0.7485554989518638
calibration,dgp1,1200,10,100,5,11,Cal-CV-local,1.18063045082434,0.07647690083823018,1.969728692999979,0.7753466761548453,0.7072475073850396,0.4466963526707034,0.89,0.7485554989518638
calibration,dgp1,1200,10,100,5,11,Cal-IJ,1.2066315114887205,0.09659325344010784,0.42482718699989164,0.7753466761548453,0.7072475073850396,0.4466963526707034,0.89,0.7485554989518638
calibration,dgp1,1200,10,100,5,12,RF,1.0751409374274716,0.05875947520812414,0.35497966399998404,0.7668728102483402,0.7847965140272406,0.6363833734435271,0.89,0.8232181852036653
calibration,dgp1,1200,10,100,5,12,SSRF-JS,1.0794321659142085,0.05894794898444808,0.35497966399998404,0.7668728102483402,0.7847965140272406,0.6363833734435271,0.89,0.8232181852036653
calibration,dgp1,1200,10,100,5,12,Cal-CV,1.0785958125868114,0.0584529122839206,1.8004938440001297,0.7668728102483402,0.7847965140272406,0.6363833734435271,0.89,0.8232181852036653
calibration,dgp1,1200,10,100,5,12,Cal-CV-local,1.0787464831185924,0.05909795150296454,1.8004938440001297,0.7668728102483402,0.7847965140272406,0.6363833734435271,0.89,0.8232181852036653
calibration,dgp1,1200,10,100,5,12,Cal-IJ,1.088318370294701,0.0655814281872992,0.4526729990000149,0.7668728102483402,0.7847965140272406,0.6363833734435271,0.89,0.8232181852036653
calibration,dgp1,1200,10,100,5,13,RF,1.3004103603382022,0.07745336556424386,0.37412990400002855,0.8057022339027271,0.7945186458258775,0.7054453739265669,0.8300000000000001,0.8337741691032667
calibration,dgp1,1200,10,100,5,13,SSRF-JS,1.2952203563328557,0.07347267687887288,0.37412990400002855,0.8057022339027271,0.7945186458258775,0.7054453739265669,0.8300000000000001,0.8337741691032667
calibration,dgp1,1200,10,100,5,13,Cal-CV,1.2952931444528808,0.0735618758861829,1.8537340709999626,0.8057022339027271,0.7945186458258775,0.7054453739265669,0.8300000000000001,0.8337741691032667
calibration,dgp1,1200,10,100,5,13,Cal-CV-local,1.2959120817350724,0.0754890473207768,1.8537340709999626,0.8057022339027271,0.7945186458258775,0.7054453739265669,0.8300000000000001,0.8337741691032667
calibration,dgp1,1200,10,100,5,13,Cal-IJ,1.2966495807215395,0.07544964719578606,0.44189359000006334,0.8057022339027271,0.7945186458258775,0.7054453739265669,0.8300000000000001,0.8337741691032667
calibration,dgp1,1200,10,100,5,14,RF,1.2550616502686773,0.06123737214623033,0.39462046999983613,0.7964193111859973,0.6552313037949421,0.45745515405570825,0.99,0.7136744685404574
calibration,dgp1,1200,10,100,5,14,SSRF-JS,1.2605061819200656,0.06558454393813605,0.39462046999983613,0.7964193111859973,0.6552313037949421,0.45745515405570825,0.99,0.7136744685404574
calibration,dgp1,1200,10,100,5,14,Cal-CV,1.2696367226330096,0.07403123860102119,1.9594790989997364,0.7964193111859973,0.6552313037949421,0.45745515405570825,0.99,0.7136744685404574
calibration,dgp1,1200,10,100,5,14,Cal-CV-local,1.2644240308271544,0.0735604340255974,1.9594790989997364,0.7964193111859973,0.6552313037949421,0.45745515405570825,0.99,0.7136744685404574
calibration,dgp1,1200,10,100,5,14,Cal-IJ,1.289981409645476,0.09335413897636068,0.4552822189998551,0.7964193111859973,0.6552313037949421,0.45745515405570825,0.99,0.7136744685404574
calibration,dgp1,1200,10,100,5,15,RF,1.2418048626334872,0.071690244056631,0.2937018940001508,0.7799923168566865,0.6932972330544169,0.4887360842076452,0.92,0.7516588450636046
calibration,dgp1,1200,10,100,5,15,SSRF-JS,1.248949476205678,0.0729704459855897,0.2937018940001508,0.7799923168566865,0.6932972330544169,0.4887360842076452,0.92,0.7516588450636046
calibration,dgp1,1200,10,100,5,15,Cal-CV,1.254504496972691,0.07638625658946423,1.6187423500000477,0.7799923168566865,0.6932972330544169,0.4887360842076452,0.92,0.7516588450636046
calibration,dgp1,1200,10,100,5,15,Cal-CV-local,1.2547376524084375,0.07579310004658928,1.6187423500000477,0.7799923168566865,0.6932972330544169,0.4887360842076452,0.92,0.7516588450636046
calibration,dgp1,1200,10,100,5,15,Cal-IJ,1.2745653819653073,0.09110897626994101,0.3559787080002934,0.7799923168566865,0.6932972330544169,0.4887360842076452,0.92,0.7516588450636046
calibration,dgp1,1200,10,100,5,16,RF,1.2642834970723484,0.06066591190316249,0.33052943899997445,0.7785022395622367,0.822474672036507,0.746437198224277,0.84,0.8642404488685206
calibration,dgp1,1200,10,100,5,16,SSRF-JS,1.2605227240046093,0.05663427563452306,0.33052943899997445,0.7785022395622367,0.822474672036507,0.746437198224277,0.84,0.8642404488685206
calibration,dgp1,1200,10,100,5,16,Cal-CV,1.259874431582177,0.05607317493812908,1.776339302999986,0.7785022395622367,0.822474672036507,0.746437198224277,0.84,0.8642404488685206
calibration,dgp1,1200,10,100,5,16,Cal-CV-local,1.2619540887280472,0.05850577003718656,1.776339302999986,0.7785022395622367,0.822474672036507,0.746437198224277,0.84,0.8642404488685206
calibration,dgp1,1200,10,100,5,16,Cal-IJ,1.2613526795569316,0.05747275292747877,0.39299042199991163,0.7785022395622367,0.822474672036507,0.746437198224277,0.84,0.8642404488685206
calibration,dgp1,1200,10,100,5,17,RF,1.2930994700369844,0.0499182252799034,0.33225498699994205,0.8046888327734913,0.8238646483411629,0.8356199352137069,0.85,0.8644500459402531
calibration,dgp1,1200,10,100,5,17,SSRF-JS,1.2949435268975147,0.046795039555518766,0.33225498699994205,0.8046888327734913,0.8238646483411629,0.8356199352137069,0.85,0.8644500459402531
calibration,dgp1,1200,10,100,5,17,Cal-CV,1.2941889363450072,0.04658285543380663,1.7737145280000277,0.8046888327734913,0.8238646483411629,0.8356199352137069,0.85,0.8644500459402531
calibration,dgp1,1200,10,100,5,17,Cal-CV-local,1.2929889822116387,0.047092055063707616,1.7737145280000277,0.8046888327734913,0.8238646483411629,0.8356199352137069,0.85,0.8644500459402531
calibration,dgp1,1200,10,100,5,17,Cal-IJ,1.2938049291427594,0.046494162135700116,0.4021105689998876,0.8046888327734913,0.8238646483411629,0.8356199352137069,0.85,0.8644500459402531
calibration,dgp1,1200,10,100,5,18,RF,1.2673477203057528,0.06282213859978435,0.34379257400019014,0.7805965546017012,0.748879111799512,0.6645858160006753,0.8,0.7997200822671856
calibration,dgp1,1200,10,100,5,18,SSRF-JS,1.2550284415205724,0.055554589588891444,0.34379257400019014,0.7805965546017012,0.748879111799512,0.6645858160006753,0.8,0.7997200822671856
calibration,dgp1,1200,10,100,5,18,Cal-CV,1.2547551723427521,0.055870887367876584,1.8121923280002648,0.7805965546017012,0.748879111799512,0.6645858160006753,0.8,0.7997200822671856
calibration,dgp1,1200,10,100,5,18,Cal-CV-local,1.254902738275629,0.058219257586789204,1.8121923280002648,0.7805965546017012,0.748879111799512,0.6645858160006753,0.8,0.7997200822671856
calibration,dgp1,1200,10,100,5,18,Cal-IJ,1.2556903313058339,0.05869965023404495,0.4057714850002867,0.7805965546017012,0.748879111799512,0.6645858160006753,0.8,0.7997200822671856
calibration,dgp1,1200,10,100,5,19,RF,1.2510926527546085,0.06535387463922739,0.35085546300001624,0.7922155176440058,0.6211973149134546,0.45652079262509065,0.9400000000000001,0.6820704913679506
calibration,dgp1,1200,10,100,5,19,SSRF-JS,1.259095066294742,0.06732983918050282,0.35085546300001624,0.7922155176440058,0.6211973149134546,0.45652079262509065,0.9400000000000001,0.6820704913679506
calibration,dgp1,1200,10,100,5,19,Cal-CV,1.2734961890517995,0.07669962397215493,1.9045047480001358,0.7922155176440058,0.6211973149134546,0.45652079262509065,0.9400000000000001,0.6820704913679506
calibration,dgp1,1200,10,100,5,19,Cal-CV-local,1.2756929480957249,0.07523226345464981,1.9045047480001358,0.7922155176440058,0.6211973149134546,0.45652079262509065,0.9400000000000001,0.6820704913679506
calibration,dgp1,1200,10,100,5,19,Cal-IJ,1.2936775370208755,0.09207383098586946,0.4231044480000037,0.7922155176440058,0.6211973149134546,0.45652079262509065,0.9400000000000001,0.6820704913679506
calibration,dgp1,1200,10,500,5,0,RF,1.4389026946303183,0.049954591669226396,1.6952312540001913,0.7988652926560039,0.7440300775381978,0.7860312810501833,0.92,0.8812641941558119
calibration,dgp1,1200,10,500,5,0,SSRF-JS,1.4361834510281621,0.050878412767690784,1.6952312540001913,0.7988652926560039,0.7440300775381978,0.7860312810501833,0.92,0.8812641941558119
calibration,dgp1,1200,10,500,5,0,Cal-CV,1.4372993184940255,0.05304009115291969,9.029408241000283,0.7988652926560039,0.7440300775381978,0.7860312810501833,0.92,0.8812641941558119
calibration,dgp1,1200,10,500,5,0,Cal-CV-local,1.4354932231051047,0.04961322664053269,9.029408241000283,0.7988652926560039,0.7440300775381978,0.7860312810501833,0.92,0.8812641941558119
calibration,dgp1,1200,10,500,5,0,Cal-IJ,1.4363418756691453,0.05131326723332585,2.0042253290000644,0.7988652926560039,0.7440300775381978,0.7860312810501833,0.92,0.8812641941558119
calibration,dgp1,1200,10,500,5,1,RF,1.3052548605768952,0.04772464023636163,1.7718353600000682,0.7979085159451247,0.7810233882676607,0.8295902752758808,0.93,0.8982837948826955
calibration,dgp1,1200,10,500,5,1,SSRF-JS,1.3027018258026841,0.04916730283697037,1.7718353600000682,0.7979085159451247,0.7810233882676607,0.8295902752758808,0.93,0.8982837948826955
calibration,dgp1,1200,10,500,5,1,Cal-CV,1.3030697739085866,0.04983384159743694,9.520952635999947,0.7979085159451247,0.7810233882676607,0.8295902752758808,0.93,0.8982837948826955
calibration,dgp1,1200,10,500,5,1,Cal-CV-local,1.299361881497836,0.04699545351811068,9.520952635999947,0.7979085159451247,0.7810233882676607,0.8295902752758808,0.93,0.8982837948826955
calibration,dgp1,1200,10,500,5,1,Cal-IJ,1.3024175096937998,0.048229145979798785,2.1348585960001856,0.7979085159451247,0.7810233882676607,0.8295902752758808,0.93,0.8982837948826955
calibration,dgp1,1200,10,500,5,2,RF,1.1425351900789027,0.04419803952393577,1.826556243000141,0.7955750937240942,0.8191144490090138,0.7611665916692192,0.9500000000000001,0.9288244817991893
calibration,dgp1,1200,10,500,5,2,SSRF-JS,1.1431937484390007,0.04721396805683489,1.826556243000141,0.7955750937240942,0.8191144490090138,0.7611665916692192,0.9500000000000001,0.9288244817991893
calibration,dgp1,1200,10,500,5,2,Cal-CV,1.1425670001181736,0.04629458616979754,9.14613523800017,0.7955750937240942,0.8191144490090138,0.7611665916692192,0.9500000000000001,0.9288244817991893
calibration,dgp1,1200,10,500,5,2,Cal-CV-local,1.1421806801422185,0.04429244711576896,9.14613523800017,0.7955750937240942,0.8191144490090138,0.7611665916692192,0.9500000000000001,0.9288244817991893
calibration,dgp1,1200,10,500,5,2,Cal-IJ,1.1444586350694383,0.04884767286039403,2.1666734750001524,0.7955750937240942,0.8191144490090138,0.7611665916692192,0.9500000000000001,0.9288244817991893
calibration,dgp1,1200,10,500,5,3,RF,1.2829670717824282,0.05822504343853473,1.841816609000034,0.7979732312060636,0.9128524241787614,0.8380958573675252,0.91,0.9659884133179635
calibration,dgp1,1200,10,500,5,3,SSRF-JS,1.2818941701809285,0.05867671830124749,1.841816609000034,0.7979732312060636,0.9128524241787614,0.8380958573675252,0.91,0.9659884133179635
calibration,dgp1,1200,10,500,5,3,Cal-CV,1.2813006659506745,0.05722774863537463,9.585723671000096,0.7979732312060636,0.9128524241787614,0.8380958573675252,0.91,0.9659884133179635
calibration,dgp1,1200,10,500,5,3,Cal-CV-local,1.2824079399511776,0.05765155819750457,9.585723671000096,0.7979732312060636,0.9128524241787614,0.8380958573675252,0.91,0.9659884133179635
calibration,dgp1,1200,10,500,5,3,Cal-IJ,1.2813174747556262,0.057818531447541587,2.16861582599995,0.7979732312060636,0.9128524241787614,0.8380958573675252,0.91,0.9659884133179635
calibration,dgp1,1200,10,500,5,4,RF,1.2715707738886535,0.05382166002197989,1.8310053819998302,0.7940205152632889,0.8447571336276554,0.8594622601657362,0.85,0.9331664903057135
calibration,dgp1,1200,10,500,5,4,SSRF-JS,1.2715018577318558,0.05129561862604582,1.8310053819998302,0.7940205152632889,0.8447571336276554,0.8594622601657362,0.85,0.9331664903057135
calibration,dgp1,1200,10,500,5,4,Cal-CV,1.2704321011475437,0.050852840313358946,9.199191527999801,0.7940205152632889,0.8447571336276554,0.8594622601657362,0.85,0.9331664903057135
calibration,dgp1,1200,10,500,5,4,Cal-CV-local,1.2695356920687821,0.05118250651538412,9.199191527999801,0.7940205152632889,0.8447571336276554,0.8594622601657362,0.85,0.9331664903057135
calibration,dgp1,1200,10,500,5,4,Cal-IJ,1.2702514600423138,0.050845556885486,2.1687976499997603,0.7940205152632889,0.8447571336276554,0.8594622601657362,0.85,0.9331664903057135
calibration,dgp1,1200,10,500,5,5,RF,1.3473714405764612,0.05064966559668456,1.8651795079999829,0.769434551396989,0.7106456756854796,0.7225563397159925,0.9,0.8641876788148044
calibration,dgp1,1200,10,500,5,5,SSRF-JS,1.3462949840655063,0.05148399974018605,1.8651795079999829,0.769434551396989,0.7106456756854796,0.7225563397159925,0.9,0.8641876788148044
calibration,dgp1,1200,10,500,5,5,Cal-CV,1.3483709562469617,0.05415103222694062,9.523382588000004,0.769434551396989,0.7106456756854796,0.7225563397159925,0.9,0.8641876788148044
calibration,dgp1,1200,10,500,5,5,Cal-CV-local,1.3427816265914003,0.050163137408097004,9.523382588000004,0.769434551396989,0.7106456756854796,0.7225563397159925,0.9,0.8641876788148044
calibration,dgp1,1200,10,500,5,5,Cal-IJ,1.3478763637323095,0.05355345626351277,2.1583587550001084,0.769434551396989,0.7106456756854796,0.7225563397159925,0.9,0.8641876788148044
calibration,dgp1,1200,10,500,5,6,RF,1.3795718338904748,0.05391141856289343,1.6564945939999234,0.7878539498057833,0.8411748861277294,0.873223262282551,0.86,0.930825038076163
calibration,dgp1,1200,10,500,5,6,SSRF-JS,1.3775891936599358,0.051870185385834336,1.6564945939999234,0.7878539498057833,0.8411748861277294,0.873223262282551,0.86,0.930825038076163
calibration,dgp1,1200,10,500,5,6,Cal-CV,1.3768626349729465,0.05117299543201871,9.26267734499993,0.7878539498057833,0.8411748861277294,0.873223262282551,0.86,0.930825038076163
calibration,dgp1,1200,10,500,5,6,Cal-CV-local,1.37574336001449,0.0498323808367265,9.26267734499993,0.7878539498057833,0.8411748861277294,0.873223262282551,0.86,0.930825038076163
calibration,dgp1,1200,10,500,5,6,Cal-IJ,1.376819875815277,0.05113613325474034,1.9241823600000316,0.7878539498057833,0.8411748861277294,0.873223262282551,0.86,0.930825038076163
calibration,dgp1,1200,10,500,5,7,RF,1.2257261699264594,0.06111317429742259,1.6811343419999503,0.7876792707071977,0.8989430520983677,0.8146983486862045,0.9,0.95794550073481
calibration,dgp1,1200,10,500,5,7,SSRF-JS,1.2244149388602799,0.0611887906825543,1.6811343419999503,0.7876792707071977,0.8989430520983677,0.8146983486862045,0.9,0.95794550073481
calibration,dgp1,1200,10,500,5,7,Cal-CV,1.2236726225421433,0.05977407368536506,9.337036104999925,0.7876792707071977,0.8989430520983677,0.8146983486862045,0.9,0.95794550073481
calibration,dgp1,1200,10,500,5,7,Cal-CV-local,1.223292882060084,0.05982139731200756,9.337036104999925,0.7876792707071977,0.8989430520983677,0.8146983486862045,0.9,0.95794550073481
calibration,dgp1,1200,10,500,5,7,Cal-IJ,1.2239387981209988,0.06063583776835073,1.9822156660000019,0.7876792707071977,0.8989430520983677,0.8146983486862045,0.9,0.95794550073481
calibration,dgp1,1200,10,500,5,8,RF,1.2766418178693402,0.0695184812855782,1.5984521979999045,0.8002772760603739,0.9675617780851258,0.9466233281668875,0.87,0.9856329899500927
calibration,dgp1,1200,10,500,5,8,SSRF-JS,1.2751373897457596,0.06805908199426244,1.5984521979999045,0.8002772760603739,0.9675617780851258,0.9466233281668875,0.87,0.9856329899500927
calibration,dgp1,1200,10,500,5,8,Cal-CV,1.2756473493737412,0.06852767300652891,9.035572681000076,0.8002772760603739,0.9675617780851258,0.9466233281668875,0.87,0.9856329899500927
calibration,dgp1,1200,10,500,5,8,Cal-CV-local,1.2758516491025567,0.0687425584368442,9.035572681000076,0.8002772760603739,0.9675617780851258,0.9466233281668875,0.87,0.9856329899500927
calibration,dgp1,1200,10,500,5,8,Cal-IJ,1.275161148102723,0.06804383435763948,1.909172333999777,0.8002772760603739,0.9675617780851258,0.9466233281668875,0.87,0.9856329899500927
calibration,dgp1,1200,10,500,5,9,RF,1.1957371537477814,0.06170867262915077,1.7905182609999883,0.8063978173382944,0.9499219730771412,0.914094172557848,0.8200000000000001,0.9792215727559025
calibration,dgp1,1200,10,500,5,9,SSRF-JS,1.1860230575775383,0.0557604446414108,1.7905182609999883,0.8063978173382944,0.9499219730771412,0.914094172557848,0.8200000000000001,0.9792215727559025
calibration,dgp1,1200,10,500,5,9,Cal-CV,1.1918770906113367,0.058836507483438716,9.332285046000152,0.8063978173382944,0.9499219730771412,0.914094172557848,0.8200000000000001,0.9792215727559025
calibration,dgp1,1200,10,500,5,9,Cal-CV-local,1.193116698385735,0.05982319144173916,9.332285046000152,0.8063978173382944,0.9499219730771412,0.914094172557848,0.8200000000000001,0.9792215727559025
calibration,dgp1,1200,10,500,5,9,Cal-IJ,1.1896861075463951,0.057352305702030835,2.0489882379999926,0.8063978173382944,0.9499219730771412,0.914094172557848,0.8200000000000001,0.9792215727559025
calibration,dgp1,1200,10,500,5,10,RF,1.2129438785374247,0.05657122225366684,1.765322173999948,0.7966559390195437,0.7390381365640304,0.7891714288998573,0.93,0.872083917989753
calibration,dgp1,1200,10,500,5,10,SSRF-JS,1.2169796926698249,0.05815562171697445,1.765322173999948,0.7966559390195437,0.7390381365640304,0.7891714288998573,0.93,0.872083917989753
calibration,dgp1,1200,10,500,5,10,Cal-CV,1.2199772765349728,0.060382924523331286,9.183592990999841,0.7966559390195437,0.7390381365640304,0.7891714288998573,0.93,0.872083917989753
calibration,dgp1,1200,10,500,5,10,Cal-CV-local,1.2125853250174263,0.056961763418865094,9.183592990999841,0.7966559390195437,0.7390381365640304,0.7891714288998573,0.93,0.872083917989753
calibration,dgp1,1200,10,500,5,10,Cal-IJ,1.2173762924428242,0.05840085927095662,2.035709465999844,0.7966559390195437,0.7390381365640304,0.7891714288998573,0.93,0.872083917989753
calibration,dgp1,1200,10,500,5,11,RF,1.3233475910083774,0.056144517863298576,1.9196626210000431,0.7965920652654468,0.8207905983156422,0.8161115309547453,0.9500000000000001,0.9207540665785037
calibration,dgp1,1200,10,500,5,11,SSRF-JS,1.328626979159299,0.058723621155943484,1.9196626210000431,0.7965920652654468,0.8207905983156422,0.8161115309547453,0.9500000000000001,0.9207540665785037
calibration,dgp1,1200,10,500,5,11,Cal-CV,1.3274940885117519,0.05787532844692573,9.253900990000147,0.7965920652654468,0.8207905983156422,0.8161115309547453,0.9500000000000001,0.9207540665785037
calibration,dgp1,1200,10,500,5,11,Cal-CV-local,1.3243558878444144,0.05622727924104324,9.253900990000147,0.7965920652654468,0.8207905983156422,0.8161115309547453,0.9500000000000001,0.9207540665785037
calibration,dgp1,1200,10,500,5,11,Cal-IJ,1.3277031862288586,0.05802135379330853,2.2176327390000097,0.7965920652654468,0.8207905983156422,0.8161115309547453,0.9500000000000001,0.9207540665785037
calibration,dgp1,1200,10,500,5,12,RF,1.2343056296006687,0.059543096385803476,1.7390232249999826,0.7571097089786684,0.7021100510849158,0.6969637868005948,0.9,0.8638366027923532
calibration,dgp1,1200,10,500,5,12,SSRF-JS,1.235141492715219,0.060574306120106426,1.7390232249999826,0.7571097089786684,0.7021100510849158,0.6969637868005948,0.9,0.8638366027923532
calibration,dgp1,1200,10,500,5,12,Cal-CV,1.2373455092233416,0.06300099682787984,9.35080943999992,0.7571097089786684,0.7021100510849158,0.6969637868005948,0.9,0.8638366027923532
calibration,dgp1,1200,10,500,5,12,Cal-CV-local,1.2299350677173153,0.05950610173784037,9.35080943999992,0.7571097089786684,0.7021100510849158,0.6969637868005948,0.9,0.8638366027923532
calibration,dgp1,1200,10,500,5,12,Cal-IJ,1.2376022274409109,0.06326493665739275,2.059142558000076,0.7571097089786684,0.7021100510849158,0.6969637868005948,0.9,0.8638366027923532
calibration,dgp1,1200,10,500,5,13,RF,1.2443933299929408,0.054744219198697354,1.8145170889999918,0.7834971735010235,0.640039746010949,0.7156252399595322,0.93,0.8374652771591679
calibration,dgp1,1200,10,500,5,13,SSRF-JS,1.2383717153106735,0.05698948559082193,1.8145170889999918,0.7834971735010235,0.640039746010949,0.7156252399595322,0.93,0.8374652771591679
calibration,dgp1,1200,10,500,5,13,Cal-CV,1.240945248072882,0.06497151472154038,9.736677057999941,0.7834971735010235,0.640039746010949,0.7156252399595322,0.93,0.8374652771591679
calibration,dgp1,1200,10,500,5,13,Cal-CV-local,1.2315549905514054,0.05655606682399605,9.736677057999941,0.7834971735010235,0.640039746010949,0.7156252399595322,0.93,0.8374652771591679
calibration,dgp1,1200,10,500,5,13,Cal-IJ,1.238971796078714,0.06012646746789551,2.1092056560000856,0.7834971735010235,0.640039746010949,0.7156252399595322,0.93,0.8374652771591679
calibration,dgp1,1200,10,500,5,14,RF,1.2621372242802387,0.05959720314604607,1.8354962040000373,0.8038005016980919,0.8888354767225243,0.8488632927013702,0.87,0.9535945850285468
calibration,dgp1,1200,10,500,5,14,SSRF-JS,1.2562811620068153,0.057682529427445936,1.8354962040000373,0.8038005016980919,0.8888354767225243,0.8488632927013702,0.87,0.9535945850285468
calibration,dgp1,1200,10,500,5,14,Cal-CV,1.2573523494842098,0.05709760567093082,9.851419479000015,0.8038005016980919,0.8888354767225243,0.8488632927013702,0.87,0.9535945850285468
calibration,dgp1,1200,10,500,5,14,Cal-CV-local,1.260157892050881,0.05810837394403842,9.851419479000015,0.8038005016980919,0.8888354767225243,0.8488632927013702,0.87,0.9535945850285468
calibration,dgp1,1200,10,500,5,14,Cal-IJ,1.2565447945826105,0.05711178348510909,2.175348822999922,0.8038005016980919,0.8888354767225243,0.8488632927013702,0.87,0.9535945850285468
calibration,dgp1,1200,10,500,5,15,RF,1.1697891467777781,0.06514750050677615,2.001074608999943,0.8010979483141052,0.8780637087969021,0.8638008677095181,0.8,0.944659058783926
calibration,dgp1,1200,10,500,5,15,SSRF-JS,1.1547633541437863,0.05876796856116528,2.001074608999943,0.8010979483141052,0.8780637087969021,0.8638008677095181,0.8,0.944659058783926
calibration,dgp1,1200,10,500,5,15,Cal-CV,1.1590204530670782,0.059679402190329994,9.138662405999867,0.8010979483141052,0.8780637087969021,0.8638008677095181,0.8,0.944659058783926
calibration,dgp1,1200,10,500,5,15,Cal-CV-local,1.164417607805475,0.06073449372438356,9.138662405999867,0.8010979483141052,0.8780637087969021,0.8638008677095181,0.8,0.944659058783926
calibration,dgp1,1200,10,500,5,15,Cal-IJ,1.1580828828953633,0.05936184062336116,2.2577499149997493,0.8010979483141052,0.8780637087969021,0.8638008677095181,0.8,0.944659058783926
calibration,dgp1,1200,10,500,5,16,RF,1.1878540466630427,0.056979670031207366,1.8028574639999988,0.8022285447847481,0.8307169680422382,0.8015278191605729,0.92,0.9205828068463036
calibration,dgp1,1200,10,500,5,16,SSRF-JS,1.1837730000146167,0.05820368135163594,1.8028574639999988,0.8022285447847481,0.8307169680422382,0.8015278191605729,0.92,0.9205828068463036
calibration,dgp1,1200,10,500,5,16,Cal-CV,1.1837870994985302,0.05735297173358754,9.508446139999933,0.8022285447847481,0.8307169680422382,0.8015278191605729,0.92,0.9205828068463036
calibration,dgp1,1200,10,500,5,16,Cal-CV-local,1.186351799760987,0.05602079462426514,9.508446139999933,0.8022285447847481,0.8307169680422382,0.8015278191605729,0.92,0.9205828068463036
calibration,dgp1,1200,10,500,5,16,Cal-IJ,1.1838422614167532,0.058173757257132745,2.063718439000013,0.8022285447847481,0.8307169680422382,0.8015278191605729,0.92,0.9205828068463036
calibration,dgp1,1200,10,500,5,17,RF,1.2842139390257699,0.05251596383912899,1.6046865109999544,0.8176964936588829,0.9299017381534374,0.9378826351955346,0.79,0.9730949145813523
calibration,dgp1,1200,10,500,5,17,SSRF-JS,1.2785962029929996,0.04441172498657333,1.6046865109999544,0.8176964936588829,0.9299017381534374,0.9378826351955346,0.79,0.9730949145813523
calibration,dgp1,1200,10,500,5,17,Cal-CV,1.2805518219514473,0.04791273730302261,9.699869206999892,0.8176964936588829,0.9299017381534374,0.9378826351955346,0.79,0.9730949145813523
calibration,dgp1,1200,10,500,5,17,Cal-CV-local,1.2831706438256936,0.050245658651964335,9.699869206999892,0.8176964936588829,0.9299017381534374,0.9378826351955346,0.79,0.9730949145813523
calibration,dgp1,1200,10,500,5,17,Cal-IJ,1.2808754173360217,0.048343480818263666,1.920216148999998,0.8176964936588829,0.9299017381534374,0.9378826351955346,0.79,0.9730949145813523
calibration,dgp1,1200,10,500,5,18,RF,1.2966620239949587,0.05108096175454309,1.7717426639999303,0.7893255306299054,0.8137752690241805,0.7891733889584529,0.86,0.9242555797450065
calibration,dgp1,1200,10,500,5,18,SSRF-JS,1.303648237573302,0.048687076501012255,1.7717426639999303,0.7893255306299054,0.8137752690241805,0.7891733889584529,0.86,0.9242555797450065
calibration,dgp1,1200,10,500,5,18,Cal-CV,1.3021218874653884,0.04829485761307738,9.101741709999942,0.7893255306299054,0.8137752690241805,0.7891733889584529,0.86,0.9242555797450065
calibration,dgp1,1200,10,500,5,18,Cal-CV-local,1.2995445500751717,0.048641272734351475,9.101741709999942,0.7893255306299054,0.8137752690241805,0.7891733889584529,0.86,0.9242555797450065
calibration,dgp1,1200,10,500,5,18,Cal-IJ,1.3036478601098465,0.04873146739390985,2.079978988999983,0.7893255306299054,0.8137752690241805,0.7891733889584529,0.86,0.9242555797450065
calibration,dgp1,1200,10,500,5,19,RF,1.281073760927519,0.06903694271148836,1.7567734609999661,0.7968891913822392,0.9377275190995022,0.8204837012583606,0.79,0.9749075040250236
calibration,dgp1,1200,10,500,5,19,SSRF-JS,1.2656000917981491,0.06105454840610982,1.7567734609999661,0.7968891913822392,0.9377275190995022,0.8204837012583606,0.79,0.9749075040250236
calibration,dgp1,1200,10,500,5,19,Cal-CV,1.2746922446023345,0.06496369527908027,9.683502566999778,0.7968891913822392,0.9377275190995022,0.8204837012583606,0.79,0.9749075040250236
calibration,dgp1,1200,10,500,5,19,Cal-CV-local,1.2767823634922297,0.06672879843341002,9.683502566999778,0.7968891913822392,0.9377275190995022,0.8204837012583606,0.79,0.9749075040250236
calibration,dgp1,1200,10,500,5,19,Cal-IJ,1.266574925365956,0.061192280584796796,2.0860573300001306,0.7968891913822392,0.9377275190995022,0.8204837012583606,0.79,0.9749075040250236
calibration,dgp2,300,10,10,5,0,RF,0.7670280148739357,0.13589787851797294,0.012291955000137023,0.6315148950986692,0.06655749959547547,0.0,0.41000000000000003,0.08362554318154714
calibration,dgp2,300,10,10,5,0,SSRF-JS,0.7047585103607265,0.08118859976087654,0.012291955000137023,0.6315148950986692,0.06655749959547547,0.0,0.41000000000000003,0.08362554318154714
calibration,dgp2,300,10,10,5,0,Cal-CV,0.7178954215246599,0.10023691924360749,0.06038550500011297,0.6315148950986692,0.06655749959547547,0.0,0.41000000000000003,0.08362554318154714
calibration,dgp2,300,10,10,5,0,Cal-CV-local,0.7155307642822921,0.09828324385707625,0.06038550500011297,0.6315148950986692,0.06655749959547547,0.0,0.41000000000000003,0.08362554318154714
calibration,dgp2,300,10,10,5,0,Cal-IJ,0.7245035621212255,0.10780563135807882,0.01602252500015311,0.6315148950986692,0.06655749959547547,0.0,0.41000000000000003,0.08362554318154714
calibration,dgp2,300,10,10,5,1,RF,0.9077497600051511,0.10924326423572359,0.009107096999969144,0.7910194575651813,0.7563194730346149,0.32679091331972426,0.46,0.7967287782825755
calibration,dgp2,300,10,10,5,1,SSRF-JS,0.876237143975105,0.07733893727926978,0.009107096999969144,0.7910194575651813,0.7563194730346149,0.32679091331972426,0.46,0.7967287782825755
calibration,dgp2,300,10,10,5,1,Cal-CV,0.8718983354850246,0.07299913752961869,0.05783442199981437,0.7910194575651813,0.7563194730346149,0.32679091331972426,0.46,0.7967287782825755
calibration,dgp2,300,10,10,5,1,Cal-CV-local,0.8771289857805391,0.08032374704460651,0.05783442199981437,0.7910194575651813,0.7563194730346149,0.32679091331972426,0.46,0.7967287782825755
calibration,dgp2,300,10,10,5,1,Cal-IJ,0.8597562976357528,0.0601648949874201,0.012832247000005736,0.7910194575651813,0.7563194730346149,0.32679091331972426,0.46,0.7967287782825755
calibration,dgp2,300,10,10,5,2,RF,0.8500393385583616,0.0666308909601704,0.009363747999941552,0.7864906759712695,0.5224531508243815,0.12948236889798564,0.6,0.5235249101134699
calibration,dgp2,300,10,10,5,2,SSRF-JS,0.8298726739694651,0.05094964875567292,0.009363747999941552,0.7864906759712695,0.5224531508243815,0.12948236889798564,0.6,0.5235249101134699
calibration,dgp2,300,10,10,5,2,Cal-CV,0.8215259256698904,0.04650886366866549,0.058975504999807526,0.7864906759712695,0.5224531508243815,0.12948236889798564,0.6,0.5235249101134699
calibration,dgp2,300,10,10,5,2,Cal-CV-local,0.823416760895028,0.04928321114291803,0.058975504999807526,0.7864906759712695,0.5224531508243815,0.12948236889798564,0.6,0.5235249101134699
calibration,dgp2,300,10,10,5,2,Cal-IJ,0.8435542346642526,0.0754423995851155,0.012908519000120577,0.7864906759712695,0.5224531508243815,0.12948236889798564,0.6,0.5235249101134699
calibration,dgp2,300,10,10,5,3,RF,0.8412527581024124,0.10589010427967743,0.009725565000053393,0.7752302911822667,0.5748908115509059,0.1612679666564948,0.46,0.5649839649342907
calibration,dgp2,300,10,10,5,3,SSRF-JS,0.8099578038900257,0.08018762406056713,0.009725565000053393,0.7752302911822667,0.5748908115509059,0.1612679666564948,0.46,0.5649839649342907
calibration,dgp2,300,10,10,5,3,Cal-CV,0.7936365749219647,0.06807720045853424,0.05988663900006941,0.7752302911822667,0.5748908115509059,0.1612679666564948,0.46,0.5649839649342907
calibration,dgp2,300,10,10,5,3,Cal-CV-local,0.7964391869568789,0.069639320317334,0.05988663900006941,0.7752302911822667,0.5748908115509059,0.1612679666564948,0.46,0.5649839649342907
calibration,dgp2,300,10,10,5,3,Cal-IJ,0.7938105289817489,0.0777895517302992,0.013371882999990703,0.7752302911822667,0.5748908115509059,0.1612679666564948,0.46,0.5649839649342907
calibration,dgp2,300,10,10,5,4,RF,1.018151587374756,0.13269964639848963,0.009480009000071732,0.7542344197773233,0.4888731437167346,0.6837574832136007,0.39,0.48832965397013506
calibration,dgp2,300,10,10,5,4,SSRF-JS,0.9850074750393484,0.10060234075755783,0.009480009000071732,0.7542344197773233,0.4888731437167346,0.6837574832136007,0.39,0.48832965397013506
calibration,dgp2,300,10,10,5,4,Cal-CV,0.9658042027279771,0.08331177816881569,0.06107960000008461,0.7542344197773233,0.4888731437167346,0.6837574832136007,0.39,0.48832965397013506
calibration,dgp2,300,10,10,5,4,Cal-CV-local,0.9725938724294017,0.08632217522812861,0.06107960000008461,0.7542344197773233,0.4888731437167346,0.6837574832136007,0.39,0.48832965397013506
calibration,dgp2,300,10,10,5,4,Cal-IJ,0.9773370935949882,0.09371625366283778,0.013079187000130332,0.7542344197773233,0.4888731437167346,0.6837574832136007,0.39,0.48832965397013506
calibration,dgp2,300,10,10,5,5,RF,0.834237839191664,0.09722745677955558,0.010158032999925126,0.7890862107257398,0.5148578687887568,0.09972000392381954,0.48,0.5341213723367518
calibration,dgp2,300,10,10,5,5,SSRF-JS,0.8195269977302502,0.07968335267212867,0.010158032999925126,0.7890862107257398,0.5148578687887568,0.09972000392381954,0.48,0.5341213723367518
calibration,dgp2,300,10,10,5,5,Cal-CV,0.8132444162958115,0.06949215181927142,0.056878106000112894,0.7890862107257398,0.5148578687887568,0.09972000392381954,0.48,0.5341213723367518
calibration,dgp2,300,10,10,5,5,Cal-CV-local,0.8132649095520258,0.07100067624714361,0.056878106000112894,0.7890862107257398,0.5148578687887568,0.09972000392381954,0.48,0.5341213723367518
calibration,dgp2,300,10,10,5,5,Cal-IJ,0.8333505320534793,0.08382921486982484,0.013551620999805891,0.7890862107257398,0.5148578687887568,0.09972000392381954,0.48,0.5341213723367518
calibration,dgp2,300,10,10,5,6,RF,0.6990413518750435,0.09088004988210473,0.009922585999902367,0.8116288740267146,0.5389016205227941,0.4139313941695619,0.53,0.4350274400373484
calibration,dgp2,300,10,10,5,6,SSRF-JS,0.6818050051120321,0.07580734330172292,0.009922585999902367,0.8116288740267146,0.5389016205227941,0.4139313941695619,0.53,0.4350274400373484
calibration,dgp2,300,10,10,5,6,Cal-CV,0.6705458705518619,0.06750295487612648,0.05495121199987807,0.8116288740267146,0.5389016205227941,0.4139313941695619,0.53,0.4350274400373484
calibration,dgp2,300,10,10,5,6,Cal-CV-local,0.6706524490260232,0.0696324704761202,0.05495121199987807,0.8116288740267146,0.5389016205227941,0.4139313941695619,0.53,0.4350274400373484
calibration,dgp2,300,10,10,5,6,Cal-IJ,0.670667588191025,0.06901189468976221,0.013338741000097798,0.8116288740267146,0.5389016205227941,0.4139313941695619,0.53,0.4350274400373484
calibration,dgp2,300,10,10,5,7,RF,0.7394699073606101,0.10104589512847147,0.009005827000009958,0.7784173133163267,0.35901302424623516,0.2255289290984752,0.49,0.395849059944057
calibration,dgp2,300,10,10,5,7,SSRF-JS,0.7157227525994944,0.07844639829407961,0.009005827000009958,0.7784173133163267,0.35901302424623516,0.2255289290984752,0.49,0.395849059944057
calibration,dgp2,300,10,10,5,7,Cal-CV,0.702724689385757,0.06956720885387821,0.05435467500001323,0.7784173133163267,0.35901302424623516,0.2255289290984752,0.49,0.395849059944057
calibration,dgp2,300,10,10,5,7,Cal-CV-local,0.7059564659936056,0.07120910927744441,0.05435467500001323,0.7784173133163267,0.35901302424623516,0.2255289290984752,0.49,0.395849059944057
calibration,dgp2,300,10,10,5,7,Cal-IJ,0.7084216047251857,0.07636086756745938,0.012531440999964616,0.7784173133163267,0.35901302424623516,0.2255289290984752,0.49,0.395849059944057
calibration,dgp2,300,10,10,5,8,RF,0.6818685194540306,0.06647361650585551,0.008909633000030226,0.8000190497237124,0.692350025771081,0.49310208333572386,0.62,0.7370003467618088
calibration,dgp2,300,10,10,5,8,SSRF-JS,0.6694701299645799,0.05315893624851546,0.008909633000030226,0.8000190497237124,0.692350025771081,0.49310208333572386,0.62,0.7370003467618088
calibration,dgp2,300,10,10,5,8,Cal-CV,0.6663340834984784,0.04983160239470822,0.05367011800012733,0.8000190497237124,0.692350025771081,0.49310208333572386,0.62,0.7370003467618088
calibration,dgp2,300,10,10,5,8,Cal-CV-local,0.6675565828093836,0.053480865946810015,0.05367011800012733,0.8000190497237124,0.692350025771081,0.49310208333572386,0.62,0.7370003467618088
calibration,dgp2,300,10,10,5,8,Cal-IJ,0.668158381527351,0.05093858305945047,0.012483088999942993,0.8000190497237124,0.692350025771081,0.49310208333572386,0.62,0.7370003467618088
calibration,dgp2,300,10,10,5,9,RF,0.8321007557990612,0.11042223202721058,0.00924166899994816,0.7497225093032986,0.31151476176351334,0.014867653138905755,0.43,0.40309397665005176
calibration,dgp2,300,10,10,5,9,SSRF-JS,0.8101993288933145,0.0862424902518699,0.00924166899994816,0.7497225093032986,0.31151476176351334,0.014867653138905755,0.43,0.40309397665005176
calibration,dgp2,300,10,10,5,9,Cal-CV,0.8054730552331203,0.07720319524494365,0.055082181999978275,0.7497225093032986,0.31151476176351334,0.014867653138905755,0.43,0.40309397665005176
calibration,dgp2,300,10,10,5,9,Cal-CV-local,0.8047775978545391,0.07561071117281162,0.055082181999978275,0.7497225093032986,0.31151476176351334,0.014867653138905755,0.43,0.40309397665005176
calibration,dgp2,300,10,10,5,9,Cal-IJ,0.825502797584021,0.09439293359582528,0.012776061000067784,0.7497225093032986,0.31151476176351334,0.014867653138905755,0.43,0.40309397665005176
calibration,dgp2,300,10,10,5,10,RF,0.8105781993521927,0.09615732075384605,0.009608006000007663,0.7560627892299976,0.5613662756502644,0.1966977839724367,0.51,0.5531406588944453
calibration,dgp2,300,10,10,5,10,SSRF-JS,0.7924927141156677,0.07896171094245871,0.009608006000007663,0.7560627892299976,0.5613662756502644,0.1966977839724367,0.51,0.5531406588944453
calibration,dgp2,300,10,10,5,10,Cal-CV,0.7857822598328215,0.07317747038540065,0.05637645799993152,0.7560627892299976,0.5613662756502644,0.1966977839724367,0.51,0.5531406588944453
calibration,dgp2,300,10,10,5,10,Cal-CV-local,0.7829043679457041,0.07429700199403025,0.05637645799993152,0.7560627892299976,0.5613662756502644,0.1966977839724367,0.51,0.5531406588944453
calibration,dgp2,300,10,10,5,10,Cal-IJ,0.7933146139565103,0.08221967305619385,0.013093751000042175,0.7560627892299976,0.5613662756502644,0.1966977839724367,0.51,0.5531406588944453
calibration,dgp2,300,10,10,5,11,RF,0.8005190434962454,0.09309933802957673,0.009420271000180946,0.7519923111633432,0.21678812558030827,0.20077778007775254,0.53,0.2285766142916506
calibration,dgp2,300,10,10,5,11,SSRF-JS,0.7862504482019818,0.07404975339912051,0.009420271000180946,0.7519923111633432,0.21678812558030827,0.20077778007775254,0.53,0.2285766142916506
calibration,dgp2,300,10,10,5,11,Cal-CV,0.8030543851728668,0.07928536545469442,0.05606031000024814,0.7519923111633432,0.21678812558030827,0.20077778007775254,0.53,0.2285766142916506
calibration,dgp2,300,10,10,5,11,Cal-CV-local,0.8014617703451448,0.07851646817366437,0.05606031000024814,0.7519923111633432,0.21678812558030827,0.20077778007775254,0.53,0.2285766142916506
calibration,dgp2,300,10,10,5,11,Cal-IJ,0.8045516701713769,0.0804484392666204,0.0127500130001863,0.7519923111633432,0.21678812558030827,0.20077778007775254,0.53,0.2285766142916506
calibration,dgp2,300,10,10,5,12,RF,0.6911578402479487,0.09619219461066977,0.009105297999894901,0.6092681809312075,0.6669727760595815,0.3344586714491623,0.51,0.690400295993844
calibration,dgp2,300,10,10,5,12,SSRF-JS,0.6530609562787666,0.06170396786867123,0.009105297999894901,0.6092681809312075,0.6669727760595815,0.3344586714491623,0.51,0.690400295993844
calibration,dgp2,300,10,10,5,12,Cal-CV,0.6580218398726455,0.06587884447380224,0.05574340399994071,0.6092681809312075,0.6669727760595815,0.3344586714491623,0.51,0.690400295993844
calibration,dgp2,300,10,10,5,12,Cal-CV-local,0.6620978190694181,0.06594147935838852,0.05574340399994071,0.6092681809312075,0.6669727760595815,0.3344586714491623,0.51,0.690400295993844
calibration,dgp2,300,10,10,5,12,Cal-IJ,0.6564689780979166,0.06714428387444464,0.012706299999990733,0.6092681809312075,0.6669727760595815,0.3344586714491623,0.51,0.690400295993844
calibration,dgp2,300,10,10,5,13,RF,0.7044996253790029,0.08130693715407093,0.009301484000161508,0.8107137435499313,0.6973630092943336,0.2313264567878902,0.56,0.717980475134533
calibration,dgp2,300,10,10,5,13,SSRF-JS,0.6852436106776083,0.06408232155179852,0.009301484000161508,0.8107137435499313,0.6973630092943336,0.2313264567878902,0.56,0.717980475134533
calibration,dgp2,300,10,10,5,13,Cal-CV,0.6764068213341192,0.05707209526167757,0.05665115400006471,0.8107137435499313,0.6973630092943336,0.2313264567878902,0.56,0.717980475134533
calibration,dgp2,300,10,10,5,13,Cal-CV-local,0.6806411381048828,0.060374750429713187,0.05665115400006471,0.8107137435499313,0.6973630092943336,0.2313264567878902,0.56,0.717980475134533
calibration,dgp2,300,10,10,5,13,Cal-IJ,0.6821803487947304,0.06878657322227427,0.01298330999998143,0.8107137435499313,0.6973630092943336,0.2313264567878902,0.56,0.717980475134533
calibration,dgp2,300,10,10,5,14,RF,1.0186935092983451,0.07114231502565734,0.008763849999922968,0.7533841639788471,0.4747328108019373,0.3367426429130093,0.67,0.5065531629317813
calibration,dgp2,300,10,10,5,14,SSRF-JS,1.010700166225157,0.06054692676585643,0.008763849999922968,0.7533841639788471,0.4747328108019373,0.3367426429130093,0.67,0.5065531629317813
calibration,dgp2,300,10,10,5,14,Cal-CV,1.0180011515507377,0.06436687047385847,0.05469168699983129,0.7533841639788471,0.4747328108019373,0.3367426429130093,0.67,0.5065531629317813
calibration,dgp2,300,10,10,5,14,Cal-CV-local,1.0167635156040458,0.062076141748945116,0.05469168699983129,0.7533841639788471,0.4747328108019373,0.3367426429130093,0.67,0.5065531629317813
calibration,dgp2,300,10,10,5,14,Cal-IJ,1.0268312437491567,0.07159890707951375,0.012318670000013299,0.7533841639788471,0.4747328108019373,0.3367426429130093,0.67,0.5065531629317813
calibration,dgp2,300,10,10,5,15,RF,0.8308297857099093,0.10309490512807944,0.009295619999875271,0.7722876674490051,0.27626988578488226,0.16592297458340205,0.52,0.2836410057650999
calibration,dgp2,300,10,10,5,15,SSRF-JS,0.8089637098347094,0.08190820518491325,0.009295619999875271,0.7722876674490051,0.27626988578488226,0.16592297458340205,0.52,0.2836410057650999
calibration,dgp2,300,10,10,5,15,Cal-CV,0.8082355185132952,0.08146820349805525,0.05588798699977815,0.7722876674490051,0.27626988578488226,0.16592297458340205,0.52,0.2836410057650999
calibration,dgp2,300,10,10,5,15,Cal-CV-local,0.8148226380117085,0.08330675032763932,0.05588798699977815,0.7722876674490051,0.27626988578488226,0.16592297458340205,0.52,0.2836410057650999
calibration,dgp2,300,10,10,5,15,Cal-IJ,0.8166858757389528,0.09006608515244803,0.01305742099998497,0.7722876674490051,0.27626988578488226,0.16592297458340205,0.52,0.2836410057650999
calibration,dgp2,300,10,10,5,16,RF,0.7688043949151673,0.0714895437018252,0.016652936000127738,0.8086852295576504,0.6956652041281022,0.5815906733914326,0.59,0.6831585130351004
calibration,dgp2,300,10,10,5,16,SSRF-JS,0.7503283641065027,0.054413404447138,0.016652936000127738,0.8086852295576504,0.6956652041281022,0.5815906733914326,0.59,0.6831585130351004
calibration,dgp2,300,10,10,5,16,Cal-CV,0.7442527004480136,0.04916851661816944,0.06369282500008921,0.8086852295576504,0.6956652041281022,0.5815906733914326,0.59,0.6831585130351004
calibration,dgp2,300,10,10,5,16,Cal-CV-local,0.745319276366531,0.05216613623210819,0.06369282500008921,0.8086852295576504,0.6956652041281022,0.5815906733914326,0.59,0.6831585130351004
calibration,dgp2,300,10,10,5,16,Cal-IJ,0.7418017114781236,0.047553653975119944,0.020187023000062254,0.8086852295576504,0.6956652041281022,0.5815906733914326,0.59,0.6831585130351004
calibration,dgp2,300,10,10,5,17,RF,0.7445488126207226,0.07313728795658128,0.008989896999992197,0.7917179658673967,0.3614101509086316,0.17885613372427395,0.61,0.38378925734272856
calibration,dgp2,300,10,10,5,17,SSRF-JS,0.7277022589144088,0.059582822899283905,0.008989896999992197,0.7917179658673967,0.3614101509086316,0.17885613372427395,0.61,0.38378925734272856
calibration,dgp2,300,10,10,5,17,Cal-CV,0.7253745080574908,0.06288716630519255,0.05684352499997658,0.7917179658673967,0.3614101509086316,0.17885613372427395,0.61,0.38378925734272856
calibration,dgp2,300,10,10,5,17,Cal-CV-local,0.7285054106482762,0.06406087028565753,0.05684352499997658,0.7917179658673967,0.3614101509086316,0.17885613372427395,0.61,0.38378925734272856
calibration,dgp2,300,10,10,5,17,Cal-IJ,0.7369352452331425,0.0769990643597135,0.01261366500011718,0.7917179658673967,0.3614101509086316,0.17885613372427395,0.61,0.38378925734272856
calibration,dgp2,300,10,10,5,18,RF,0.8380604849977977,0.09360527848810936,0.009292553000022963,0.7860573047045529,0.4057377461580613,0.18696692102654966,0.56,0.48420020029648025
calibration,dgp2,300,10,10,5,18,SSRF-JS,0.822789418103439,0.07750754676928161,0.009292553000022963,0.7860573047045529,0.4057377461580613,0.18696692102654966,0.56,0.48420020029648025
calibration,dgp2,300,10,10,5,18,Cal-CV,0.8214349979504249,0.07511748999806106,0.05635040099991784,0.7860573047045529,0.4057377461580613,0.18696692102654966,0.56,0.48420020029648025
calibration,dgp2,300,10,10,5,18,Cal-CV-local,0.8197463349927081,0.0732382443709193,0.05635040099991784,0.7860573047045529,0.4057377461580613,0.18696692102654966,0.56,0.48420020029648025
calibration,dgp2,300,10,10,5,18,Cal-IJ,0.834086714503684,0.08708362165908837,0.012807501000224875,0.7860573047045529,0.4057377461580613,0.18696692102654966,0.56,0.48420020029648025
calibration,dgp2,300,10,10,5,19,RF,0.8249535455655046,0.08807204583111089,0.009359685999925205,0.7946819586477282,0.6268042757085194,0.2566086913574017,0.53,0.5718808620046432
calibration,dgp2,300,10,10,5,19,SSRF-JS,0.7974482064841635,0.06726649528906313,0.009359685999925205,0.7946819586477282,0.6268042757085194,0.2566086913574017,0.53,0.5718808620046432
calibration,dgp2,300,10,10,5,19,Cal-CV,0.7851444913602921,0.059490604181634675,0.05685013999982402,0.7946819586477282,0.6268042757085194,0.2566086913574017,0.53,0.5718808620046432
calibration,dgp2,300,10,10,5,19,Cal-CV-local,0.7789603377449892,0.05669736260327478,0.05685013999982402,0.7946819586477282,0.6268042757085194,0.2566086913574017,0.53,0.5718808620046432
calibration,dgp2,300,10,10,5,19,Cal-IJ,0.7825993432587669,0.0680828092714671,0.012666734999811524,0.7946819586477282,0.6268042757085194,0.2566086913574017,0.53,0.5718808620046432
calibration,dgp2,300,10,100,5,0,RF,0.7452406038940638,0.05734150106656242,0.09770737400003782,0.7777652225077933,0.5225268653988079,0.5836959828106901,0.85,0.6954283604721389
calibration,dgp2,300,10,100,5,0,SSRF-JS,0.7458537468250732,0.056223425720972144,0.09770737400003782,0.7777652225077933,0.5225268653988079,0.5836959828106901,0.85,0.6954283604721389
calibration,dgp2,300,10,100,5,0,Cal-CV,0.755317334142835,0.06385827558895432,0.5941260130000501,0.7777652225077933,0.5225268653988079,0.5836959828106901,0.85,0.6954283604721389
calibration,dgp2,300,10,100,5,0,Cal-CV-local,0.7493136715228481,0.05817711190377224,0.5941260130000501,0.7777652225077933,0.5225268653988079,0.5836959828106901,0.85,0.6954283604721389
calibration,dgp2,300,10,100,5,0,Cal-IJ,0.7521197126807292,0.061116720309482786,0.12758823900003335,0.7777652225077933,0.5225268653988079,0.5836959828106901,0.85,0.6954283604721389
calibration,dgp2,300,10,100,5,1,RF,0.8610397274673394,0.051894919724684976,0.10946509799987325,0.8096114720539386,0.9256441158772031,0.8292907199846009,0.8,0.9504621352522418
calibration,dgp2,300,10,100,5,1,SSRF-JS,0.857567496464662,0.04932239287924321,0.10946509799987325,0.8096114720539386,0.9256441158772031,0.8292907199846009,0.8,0.9504621352522418
calibration,dgp2,300,10,100,5,1,Cal-CV,0.8590309856156265,0.05026086667729265,0.6765189069999451,0.8096114720539386,0.9256441158772031,0.8292907199846009,0.8,0.9504621352522418
calibration,dgp2,300,10,100,5,1,Cal-CV-local,0.860172726652815,0.0507471011320102,0.6765189069999451,0.8096114720539386,0.9256441158772031,0.8292907199846009,0.8,0.9504621352522418
calibration,dgp2,300,10,100,5,1,Cal-IJ,0.857543646812017,0.04925906495155038,0.13991954899984194,0.8096114720539386,0.9256441158772031,0.8292907199846009,0.8,0.9504621352522418
calibration,dgp2,300,10,100,5,2,RF,0.6223575317995318,0.051533480987066865,0.10039448499992432,0.8101296270749181,0.728742850339984,0.6532500435800566,0.81,0.8132013811875004
calibration,dgp2,300,10,100,5,2,SSRF-JS,0.6173879203929586,0.049209750886384386,0.10039448499992432,0.8101296270749181,0.728742850339984,0.6532500435800566,0.81,0.8132013811875004
calibration,dgp2,300,10,100,5,2,Cal-CV,0.6169408919982153,0.049794387888484434,0.6270710849998977,0.8101296270749181,0.728742850339984,0.6532500435800566,0.81,0.8132013811875004
calibration,dgp2,300,10,100,5,2,Cal-CV-local,0.6179086578319515,0.04891978386326311,0.6270710849998977,0.8101296270749181,0.728742850339984,0.6532500435800566,0.81,0.8132013811875004
calibration,dgp2,300,10,100,5,2,Cal-IJ,0.6170873281211725,0.050964311587448644,0.13314713299996583,0.8101296270749181,0.728742850339984,0.6532500435800566,0.81,0.8132013811875004
calibration,dgp2,300,10,100,5,3,RF,0.8009563051260747,0.04476448398335416,0.11229836199981946,0.778896036257547,0.2962463619379302,0.4874149205111394,0.91,0.43952721937320044
calibration,dgp2,300,10,100,5,3,SSRF-JS,0.8007698606784743,0.04533940672254194,0.11229836199981946,0.778896036257547,0.2962463619379302,0.4874149205111394,0.91,0.43952721937320044
calibration,dgp2,300,10,100,5,3,Cal-CV,0.820625437901935,0.06614172812867825,0.5937866939998457,0.778896036257547,0.2962463619379302,0.4874149205111394,0.91,0.43952721937320044
calibration,dgp2,300,10,100,5,3,Cal-CV-local,0.8125411394764727,0.05737260280886884,0.5937866939998457,0.778896036257547,0.2962463619379302,0.4874149205111394,0.91,0.43952721937320044
calibration,dgp2,300,10,100,5,3,Cal-IJ,0.8096217293116861,0.05467402593225474,0.13833335499975874,0.778896036257547,0.2962463619379302,0.4874149205111394,0.91,0.43952721937320044
calibration,dgp2,300,10,100,5,4,RF,0.7104060100536528,0.050399763956873206,0.10161348499991618,0.759600037327587,0.4290530251245147,0.4746145721327475,0.8300000000000001,0.5401288715757621
calibration,dgp2,300,10,100,5,4,SSRF-JS,0.7117582065435761,0.04853922953958942,0.10161348499991618,0.759600037327587,0.4290530251245147,0.4746145721327475,0.8300000000000001,0.5401288715757621
calibration,dgp2,300,10,100,5,4,Cal-CV,0.7272979981223393,0.059422575059568196,0.631322690999923,0.759600037327587,0.4290530251245147,0.4746145721327475,0.8300000000000001,0.5401288715757621
calibration,dgp2,300,10,100,5,4,Cal-CV-local,0.7201065059768132,0.05354133496737302,0.631322690999923,0.759600037327587,0.4290530251245147,0.4746145721327475,0.8300000000000001,0.5401288715757621
calibration,dgp2,300,10,100,5,4,Cal-IJ,0.7242584096487776,0.0570109466103684,0.13577684599999884,0.759600037327587,0.4290530251245147,0.4746145721327475,0.8300000000000001,0.5401288715757621
calibration,dgp2,300,10,100,5,5,RF,0.7895216332128042,0.038782761588059274,0.12100764000001618,0.8056456399176133,0.7484714198891231,0.847369295691313,0.88,0.8193942450082594
calibration,dgp2,300,10,100,5,5,SSRF-JS,0.7889951502358884,0.038139116035085865,0.12100764000001618,0.8056456399176133,0.7484714198891231,0.847369295691313,0.88,0.8193942450082594
calibration,dgp2,300,10,100,5,5,Cal-CV,0.7898537776804105,0.03907617182791937,0.6817151560001093,0.8056456399176133,0.7484714198891231,0.847369295691313,0.88,0.8193942450082594
calibration,dgp2,300,10,100,5,5,Cal-CV-local,0.7900672282428648,0.03870937719223256,0.6817151560001093,0.8056456399176133,0.7484714198891231,0.847369295691313,0.88,0.8193942450082594
calibration,dgp2,300,10,100,5,5,Cal-IJ,0.7885208050631415,0.03775842902208262,0.1540928750000603,0.8056456399176133,0.7484714198891231,0.847369295691313,0.88,0.8193942450082594
calibration,dgp2,300,10,100,5,6,RF,0.6789989433006447,0.03908980776670727,0.0899228530001892,0.8167784626329958,0.7199417954753256,0.794374362719017,0.78,0.8109888394638696
calibration,dgp2,300,10,100,5,6,SSRF-JS,0.6790938701092698,0.034645077515680904,0.0899228530001892,0.8167784626329958,0.7199417954753256,0.794374362719017,0.78,0.8109888394638696
calibration,dgp2,300,10,100,5,6,Cal-CV,0.6816175082973104,0.03486851262933356,0.5417684560002272,0.8167784626329958,0.7199417954753256,0.794374362719017,0.78,0.8109888394638696
calibration,dgp2,300,10,100,5,6,Cal-CV-local,0.679093877493482,0.03552527879539624,0.5417684560002272,0.8167784626329958,0.7199417954753256,0.794374362719017,0.78,0.8109888394638696
calibration,dgp2,300,10,100,5,6,Cal-IJ,0.6794745410241575,0.03454341157519901,0.11586300400017535,0.8167784626329958,0.7199417954753256,0.794374362719017,0.78,0.8109888394638696
calibration,dgp2,300,10,100,5,7,RF,0.5766990424842611,0.050067574662193234,0.09081150700012586,0.7408284544470146,0.35222196510104636,0.22223514068762068,0.91,0.5350382383940796
calibration,dgp2,300,10,100,5,7,SSRF-JS,0.5769190897060753,0.05127603808332302,0.09081150700012586,0.7408284544470146,0.35222196510104636,0.22223514068762068,0.91,0.5350382383940796
calibration,dgp2,300,10,100,5,7,Cal-CV,0.5910754417024526,0.06722228175465815,0.5768004870001278,0.7408284544470146,0.35222196510104636,0.22223514068762068,0.91,0.5350382383940796
calibration,dgp2,300,10,100,5,7,Cal-CV-local,0.5819371165422309,0.05813514706614634,0.5768004870001278,0.7408284544470146,0.35222196510104636,0.22223514068762068,0.91,0.5350382383940796
calibration,dgp2,300,10,100,5,7,Cal-IJ,0.5996503422039459,0.07635469331451247,0.11979017700014083,0.7408284544470146,0.35222196510104636,0.22223514068762068,0.91,0.5350382383940796
calibration,dgp2,300,10,100,5,8,RF,0.8020155067760045,0.08981717085798359,0.09967132299993864,0.7334220908696625,0.8816474052235165,0.8075715022218434,0.6,0.9168480625608272
calibration,dgp2,300,10,100,5,8,SSRF-JS,0.7780063871621721,0.07325661481910269,0.09967132299993864,0.7334220908696625,0.8816474052235165,0.8075715022218434,0.6,0.9168480625608272
calibration,dgp2,300,10,100,5,8,Cal-CV,0.7894532374636971,0.08060881695239511,0.6019172439998783,0.7334220908696625,0.8816474052235165,0.8075715022218434,0.6,0.9168480625608272
calibration,dgp2,300,10,100,5,8,Cal-CV-local,0.7886612709196813,0.07983933384440582,0.6019172439998783,0.7334220908696625,0.8816474052235165,0.8075715022218434,0.6,0.9168480625608272
calibration,dgp2,300,10,100,5,8,Cal-IJ,0.7832180832572194,0.07647285045543172,0.12667060600006153,0.7334220908696625,0.8816474052235165,0.8075715022218434,0.6,0.9168480625608272
calibration,dgp2,300,10,100,5,9,RF,0.7682614523861129,0.040084489633954584,0.09236571800011006,0.7550038433658347,1.0093356515378449,0.9776801939729403,0.78,1.0093356515378447
calibration,dgp2,300,10,100,5,9,SSRF-JS,0.7649205526129269,0.03508801107375225,0.09236571800011006,0.7550038433658347,1.0093356515378449,0.9776801939729403,0.78,1.0093356515378447
calibration,dgp2,300,10,100,5,9,Cal-CV,0.7686385488610282,0.04052806094886022,0.7743818250000913,0.7550038433658347,1.0093356515378449,0.9776801939729403,0.78,1.0093356515378447
calibration,dgp2,300,10,100,5,9,Cal-CV-local,0.7686385488610282,0.04052806094886022,0.7743818250000913,0.7550038433658347,1.0093356515378449,0.9776801939729403,0.78,1.0093356515378447
calibration,dgp2,300,10,100,5,9,Cal-IJ,0.7674339119666247,0.0390980202389958,0.12625214300010157,0.7550038433658347,1.0093356515378449,0.9776801939729403,0.78,1.0093356515378447
calibration,dgp2,300,10,100,5,10,RF,0.6490161985990396,0.057096663712455545,0.11609489300008136,0.7419783606315467,0.6313990447798169,0.522876252143023,0.7000000000000001,0.7436337945692036
calibration,dgp2,300,10,100,5,10,SSRF-JS,0.6397600031185721,0.0492398789764775,0.11609489300008136,0.7419783606315467,0.6313990447798169,0.522876252143023,0.7000000000000001,0.7436337945692036
calibration,dgp2,300,10,100,5,10,Cal-CV,0.6400732390641553,0.049897827743326226,0.6974762909999299,0.7419783606315467,0.6313990447798169,0.522876252143023,0.7000000000000001,0.7436337945692036
calibration,dgp2,300,10,100,5,10,Cal-CV-local,0.6385784390399323,0.049353212665087264,0.6974762909999299,0.7419783606315467,0.6313990447798169,0.522876252143023,0.7000000000000001,0.7436337945692036
calibration,dgp2,300,10,100,5,10,Cal-IJ,0.6419726183087354,0.05231070853308362,0.14920589000007567,0.7419783606315467,0.6313990447798169,0.522876252143023,0.7000000000000001,0.7436337945692036
calibration,dgp2,300,10,100,5,11,RF,0.6975141943480988,0.05178629299230212,0.11600651899993863,0.7380538642117042,0.7683818272461896,0.862525758175472,0.6900000000000001,0.8588741828088138
calibration,dgp2,300,10,100,5,11,SSRF-JS,0.6806728806709136,0.04097408889436099,0.11600651899993863,0.7380538642117042,0.7683818272461896,0.862525758175472,0.6900000000000001,0.8588741828088138
calibration,dgp2,300,10,100,5,11,Cal-CV,0.6818325307347898,0.04177540538727308,0.6767135560000952,0.7380538642117042,0.7683818272461896,0.862525758175472,0.6900000000000001,0.8588741828088138
calibration,dgp2,300,10,100,5,11,Cal-CV-local,0.6851987262049042,0.04414208373643282,0.6767135560000952,0.7380538642117042,0.7683818272461896,0.862525758175472,0.6900000000000001,0.8588741828088138
calibration,dgp2,300,10,100,5,11,Cal-IJ,0.6867625569175327,0.044400477953935216,0.1494447259997287,0.7380538642117042,0.7683818272461896,0.862525758175472,0.6900000000000001,0.8588741828088138
calibration,dgp2,300,10,100,5,12,RF,0.6737486505410153,0.0712035339902614,0.11371052699996653,0.7200008114885005,0.7333421823478438,0.6595043111419346,0.66,0.8192811610725672
calibration,dgp2,300,10,100,5,12,SSRF-JS,0.6666638827538106,0.06113760554717707,0.11371052699996653,0.7200008114885005,0.7333421823478438,0.6595043111419346,0.66,0.8192811610725672
calibration,dgp2,300,10,100,5,12,Cal-CV,0.6667064345102567,0.06139858622000318,0.6383461190000617,0.7200008114885005,0.7333421823478438,0.6595043111419346,0.66,0.8192811610725672
calibration,dgp2,300,10,100,5,12,Cal-CV-local,0.6632807479025937,0.060906467159565617,0.6383461190000617,0.7200008114885005,0.7333421823478438,0.6595043111419346,0.66,0.8192811610725672
calibration,dgp2,300,10,100,5,12,Cal-IJ,0.6669655879389684,0.06089273589913897,0.1456784780000362,0.7200008114885005,0.7333421823478438,0.6595043111419346,0.66,0.8192811610725672
calibration,dgp2,300,10,100,5,13,RF,0.7166162201794701,0.0816383259812305,0.11148855100009314,0.7787956040730168,0.5023811637832265,0.5898072815425554,0.64,0.6414361517221816
calibration,dgp2,300,10,100,5,13,SSRF-JS,0.7123372693900117,0.07366768535250823,0.11148855100009314,0.7787956040730168,0.5023811637832265,0.5898072815425554,0.64,0.6414361517221816
calibration,dgp2,300,10,100,5,13,Cal-CV,0.7166413359576493,0.07350960585679485,0.6593443920000936,0.7787956040730168,0.5023811637832265,0.5898072815425554,0.64,0.6414361517221816
calibration,dgp2,300,10,100,5,13,Cal-CV-local,0.7146461675951699,0.0733199330519833,0.6593443920000936,0.7787956040730168,0.5023811637832265,0.5898072815425554,0.64,0.6414361517221816
calibration,dgp2,300,10,100,5,13,Cal-IJ,0.7139678802183995,0.07226868877149116,0.14282977000016217,0.7787956040730168,0.5023811637832265,0.5898072815425554,0.64,0.6414361517221816
calibration,dgp2,300,10,100,5,14,RF,0.7413555032144868,0.0422226200031747,0.10272188600015397,0.792215088909212,0.672311456757602,0.7001157778069207,1.07,0.7629143264436689
calibration,dgp2,300,10,100,5,14,SSRF-JS,0.7428931545707925,0.045728771073942215,0.10272188600015397,0.792215088909212,0.672311456757602,0.7001157778069207,1.07,0.7629143264436689
calibration,dgp2,300,10,100,5,14,Cal-CV,0.7457221348058675,0.04968454522015986,0.651899025000148,0.792215088909212,0.672311456757602,0.7001157778069207,1.07,0.7629143264436689
calibration,dgp2,300,10,100,5,14,Cal-CV-local,0.7431093571054177,0.04759615659992776,0.651899025000148,0.792215088909212,0.672311456757602,0.7001157778069207,1.07,0.7629143264436689
calibration,dgp2,300,10,100,5,14,Cal-IJ,0.7449527646430759,0.04865253988295344,0.1774622430002637,0.792215088909212,0.672311456757602,0.7001157778069207,1.07,0.7629143264436689
calibration,dgp2,300,10,100,5,15,RF,0.7052741245956248,0.04256883179654605,0.11771223499999905,0.7988419131712575,0.45709039607081337,0.6595159901651138,0.91,0.5775345296395323
calibration,dgp2,300,10,100,5,15,SSRF-JS,0.7048191345488952,0.042829009419183106,0.11771223499999905,0.7988419131712575,0.45709039607081337,0.6595159901651138,0.91,0.5775345296395323
calibration,dgp2,300,10,100,5,15,Cal-CV,0.716162554281825,0.05480950021423684,0.6938857850000204,0.7988419131712575,0.45709039607081337,0.6595159901651138,0.91,0.5775345296395323
calibration,dgp2,300,10,100,5,15,Cal-CV-local,0.7119973780743097,0.05039662689708907,0.6938857850000204,0.7988419131712575,0.45709039607081337,0.6595159901651138,0.91,0.5775345296395323
calibration,dgp2,300,10,100,5,15,Cal-IJ,0.7077593477197804,0.04590210708669745,0.19809002600004533,0.7988419131712575,0.45709039607081337,0.6595159901651138,0.91,0.5775345296395323
calibration,dgp2,300,10,100,5,16,RF,0.6883271170223783,0.05894364980315092,0.1284500990000197,0.7764296857069085,0.7233130100619841,0.5867103531159727,0.89,0.7965379696827185
calibration,dgp2,300,10,100,5,16,SSRF-JS,0.6870705115878756,0.059305163050000914,0.1284500990000197,0.7764296857069085,0.7233130100619841,0.5867103531159727,0.89,0.7965379696827185
calibration,dgp2,300,10,100,5,16,Cal-CV,0.6872941793682761,0.059864175690960184,0.7090147719998185,0.7764296857069085,0.7233130100619841,0.5867103531159727,0.89,0.7965379696827185
calibration,dgp2,300,10,100,5,16,Cal-CV-local,0.6875831261469159,0.05873132980728559,0.7090147719998185,0.7764296857069085,0.7233130100619841,0.5867103531159727,0.89,0.7965379696827185
calibration,dgp2,300,10,100,5,16,Cal-IJ,0.6899479592514417,0.06348239669270558,0.21027660300001116,0.7764296857069085,0.7233130100619841,0.5867103531159727,0.89,0.7965379696827185
calibration,dgp2,300,10,100,5,17,RF,0.7049040564345461,0.05127786501991983,0.11817822699981662,0.7907139288239466,0.9311210770968457,0.9438500920762726,0.6900000000000001,0.9485530539451366
calibration,dgp2,300,10,100,5,17,SSRF-JS,0.6961046227091902,0.04153351020040127,0.11817822699981662,0.7907139288239466,0.9311210770968457,0.9438500920762726,0.6900000000000001,0.9485530539451366
calibration,dgp2,300,10,100,5,17,Cal-CV,0.7008150128382916,0.046873235985706745,0.6634561079997638,0.7907139288239466,0.9311210770968457,0.9438500920762726,0.6900000000000001,0.9485530539451366
calibration,dgp2,300,10,100,5,17,Cal-CV-local,0.7025241199656881,0.047750133973352746,0.6634561079997638,0.7907139288239466,0.9311210770968457,0.9438500920762726,0.6900000000000001,0.9485530539451366
calibration,dgp2,300,10,100,5,17,Cal-IJ,0.7014882769876865,0.047604821194690616,0.15509289999977227,0.7907139288239466,0.9311210770968457,0.9438500920762726,0.6900000000000001,0.9485530539451366
calibration,dgp2,300,10,100,5,18,RF,0.7318247960935017,0.0567749686244968,0.11842730400007895,0.775379548673799,0.49233957716095544,0.4055817032475403,0.91,0.6400407163590983
calibration,dgp2,300,10,100,5,18,SSRF-JS,0.730797308452059,0.05707863917319319,0.11842730400007895,0.775379548673799,0.49233957716095544,0.4055817032475403,0.91,0.6400407163590983
calibration,dgp2,300,10,100,5,18,Cal-CV,0.7369771252936916,0.06529505043391685,0.6575023180002972,0.775379548673799,0.49233957716095544,0.4055817032475403,0.91,0.6400407163590983
calibration,dgp2,300,10,100,5,18,Cal-CV-local,0.7336447316364947,0.05969189259845648,0.6575023180002972,0.775379548673799,0.49233957716095544,0.4055817032475403,0.91,0.6400407163590983
calibration,dgp2,300,10,100,5,18,Cal-IJ,0.740504927645065,0.06939839313292898,0.15100419300006251,0.775379548673799,0.49233957716095544,0.4055817032475403,0.91,0.6400407163590983
calibration,dgp2,300,10,100,5,19,RF,0.7931771288504909,0.02953381375368986,0.10829084600004535,0.7841218705505938,0.7252840595880036,0.750877657275639,0.93,0.8153731148839417
calibration,dgp2,300,10,100,5,19,SSRF-JS,0.7917324767192072,0.0308648922282478,0.10829084600004535,0.7841218705505938,0.7252840595880036,0.750877657275639,0.93,0.8153731148839417
calibration,dgp2,300,10,100,5,19,Cal-CV,0.7923655472853272,0.03233010920761903,0.653331087999959,0.7841218705505938,0.7252840595880036,0.750877657275639,0.93,0.8153731148839417
calibration,dgp2,300,10,100,5,19,Cal-CV-local,0.7915303301174638,0.03049955155813847,0.653331087999959,0.7841218705505938,0.7252840595880036,0.750877657275639,0.93,0.8153731148839417
calibration,dgp2,300,10,100,5,19,Cal-IJ,0.7919361760154571,0.031564614184629296,0.141027283999847,0.7841218705505938,0.7252840595880036,0.750877657275639,0.93,0.8153731148839417
calibration,dgp2,300,10,500,5,0,RF,0.5968226302872668,0.034218072384710224,0.5500803969998742,0.8002878900098079,0.9575919863875402,0.896944423116471,0.8,0.9837013046613217
calibration,dgp2,300,10,500,5,0,SSRF-JS,0.5897297040577072,0.029822428141105577,0.5500803969998742,0.8002878900098079,0.9575919863875402,0.896944423116471,0.8,0.9837013046613217
calibration,dgp2,300,10,500,5,0,Cal-CV,0.5945971241767106,0.032559098234323985,3.449179374999858,0.8002878900098079,0.9575919863875402,0.896944423116471,0.8,0.9837013046613217
calibration,dgp2,300,10,500,5,0,Cal-CV-local,0.5958171847643393,0.03340602886568132,3.449179374999858,0.8002878900098079,0.9575919863875402,0.896944423116471,0.8,0.9837013046613217
calibration,dgp2,300,10,500,5,0,Cal-IJ,0.5920988172210655,0.03087098680477614,0.7158954139997604,0.8002878900098079,0.9575919863875402,0.896944423116471,0.8,0.9837013046613217
calibration,dgp2,300,10,500,5,1,RF,0.7523442319745096,0.04955468919959519,0.5855770069999835,0.7823050648427862,0.7846066643929099,0.80921315029368,0.78,0.8933713997722382
calibration,dgp2,300,10,500,5,1,SSRF-JS,0.7504394975459451,0.04547317854975286,0.5855770069999835,0.7823050648427862,0.7846066643929099,0.80921315029368,0.78,0.8933713997722382
calibration,dgp2,300,10,500,5,1,Cal-CV,0.7505232384593592,0.04550875296486329,3.533861895999962,0.7823050648427862,0.7846066643929099,0.80921315029368,0.78,0.8933713997722382
calibration,dgp2,300,10,500,5,1,Cal-CV-local,0.7503116192183394,0.04624627639843567,3.533861895999962,0.7823050648427862,0.7846066643929099,0.80921315029368,0.78,0.8933713997722382
calibration,dgp2,300,10,500,5,1,Cal-IJ,0.7503359497816846,0.04557564123980947,0.7538176099999419,0.7823050648427862,0.7846066643929099,0.80921315029368,0.78,0.8933713997722382
calibration,dgp2,300,10,500,5,2,RF,0.6594647363891203,0.04115247192856343,0.5610988240000552,0.7936416417928787,0.45903805464427216,0.44456435579045683,1.04,0.7077096893123137
calibration,dgp2,300,10,500,5,2,SSRF-JS,0.6608143306108182,0.043857389085477656,0.5610988240000552,0.7936416417928787,0.45903805464427216,0.44456435579045683,1.04,0.7077096893123137
calibration,dgp2,300,10,500,5,2,Cal-CV,0.6713185955198986,0.056510630403208646,3.4905898240001534,0.7936416417928787,0.45903805464427216,0.44456435579045683,1.04,0.7077096893123137
calibration,dgp2,300,10,500,5,2,Cal-CV-local,0.662830185209696,0.04586449062514241,3.4905898240001534,0.7936416417928787,0.45903805464427216,0.44456435579045683,1.04,0.7077096893123137
calibration,dgp2,300,10,500,5,2,Cal-IJ,0.6720006843448895,0.057286478454393094,0.7304952020001565,0.7936416417928787,0.45903805464427216,0.44456435579045683,1.04,0.7077096893123137
calibration,dgp2,300,10,500,5,3,RF,0.6777226544096517,0.06253219010930139,0.5817977120000251,0.7459390033174025,0.7474498904010939,0.6906692587738211,0.73,0.891564527048823
calibration,dgp2,300,10,500,5,3,SSRF-JS,0.6731489729856794,0.05643152313996176,0.5817977120000251,0.7459390033174025,0.7474498904010939,0.6906692587738211,0.73,0.891564527048823
calibration,dgp2,300,10,500,5,3,Cal-CV,0.6732100268703188,0.05646696420234605,3.5008128800000122,0.7459390033174025,0.7474498904010939,0.6906692587738211,0.73,0.891564527048823
calibration,dgp2,300,10,500,5,3,Cal-CV-local,0.6747091490763545,0.057879285136505074,3.5008128800000122,0.7459390033174025,0.7474498904010939,0.6906692587738211,0.73,0.891564527048823
calibration,dgp2,300,10,500,5,3,Cal-IJ,0.6736357078903472,0.056543575819406916,0.7524704210002255,0.7459390033174025,0.7474498904010939,0.6906692587738211,0.73,0.891564527048823
calibration,dgp2,300,10,500,5,4,RF,0.7463084825856929,0.03895539141789762,0.5862605800000438,0.804269926403581,0.9244146269782701,0.8083683585596904,0.9400000000000001,0.9691373843134374
calibration,dgp2,300,10,500,5,4,SSRF-JS,0.7472479316246505,0.0397504540352746,0.5862605800000438,0.804269926403581,0.9244146269782701,0.8083683585596904,0.9400000000000001,0.9691373843134374
calibration,dgp2,300,10,500,5,4,Cal-CV,0.7460822428360965,0.03868101073818169,3.8342074180000054,0.804269926403581,0.9244146269782701,0.8083683585596904,0.9400000000000001,0.9691373843134374
calibration,dgp2,300,10,500,5,4,Cal-CV-local,0.7456507384153513,0.03857338064965374,3.8342074180000054,0.804269926403581,0.9244146269782701,0.8083683585596904,0.9400000000000001,0.9691373843134374
calibration,dgp2,300,10,500,5,4,Cal-IJ,0.7472358015079502,0.039760658611223,0.8764965810000831,0.804269926403581,0.9244146269782701,0.8083683585596904,0.9400000000000001,0.9691373843134374
calibration,dgp2,300,10,500,5,5,RF,0.6702759768213615,0.03967406597937181,0.6036126199999217,0.7904785073961024,1.0484669763528918,0.8120476205857573,0.88,1.0484669763528915
calibration,dgp2,300,10,500,5,5,SSRF-JS,0.6749977728193159,0.039058782581547706,0.6036126199999217,0.7904785073961024,1.0484669763528918,0.8120476205857573,0.88,1.0484669763528915
calibration,dgp2,300,10,500,5,5,Cal-CV,0.6701502783127616,0.0408056958128704,3.565493951999997,0.7904785073961024,1.0484669763528918,0.8120476205857573,0.88,1.0484669763528915
calibration,dgp2,300,10,500,5,5,Cal-CV-local,0.6701502783127616,0.0408056958128704,3.565493951999997,0.7904785073961024,1.0484669763528918,0.8120476205857573,0.88,1.0484669763528915
calibration,dgp2,300,10,500,5,5,Cal-IJ,0.6742692034699262,0.03879143959593133,0.7808735650000926,0.7904785073961024,1.0484669763528918,0.8120476205857573,0.88,1.0484669763528915
calibration,dgp2,300,10,500,5,6,RF,0.6097905419944539,0.04248215419262386,0.5368142530001023,0.7696916670973166,0.37207395833885826,0.45528720657448324,0.92,0.6446292999777183
calibration,dgp2,300,10,500,5,6,SSRF-JS,0.6092912648766153,0.04345581912029986,0.5368142530001023,0.7696916670973166,0.37207395833885826,0.45528720657448324,0.92,0.6446292999777183
calibration,dgp2,300,10,500,5,6,Cal-CV,0.6234983384552837,0.060246834029972156,3.2087278030001016,0.7696916670973166,0.37207395833885826,0.45528720657448324,0.92,0.6446292999777183
calibration,dgp2,300,10,500,5,6,Cal-CV-local,0.6118781175087632,0.047391729934989135,3.2087278030001016,0.7696916670973166,0.37207395833885826,0.45528720657448324,0.92,0.6446292999777183
calibration,dgp2,300,10,500,5,6,Cal-IJ,0.6189485171523985,0.055159391381458256,0.6915891730002386,0.7696916670973166,0.37207395833885826,0.45528720657448324,0.92,0.6446292999777183
calibration,dgp2,300,10,500,5,7,RF,0.6992242639916,0.04164781765403157,0.537496327999861,0.8008086223620862,1.0534996216895267,1.0069525379242312,0.79,1.0534996216895267
calibration,dgp2,300,10,500,5,7,SSRF-JS,0.6987726113459444,0.037337426475999844,0.537496327999861,0.8008086223620862,1.0534996216895267,1.0069525379242312,0.79,1.0534996216895267
calibration,dgp2,300,10,500,5,7,Cal-CV,0.7006297655918149,0.04410049274576295,3.107230454999808,0.8008086223620862,1.0534996216895267,1.0069525379242312,0.79,1.0534996216895267
calibration,dgp2,300,10,500,5,7,Cal-CV-local,0.7006297655918149,0.04410049274576295,3.107230454999808,0.8008086223620862,1.0534996216895267,1.0069525379242312,0.79,1.0534996216895267
calibration,dgp2,300,10,500,5,7,Cal-IJ,0.6993759714921158,0.04193561047969747,0.6788357640000413,0.8008086223620862,1.0534996216895267,1.0069525379242312,0.79,1.0534996216895267
calibration,dgp2,300,10,500,5,8,RF,0.7953448587357074,0.05161865137089952,0.4535732720000851,0.7202264250273586,1.1557768846284544,0.9642414229337752,0.73,1.1557768846284546
calibration,dgp2,300,10,500,5,8,SSRF-JS,0.7857668489863493,0.04443598995408946,0.4535732720000851,0.7202264250273586,1.1557768846284544,0.9642414229337752,0.73,1.1557768846284546
calibration,dgp2,300,10,500,5,8,Cal-CV,0.8069557657163378,0.062046231668204235,2.825550817000021,0.7202264250273586,1.1557768846284544,0.9642414229337752,0.73,1.1557768846284546
calibration,dgp2,300,10,500,5,8,Cal-CV-local,0.8069557657163378,0.062046231668204235,2.825550817000021,0.7202264250273586,1.1557768846284544,0.9642414229337752,0.73,1.1557768846284546
calibration,dgp2,300,10,500,5,8,Cal-IJ,0.7933371512180758,0.04988257644176884,0.5911632600000303,0.7202264250273586,1.1557768846284544,0.9642414229337752,0.73,1.1557768846284546
calibration,dgp2,300,10,500,5,9,RF,0.6883347743948942,0.06339242417214302,0.48364539099998183,0.7746629478717069,0.47021414709227116,0.7169731157676456,0.76,0.7032363323628891
calibration,dgp2,300,10,500,5,9,SSRF-JS,0.6818825716021096,0.05965953931428781,0.48364539099998183,0.7746629478717069,0.47021414709227116,0.7169731157676456,0.76,0.7032363323628891
calibration,dgp2,300,10,500,5,9,Cal-CV,0.6835569193443713,0.06506522009926533,2.853831666999895,0.7746629478717069,0.47021414709227116,0.7169731157676456,0.76,0.7032363323628891
calibration,dgp2,300,10,500,5,9,Cal-CV-local,0.6780519154494732,0.057457183981865285,2.853831666999895,0.7746629478717069,0.47021414709227116,0.7169731157676456,0.76,0.7032363323628891
calibration,dgp2,300,10,500,5,9,Cal-IJ,0.6812460368472664,0.05974981044502273,0.618086521999885,0.7746629478717069,0.47021414709227116,0.7169731157676456,0.76,0.7032363323628891
calibration,dgp2,300,10,500,5,10,RF,0.7817012246898278,0.04599118557165197,0.45109206899996934,0.7143110319324543,0.8530837513918458,0.8569751408213657,0.78,0.9362499190360714
calibration,dgp2,300,10,500,5,10,SSRF-JS,0.7786021295517532,0.04176725831916619,0.45109206899996934,0.7143110319324543,0.8530837513918458,0.8569751408213657,0.78,0.9362499190360714
calibration,dgp2,300,10,500,5,10,Cal-CV,0.7785029951437341,0.042144399249685514,2.8312030859999595,0.7143110319324543,0.8530837513918458,0.8569751408213657,0.78,0.9362499190360714
calibration,dgp2,300,10,500,5,10,Cal-CV-local,0.7784707997474634,0.041768218994417294,2.8312030859999595,0.7143110319324543,0.8530837513918458,0.8569751408213657,0.78,0.9362499190360714
calibration,dgp2,300,10,500,5,10,Cal-IJ,0.7785387700517561,0.042197352563812816,0.5973976420000326,0.7143110319324543,0.8530837513918458,0.8569751408213657,0.78,0.9362499190360714
calibration,dgp2,300,10,500,5,11,RF,0.659801013521275,0.035479393545644645,0.4604331610000827,0.772853682699559,0.8339754782295111,0.7595221369978185,0.96,0.9218355394651835
calibration,dgp2,300,10,500,5,11,SSRF-JS,0.663149857495158,0.03737568361452621,0.4604331610000827,0.772853682699559,0.8339754782295111,0.7595221369978185,0.96,0.9218355394651835
calibration,dgp2,300,10,500,5,11,Cal-CV,0.661684833945333,0.03627791962391954,2.9109433470000567,0.772853682699559,0.8339754782295111,0.7595221369978185,0.96,0.9218355394651835
calibration,dgp2,300,10,500,5,11,Cal-CV-local,0.6597590867845484,0.03491211402272189,2.9109433470000567,0.772853682699559,0.8339754782295111,0.7595221369978185,0.96,0.9218355394651835
calibration,dgp2,300,10,500,5,11,Cal-IJ,0.6636489640171443,0.037755351770618804,0.5981772989998717,0.772853682699559,0.8339754782295111,0.7595221369978185,0.96,0.9218355394651835
calibration,dgp2,300,10,500,5,12,RF,0.6749744842890559,0.036157447653419,0.512178325999912,0.770723214783685,0.7817911493562731,0.8025902667526289,0.86,0.9046589988604349
calibration,dgp2,300,10,500,5,12,SSRF-JS,0.6739791039478145,0.035156019633031874,0.512178325999912,0.770723214783685,0.7817911493562731,0.8025902667526289,0.86,0.9046589988604349
calibration,dgp2,300,10,500,5,12,Cal-CV,0.6738980881161559,0.03514727004397739,2.9675671909999437,0.770723214783685,0.7817911493562731,0.8025902667526289,0.86,0.9046589988604349
calibration,dgp2,300,10,500,5,12,Cal-CV-local,0.6730097354443203,0.03437411821977844,2.9675671909999437,0.770723214783685,0.7817911493562731,0.8025902667526289,0.86,0.9046589988604349
calibration,dgp2,300,10,500,5,12,Cal-IJ,0.6736765194612012,0.034919389602534094,0.6622610949998489,0.770723214783685,0.7817911493562731,0.8025902667526289,0.86,0.9046589988604349
calibration,dgp2,300,10,500,5,13,RF,0.7111240415647629,0.04515381563522154,0.49055721900003846,0.832590926572134,0.9463640793402747,1.0590741356548121,0.76,0.9761337887517684
calibration,dgp2,300,10,500,5,13,SSRF-JS,0.7090698173475436,0.040104497523759344,0.49055721900003846,0.832590926572134,0.9463640793402747,1.0590741356548121,0.76,0.9761337887517684
calibration,dgp2,300,10,500,5,13,Cal-CV,0.7098507495936897,0.04289633142566561,2.953067807000025,0.832590926572134,0.9463640793402747,1.0590741356548121,0.76,0.9761337887517684
calibration,dgp2,300,10,500,5,13,Cal-CV-local,0.7101726867955562,0.04374822812891862,2.953067807000025,0.832590926572134,0.9463640793402747,1.0590741356548121,0.76,0.9761337887517684
calibration,dgp2,300,10,500,5,13,Cal-IJ,0.7131926440876593,0.04830639891376486,0.6369120370000019,0.832590926572134,0.9463640793402747,1.0590741356548121,0.76,0.9761337887517684
calibration,dgp2,300,10,500,5,14,RF,0.6538474274650642,0.05837691588835526,0.549468657000034,0.764749100075056,0.5278055902002398,0.4421842053821313,0.91,0.7515503274476522
calibration,dgp2,300,10,500,5,14,SSRF-JS,0.6570332974634596,0.058861255097981464,0.549468657000034,0.764749100075056,0.5278055902002398,0.4421842053821313,0.91,0.7515503274476522
calibration,dgp2,300,10,500,5,14,Cal-CV,0.6658172099353826,0.0649135021020545,3.4130470939999213,0.764749100075056,0.5278055902002398,0.4421842053821313,0.91,0.7515503274476522
calibration,dgp2,300,10,500,5,14,Cal-CV-local,0.6578978689472508,0.058310730430803065,3.4130470939999213,0.764749100075056,0.5278055902002398,0.4421842053821313,0.91,0.7515503274476522
calibration,dgp2,300,10,500,5,14,Cal-IJ,0.6703170288232054,0.06842813823924371,0.7231812890001947,0.764749100075056,0.5278055902002398,0.4421842053821313,0.91,0.7515503274476522
calibration,dgp2,300,10,500,5,15,RF,0.8142058954990825,0.06824580413093444,0.6126471620000302,0.7611764298765199,0.19178780617871807,0.48159485476720004,0.74,0.391554586405138
calibration,dgp2,300,10,500,5,15,SSRF-JS,0.8116254709517519,0.06428655426817412,0.6126471620000302,0.7611764298765199,0.19178780617871807,0.48159485476720004,0.74,0.391554586405138
calibration,dgp2,300,10,500,5,15,Cal-CV,0.8328965574102322,0.08249524547866001,3.5348396580002373,0.7611764298765199,0.19178780617871807,0.48159485476720004,0.74,0.391554586405138
calibration,dgp2,300,10,500,5,15,Cal-CV-local,0.8201157732372828,0.0707188372381163,3.5348396580002373,0.7611764298765199,0.19178780617871807,0.48159485476720004,0.74,0.391554586405138
calibration,dgp2,300,10,500,5,15,Cal-IJ,0.8171235357029737,0.0683147474099411,0.7849672679999458,0.7611764298765199,0.19178780617871807,0.48159485476720004,0.74,0.391554586405138
calibration,dgp2,300,10,500,5,16,RF,0.7782558709124293,0.056498544131665704,0.5766469129998768,0.5504928946785157,0.37561497252959525,0.30924006237578905,0.77,0.6573569901193338
calibration,dgp2,300,10,500,5,16,SSRF-JS,0.7735924304986874,0.05218627248405835,0.5766469129998768,0.5504928946785157,0.37561497252959525,0.30924006237578905,0.77,0.6573569901193338
calibration,dgp2,300,10,500,5,16,Cal-CV,0.7837272931316878,0.0634945894668196,3.515741272999776,0.5504928946785157,0.37561497252959525,0.30924006237578905,0.77,0.6573569901193338
calibration,dgp2,300,10,500,5,16,Cal-CV-local,0.7703829589841668,0.04733649096281721,3.515741272999776,0.5504928946785157,0.37561497252959525,0.30924006237578905,0.77,0.6573569901193338
calibration,dgp2,300,10,500,5,16,Cal-IJ,0.7875029053489867,0.06743227591377432,0.7774888039998586,0.5504928946785157,0.37561497252959525,0.30924006237578905,0.77,0.6573569901193338
calibration,dgp2,300,10,500,5,17,RF,0.7367213104366025,0.045136280822735735,0.6508740439999201,0.785864334725519,0.9026873404929294,0.8409853384611776,0.79,0.9586576357865788
calibration,dgp2,300,10,500,5,17,SSRF-JS,0.733522594156376,0.04177874215025494,0.6508740439999201,0.785864334725519,0.9026873404929294,0.8409853384611776,0.79,0.9586576357865788
calibration,dgp2,300,10,500,5,17,Cal-CV,0.7344012086922412,0.042733671631735186,3.6284524999998666,0.785864334725519,0.9026873404929294,0.8409853384611776,0.79,0.9586576357865788
calibration,dgp2,300,10,500,5,17,Cal-CV-local,0.7353898772208187,0.04380066260240031,3.6284524999998666,0.785864334725519,0.9026873404929294,0.8409853384611776,0.79,0.9586576357865788
calibration,dgp2,300,10,500,5,17,Cal-IJ,0.7336762271845115,0.04195637550568193,0.8263507809997463,0.785864334725519,0.9026873404929294,0.8409853384611776,0.79,0.9586576357865788
calibration,dgp2,300,10,500,5,18,RF,0.6665864838385885,0.04277173075382211,0.5635758040000383,0.8187982523995367,1.094440832071414,1.094192378970666,0.89,1.0944408320714138
calibration,dgp2,300,10,500,5,18,SSRF-JS,0.6657659954407421,0.04216159397439632,0.5635758040000383,0.8187982523995367,1.094440832071414,1.094192378970666,0.89,1.0944408320714138
calibration,dgp2,300,10,500,5,18,Cal-CV,0.6690186431605748,0.04507962522844069,3.365005927000084,0.8187982523995367,1.094440832071414,1.094192378970666,0.89,1.0944408320714138
calibration,dgp2,300,10,500,5,18,Cal-CV-local,0.6690186431605748,0.04507962522844069,3.365005927000084,0.8187982523995367,1.094440832071414,1.094192378970666,0.89,1.0944408320714138
calibration,dgp2,300,10,500,5,18,Cal-IJ,0.6690104420478484,0.045071751029253336,0.7407303560000855,0.8187982523995367,1.094440832071414,1.094192378970666,0.89,1.0944408320714138
calibration,dgp2,300,10,500,5,19,RF,0.8071943653691979,0.04444216962560682,0.606399630000169,0.7697254691450814,0.7388246866988313,0.6159779373126402,0.87,0.871878787447257
calibration,dgp2,300,10,500,5,19,SSRF-JS,0.8071386984795391,0.04402387488659949,0.606399630000169,0.7697254691450814,0.7388246866988313,0.6159779373126402,0.87,0.871878787447257
calibration,dgp2,300,10,500,5,19,Cal-CV,0.8076429016687362,0.04455864438156567,3.4041020340000614,0.7697254691450814,0.7388246866988313,0.6159779373126402,0.87,0.871878787447257
calibration,dgp2,300,10,500,5,19,Cal-CV-local,0.806305578467517,0.0422500890648738,3.4041020340000614,0.7697254691450814,0.7388246866988313,0.6159779373126402,0.87,0.871878787447257
calibration,dgp2,300,10,500,5,19,Cal-IJ,0.8111130384315922,0.04787259225846109,0.785671812000146,0.7697254691450814,0.7388246866988313,0.6159779373126402,0.87,0.871878787447257
calibration,dgp2,1200,10,10,5,0,RF,0.6232291354702593,0.06970097308792597,0.04144927399988774,0.7884952434867738,0.5797387009844593,0.11753658396283302,0.59,0.5784880142530242
calibration,dgp2,1200,10,10,5,0,SSRF-JS,0.6093271483445645,0.05381590623171551,0.04144927399988774,0.7884952434867738,0.5797387009844593,0.11753658396283302,0.59,0.5784880142530242
calibration,dgp2,1200,10,10,5,0,Cal-CV,0.6065559295174318,0.04902383143438969,0.2130447350000395,0.7884952434867738,0.5797387009844593,0.11753658396283302,0.59,0.5784880142530242
calibration,dgp2,1200,10,10,5,0,Cal-CV-local,0.608660955098562,0.05105721247461994,0.2130447350000395,0.7884952434867738,0.5797387009844593,0.11753658396283302,0.59,0.5784880142530242
calibration,dgp2,1200,10,10,5,0,Cal-IJ,0.6389810581544758,0.07704544358866172,0.05193135399986204,0.7884952434867738,0.5797387009844593,0.11753658396283302,0.59,0.5784880142530242
calibration,dgp2,1200,10,10,5,1,RF,0.7416353168311884,0.07854719301384615,0.034963308999977016,0.7905118670962394,0.6100304690195854,0.11211840086350323,0.55,0.5677115823587534
calibration,dgp2,1200,10,10,5,1,SSRF-JS,0.7227134700881039,0.05580962521646698,0.034963308999977016,0.7905118670962394,0.6100304690195854,0.11211840086350323,0.55,0.5677115823587534
calibration,dgp2,1200,10,10,5,1,Cal-CV,0.7172855128509956,0.04695563238499966,0.1914146939998318,0.7905118670962394,0.6100304690195854,0.11211840086350323,0.55,0.5677115823587534
calibration,dgp2,1200,10,10,5,1,Cal-CV-local,0.7205322628986109,0.047155791919344284,0.1914146939998318,0.7905118670962394,0.6100304690195854,0.11211840086350323,0.55,0.5677115823587534
calibration,dgp2,1200,10,10,5,1,Cal-IJ,0.7556235140382701,0.076047377791857,0.04577086399990549,0.7905118670962394,0.6100304690195854,0.11211840086350323,0.55,0.5677115823587534
calibration,dgp2,1200,10,10,5,2,RF,1.004525950864057,0.0678542824342486,0.03484250999986216,0.7878907783364417,0.6652205295740381,0.13870623358530662,0.59,0.6404258150903095
calibration,dgp2,1200,10,10,5,2,SSRF-JS,0.9865642435067827,0.04634646881542972,0.03484250999986216,0.7878907783364417,0.6652205295740381,0.13870623358530662,0.59,0.6404258150903095
calibration,dgp2,1200,10,10,5,2,Cal-CV,0.9833770030749336,0.0407745906560342,0.19502214999965872,0.7878907783364417,0.6652205295740381,0.13870623358530662,0.59,0.6404258150903095
calibration,dgp2,1200,10,10,5,2,Cal-CV-local,0.9921477519002939,0.04336282872297852,0.19502214999965872,0.7878907783364417,0.6652205295740381,0.13870623358530662,0.59,0.6404258150903095
calibration,dgp2,1200,10,10,5,2,Cal-IJ,1.0246249538200027,0.07269514300318854,0.04512304799982303,0.7878907783364417,0.6652205295740381,0.13870623358530662,0.59,0.6404258150903095
calibration,dgp2,1200,10,10,5,3,RF,0.7592674562984869,0.07057076703965709,0.03730963099997098,0.7907381557575283,0.5304744420969687,0.11504429946581977,0.59,0.5403051226171184
calibration,dgp2,1200,10,10,5,3,SSRF-JS,0.7413950960167487,0.053876283546034034,0.03730963099997098,0.7907381557575283,0.5304744420969687,0.11504429946581977,0.59,0.5403051226171184
calibration,dgp2,1200,10,10,5,3,Cal-CV,0.7351003135995468,0.04910210167018541,0.20405134799989355,0.7907381557575283,0.5304744420969687,0.11504429946581977,0.59,0.5403051226171184
calibration,dgp2,1200,10,10,5,3,Cal-CV-local,0.7373249545187259,0.049901253134605736,0.20405134799989355,0.7907381557575283,0.5304744420969687,0.11504429946581977,0.59,0.5403051226171184
calibration,dgp2,1200,10,10,5,3,Cal-IJ,0.761998925692392,0.07838829161262552,0.047812230999852545,0.7907381557575283,0.5304744420969687,0.11504429946581977,0.59,0.5403051226171184
calibration,dgp2,1200,10,10,5,4,RF,1.010748558620883,0.06048644489540192,0.03607446799992431,0.7918623788735131,0.7316731463486406,0.14153307097227724,0.64,0.6999765179839017
calibration,dgp2,1200,10,10,5,4,SSRF-JS,0.9979619810810713,0.046549594678463695,0.03607446799992431,0.7918623788735131,0.7316731463486406,0.14153307097227724,0.64,0.6999765179839017
calibration,dgp2,1200,10,10,5,4,Cal-CV,0.996915580879059,0.04471598370543182,0.19526368099991487,0.7918623788735131,0.7316731463486406,0.14153307097227724,0.64,0.6999765179839017
calibration,dgp2,1200,10,10,5,4,Cal-CV-local,0.9981140456288109,0.045210158927680245,0.19526368099991487,0.7918623788735131,0.7316731463486406,0.14153307097227724,0.64,0.6999765179839017
calibration,dgp2,1200,10,10,5,4,Cal-IJ,1.0325454495088855,0.07608468125763267,0.04676907399993979,0.7918623788735131,0.7316731463486406,0.14153307097227724,0.64,0.6999765179839017
calibration,dgp2,1200,10,10,5,5,RF,0.6823465452637552,0.06667258293376922,0.03567510199991375,0.7844668066050473,0.5756687689199261,0.07989073539397949,0.61,0.5573917831412034
calibration,dgp2,1200,10,10,5,5,SSRF-JS,0.6665057231940125,0.051197353382486606,0.03567510199991375,0.7844668066050473,0.5756687689199261,0.07989073539397949,0.61,0.5573917831412034
calibration,dgp2,1200,10,10,5,5,Cal-CV,0.6628193245098234,0.047524876792975325,0.19912217899991447,0.7844668066050473,0.5756687689199261,0.07989073539397949,0.61,0.5573917831412034
calibration,dgp2,1200,10,10,5,5,Cal-CV-local,0.664865071285408,0.04870787522795475,0.19912217899991447,0.7844668066050473,0.5756687689199261,0.07989073539397949,0.61,0.5573917831412034
calibration,dgp2,1200,10,10,5,5,Cal-IJ,0.6978802172566838,0.0830291849540558,0.04610303399999793,0.7844668066050473,0.5756687689199261,0.07989073539397949,0.61,0.5573917831412034
calibration,dgp2,1200,10,10,5,6,RF,0.6373747530144834,0.07103227732128338,0.036872975000051156,0.774438442066799,0.5241165902826669,0.18683274979996198,0.58,0.5230714850366878
calibration,dgp2,1200,10,10,5,6,SSRF-JS,0.6262401588987084,0.052888542681416274,0.036872975000051156,0.774438442066799,0.5241165902826669,0.18683274979996198,0.58,0.5230714850366878
calibration,dgp2,1200,10,10,5,6,Cal-CV,0.6291210931614242,0.04815506492067933,0.19482285399999455,0.774438442066799,0.5241165902826669,0.18683274979996198,0.58,0.5230714850366878
calibration,dgp2,1200,10,10,5,6,Cal-CV-local,0.6332543865002448,0.05132923595300442,0.19482285399999455,0.774438442066799,0.5241165902826669,0.18683274979996198,0.58,0.5230714850366878
calibration,dgp2,1200,10,10,5,6,Cal-IJ,0.6586836977201294,0.06735318132110588,0.0471435089998522,0.774438442066799,0.5241165902826669,0.18683274979996198,0.58,0.5230714850366878
calibration,dgp2,1200,10,10,5,7,RF,0.6344577472949662,0.06983218962172404,0.035453155999903174,0.7455336162429624,0.4780939341567798,0.06792297192848618,0.6,0.4830439147538121
calibration,dgp2,1200,10,10,5,7,SSRF-JS,0.6132109154581871,0.052119483914405094,0.035453155999903174,0.7455336162429624,0.4780939341567798,0.06792297192848618,0.6,0.4830439147538121
calibration,dgp2,1200,10,10,5,7,Cal-CV,0.6080577391900224,0.05122357142477446,0.1990673349998815,0.7455336162429624,0.4780939341567798,0.06792297192848618,0.6,0.4830439147538121
calibration,dgp2,1200,10,10,5,7,Cal-CV-local,0.6063404075195735,0.05109395199930964,0.1990673349998815,0.7455336162429624,0.4780939341567798,0.06792297192848618,0.6,0.4830439147538121
calibration,dgp2,1200,10,10,5,7,Cal-IJ,0.6363942062002618,0.08568336618460508,0.04634052899996277,0.7455336162429624,0.4780939341567798,0.06792297192848618,0.6,0.4830439147538121
calibration,dgp2,1200,10,10,5,8,RF,0.7165993982757315,0.05787086470184497,0.03492974199980381,0.7742534456665354,0.5281216509914587,0.21240409355476908,0.66,0.5590950146083074
calibration,dgp2,1200,10,10,5,8,SSRF-JS,0.7003360258438657,0.04506819313995055,0.03492974199980381,0.7742534456665354,0.5281216509914587,0.21240409355476908,0.66,0.5590950146083074
calibration,dgp2,1200,10,10,5,8,Cal-CV,0.6966843453866498,0.045305001431044864,0.1946241119997012,0.7742534456665354,0.5281216509914587,0.21240409355476908,0.66,0.5590950146083074
calibration,dgp2,1200,10,10,5,8,Cal-CV-local,0.6977424240917107,0.04630670720968559,0.1946241119997012,0.7742534456665354,0.5281216509914587,0.21240409355476908,0.66,0.5590950146083074
calibration,dgp2,1200,10,10,5,8,Cal-IJ,0.7144339936131306,0.06797173941232808,0.04522058999987166,0.7742534456665354,0.5281216509914587,0.21240409355476908,0.66,0.5590950146083074
calibration,dgp2,1200,10,10,5,9,RF,0.8877825941153402,0.06616329840741615,0.034851632000027166,0.766200513272335,0.5804966966480585,0.15650864514830096,0.6,0.6255311680416565
calibration,dgp2,1200,10,10,5,9,SSRF-JS,0.8665072108327047,0.0510941880726344,0.034851632000027166,0.766200513272335,0.5804966966480585,0.15650864514830096,0.6,0.6255311680416565
calibration,dgp2,1200,10,10,5,9,Cal-CV,0.8552878647413222,0.04638363641942081,0.19735819700008506,0.766200513272335,0.5804966966480585,0.15650864514830096,0.6,0.6255311680416565
calibration,dgp2,1200,10,10,5,9,Cal-CV-local,0.8562843194294922,0.04672390255970486,0.19735819700008506,0.766200513272335,0.5804966966480585,0.15650864514830096,0.6,0.6255311680416565
calibration,dgp2,1200,10,10,5,9,Cal-IJ,0.867673788978087,0.07162055992749564,0.045570321000241165,0.766200513272335,0.5804966966480585,0.15650864514830096,0.6,0.6255311680416565
calibration,dgp2,1200,10,10,5,10,RF,0.7730670662247263,0.08527511424722942,0.03574004799997965,0.7671700454536572,0.5963921336253877,0.08236939957779608,0.55,0.595825037484188
calibration,dgp2,1200,10,10,5,10,SSRF-JS,0.7463253911330351,0.062098662505403524,0.03574004799997965,0.7671700454536572,0.5963921336253877,0.08236939957779608,0.55,0.595825037484188
calibration,dgp2,1200,10,10,5,10,Cal-CV,0.7370564913803417,0.05527261188900368,0.19786124000006566,0.7671700454536572,0.5963921336253877,0.08236939957779608,0.55,0.595825037484188
calibration,dgp2,1200,10,10,5,10,Cal-CV-local,0.7308242654898963,0.055733120819123814,0.19786124000006566,0.7671700454536572,0.5963921336253877,0.08236939957779608,0.55,0.595825037484188
calibration,dgp2,1200,10,10,5,10,Cal-IJ,0.7611160160521492,0.08698383540759501,0.04477468300001419,0.7671700454536572,0.5963921336253877,0.08236939957779608,0.55,0.595825037484188
calibration,dgp2,1200,10,10,5,11,RF,0.7147483783996395,0.07055727583844318,0.03038223300018217,0.7685393626244608,0.5935377608648338,0.05965433625189858,0.59,0.5741938580209172
calibration,dgp2,1200,10,10,5,11,SSRF-JS,0.6984806156050911,0.05606189513892239,0.03038223300018217,0.7685393626244608,0.5935377608648338,0.05965433625189858,0.59,0.5741938580209172
calibration,dgp2,1200,10,10,5,11,Cal-CV,0.6936332802050781,0.052602788600103326,0.1686630200001673,0.7685393626244608,0.5935377608648338,0.05965433625189858,0.59,0.5741938580209172
calibration,dgp2,1200,10,10,5,11,Cal-CV-local,0.6923526049109422,0.05335590553625351,0.1686630200001673,0.7685393626244608,0.5935377608648338,0.05965433625189858,0.59,0.5741938580209172
calibration,dgp2,1200,10,10,5,11,Cal-IJ,0.7197221543484059,0.08284308848169152,0.039622774999998,0.7685393626244608,0.5935377608648338,0.05965433625189858,0.59,0.5741938580209172
calibration,dgp2,1200,10,10,5,12,RF,0.7572834412057358,0.0725844423808221,0.02997671299999638,0.7649736973140757,0.604349366480528,0.15071040491407992,0.5700000000000001,0.639119419633446
calibration,dgp2,1200,10,10,5,12,SSRF-JS,0.7362440226846797,0.05120347560623864,0.02997671299999638,0.7649736973140757,0.604349366480528,0.15071040491407992,0.5700000000000001,0.639119419633446
calibration,dgp2,1200,10,10,5,12,Cal-CV,0.7305925907096931,0.04574094559298457,0.17907299399985277,0.7649736973140757,0.604349366480528,0.15071040491407992,0.5700000000000001,0.639119419633446
calibration,dgp2,1200,10,10,5,12,Cal-CV-local,0.7307789575712126,0.047133437832301506,0.17907299399985277,0.7649736973140757,0.604349366480528,0.15071040491407992,0.5700000000000001,0.639119419633446
calibration,dgp2,1200,10,10,5,12,Cal-IJ,0.7569580406366792,0.07193137670430294,0.040369023000039306,0.7649736973140757,0.604349366480528,0.15071040491407992,0.5700000000000001,0.639119419633446
calibration,dgp2,1200,10,10,5,13,RF,0.6380514424680174,0.07341550141060264,0.035470693999968717,0.7482609890165833,0.44828260399333625,0.13010987602398902,0.59,0.49192791163145866
calibration,dgp2,1200,10,10,5,13,SSRF-JS,0.6187098937170131,0.051707768045138484,0.035470693999968717,0.7482609890165833,0.44828260399333625,0.13010987602398902,0.59,0.49192791163145866
calibration,dgp2,1200,10,10,5,13,Cal-CV,0.6201128061145035,0.050386269469546295,0.19764746000009836,0.7482609890165833,0.44828260399333625,0.13010987602398902,0.59,0.49192791163145866
calibration,dgp2,1200,10,10,5,13,Cal-CV-local,0.6199458979046008,0.05239463649752157,0.19764746000009836,0.7482609890165833,0.44828260399333625,0.13010987602398902,0.59,0.49192791163145866
calibration,dgp2,1200,10,10,5,13,Cal-IJ,0.65141161853305,0.07874936027264166,0.04555874999982734,0.7482609890165833,0.44828260399333625,0.13010987602398902,0.59,0.49192791163145866
calibration,dgp2,1200,10,10,5,14,RF,0.8007598683724557,0.06264098497429874,0.0343717050000123,0.7727609322204911,0.6279875250161726,0.3566532294088552,0.62,0.621603438348662
calibration,dgp2,1200,10,10,5,14,SSRF-JS,0.7834292183100047,0.043841628220132406,0.0343717050000123,0.7727609322204911,0.6279875250161726,0.3566532294088552,0.62,0.621603438348662
calibration,dgp2,1200,10,10,5,14,Cal-CV,0.7808162089619975,0.0402327902345586,0.19491618899996865,0.7727609322204911,0.6279875250161726,0.3566532294088552,0.62,0.621603438348662
calibration,dgp2,1200,10,10,5,14,Cal-CV-local,0.7825553109943812,0.044076786670356624,0.19491618899996865,0.7727609322204911,0.6279875250161726,0.3566532294088552,0.62,0.621603438348662
calibration,dgp2,1200,10,10,5,14,Cal-IJ,0.793153876859658,0.05077290293571895,0.04444228700003805,0.7727609322204911,0.6279875250161726,0.3566532294088552,0.62,0.621603438348662
calibration,dgp2,1200,10,10,5,15,RF,0.8253586725853144,0.07625001963822119,0.03413052900009461,0.7647779386337087,0.5955245104560172,0.23680394087565734,0.56,0.5835613162768734
calibration,dgp2,1200,10,10,5,15,SSRF-JS,0.8031643814284559,0.05447955792794779,0.03413052900009461,0.7647779386337087,0.5955245104560172,0.23680394087565734,0.56,0.5835613162768734
calibration,dgp2,1200,10,10,5,15,Cal-CV,0.7973798383369949,0.047993391705900036,0.1939036210001177,0.7647779386337087,0.5955245104560172,0.23680394087565734,0.56,0.5835613162768734
calibration,dgp2,1200,10,10,5,15,Cal-CV-local,0.7968632154047948,0.04692517725627909,0.1939036210001177,0.7647779386337087,0.5955245104560172,0.23680394087565734,0.56,0.5835613162768734
calibration,dgp2,1200,10,10,5,15,Cal-IJ,0.8130432530825701,0.06341043723720399,0.04432651600018289,0.7647779386337087,0.5955245104560172,0.23680394087565734,0.56,0.5835613162768734
calibration,dgp2,1200,10,10,5,16,RF,0.6976776904201579,0.06974415112662011,0.03555588400013221,0.773167617292976,0.4985721626220795,0.10499310605466065,0.6,0.4972250512967618
calibration,dgp2,1200,10,10,5,16,SSRF-JS,0.6864587782364026,0.0525040880355151,0.03555588400013221,0.773167617292976,0.4985721626220795,0.10499310605466065,0.6,0.4972250512967618
calibration,dgp2,1200,10,10,5,16,Cal-CV,0.6908368164246,0.04987105661407221,0.2012352480003301,0.773167617292976,0.4985721626220795,0.10499310605466065,0.6,0.4972250512967618
calibration,dgp2,1200,10,10,5,16,Cal-CV-local,0.6934155271210797,0.05248065178777616,0.2012352480003301,0.773167617292976,0.4985721626220795,0.10499310605466065,0.6,0.4972250512967618
calibration,dgp2,1200,10,10,5,16,Cal-IJ,0.7315617747703231,0.08036680813538505,0.045934243000147035,0.773167617292976,0.4985721626220795,0.10499310605466065,0.6,0.4972250512967618
calibration,dgp2,1200,10,10,5,17,RF,0.8531683241876487,0.07235294872865358,0.03773999600002753,0.8030422095680458,0.667365057677212,0.18918200266984145,0.58,0.6855126386203174
calibration,dgp2,1200,10,10,5,17,SSRF-JS,0.8307935112066589,0.054890003101647156,0.03773999600002753,0.8030422095680458,0.667365057677212,0.18918200266984145,0.58,0.6855126386203174
calibration,dgp2,1200,10,10,5,17,Cal-CV,0.8215748774479567,0.04909405322000153,0.19532919500011303,0.8030422095680458,0.667365057677212,0.18918200266984145,0.58,0.6855126386203174
calibration,dgp2,1200,10,10,5,17,Cal-CV-local,0.8221116048093542,0.05091556610290261,0.19532919500011303,0.8030422095680458,0.667365057677212,0.18918200266984145,0.58,0.6855126386203174
calibration,dgp2,1200,10,10,5,17,Cal-IJ,0.8298821886992561,0.06938279114266561,0.047723078000217356,0.8030422095680458,0.667365057677212,0.18918200266984145,0.58,0.6855126386203174
calibration,dgp2,1200,10,10,5,18,RF,0.7350407613501116,0.060252137891013094,0.03625983599999927,0.7797514505121301,0.6214789544116008,0.22275508899970392,0.62,0.6115213725676311
calibration,dgp2,1200,10,10,5,18,SSRF-JS,0.718324907411562,0.04536798777694868,0.03625983599999927,0.7797514505121301,0.6214789544116008,0.22275508899970392,0.62,0.6115213725676311
calibration,dgp2,1200,10,10,5,18,Cal-CV,0.7137828008043464,0.0424179192078878,0.18661437200012188,0.7797514505121301,0.6214789544116008,0.22275508899970392,0.62,0.6115213725676311
calibration,dgp2,1200,10,10,5,18,Cal-CV-local,0.7148132352488316,0.04530914499383939,0.18661437200012188,0.7797514505121301,0.6214789544116008,0.22275508899970392,0.62,0.6115213725676311
calibration,dgp2,1200,10,10,5,18,Cal-IJ,0.7305297274662608,0.06277132325211601,0.04592793400001938,0.7797514505121301,0.6214789544116008,0.22275508899970392,0.62,0.6115213725676311
calibration,dgp2,1200,10,10,5,19,RF,0.6651083215647353,0.06803577723271216,0.0332756549998976,0.7839695588328242,0.49450536413120944,0.1476736708486637,0.63,0.48153817902226553
calibration,dgp2,1200,10,10,5,19,SSRF-JS,0.65280946724467,0.0551699422190771,0.0332756549998976,0.7839695588328242,0.49450536413120944,0.1476736708486637,0.63,0.48153817902226553
calibration,dgp2,1200,10,10,5,19,Cal-CV,0.6522263017901273,0.054252765818691706,0.1824297249997926,0.7839695588328242,0.49450536413120944,0.1476736708486637,0.63,0.48153817902226553
calibration,dgp2,1200,10,10,5,19,Cal-CV-local,0.6520005942435223,0.05571182767874595,0.1824297249997926,0.7839695588328242,0.49450536413120944,0.1476736708486637,0.63,0.48153817902226553
calibration,dgp2,1200,10,10,5,19,Cal-IJ,0.6773807523189089,0.0787890249093114,0.04319585199982612,0.7839695588328242,0.49450536413120944,0.1476736708486637,0.63,0.48153817902226553
calibration,dgp2,1200,10,100,5,0,RF,0.6633106740224797,0.029268574823138882,0.30739501300013217,0.8173528038485813,0.9415647583164587,0.8459086470302785,0.84,0.9525390241968263
calibration,dgp2,1200,10,100,5,0,SSRF-JS,0.6577416481869942,0.026795834883733608,0.30739501300013217,0.8173528038485813,0.9415647583164587,0.8459086470302785,0.84,0.9525390241968263
calibration,dgp2,1200,10,100,5,0,Cal-CV,0.6607436826104379,0.027712506027250575,1.5407329470001514,0.8173528038485813,0.9415647583164587,0.8459086470302785,0.84,0.9525390241968263
calibration,dgp2,1200,10,100,5,0,Cal-CV-local,0.661181200805609,0.027930778702738187,1.5407329470001514,0.8173528038485813,0.9415647583164587,0.8459086470302785,0.84,0.9525390241968263
calibration,dgp2,1200,10,100,5,0,Cal-IJ,0.6580818364085756,0.026705498985567747,0.35799080300012065,0.8173528038485813,0.9415647583164587,0.8459086470302785,0.84,0.9525390241968263
calibration,dgp2,1200,10,100,5,1,RF,0.7475862038795474,0.03053041566220893,0.291269537000062,0.7863092084314082,0.8217660091984313,0.7485458252870966,0.87,0.8553440842308437
calibration,dgp2,1200,10,100,5,1,SSRF-JS,0.7473527733732073,0.029761077679085937,0.291269537000062,0.7863092084314082,0.8217660091984313,0.7485458252870966,0.87,0.8553440842308437
calibration,dgp2,1200,10,100,5,1,Cal-CV,0.7467549113776167,0.029282054363549442,1.599977989000081,0.7863092084314082,0.8217660091984313,0.7485458252870966,0.87,0.8553440842308437
calibration,dgp2,1200,10,100,5,1,Cal-CV-local,0.7481224195659142,0.029144642425061013,1.599977989000081,0.7863092084314082,0.8217660091984313,0.7485458252870966,0.87,0.8553440842308437
calibration,dgp2,1200,10,100,5,1,Cal-IJ,0.7480830945234329,0.030438901762111045,0.34499256699996295,0.7863092084314082,0.8217660091984313,0.7485458252870966,0.87,0.8553440842308437
calibration,dgp2,1200,10,100,5,2,RF,0.7342884522390845,0.026757921402596026,0.3142783660000532,0.7980826684848609,0.8213282930383067,0.8070546698181033,0.8300000000000001,0.8457640943737255
calibration,dgp2,1200,10,100,5,2,SSRF-JS,0.7284881124349466,0.023891413143104653,0.3142783660000532,0.7980826684848609,0.8213282930383067,0.8070546698181033,0.8300000000000001,0.8457640943737255
calibration,dgp2,1200,10,100,5,2,Cal-CV,0.7287102153666017,0.02377388616548035,1.75613687200007,0.7980826684848609,0.8213282930383067,0.8070546698181033,0.8300000000000001,0.8457640943737255
calibration,dgp2,1200,10,100,5,2,Cal-CV-local,0.7304907026730646,0.02417941501523826,1.75613687200007,0.7980826684848609,0.8213282930383067,0.8070546698181033,0.8300000000000001,0.8457640943737255
calibration,dgp2,1200,10,100,5,2,Cal-IJ,0.7285550382619304,0.023825953158546218,0.3751884110001811,0.7980826684848609,0.8213282930383067,0.8070546698181033,0.8300000000000001,0.8457640943737255
calibration,dgp2,1200,10,100,5,3,RF,0.6863504101014493,0.02723322843322014,0.32480740400001196,0.7901082096801335,0.7599619658358747,0.7619637280473744,0.9500000000000001,0.8134153707788291
calibration,dgp2,1200,10,100,5,3,SSRF-JS,0.6892933010069467,0.028959452831435244,0.32480740400001196,0.7901082096801335,0.7599619658358747,0.7619637280473744,0.9500000000000001,0.8134153707788291
calibration,dgp2,1200,10,100,5,3,Cal-CV,0.6901928257550324,0.02975979672842037,1.7757201570000234,0.7901082096801335,0.7599619658358747,0.7619637280473744,0.9500000000000001,0.8134153707788291
calibration,dgp2,1200,10,100,5,3,Cal-CV-local,0.6880580832604393,0.029379447687945447,1.7757201570000234,0.7901082096801335,0.7599619658358747,0.7619637280473744,0.9500000000000001,0.8134153707788291
calibration,dgp2,1200,10,100,5,3,Cal-IJ,0.6901231275675268,0.02970107185823621,0.3838336520000212,0.7901082096801335,0.7599619658358747,0.7619637280473744,0.9500000000000001,0.8134153707788291
calibration,dgp2,1200,10,100,5,4,RF,0.7261234687478497,0.03128193156435073,0.3170044280000184,0.7913356231069117,0.7924652970420273,0.7986512655928771,0.92,0.8376917518661764
calibration,dgp2,1200,10,100,5,4,SSRF-JS,0.7269929390430845,0.03189284874188196,0.3170044280000184,0.7913356231069117,0.7924652970420273,0.7986512655928771,0.92,0.8376917518661764
calibration,dgp2,1200,10,100,5,4,Cal-CV,0.7269713385535139,0.03187861029300175,1.7525814699999955,0.7913356231069117,0.7924652970420273,0.7986512655928771,0.92,0.8376917518661764
calibration,dgp2,1200,10,100,5,4,Cal-CV-local,0.7267248293325447,0.03211664777918305,1.7525814699999955,0.7913356231069117,0.7924652970420273,0.7986512655928771,0.92,0.8376917518661764
calibration,dgp2,1200,10,100,5,4,Cal-IJ,0.7268528233761448,0.03176758234586683,0.3794253099999878,0.7913356231069117,0.7924652970420273,0.7986512655928771,0.92,0.8376917518661764
calibration,dgp2,1200,10,100,5,5,RF,0.7167732963246948,0.02990170870288736,0.3342159729998002,0.765674642008396,0.9292027426813789,0.7071013519273399,0.81,0.9356648128037953
calibration,dgp2,1200,10,100,5,5,SSRF-JS,0.7102703587064758,0.026153028445141332,0.3342159729998002,0.765674642008396,0.9292027426813789,0.7071013519273399,0.81,0.9356648128037953
calibration,dgp2,1200,10,100,5,5,Cal-CV,0.7135697123807665,0.02751933743039144,1.729107164999732,0.765674642008396,0.9292027426813789,0.7071013519273399,0.81,0.9356648128037953
calibration,dgp2,1200,10,100,5,5,Cal-CV-local,0.7134724917695253,0.02708640593639573,1.729107164999732,0.765674642008396,0.9292027426813789,0.7071013519273399,0.81,0.9356648128037953
calibration,dgp2,1200,10,100,5,5,Cal-IJ,0.7104831287307495,0.0270090185021714,0.3970175739998467,0.765674642008396,0.9292027426813789,0.7071013519273399,0.81,0.9356648128037953
calibration,dgp2,1200,10,100,5,6,RF,0.6832043375145014,0.026084578094418692,0.3337057310000091,0.7940128175336939,0.7788529946503244,0.7650054095735597,0.89,0.8167726184289883
calibration,dgp2,1200,10,100,5,6,SSRF-JS,0.6846001965577277,0.025897965276783067,0.3337057310000091,0.7940128175336939,0.7788529946503244,0.7650054095735597,0.89,0.8167726184289883
calibration,dgp2,1200,10,100,5,6,Cal-CV,0.6850339731613289,0.02617353292441759,1.7942641489999005,0.7940128175336939,0.7788529946503244,0.7650054095735597,0.89,0.8167726184289883
calibration,dgp2,1200,10,100,5,6,Cal-CV-local,0.6841762785535193,0.026592431768164573,1.7942641489999005,0.7940128175336939,0.7788529946503244,0.7650054095735597,0.89,0.8167726184289883
calibration,dgp2,1200,10,100,5,6,Cal-IJ,0.6854446428780954,0.026475206249103725,0.3900764169998183,0.7940128175336939,0.7788529946503244,0.7650054095735597,0.89,0.8167726184289883
calibration,dgp2,1200,10,100,5,7,RF,0.7692563095714052,0.028472067347402083,0.30859891999989486,0.791526969016925,0.9239612737762019,0.8565309611559166,0.8300000000000001,0.936291332471219
calibration,dgp2,1200,10,100,5,7,SSRF-JS,0.7635276329796938,0.025490427481483054,0.30859891999989486,0.791526969016925,0.9239612737762019,0.8565309611559166,0.8300000000000001,0.936291332471219
calibration,dgp2,1200,10,100,5,7,Cal-CV,0.7661214174935376,0.026325080902507268,1.7323418910000328,0.791526969016925,0.9239612737762019,0.8565309611559166,0.8300000000000001,0.936291332471219
calibration,dgp2,1200,10,100,5,7,Cal-CV-local,0.7669927223255424,0.026819347825561536,1.7323418910000328,0.791526969016925,0.9239612737762019,0.8565309611559166,0.8300000000000001,0.936291332471219
calibration,dgp2,1200,10,100,5,7,Cal-IJ,0.7643677395218961,0.025447466865375058,0.36759346700000606,0.791526969016925,0.9239612737762019,0.8565309611559166,0.8300000000000001,0.936291332471219
calibration,dgp2,1200,10,100,5,8,RF,0.6070777200468485,0.02927106764446676,0.3137836190003327,0.7895714571468289,0.794436677823668,0.6191479034561762,0.87,0.823709004440333
calibration,dgp2,1200,10,100,5,8,SSRF-JS,0.6037435707734913,0.02840269774088708,0.3137836190003327,0.7895714571468289,0.794436677823668,0.6191479034561762,0.87,0.823709004440333
calibration,dgp2,1200,10,100,5,8,Cal-CV,0.6037913367675135,0.028352465332002277,1.770143619999999,0.7895714571468289,0.794436677823668,0.6191479034561762,0.87,0.823709004440333
calibration,dgp2,1200,10,100,5,8,Cal-CV-local,0.6032782999922605,0.028199779061972484,1.770143619999999,0.7895714571468289,0.794436677823668,0.6191479034561762,0.87,0.823709004440333
calibration,dgp2,1200,10,100,5,8,Cal-IJ,0.6064909283383273,0.033071120514258145,0.37544006000007357,0.7895714571468289,0.794436677823668,0.6191479034561762,0.87,0.823709004440333
calibration,dgp2,1200,10,100,5,9,RF,0.6659754699634125,0.03287132880085222,0.3218363030000546,0.7451711788464724,0.7819860974944599,0.4405207437936979,0.8300000000000001,0.8198876780518035
calibration,dgp2,1200,10,100,5,9,SSRF-JS,0.6577280255581802,0.03066404370848258,0.3218363030000546,0.7451711788464724,0.7819860974944599,0.4405207437936979,0.8300000000000001,0.8198876780518035
calibration,dgp2,1200,10,100,5,9,Cal-CV,0.6580846064424652,0.030275555352671086,1.7239181019999705,0.7451711788464724,0.7819860974944599,0.4405207437936979,0.8300000000000001,0.8198876780518035
calibration,dgp2,1200,10,100,5,9,Cal-CV-local,0.6586248130102316,0.030050283587022043,1.7239181019999705,0.7451711788464724,0.7819860974944599,0.4405207437936979,0.8300000000000001,0.8198876780518035
calibration,dgp2,1200,10,100,5,9,Cal-IJ,0.66465442238324,0.04513883232411798,0.380210279000039,0.7451711788464724,0.7819860974944599,0.4405207437936979,0.8300000000000001,0.8198876780518035
calibration,dgp2,1200,10,100,5,10,RF,0.6415365067926487,0.02880981705764024,0.332510419999835,0.799836017527134,0.8153500083532907,0.8861811636873219,0.8300000000000001,0.8464750748121035
calibration,dgp2,1200,10,100,5,10,SSRF-JS,0.6398913182494531,0.025973668436331213,0.332510419999835,0.799836017527134,0.8153500083532907,0.8861811636873219,0.8300000000000001,0.8464750748121035
calibration,dgp2,1200,10,100,5,10,Cal-CV,0.6397076744546519,0.025913100668895104,1.7646478009996827,0.799836017527134,0.8153500083532907,0.8861811636873219,0.8300000000000001,0.8464750748121035
calibration,dgp2,1200,10,100,5,10,Cal-CV-local,0.6398875014076206,0.026279452215832545,1.7646478009996827,0.799836017527134,0.8153500083532907,0.8861811636873219,0.8300000000000001,0.8464750748121035
calibration,dgp2,1200,10,100,5,10,Cal-IJ,0.6395860804686159,0.026201143641966032,0.39606581699990784,0.799836017527134,0.8153500083532907,0.8861811636873219,0.8300000000000001,0.8464750748121035
calibration,dgp2,1200,10,100,5,11,RF,0.7212455811915196,0.04616993641442664,0.3529954870000438,0.7581393579380291,0.727936963429016,0.526705381327714,0.8200000000000001,0.7630375086582332
calibration,dgp2,1200,10,100,5,11,SSRF-JS,0.7225838731681988,0.04389242592619545,0.3529954870000438,0.7581393579380291,0.727936963429016,0.526705381327714,0.8200000000000001,0.7630375086582332
calibration,dgp2,1200,10,100,5,11,Cal-CV,0.7233945425011977,0.04433228266043602,1.9356222380001782,0.7581393579380291,0.727936963429016,0.526705381327714,0.8200000000000001,0.7630375086582332
calibration,dgp2,1200,10,100,5,11,Cal-CV-local,0.7240090272281581,0.04336210496162452,1.9356222380001782,0.7581393579380291,0.727936963429016,0.526705381327714,0.8200000000000001,0.7630375086582332
calibration,dgp2,1200,10,100,5,11,Cal-IJ,0.733220122752734,0.05120916077807693,0.4183494840003732,0.7581393579380291,0.727936963429016,0.526705381327714,0.8200000000000001,0.7630375086582332
calibration,dgp2,1200,10,100,5,12,RF,0.716992751681436,0.03222948182693157,0.3502100799996697,0.7512732582447457,0.6986313681359463,0.6582431771224537,0.86,0.7567357329605544
calibration,dgp2,1200,10,100,5,12,SSRF-JS,0.7190603562956559,0.03168611003751986,0.3502100799996697,0.7512732582447457,0.6986313681359463,0.6582431771224537,0.86,0.7567357329605544
calibration,dgp2,1200,10,100,5,12,Cal-CV,0.7209833496764307,0.033018018340937434,1.8175251379993824,0.7512732582447457,0.6986313681359463,0.6582431771224537,0.86,0.7567357329605544
calibration,dgp2,1200,10,100,5,12,Cal-CV-local,0.7183687604250223,0.03219755823025012,1.8175251379993824,0.7512732582447457,0.6986313681359463,0.6582431771224537,0.86,0.7567357329605544
calibration,dgp2,1200,10,100,5,12,Cal-IJ,0.7227183405841411,0.03432388206997893,0.41009862499959127,0.7512732582447457,0.6986313681359463,0.6582431771224537,0.86,0.7567357329605544
calibration,dgp2,1200,10,100,5,13,RF,0.6275276392910981,0.035201165916699646,0.3171010389996809,0.7821940447891506,0.7587163206834169,0.7750703803641732,0.85,0.798959265809511
calibration,dgp2,1200,10,100,5,13,SSRF-JS,0.6303821729399579,0.033436212609465464,0.3171010389996809,0.7821940447891506,0.7587163206834169,0.7750703803641732,0.85,0.798959265809511
calibration,dgp2,1200,10,100,5,13,Cal-CV,0.631225555611779,0.0337743265615265,1.6881947059996492,0.7821940447891506,0.7587163206834169,0.7750703803641732,0.85,0.798959265809511
calibration,dgp2,1200,10,100,5,13,Cal-CV-local,0.6301206402755712,0.03339592598633472,1.6881947059996492,0.7821940447891506,0.7587163206834169,0.7750703803641732,0.85,0.798959265809511
calibration,dgp2,1200,10,100,5,13,Cal-IJ,0.6306472433636191,0.03354336710742874,0.37882413299985274,0.7821940447891506,0.7587163206834169,0.7750703803641732,0.85,0.798959265809511
calibration,dgp2,1200,10,100,5,14,RF,0.7147940684827516,0.03147233897513956,0.3400373959998433,0.7954257774876851,0.8346228109539967,0.7763791241770405,0.84,0.8592596466237523
calibration,dgp2,1200,10,100,5,14,SSRF-JS,0.7098605611939954,0.029273295042632742,0.3400373959998433,0.7954257774876851,0.8346228109539967,0.7763791241770405,0.84,0.8592596466237523
calibration,dgp2,1200,10,100,5,14,Cal-CV,0.7101486857966155,0.02903009810212861,1.8360108440001568,0.7954257774876851,0.8346228109539967,0.7763791241770405,0.84,0.8592596466237523
calibration,dgp2,1200,10,100,5,14,Cal-CV-local,0.71117024139291,0.02930167195144956,1.8360108440001568,0.7954257774876851,0.8346228109539967,0.7763791241770405,0.84,0.8592596466237523
calibration,dgp2,1200,10,100,5,14,Cal-IJ,0.7098135842504698,0.029470914337807217,0.408980794999934,0.7954257774876851,0.8346228109539967,0.7763791241770405,0.84,0.8592596466237523
calibration,dgp2,1200,10,100,5,15,RF,0.6281157302495126,0.03307420538438245,0.35106788500024777,0.721364561721148,0.8079065608649951,0.5733131446352837,0.89,0.8529751935135614
calibration,dgp2,1200,10,100,5,15,SSRF-JS,0.6262979045626527,0.03434808623848068,0.35106788500024777,0.721364561721148,0.8079065608649951,0.5733131446352837,0.89,0.8529751935135614
calibration,dgp2,1200,10,100,5,15,Cal-CV,0.6253749458309956,0.03254577738653906,1.8895640640002966,0.721364561721148,0.8079065608649951,0.5733131446352837,0.89,0.8529751935135614
calibration,dgp2,1200,10,100,5,15,Cal-CV-local,0.6240946802934877,0.031698963108324145,1.8895640640002966,0.721364561721148,0.8079065608649951,0.5733131446352837,0.89,0.8529751935135614
calibration,dgp2,1200,10,100,5,15,Cal-IJ,0.6307854383237999,0.04065810213858448,0.4140164780001214,0.721364561721148,0.8079065608649951,0.5733131446352837,0.89,0.8529751935135614
calibration,dgp2,1200,10,100,5,16,RF,0.7400987963022388,0.031372553704275614,0.2849508170002082,0.7815083582200205,0.8897157317954613,0.7798965194867045,0.89,0.9078934276868273
calibration,dgp2,1200,10,100,5,16,SSRF-JS,0.7385401419648797,0.031499251508093504,0.2849508170002082,0.7815083582200205,0.8897157317954613,0.7798965194867045,0.89,0.9078934276868273
calibration,dgp2,1200,10,100,5,16,Cal-CV,0.7383203597635102,0.030349629420980045,1.6126626079999369,0.7815083582200205,0.8897157317954613,0.7798965194867045,0.89,0.9078934276868273
calibration,dgp2,1200,10,100,5,16,Cal-CV-local,0.7390022673652561,0.030600930977541786,1.6126626079999369,0.7815083582200205,0.8897157317954613,0.7798965194867045,0.89,0.9078934276868273
calibration,dgp2,1200,10,100,5,16,Cal-IJ,0.738747078291494,0.03152867429733642,0.3543972659999781,0.7815083582200205,0.8897157317954613,0.7798965194867045,0.89,0.9078934276868273
calibration,dgp2,1200,10,100,5,17,RF,0.7219512961912098,0.02823734687026568,0.32548098999996,0.7997237414365679,0.8729648910009656,0.8561431428637815,0.92,0.9053042395218474
calibration,dgp2,1200,10,100,5,17,SSRF-JS,0.719451861521964,0.028762371032306146,0.32548098999996,0.7997237414365679,0.8729648910009656,0.8561431428637815,0.92,0.9053042395218474
calibration,dgp2,1200,10,100,5,17,Cal-CV,0.7197044963861726,0.027883937411367885,1.6862956920003853,0.7997237414365679,0.8729648910009656,0.8561431428637815,0.92,0.9053042395218474
calibration,dgp2,1200,10,100,5,17,Cal-CV-local,0.720504116010941,0.028141134892375116,1.6862956920003853,0.7997237414365679,0.8729648910009656,0.8561431428637815,0.92,0.9053042395218474
calibration,dgp2,1200,10,100,5,17,Cal-IJ,0.7195975083082135,0.028027668491120938,0.3764112029998614,0.7997237414365679,0.8729648910009656,0.8561431428637815,0.92,0.9053042395218474
calibration,dgp2,1200,10,100,5,18,RF,0.6485290543401192,0.03681115752586891,0.2809801329999573,0.7814417258071569,0.856032768534996,0.8545759302006245,0.76,0.8752945613089718
calibration,dgp2,1200,10,100,5,18,SSRF-JS,0.6424446541797417,0.030224902161682214,0.2809801329999573,0.7814417258071569,0.856032768534996,0.8545759302006245,0.76,0.8752945613089718
calibration,dgp2,1200,10,100,5,18,Cal-CV,0.643289140104727,0.03124505012113083,1.4875897239999176,0.7814417258071569,0.856032768534996,0.8545759302006245,0.76,0.8752945613089718
calibration,dgp2,1200,10,100,5,18,Cal-CV-local,0.6438911384367624,0.03179686484345125,1.4875897239999176,0.7814417258071569,0.856032768534996,0.8545759302006245,0.76,0.8752945613089718
calibration,dgp2,1200,10,100,5,18,Cal-IJ,0.6432601921402412,0.031212801331112112,0.33306393600014417,0.7814417258071569,0.856032768534996,0.8545759302006245,0.76,0.8752945613089718
calibration,dgp2,1200,10,100,5,19,RF,0.6886438091486641,0.02949619324384506,0.2790923259999545,0.7951156035058611,0.8985354175079299,0.9108817338435531,0.8,0.9137227336336933
calibration,dgp2,1200,10,100,5,19,SSRF-JS,0.6865257133885091,0.024611540515756994,0.2790923259999545,0.7951156035058611,0.8985354175079299,0.9108817338435531,0.8,0.9137227336336933
calibration,dgp2,1200,10,100,5,19,Cal-CV,0.6863583226802533,0.025798831431713968,1.6029986789999384,0.7951156035058611,0.8985354175079299,0.9108817338435531,0.8,0.9137227336336933
calibration,dgp2,1200,10,100,5,19,Cal-CV-local,0.6867530629450419,0.02617868423875961,1.6029986789999384,0.7951156035058611,0.8985354175079299,0.9108817338435531,0.8,0.9137227336336933
calibration,dgp2,1200,10,100,5,19,Cal-IJ,0.6865056318455238,0.026117939062931035,0.3482651399999668,0.7951156035058611,0.8985354175079299,0.9108817338435531,0.8,0.9137227336336933
calibration,dgp2,1200,10,500,5,0,RF,0.652287409782199,0.0271063184978096,1.7758743129998038,0.788896687877039,0.8358557068901219,0.8274503665846017,0.9500000000000001,0.9263631785852667
calibration,dgp2,1200,10,500,5,0,SSRF-JS,0.6522373149821433,0.02903545745856068,1.7758743129998038,0.788896687877039,0.8358557068901219,0.8274503665846017,0.9500000000000001,0.9263631785852667
calibration,dgp2,1200,10,500,5,0,Cal-CV,0.6516715414374312,0.028027722943322245,9.60935807199985,0.788896687877039,0.8358557068901219,0.8274503665846017,0.9500000000000001,0.9263631785852667
calibration,dgp2,1200,10,500,5,0,Cal-CV-local,0.6508186624567671,0.026544217980658827,9.60935807199985,0.788896687877039,0.8358557068901219,0.8274503665846017,0.9500000000000001,0.9263631785852667
calibration,dgp2,1200,10,500,5,0,Cal-IJ,0.651749926304554,0.028184826970885483,2.0927724739999576,0.788896687877039,0.8358557068901219,0.8274503665846017,0.9500000000000001,0.9263631785852667
calibration,dgp2,1200,10,500,5,1,RF,0.7056765811795578,0.029279633299356844,1.7628872830000546,0.786652080477958,0.8107217012514556,0.7797204980660357,0.93,0.911298856294066
calibration,dgp2,1200,10,500,5,1,SSRF-JS,0.7063066059502174,0.030560118496864998,1.7628872830000546,0.786652080477958,0.8107217012514556,0.7797204980660357,0.93,0.911298856294066
calibration,dgp2,1200,10,500,5,1,Cal-CV,0.7058729025261951,0.030083044404930186,9.413164773000062,0.786652080477958,0.8107217012514556,0.7797204980660357,0.93,0.911298856294066
calibration,dgp2,1200,10,500,5,1,Cal-CV-local,0.7047239323534804,0.029040350890764767,9.413164773000062,0.786652080477958,0.8107217012514556,0.7797204980660357,0.93,0.911298856294066
calibration,dgp2,1200,10,500,5,1,Cal-IJ,0.7064331408771686,0.0307427157764508,2.0760343609999836,0.786652080477958,0.8107217012514556,0.7797204980660357,0.93,0.911298856294066
calibration,dgp2,1200,10,500,5,2,RF,0.7423435365713578,0.0227147219049757,1.6959005070002604,0.7858548118379913,0.8832585506281242,0.8897297019239225,0.88,0.953435015371687
calibration,dgp2,1200,10,500,5,2,SSRF-JS,0.7379202825919832,0.02233158657883438,1.6959005070002604,0.7858548118379913,0.8832585506281242,0.8897297019239225,0.88,0.953435015371687
calibration,dgp2,1200,10,500,5,2,Cal-CV,0.7388979723600636,0.021481577391889467,9.073299256000155,0.7858548118379913,0.8832585506281242,0.8897297019239225,0.88,0.953435015371687
calibration,dgp2,1200,10,500,5,2,Cal-CV-local,0.7409883054807903,0.021817397401649192,9.073299256000155,0.7858548118379913,0.8832585506281242,0.8897297019239225,0.88,0.953435015371687
calibration,dgp2,1200,10,500,5,2,Cal-IJ,0.7390247865135456,0.021485753847502186,2.0448704110003746,0.7858548118379913,0.8832585506281242,0.8897297019239225,0.88,0.953435015371687
calibration,dgp2,1200,10,500,5,3,RF,0.6877334252022957,0.028660812050995056,1.7740972940000574,0.7754569901369812,0.905266377701412,0.9270029980507984,0.9,0.9633402952456779
calibration,dgp2,1200,10,500,5,3,SSRF-JS,0.6914441107143035,0.029030684591683727,1.7740972940000574,0.7754569901369812,0.905266377701412,0.9270029980507984,0.9,0.9633402952456779
calibration,dgp2,1200,10,500,5,3,Cal-CV,0.6883026264551934,0.027818476115286955,9.110761067000112,0.7754569901369812,0.905266377701412,0.9270029980507984,0.9,0.9633402952456779
calibration,dgp2,1200,10,500,5,3,Cal-CV-local,0.6869594889645059,0.028106024920444356,9.110761067000112,0.7754569901369812,0.905266377701412,0.9270029980507984,0.9,0.9633402952456779
calibration,dgp2,1200,10,500,5,3,Cal-IJ,0.6880425518252854,0.02788227855492738,2.1106159910000315,0.7754569901369812,0.905266377701412,0.9270029980507984,0.9,0.9633402952456779
calibration,dgp2,1200,10,500,5,4,RF,0.6532935754594156,0.02452272775893659,1.6607642849999138,0.7369703558324732,0.8810577781349068,0.8619523139366587,0.8300000000000001,0.9513378411330535
calibration,dgp2,1200,10,500,5,4,SSRF-JS,0.6471000497994753,0.022526989556099105,1.6607642849999138,0.7369703558324732,0.8810577781349068,0.8619523139366587,0.8300000000000001,0.9513378411330535
calibration,dgp2,1200,10,500,5,4,Cal-CV,0.6486360130098278,0.02179691565222099,8.097783664999952,0.7369703558324732,0.8810577781349068,0.8619523139366587,0.8300000000000001,0.9513378411330535
calibration,dgp2,1200,10,500,5,4,Cal-CV-local,0.6498883903776613,0.02173460791577058,8.097783664999952,0.7369703558324732,0.8810577781349068,0.8619523139366587,0.8300000000000001,0.9513378411330535
calibration,dgp2,1200,10,500,5,4,Cal-IJ,0.6481735070407576,0.021644703088108126,1.920374321000054,0.7369703558324732,0.8810577781349068,0.8619523139366587,0.8300000000000001,0.9513378411330535
calibration,dgp2,1200,10,500,5,5,RF,0.7038475413475389,0.02896422735919981,1.6390825329999643,0.7644428120478284,0.7397387536364909,0.7648164339514751,1.07,0.8776808462736302
calibration,dgp2,1200,10,500,5,5,SSRF-JS,0.7111466217271547,0.03421262185082283,1.6390825329999643,0.7644428120478284,0.7397387536364909,0.7648164339514751,1.07,0.8776808462736302
calibration,dgp2,1200,10,500,5,5,Cal-CV,0.7123999375203656,0.035234511144743685,9.116140572999939,0.7644428120478284,0.7397387536364909,0.7648164339514751,1.07,0.8776808462736302
calibration,dgp2,1200,10,500,5,5,Cal-CV-local,0.7059019579803246,0.03040702152970123,9.116140572999939,0.7644428120478284,0.7397387536364909,0.7648164339514751,1.07,0.8776808462736302
calibration,dgp2,1200,10,500,5,5,Cal-IJ,0.7112164417683093,0.03427091015493405,1.9740544349997435,0.7644428120478284,0.7397387536364909,0.7648164339514751,1.07,0.8776808462736302
calibration,dgp2,1200,10,500,5,6,RF,0.7349400063542205,0.027568833052239217,1.6493801050000911,0.7978233516712737,0.8216738494603127,0.8255664219637748,0.9500000000000001,0.9268781834504457
calibration,dgp2,1200,10,500,5,6,SSRF-JS,0.733834356925908,0.029252880136797055,1.6493801050000911,0.7978233516712737,0.8216738494603127,0.8255664219637748,0.9500000000000001,0.9268781834504457
calibration,dgp2,1200,10,500,5,6,Cal-CV,0.7335791983207413,0.02871465959700411,8.910965079000107,0.7978233516712737,0.8216738494603127,0.8255664219637748,0.9500000000000001,0.9268781834504457
calibration,dgp2,1200,10,500,5,6,Cal-CV-local,0.7336875124372725,0.027436909716033492,8.910965079000107,0.7978233516712737,0.8216738494603127,0.8255664219637748,0.9500000000000001,0.9268781834504457
calibration,dgp2,1200,10,500,5,6,Cal-IJ,0.7335568376679024,0.028637583150626558,1.9945751039999777,0.7978233516712737,0.8216738494603127,0.8255664219637748,0.9500000000000001,0.9268781834504457
calibration,dgp2,1200,10,500,5,7,RF,0.6516018765058925,0.02309110570375021,1.7708785439999701,0.8119028020012852,0.9701510214039799,0.9218107270600646,0.8300000000000001,0.9876105771030403
calibration,dgp2,1200,10,500,5,7,SSRF-JS,0.6464441151234538,0.01964482917895773,1.7708785439999701,0.8119028020012852,0.9701510214039799,0.9218107270600646,0.8300000000000001,0.9876105771030403
calibration,dgp2,1200,10,500,5,7,Cal-CV,0.6502336223239115,0.022000724837769714,9.5596551120002,0.8119028020012852,0.9701510214039799,0.9218107270600646,0.8300000000000001,0.9876105771030403
calibration,dgp2,1200,10,500,5,7,Cal-CV-local,0.6509039957092113,0.022550874710262302,9.5596551120002,0.8119028020012852,0.9701510214039799,0.9218107270600646,0.8300000000000001,0.9876105771030403
calibration,dgp2,1200,10,500,5,7,Cal-IJ,0.6484501889677617,0.020667306139326953,2.1112331799999993,0.8119028020012852,0.9701510214039799,0.9218107270600646,0.8300000000000001,0.9876105771030403
calibration,dgp2,1200,10,500,5,8,RF,0.7697234817563752,0.03132157825707946,1.7444903420000628,0.7943061409392851,1.0031580733468792,0.9712252879253749,0.78,1.0031580733468797
calibration,dgp2,1200,10,500,5,8,SSRF-JS,0.7642459670933491,0.025920318064891996,1.7444903420000628,0.7943061409392851,1.0031580733468792,0.9712252879253749,0.78,1.0031580733468797
calibration,dgp2,1200,10,500,5,8,Cal-CV,0.769884778726327,0.03148179284150941,9.177537437999945,0.7943061409392851,1.0031580733468792,0.9712252879253749,0.78,1.0031580733468797
calibration,dgp2,1200,10,500,5,8,Cal-CV-local,0.769884778726327,0.03148179284150941,9.177537437999945,0.7943061409392851,1.0031580733468792,0.9712252879253749,0.78,1.0031580733468797
calibration,dgp2,1200,10,500,5,8,Cal-IJ,0.768361168467497,0.029969127098785093,2.014493854000193,0.7943061409392851,1.0031580733468792,0.9712252879253749,0.78,1.0031580733468797
calibration,dgp2,1200,10,500,5,9,RF,0.7330706348832146,0.01953879487447277,1.5186936390000483,0.7786890014013873,0.7699542301382323,0.7896302270451161,0.93,0.8976788358215202
calibration,dgp2,1200,10,500,5,9,SSRF-JS,0.7375730399194831,0.021072488265241412,1.5186936390000483,0.7786890014013873,0.7699542301382323,0.7896302270451161,0.93,0.8976788358215202
calibration,dgp2,1200,10,500,5,9,Cal-CV,0.7380020395037732,0.02134463137622752,7.916766671999994,0.7786890014013873,0.7699542301382323,0.7896302270451161,0.93,0.8976788358215202
calibration,dgp2,1200,10,500,5,9,Cal-CV-local,0.734125220446383,0.019008846668624794,7.916766671999994,0.7786890014013873,0.7699542301382323,0.7896302270451161,0.93,0.8976788358215202
calibration,dgp2,1200,10,500,5,9,Cal-IJ,0.7371966798506895,0.020806604039990188,1.8237797430001592,0.7786890014013873,0.7699542301382323,0.7896302270451161,0.93,0.8976788358215202
calibration,dgp2,1200,10,500,5,10,RF,0.6272865621077749,0.025683598187730784,1.7579438119996667,0.7656550945405077,0.8096993778841534,0.8160055573724295,0.9500000000000001,0.9142073398358783
calibration,dgp2,1200,10,500,5,10,SSRF-JS,0.6260431930232853,0.02808215008474128,1.7579438119996667,0.7656550945405077,0.8096993778841534,0.8160055573724295,0.9500000000000001,0.9142073398358783
calibration,dgp2,1200,10,500,5,10,Cal-CV,0.6256125510400804,0.026984326568805887,8.884255562999442,0.7656550945405077,0.8096993778841534,0.8160055573724295,0.9500000000000001,0.9142073398358783
calibration,dgp2,1200,10,500,5,10,Cal-CV-local,0.6248321755180235,0.025428384543767994,8.884255562999442,0.7656550945405077,0.8096993778841534,0.8160055573724295,0.9500000000000001,0.9142073398358783
calibration,dgp2,1200,10,500,5,10,Cal-IJ,0.6255762109888784,0.026849409641258357,2.0697165329993368,0.7656550945405077,0.8096993778841534,0.8160055573724295,0.9500000000000001,0.9142073398358783
calibration,dgp2,1200,10,500,5,11,RF,0.722361530675856,0.025861092254821392,1.6604365859998325,0.7939476196989423,0.8958392355015924,0.9128104080238405,0.8,0.9523317264675214
calibration,dgp2,1200,10,500,5,11,SSRF-JS,0.7177492468980862,0.02111333776050815,1.6604365859998325,0.7939476196989423,0.8958392355015924,0.9128104080238405,0.8,0.9523317264675214
calibration,dgp2,1200,10,500,5,11,Cal-CV,0.7186775001439958,0.02215398099054553,9.29232177699987,0.7939476196989423,0.8958392355015924,0.9128104080238405,0.8,0.9523317264675214
calibration,dgp2,1200,10,500,5,11,Cal-CV-local,0.7203646224101449,0.023762637531346754,9.29232177699987,0.7939476196989423,0.8958392355015924,0.9128104080238405,0.8,0.9523317264675214
calibration,dgp2,1200,10,500,5,11,Cal-IJ,0.7190950793075662,0.022575320755275585,1.9892923539996445,0.7939476196989423,0.8958392355015924,0.9128104080238405,0.8,0.9523317264675214
calibration,dgp2,1200,10,500,5,12,RF,0.7251742724032294,0.02653769644996092,1.769590782999785,0.7857466034380086,0.8131515802149029,0.7611695697489559,0.93,0.9184319717643518
calibration,dgp2,1200,10,500,5,12,SSRF-JS,0.7300178355425678,0.027869519620217966,1.769590782999785,0.7857466034380086,0.8131515802149029,0.7611695697489559,0.93,0.9184319717643518
calibration,dgp2,1200,10,500,5,12,Cal-CV,0.7289846520728367,0.02728621674466338,9.607430989999557,0.7857466034380086,0.8131515802149029,0.7611695697489559,0.93,0.9184319717643518
calibration,dgp2,1200,10,500,5,12,Cal-CV-local,0.7254037690766947,0.026243914307503606,9.607430989999557,0.7857466034380086,0.8131515802149029,0.7611695697489559,0.93,0.9184319717643518
calibration,dgp2,1200,10,500,5,12,Cal-IJ,0.7310741565763058,0.028523899186941825,2.088474827999562,0.7857466034380086,0.8131515802149029,0.7611695697489559,0.93,0.9184319717643518
calibration,dgp2,1200,10,500,5,13,RF,0.5650795183792505,0.021192610490749653,1.833427546999701,0.7747430619816312,0.901029536056307,0.8790891261424874,0.9,0.9624114828130126
calibration,dgp2,1200,10,500,5,13,SSRF-JS,0.5671854215258688,0.021900279526634727,1.833427546999701,0.7747430619816312,0.901029536056307,0.8790891261424874,0.9,0.9624114828130126
calibration,dgp2,1200,10,500,5,13,Cal-CV,0.5647927853701111,0.02029111207776306,9.226190198999575,0.7747430619816312,0.901029536056307,0.8790891261424874,0.9,0.9624114828130126
calibration,dgp2,1200,10,500,5,13,Cal-CV-local,0.5653544905533209,0.02051337767147544,9.226190198999575,0.7747430619816312,0.901029536056307,0.8790891261424874,0.9,0.9624114828130126
calibration,dgp2,1200,10,500,5,13,Cal-IJ,0.5649865200634936,0.02034856161672905,2.1492195409996384,0.7747430619816312,0.901029536056307,0.8790891261424874,0.9,0.9624114828130126
calibration,dgp2,1200,10,500,5,14,RF,0.7133966162747052,0.03361772922186207,1.8279946150000796,0.7852599091493839,0.7381400225345693,0.7398459507085053,0.93,0.8756801926337606
calibration,dgp2,1200,10,500,5,14,SSRF-JS,0.7152390950784042,0.03475232208138956,1.8279946150000796,0.7852599091493839,0.7381400225345693,0.7398459507085053,0.93,0.8756801926337606
calibration,dgp2,1200,10,500,5,14,Cal-CV,0.7165900025586228,0.035984227350611256,9.454718990999936,0.7852599091493839,0.7381400225345693,0.7398459507085053,0.93,0.8756801926337606
calibration,dgp2,1200,10,500,5,14,Cal-CV-local,0.7126497851113079,0.03329409298159111,9.454718990999936,0.7852599091493839,0.7381400225345693,0.7398459507085053,0.93,0.8756801926337606
calibration,dgp2,1200,10,500,5,14,Cal-IJ,0.716534311265818,0.03593392295126869,2.0821455979998973,0.7852599091493839,0.7381400225345693,0.7398459507085053,0.93,0.8756801926337606
calibration,dgp2,1200,10,500,5,15,RF,0.6672918188373915,0.025901515949709113,1.6478745999997955,0.7968288373625915,0.8217436086774178,0.832802927917964,0.9,0.9182984141924398
calibration,dgp2,1200,10,500,5,15,SSRF-JS,0.6676892936341261,0.025796864062273737,1.6478745999997955,0.7968288373625915,0.8217436086774178,0.832802927917964,0.9,0.9182984141924398
calibration,dgp2,1200,10,500,5,15,Cal-CV,0.6672769693383482,0.025398731382454385,9.16335045400001,0.7968288373625915,0.8217436086774178,0.832802927917964,0.9,0.9182984141924398
calibration,dgp2,1200,10,500,5,15,Cal-CV-local,0.66723108862836,0.024982979883310597,9.16335045400001,0.7968288373625915,0.8217436086774178,0.832802927917964,0.9,0.9182984141924398
calibration,dgp2,1200,10,500,5,15,Cal-IJ,0.667108897557866,0.025260931894864305,1.9333900369997536,0.7968288373625915,0.8217436086774178,0.832802927917964,0.9,0.9182984141924398
calibration,dgp2,1200,10,500,5,16,RF,0.6783191038258236,0.030234030925507877,1.5274113969999235,0.7801453241365212,0.705517051870602,0.753050867847481,0.91,0.8539272746042934
calibration,dgp2,1200,10,500,5,16,SSRF-JS,0.6774197994696061,0.030775752920308642,1.5274113969999235,0.7801453241365212,0.705517051870602,0.753050867847481,0.91,0.8539272746042934
calibration,dgp2,1200,10,500,5,16,Cal-CV,0.6787497205691341,0.03261041004312176,8.431941572000142,0.7801453241365212,0.705517051870602,0.753050867847481,0.91,0.8539272746042934
calibration,dgp2,1200,10,500,5,16,Cal-CV-local,0.6757482128984449,0.029531975440172088,8.431941572000142,0.7801453241365212,0.705517051870602,0.753050867847481,0.91,0.8539272746042934
calibration,dgp2,1200,10,500,5,16,Cal-IJ,0.6778009204319355,0.03134753565740614,1.8316977589997805,0.7801453241365212,0.705517051870602,0.753050867847481,0.91,0.8539272746042934
calibration,dgp2,1200,10,500,5,17,RF,0.6246243647623946,0.02648623890343842,1.7105283460000464,0.801543924237546,0.7886220348932671,0.8511307321161693,0.92,0.9075321312829907
calibration,dgp2,1200,10,500,5,17,SSRF-JS,0.6240068504957827,0.027100958293631693,1.7105283460000464,0.801543924237546,0.7886220348932671,0.8511307321161693,0.92,0.9075321312829907
calibration,dgp2,1200,10,500,5,17,Cal-CV,0.6242122205967431,0.027380412552846803,9.097369366999828,0.801543924237546,0.7886220348932671,0.8511307321161693,0.92,0.9075321312829907
calibration,dgp2,1200,10,500,5,17,Cal-CV-local,0.6237581176294389,0.026086667077682195,9.097369366999828,0.801543924237546,0.7886220348932671,0.8511307321161693,0.92,0.9075321312829907
calibration,dgp2,1200,10,500,5,17,Cal-IJ,0.6235304741608019,0.026312361779378193,2.0089855280002666,0.801543924237546,0.7886220348932671,0.8511307321161693,0.92,0.9075321312829907
calibration,dgp2,1200,10,500,5,18,RF,0.6689027980290594,0.03372716768784724,1.3861252140000033,0.7756560372586405,0.7527673678090268,0.8218056835067852,0.93,0.8951181530290633
calibration,dgp2,1200,10,500,5,18,SSRF-JS,0.6700234866892505,0.03503279616105191,1.3861252140000033,0.7756560372586405,0.7527673678090268,0.8218056835067852,0.93,0.8951181530290633
calibration,dgp2,1200,10,500,5,18,Cal-CV,0.6704580684632608,0.035547078048946655,8.06196165700021,0.7756560372586405,0.7527673678090268,0.8218056835067852,0.93,0.8951181530290633
calibration,dgp2,1200,10,500,5,18,Cal-CV-local,0.6695657111162144,0.03305044569108775,8.06196165700021,0.7756560372586405,0.7527673678090268,0.8218056835067852,0.93,0.8951181530290633
calibration,dgp2,1200,10,500,5,18,Cal-IJ,0.669152971357682,0.03416808173897269,1.638582696999947,0.7756560372586405,0.7527673678090268,0.8218056835067852,0.93,0.8951181530290633
calibration,dgp2,1200,10,500,5,19,RF,0.7555722698750365,0.031319757985282866,1.4004115160000765,0.7907041898023022,0.8975051250350824,0.870623090695931,0.9400000000000001,0.9589029825105745
calibration,dgp2,1200,10,500,5,19,SSRF-JS,0.7557554799933429,0.032561390805693965,1.4004115160000765,0.7907041898023022,0.8975051250350824,0.870623090695931,0.9400000000000001,0.9589029825105745
calibration,dgp2,1200,10,500,5,19,Cal-CV,0.7548910813981543,0.03116562957585818,7.584997305000343,0.7907041898023022,0.8975051250350824,0.870623090695931,0.9400000000000001,0.9589029825105745
calibration,dgp2,1200,10,500,5,19,Cal-CV-local,0.7551372749948178,0.030845058929264656,7.584997305000343,0.7907041898023022,0.8975051250350824,0.870623090695931,0.9400000000000001,0.9589029825105745
calibration,dgp2,1200,10,500,5,19,Cal-IJ,0.7549546701182109,0.03136745395732769,1.6871614590004356,0.7907041898023022,0.8975051250350824,0.870623090695931,0.9400000000000001,0.9589029825105745
calibration,dgp3,300,10,10,5,0,RF,2.1817975358946238,0.08663562638496447,0.015277500999673066,0.7824695369885528,0.5295270470650141,0.7982470275630691,0.73,0.5044918516053349
calibration,dgp3,300,10,10,5,0,SSRF-JS,2.1683398686150475,0.06952043984406128,0.015277500999673066,0.7824695369885528,0.5295270470650141,0.7982470275630691,0.73,0.5044918516053349
calibration,dgp3,300,10,10,5,0,Cal-CV,2.1815852851026265,0.0787496137971004,0.07503934299984394,0.7824695369885528,0.5295270470650141,0.7982470275630691,0.73,0.5044918516053349
calibration,dgp3,300,10,10,5,0,Cal-CV-local,2.1934519830922157,0.08547832024232503,0.07503934299984394,0.7824695369885528,0.5295270470650141,0.7982470275630691,0.73,0.5044918516053349
calibration,dgp3,300,10,10,5,0,Cal-IJ,2.1696183810122855,0.07116573131781678,0.019487984999614127,0.7824695369885528,0.5295270470650141,0.7982470275630691,0.73,0.5044918516053349
calibration,dgp3,300,10,10,5,1,RF,1.1477046328802076,0.1298275440218278,0.012200974999814207,0.7777754068776743,0.7958172626111517,0.46569308379925434,0.66,0.7919961645298396
calibration,dgp3,300,10,10,5,1,SSRF-JS,1.122556876346006,0.10784373974315656,0.012200974999814207,0.7777754068776743,0.7958172626111517,0.46569308379925434,0.66,0.7919961645298396
calibration,dgp3,300,10,10,5,1,Cal-CV,1.1239710946150359,0.10889083576851048,0.07109981799976595,0.7777754068776743,0.7958172626111517,0.46569308379925434,0.66,0.7919961645298396
calibration,dgp3,300,10,10,5,1,Cal-CV-local,1.1232341208939944,0.11193954781457369,0.07109981799976595,0.7777754068776743,0.7958172626111517,0.46569308379925434,0.66,0.7919961645298396
calibration,dgp3,300,10,10,5,1,Cal-IJ,1.12296925333804,0.11241093019845724,0.01662111099994945,0.7777754068776743,0.7958172626111517,0.46569308379925434,0.66,0.7919961645298396
calibration,dgp3,300,10,10,5,2,RF,1.2890489375190097,0.12711082530095538,0.01146793699990667,0.7963673465068788,0.5040092076170039,0.12416916162334042,0.66,0.47065591827870845
calibration,dgp3,300,10,10,5,2,SSRF-JS,1.2709942209866834,0.10991142594846194,0.01146793699990667,0.7963673465068788,0.5040092076170039,0.12416916162334042,0.66,0.47065591827870845
calibration,dgp3,300,10,10,5,2,Cal-CV,1.2703735569315207,0.11102155478084028,0.06959308299974509,0.7963673465068788,0.5040092076170039,0.12416916162334042,0.66,0.47065591827870845
calibration,dgp3,300,10,10,5,2,Cal-CV-local,1.2733512466098584,0.11076433421892015,0.06959308299974509,0.7963673465068788,0.5040092076170039,0.12416916162334042,0.66,0.47065591827870845
calibration,dgp3,300,10,10,5,2,Cal-IJ,1.315369500496986,0.15799799512572454,0.015927356999782205,0.7963673465068788,0.5040092076170039,0.12416916162334042,0.66,0.47065591827870845
calibration,dgp3,300,10,10,5,3,RF,1.3168156293876596,0.1299646505680994,0.011923838000257092,0.6349042644022773,0.3139816930874218,0.10568344056152061,0.65,0.37689692583209505
calibration,dgp3,300,10,10,5,3,SSRF-JS,1.2785611953961127,0.10127120974160664,0.011923838000257092,0.6349042644022773,0.3139816930874218,0.10568344056152061,0.65,0.37689692583209505
calibration,dgp3,300,10,10,5,3,Cal-CV,1.299504856796655,0.12771842278386722,0.07291571800033125,0.6349042644022773,0.3139816930874218,0.10568344056152061,0.65,0.37689692583209505
calibration,dgp3,300,10,10,5,3,Cal-CV-local,1.2989297819156966,0.12117334301210796,0.07291571800033125,0.6349042644022773,0.3139816930874218,0.10568344056152061,0.65,0.37689692583209505
calibration,dgp3,300,10,10,5,3,Cal-IJ,1.3310888169747719,0.1638764859075323,0.016258534000371583,0.6349042644022773,0.3139816930874218,0.10568344056152061,0.65,0.37689692583209505
calibration,dgp3,300,10,10,5,4,RF,1.250518671304926,0.39665758742614554,0.011812943999757408,0.4863806209016938,0.0,0.007237478380050782,0.2,0.0
calibration,dgp3,300,10,10,5,4,SSRF-JS,1.0978376512029113,0.21573611177423346,0.011812943999757408,0.4863806209016938,0.0,0.007237478380050782,0.2,0.0
calibration,dgp3,300,10,10,5,4,Cal-CV,1.1083758628867595,0.19839054743204088,0.07471856099982688,0.4863806209016938,0.0,0.007237478380050782,0.2,0.0
calibration,dgp3,300,10,10,5,4,Cal-CV-local,1.1083758628867595,0.19839054743204088,0.07471856099982688,0.4863806209016938,0.0,0.007237478380050782,0.2,0.0
calibration,dgp3,300,10,10,5,4,Cal-IJ,1.107067472457031,0.19748835491494038,0.01638624399993205,0.4863806209016938,0.0,0.007237478380050782,0.2,0.0
calibration,dgp3,300,10,10,5,5,RF,1.4001276401829157,0.0754322383723044,0.011967400999765232,0.8255016842036781,0.763830801196445,0.3727903502782726,0.8200000000000001,0.7552097161104385
calibration,dgp3,300,10,10,5,5,SSRF-JS,1.3979747463991758,0.06961802969424098,0.011967400999765232,0.8255016842036781,0.763830801196445,0.3727903502782726,0.8200000000000001,0.7552097161104385
calibration,dgp3,300,10,10,5,5,Cal-CV,1.3994856443382795,0.07000344778506327,0.07125586799975281,0.8255016842036781,0.763830801196445,0.3727903502782726,0.8200000000000001,0.7552097161104385
calibration,dgp3,300,10,10,5,5,Cal-CV-local,1.3970308350868605,0.07264823601054642,0.07125586799975281,0.8255016842036781,0.763830801196445,0.3727903502782726,0.8200000000000001,0.7552097161104385
calibration,dgp3,300,10,10,5,5,Cal-IJ,1.442831573967181,0.10542357513287232,0.016211117999773705,0.8255016842036781,0.763830801196445,0.3727903502782726,0.8200000000000001,0.7552097161104385
calibration,dgp3,300,10,10,5,6,RF,1.3525728063882183,0.16000007740363398,0.012094896999769844,0.6724301165410294,0.6120964330950049,0.1519810854636879,0.6,0.5733970537973239
calibration,dgp3,300,10,10,5,6,SSRF-JS,1.332526067405885,0.13686708769412143,0.012094896999769844,0.6724301165410294,0.6120964330950049,0.1519810854636879,0.6,0.5733970537973239
calibration,dgp3,300,10,10,5,6,Cal-CV,1.3354914435034453,0.13583200348547197,0.07206090199952087,0.6724301165410294,0.6120964330950049,0.1519810854636879,0.6,0.5733970537973239
calibration,dgp3,300,10,10,5,6,Cal-CV-local,1.3409376850673356,0.1354318201937571,0.07206090199952087,0.6724301165410294,0.6120964330950049,0.1519810854636879,0.6,0.5733970537973239
calibration,dgp3,300,10,10,5,6,Cal-IJ,1.373381086905401,0.1653156800727708,0.016456865999771253,0.6724301165410294,0.6120964330950049,0.1519810854636879,0.6,0.5733970537973239
calibration,dgp3,300,10,10,5,7,RF,1.121232811032497,0.17886847840615186,0.012157974999809085,0.5881649956988737,0.13757274510068068,0.07678365089265723,0.5,0.2069678341649858
calibration,dgp3,300,10,10,5,7,SSRF-JS,1.074149909647649,0.13157919437337523,0.012157974999809085,0.5881649956988737,0.13757274510068068,0.07678365089265723,0.5,0.2069678341649858
calibration,dgp3,300,10,10,5,7,Cal-CV,1.102009862358376,0.15400295669220168,0.07299198100008653,0.5881649956988737,0.13757274510068068,0.07678365089265723,0.5,0.2069678341649858
calibration,dgp3,300,10,10,5,7,Cal-CV-local,1.092282824555522,0.14450546780827397,0.07299198100008653,0.5881649956988737,0.13757274510068068,0.07678365089265723,0.5,0.2069678341649858
calibration,dgp3,300,10,10,5,7,Cal-IJ,1.1131192203260152,0.16471459195088706,0.01631547499982844,0.5881649956988737,0.13757274510068068,0.07678365089265723,0.5,0.2069678341649858
calibration,dgp3,300,10,10,5,8,RF,0.9517571450627301,0.1769976579816839,0.011642687999938062,0.5321588622466378,0.6581884792175356,0.48869037066596555,0.54,0.7302127459372617
calibration,dgp3,300,10,10,5,8,SSRF-JS,0.8982638447024971,0.10919734832818649,0.011642687999938062,0.5321588622466378,0.6581884792175356,0.48869037066596555,0.54,0.7302127459372617
calibration,dgp3,300,10,10,5,8,Cal-CV,0.9035088652669216,0.11815221942528457,0.07810757700008253,0.5321588622466378,0.6581884792175356,0.48869037066596555,0.54,0.7302127459372617
calibration,dgp3,300,10,10,5,8,Cal-CV-local,0.9044703577006915,0.11880944511196204,0.07810757700008253,0.5321588622466378,0.6581884792175356,0.48869037066596555,0.54,0.7302127459372617
calibration,dgp3,300,10,10,5,8,Cal-IJ,0.9052109532980306,0.11459936940799469,0.016175333999854047,0.5321588622466378,0.6581884792175356,0.48869037066596555,0.54,0.7302127459372617
calibration,dgp3,300,10,10,5,9,RF,1.029143650900571,0.15896806021402857,0.013144545000159269,0.780434246344053,0.6991364978848951,0.22552208517443748,0.59,0.6855619713892392
calibration,dgp3,300,10,10,5,9,SSRF-JS,0.9970558144899827,0.12678926349955227,0.013144545000159269,0.780434246344053,0.6991364978848951,0.22552208517443748,0.59,0.6855619713892392
calibration,dgp3,300,10,10,5,9,Cal-CV,0.9891312827109066,0.11891202847098849,0.07410459199991237,0.780434246344053,0.6991364978848951,0.22552208517443748,0.59,0.6855619713892392
calibration,dgp3,300,10,10,5,9,Cal-CV-local,0.9867864501869611,0.11774619542463274,0.07410459199991237,0.780434246344053,0.6991364978848951,0.22552208517443748,0.59,0.6855619713892392
calibration,dgp3,300,10,10,5,9,Cal-IJ,1.0199647028840828,0.1496767141913535,0.01730663700027435,0.780434246344053,0.6991364978848951,0.22552208517443748,0.59,0.6855619713892392
calibration,dgp3,300,10,10,5,10,RF,1.2324986833285652,0.09911778395464094,0.01166332799994052,0.6332931981089436,0.47429672748087615,0.22385682445198563,0.74,0.5127120712609238
calibration,dgp3,300,10,10,5,10,SSRF-JS,1.2283628372931752,0.08573085822470758,0.01166332799994052,0.6332931981089436,0.47429672748087615,0.22385682445198563,0.74,0.5127120712609238
calibration,dgp3,300,10,10,5,10,Cal-CV,1.246346196678009,0.09913825310750515,0.06997372699970583,0.6332931981089436,0.47429672748087615,0.22385682445198563,0.74,0.5127120712609238
calibration,dgp3,300,10,10,5,10,Cal-CV-local,1.2441473720219476,0.09562488789132173,0.06997372699970583,0.6332931981089436,0.47429672748087615,0.22385682445198563,0.74,0.5127120712609238
calibration,dgp3,300,10,10,5,10,Cal-IJ,1.286808168152303,0.13301315581356823,0.016176745999928244,0.6332931981089436,0.47429672748087615,0.22385682445198563,0.74,0.5127120712609238
calibration,dgp3,300,10,10,5,11,RF,1.5409341347304164,0.09798974303361373,0.011766229999921052,0.7633926222098062,0.7111689666840882,0.18397686130565194,0.72,0.7448474068727753
calibration,dgp3,300,10,10,5,11,SSRF-JS,1.5190746748768051,0.08287068966656616,0.011766229999921052,0.7633926222098062,0.7111689666840882,0.18397686130565194,0.72,0.7448474068727753
calibration,dgp3,300,10,10,5,11,Cal-CV,1.5194513455154617,0.08393220156356335,0.0717182349999348,0.7633926222098062,0.7111689666840882,0.18397686130565194,0.72,0.7448474068727753
calibration,dgp3,300,10,10,5,11,Cal-CV-local,1.5169621677229073,0.08366998455760656,0.0717182349999348,0.7633926222098062,0.7111689666840882,0.18397686130565194,0.72,0.7448474068727753
calibration,dgp3,300,10,10,5,11,Cal-IJ,1.5587515400097338,0.13678541335882402,0.016560851000122057,0.7633926222098062,0.7111689666840882,0.18397686130565194,0.72,0.7448474068727753
calibration,dgp3,300,10,10,5,12,RF,0.967287234175999,0.09235993191672676,0.012211281999952917,0.7730691516948267,0.6245228523155222,0.5803633105321062,0.75,0.702714056570638
calibration,dgp3,300,10,10,5,12,SSRF-JS,0.9538115320097827,0.07877279239563044,0.012211281999952917,0.7730691516948267,0.6245228523155222,0.5803633105321062,0.75,0.702714056570638
calibration,dgp3,300,10,10,5,12,Cal-CV,0.9586221914205515,0.08250082839156135,0.07302359599998454,0.7730691516948267,0.6245228523155222,0.5803633105321062,0.75,0.702714056570638
calibration,dgp3,300,10,10,5,12,Cal-CV-local,0.9540618394184815,0.08523763949683559,0.07302359599998454,0.7730691516948267,0.6245228523155222,0.5803633105321062,0.75,0.702714056570638
calibration,dgp3,300,10,10,5,12,Cal-IJ,0.9616401703074555,0.08537837482664393,0.016649746999974013,0.7730691516948267,0.6245228523155222,0.5803633105321062,0.75,0.702714056570638
calibration,dgp3,300,10,10,5,13,RF,0.9871435280076166,0.10968576057590201,0.012129883999932645,0.772252777626512,0.720900001172694,0.32864413256145747,0.7000000000000001,0.6849104020620788
calibration,dgp3,300,10,10,5,13,SSRF-JS,0.9725977797904728,0.09566112438588076,0.012129883999932645,0.772252777626512,0.720900001172694,0.32864413256145747,0.7000000000000001,0.6849104020620788
calibration,dgp3,300,10,10,5,13,Cal-CV,0.9725360925858666,0.09497907283329456,0.07476220799981093,0.772252777626512,0.720900001172694,0.32864413256145747,0.7000000000000001,0.6849104020620788
calibration,dgp3,300,10,10,5,13,Cal-CV-local,0.9693697453645715,0.09392911505294459,0.07476220799981093,0.772252777626512,0.720900001172694,0.32864413256145747,0.7000000000000001,0.6849104020620788
calibration,dgp3,300,10,10,5,13,Cal-IJ,0.9959545754253728,0.11825806335645109,0.018791548000081093,0.772252777626512,0.720900001172694,0.32864413256145747,0.7000000000000001,0.6849104020620788
calibration,dgp3,300,10,10,5,14,RF,1.1745670655645428,0.08037251641940839,0.012662821000049007,0.8578868841686482,0.8564207111039147,0.8045036997964402,0.81,0.8479149317058409
calibration,dgp3,300,10,10,5,14,SSRF-JS,1.1654850665588892,0.07391953892968635,0.012662821000049007,0.8578868841686482,0.8564207111039147,0.8045036997964402,0.81,0.8479149317058409
calibration,dgp3,300,10,10,5,14,Cal-CV,1.1657470217536978,0.07442774863313968,0.0661972840002818,0.8578868841686482,0.8564207111039147,0.8045036997964402,0.81,0.8479149317058409
calibration,dgp3,300,10,10,5,14,Cal-CV-local,1.16557211875069,0.07500222476460973,0.0661972840002818,0.8578868841686482,0.8564207111039147,0.8045036997964402,0.81,0.8479149317058409
calibration,dgp3,300,10,10,5,14,Cal-IJ,1.1643219999602503,0.0740424014266589,0.017006066999783798,0.8578868841686482,0.8564207111039147,0.8045036997964402,0.81,0.8479149317058409
calibration,dgp3,300,10,10,5,15,RF,1.0411100099910129,0.13230273869463602,0.010236331000214705,0.7947632705071609,0.8024674142352684,0.46266302537343434,0.64,0.7729706485721441
calibration,dgp3,300,10,10,5,15,SSRF-JS,1.0147207425240876,0.10309204518924295,0.010236331000214705,0.7947632705071609,0.8024674142352684,0.46266302537343434,0.64,0.7729706485721441
calibration,dgp3,300,10,10,5,15,Cal-CV,1.015594703088664,0.10444684906975026,0.059719081000366714,0.7947632705071609,0.8024674142352684,0.46266302537343434,0.64,0.7729706485721441
calibration,dgp3,300,10,10,5,15,Cal-CV-local,1.0161585324174403,0.10251673473239539,0.059719081000366714,0.7947632705071609,0.8024674142352684,0.46266302537343434,0.64,0.7729706485721441
calibration,dgp3,300,10,10,5,15,Cal-IJ,1.0204769266603302,0.10530269755736053,0.013980228000036732,0.7947632705071609,0.8024674142352684,0.46266302537343434,0.64,0.7729706485721441
calibration,dgp3,300,10,10,5,16,RF,0.9094031351165549,0.11393262596461504,0.010102238999934343,0.7174484617146925,0.5930979379879681,0.33369878294364536,0.81,0.5955793240180011
calibration,dgp3,300,10,10,5,16,SSRF-JS,0.9018541478393494,0.11163133777915965,0.010102238999934343,0.7174484617146925,0.5930979379879681,0.33369878294364536,0.81,0.5955793240180011
calibration,dgp3,300,10,10,5,16,Cal-CV,0.9030963733788773,0.11493608004304734,0.057929029000206356,0.7174484617146925,0.5930979379879681,0.33369878294364536,0.81,0.5955793240180011
calibration,dgp3,300,10,10,5,16,Cal-CV-local,0.9049199358401829,0.11711524075333007,0.057929029000206356,0.7174484617146925,0.5930979379879681,0.33369878294364536,0.81,0.5955793240180011
calibration,dgp3,300,10,10,5,16,Cal-IJ,0.9184784775521797,0.13497843045966906,0.013810570999794436,0.7174484617146925,0.5930979379879681,0.33369878294364536,0.81,0.5955793240180011
calibration,dgp3,300,10,10,5,17,RF,1.1638521078685926,0.11263592160542338,0.009704433000024437,0.7419465767002769,0.6479754093345588,0.47473647366210525,0.67,0.6775173009959141
calibration,dgp3,300,10,10,5,17,SSRF-JS,1.1390140861464513,0.09338907543044483,0.009704433000024437,0.7419465767002769,0.6479754093345588,0.47473647366210525,0.67,0.6775173009959141
calibration,dgp3,300,10,10,5,17,Cal-CV,1.1361734094367477,0.09173115784771854,0.05826700500028892,0.7419465767002769,0.6479754093345588,0.47473647366210525,0.67,0.6775173009959141
calibration,dgp3,300,10,10,5,17,Cal-CV-local,1.1407299156698278,0.09346096154055776,0.05826700500028892,0.7419465767002769,0.6479754093345588,0.47473647366210525,0.67,0.6775173009959141
calibration,dgp3,300,10,10,5,17,Cal-IJ,1.1398726479185723,0.09876399649379448,0.013515815000118891,0.7419465767002769,0.6479754093345588,0.47473647366210525,0.67,0.6775173009959141
calibration,dgp3,300,10,10,5,18,RF,0.9882260539649514,0.11877141526026909,0.010006903999965289,0.7244384809508103,0.7338005876836281,0.230926354185382,0.77,0.7996607300358316
calibration,dgp3,300,10,10,5,18,SSRF-JS,0.9634469746204635,0.10941869278916105,0.010006903999965289,0.7244384809508103,0.7338005876836281,0.230926354185382,0.77,0.7996607300358316
calibration,dgp3,300,10,10,5,18,Cal-CV,0.9672916584177608,0.11163263882407527,0.058010936999835394,0.7244384809508103,0.7338005876836281,0.230926354185382,0.77,0.7996607300358316
calibration,dgp3,300,10,10,5,18,Cal-CV-local,0.9661185665612673,0.11003175521654229,0.058010936999835394,0.7244384809508103,0.7338005876836281,0.230926354185382,0.77,0.7996607300358316
calibration,dgp3,300,10,10,5,18,Cal-IJ,0.9827309373175351,0.15313306235865218,0.013587560999894777,0.7244384809508103,0.7338005876836281,0.230926354185382,0.77,0.7996607300358316
calibration,dgp3,300,10,10,5,19,RF,1.2828301053126252,0.1007760396266807,0.009288637999816274,0.7678063999122697,0.4951659685069668,0.12515607032555726,0.7000000000000001,0.5540937855868231
calibration,dgp3,300,10,10,5,19,SSRF-JS,1.2502908091814249,0.08157779206723241,0.009288637999816274,0.7678063999122697,0.4951659685069668,0.12515607032555726,0.7000000000000001,0.5540937855868231
calibration,dgp3,300,10,10,5,19,Cal-CV,1.2437535686147545,0.08974819025068166,0.057135566999477305,0.7678063999122697,0.4951659685069668,0.12515607032555726,0.7000000000000001,0.5540937855868231
calibration,dgp3,300,10,10,5,19,Cal-CV-local,1.2506854942149626,0.08747005638407397,0.057135566999477305,0.7678063999122697,0.4951659685069668,0.12515607032555726,0.7000000000000001,0.5540937855868231
calibration,dgp3,300,10,10,5,19,Cal-IJ,1.2897697662007501,0.15632221732648885,0.012936738999997033,0.7678063999122697,0.4951659685069668,0.12515607032555726,0.7000000000000001,0.5540937855868231
calibration,dgp3,300,10,100,5,0,RF,1.1795211362238283,0.04431178109175645,0.0885696119999011,0.8112715460122186,0.8879309112976578,0.9576450156885907,1.01,0.9248150666278792
calibration,dgp3,300,10,100,5,0,SSRF-JS,1.1807939758413393,0.048954992538661445,0.0885696119999011,0.8112715460122186,0.8879309112976578,0.9576450156885907,1.01,0.9248150666278792
calibration,dgp3,300,10,100,5,0,Cal-CV,1.1794022841091722,0.046218888383319744,0.5511561539997274,0.8112715460122186,0.8879309112976578,0.9576450156885907,1.01,0.9248150666278792
calibration,dgp3,300,10,100,5,0,Cal-CV-local,1.1798650330131248,0.04576013898655708,0.5511561539997274,0.8112715460122186,0.8879309112976578,0.9576450156885907,1.01,0.9248150666278792
calibration,dgp3,300,10,100,5,0,Cal-IJ,1.1790745703460526,0.04463089895299896,0.11507036500006507,0.8112715460122186,0.8879309112976578,0.9576450156885907,1.01,0.9248150666278792
calibration,dgp3,300,10,100,5,1,RF,1.3572605563376985,0.05203598796255413,0.10997167999994417,0.789622982220585,0.9970324935342807,0.9798550982109007,0.96,0.9979758638985741
calibration,dgp3,300,10,100,5,1,SSRF-JS,1.3622438050357448,0.055562350111579235,0.10997167999994417,0.789622982220585,0.9970324935342807,0.9798550982109007,0.96,0.9979758638985741
calibration,dgp3,300,10,100,5,1,Cal-CV,1.357245777896357,0.05200028750114111,0.6442856559997381,0.789622982220585,0.9970324935342807,0.9798550982109007,0.96,0.9979758638985741
calibration,dgp3,300,10,100,5,1,Cal-CV-local,1.3572247881964972,0.05199882924594931,0.6442856559997381,0.789622982220585,0.9970324935342807,0.9798550982109007,0.96,0.9979758638985741
calibration,dgp3,300,10,100,5,1,Cal-IJ,1.357209174469829,0.0518425770732009,0.14071826999997938,0.789622982220585,0.9970324935342807,0.9798550982109007,0.96,0.9979758638985741
calibration,dgp3,300,10,100,5,2,RF,0.8290366257169705,0.06175689489360218,0.1166650129998743,0.744344126039304,0.9956475087341041,0.8952281292772623,0.99,0.9968353170758828
calibration,dgp3,300,10,100,5,2,SSRF-JS,0.8320081853096161,0.06931360898268213,0.1166650129998743,0.744344126039304,0.9956475087341041,0.8952281292772623,0.99,0.9968353170758828
calibration,dgp3,300,10,100,5,2,Cal-CV,0.8289461839219807,0.06174351003571627,0.6980913329998657,0.744344126039304,0.9956475087341041,0.8952281292772623,0.99,0.9968353170758828
calibration,dgp3,300,10,100,5,2,Cal-CV-local,0.8289647891917375,0.06171364289542877,0.6980913329998657,0.744344126039304,0.9956475087341041,0.8952281292772623,0.99,0.9968353170758828
calibration,dgp3,300,10,100,5,2,Cal-IJ,0.8282710253601753,0.06284618612861484,0.15036638199990193,0.744344126039304,0.9956475087341041,0.8952281292772623,0.99,0.9968353170758828
calibration,dgp3,300,10,100,5,3,RF,1.3382054262908163,0.07400889172895964,0.12329907599996659,0.7389932732613381,0.8594349992391017,0.8954256364460773,0.96,0.8926692649758818
calibration,dgp3,300,10,100,5,3,SSRF-JS,1.3443103900299704,0.07889022574374467,0.12329907599996659,0.7389932732613381,0.8594349992391017,0.8954256364460773,0.96,0.8926692649758818
calibration,dgp3,300,10,100,5,3,Cal-CV,1.339873356592272,0.07503029586308094,0.7220762570000261,0.7389932732613381,0.8594349992391017,0.8954256364460773,0.96,0.8926692649758818
calibration,dgp3,300,10,100,5,3,Cal-CV-local,1.3371409227844335,0.07476889066898612,0.7220762570000261,0.7389932732613381,0.8594349992391017,0.8954256364460773,0.96,0.8926692649758818
calibration,dgp3,300,10,100,5,3,Cal-IJ,1.3389316289678552,0.07425410652065034,0.16323813200006043,0.7389932732613381,0.8594349992391017,0.8954256364460773,0.96,0.8926692649758818
calibration,dgp3,300,10,100,5,4,RF,0.7845467557145984,0.04508781442487395,0.11747760099979132,0.6708685494005284,0.8410000897690855,0.8855181050441188,0.93,0.8988610620599026
calibration,dgp3,300,10,100,5,4,SSRF-JS,0.7970846586257715,0.053232692012454376,0.11747760099979132,0.6708685494005284,0.8410000897690855,0.8855181050441188,0.93,0.8988610620599026
calibration,dgp3,300,10,100,5,4,Cal-CV,0.786961677560072,0.045387651249755794,0.6663201169999411,0.6708685494005284,0.8410000897690855,0.8855181050441188,0.93,0.8988610620599026
calibration,dgp3,300,10,100,5,4,Cal-CV-local,0.7846497096633133,0.044055199732264946,0.6663201169999411,0.6708685494005284,0.8410000897690855,0.8855181050441188,0.93,0.8988610620599026
calibration,dgp3,300,10,100,5,4,Cal-IJ,0.7854957835480676,0.044513954976215284,0.14622858999973687,0.6708685494005284,0.8410000897690855,0.8855181050441188,0.93,0.8988610620599026
calibration,dgp3,300,10,100,5,5,RF,0.9857660072286372,0.06072583600095869,0.10304887300026166,0.7719079301932799,1.0156621656343214,0.9406428294892063,0.99,1.0156621656343214
calibration,dgp3,300,10,100,5,5,SSRF-JS,0.9942160294274033,0.06645801446613286,0.10304887300026166,0.7719079301932799,1.0156621656343214,0.9406428294892063,0.99,1.0156621656343214
calibration,dgp3,300,10,100,5,5,Cal-CV,0.9856443178620569,0.060792758096974334,0.6675488280002355,0.7719079301932799,1.0156621656343214,0.9406428294892063,0.99,1.0156621656343214
calibration,dgp3,300,10,100,5,5,Cal-CV-local,0.9856443178620569,0.060792758096974334,0.6675488280002355,0.7719079301932799,1.0156621656343214,0.9406428294892063,0.99,1.0156621656343214
calibration,dgp3,300,10,100,5,5,Cal-IJ,0.986749507636516,0.06099452831607518,0.13593245200036108,0.7719079301932799,1.0156621656343214,0.9406428294892063,0.99,1.0156621656343214
calibration,dgp3,300,10,100,5,6,RF,1.111221804482397,0.05305801411800518,0.11456010900019464,0.7651729968265942,1.030370490837031,0.9220062720077162,0.91,1.030370490837031
calibration,dgp3,300,10,100,5,6,SSRF-JS,1.112215406976775,0.05475082953950091,0.11456010900019464,0.7651729968265942,1.030370490837031,0.9220062720077162,0.91,1.030370490837031
calibration,dgp3,300,10,100,5,6,Cal-CV,1.112381023969753,0.05412947905597201,0.6699226149999049,0.7651729968265942,1.030370490837031,0.9220062720077162,0.91,1.030370490837031
calibration,dgp3,300,10,100,5,6,Cal-CV-local,1.112381023969753,0.05412947905597201,0.6699226149999049,0.7651729968265942,1.030370490837031,0.9220062720077162,0.91,1.030370490837031
calibration,dgp3,300,10,100,5,6,Cal-IJ,1.1096369604475327,0.05169853043348456,0.14540975500040076,0.7651729968265942,1.030370490837031,0.9220062720077162,0.91,1.030370490837031
calibration,dgp3,300,10,100,5,7,RF,0.9979770199956638,0.058217235518941604,0.10406234099991707,0.7723279784959931,0.8220117883143147,0.6969829601953136,1.02,0.8742149486800677
calibration,dgp3,300,10,100,5,7,SSRF-JS,1.0052094190779586,0.06593234060865388,0.10406234099991707,0.7723279784959931,0.8220117883143147,0.6969829601953136,1.02,0.8742149486800677
calibration,dgp3,300,10,100,5,7,Cal-CV,1.0024888024823697,0.06328465732659361,0.7268925049997961,0.7723279784959931,0.8220117883143147,0.6969829601953136,1.02,0.8742149486800677
calibration,dgp3,300,10,100,5,7,Cal-CV-local,0.9963968046847059,0.05945250884044631,0.7268925049997961,0.7723279784959931,0.8220117883143147,0.6969829601953136,1.02,0.8742149486800677
calibration,dgp3,300,10,100,5,7,Cal-IJ,1.0103946822162992,0.07158084905083312,0.1394864159997269,0.7723279784959931,0.8220117883143147,0.6969829601953136,1.02,0.8742149486800677
calibration,dgp3,300,10,100,5,8,RF,0.9903219111863482,0.09523665540945274,0.1329987210001491,0.7424835791933613,0.9542227632708097,0.8939455097994136,0.81,0.9678999068266573
calibration,dgp3,300,10,100,5,8,SSRF-JS,0.9973062875874181,0.0899535150679787,0.1329987210001491,0.7424835791933613,0.9542227632708097,0.8939455097994136,0.81,0.9678999068266573
calibration,dgp3,300,10,100,5,8,Cal-CV,0.9901300309903872,0.0927553531964699,0.6358891910003877,0.7424835791933613,0.9542227632708097,0.8939455097994136,0.81,0.9678999068266573
calibration,dgp3,300,10,100,5,8,Cal-CV-local,0.9851803000519773,0.08545167786628621,0.6358891910003877,0.7424835791933613,0.9542227632708097,0.8939455097994136,0.81,0.9678999068266573
calibration,dgp3,300,10,100,5,8,Cal-IJ,0.9909298790411978,0.09054060095501262,0.16341905300032522,0.7424835791933613,0.9542227632708097,0.8939455097994136,0.81,0.9678999068266573
calibration,dgp3,300,10,100,5,9,RF,1.14281543718637,0.12249142685539754,0.10308555499977956,0.612533202540078,0.6872230984096771,0.720202478364918,0.6,0.7864503462524342
calibration,dgp3,300,10,100,5,9,SSRF-JS,1.09463903075283,0.06843311273935801,0.10308555499977956,0.612533202540078,0.6872230984096771,0.720202478364918,0.6,0.7864503462524342
calibration,dgp3,300,10,100,5,9,Cal-CV,1.107738530863632,0.0792722149353976,0.5952228879996255,0.612533202540078,0.6872230984096771,0.720202478364918,0.6,0.7864503462524342
calibration,dgp3,300,10,100,5,9,Cal-CV-local,1.0653055464712538,0.05350754453729122,0.5952228879996255,0.612533202540078,0.6872230984096771,0.720202478364918,0.6,0.7864503462524342
calibration,dgp3,300,10,100,5,9,Cal-IJ,1.1087748074024872,0.08116702095209617,0.13977981799962436,0.612533202540078,0.6872230984096771,0.720202478364918,0.6,0.7864503462524342
calibration,dgp3,300,10,100,5,10,RF,0.9956940547051849,0.057477468716595446,0.11419033499987563,0.7692500479244103,1.0155596260453805,0.9491288183959997,0.87,1.0155596260453807
calibration,dgp3,300,10,100,5,10,SSRF-JS,0.989411152997458,0.055282662746961024,0.11419033499987563,0.7692500479244103,1.0155596260453805,0.9491288183959997,0.87,1.0155596260453807
calibration,dgp3,300,10,100,5,10,Cal-CV,0.9967464215297488,0.05828261193980842,0.6412932530001854,0.7692500479244103,1.0155596260453805,0.9491288183959997,0.87,1.0155596260453807
calibration,dgp3,300,10,100,5,10,Cal-CV-local,0.9967464215297488,0.05828261193980842,0.6412932530001854,0.7692500479244103,1.0155596260453805,0.9491288183959997,0.87,1.0155596260453807
calibration,dgp3,300,10,100,5,10,Cal-IJ,0.9928659324573593,0.0554576278943285,0.143557504999535,0.7692500479244103,1.0155596260453805,0.9491288183959997,0.87,1.0155596260453807
calibration,dgp3,300,10,100,5,11,RF,1.00775294866881,0.04775827072808256,0.10328632600021592,0.7551278691152173,0.7848050192776227,0.793585141367446,1.03,0.8631991674665324
calibration,dgp3,300,10,100,5,11,SSRF-JS,1.0162857419838116,0.0566502289098374,0.10328632600021592,0.7551278691152173,0.7848050192776227,0.793585141367446,1.03,0.8631991674665324
calibration,dgp3,300,10,100,5,11,Cal-CV,1.0153526619549804,0.05542815083989766,0.6357312190002631,0.7551278691152173,0.7848050192776227,0.793585141367446,1.03,0.8631991674665324
calibration,dgp3,300,10,100,5,11,Cal-CV-local,1.0157597977236565,0.052772432330362114,0.6357312190002631,0.7551278691152173,0.7848050192776227,0.793585141367446,1.03,0.8631991674665324
calibration,dgp3,300,10,100,5,11,Cal-IJ,1.0148123046832895,0.054884930707308474,0.1341497769999478,0.7551278691152173,0.7848050192776227,0.793585141367446,1.03,0.8631991674665324
calibration,dgp3,300,10,100,5,12,RF,0.935197645433256,0.04472090188166513,0.10661341800005175,0.7139421306692354,0.7690588843779468,0.6919769782278358,1.02,0.848191902068258
calibration,dgp3,300,10,100,5,12,SSRF-JS,0.9442989424852618,0.0569873643764754,0.10661341800005175,0.7139421306692354,0.7690588843779468,0.6919769782278358,1.02,0.848191902068258
calibration,dgp3,300,10,100,5,12,Cal-CV,0.9412761393668257,0.053172886991699926,0.6674602790003519,0.7139421306692354,0.7690588843779468,0.6919769782278358,1.02,0.848191902068258
calibration,dgp3,300,10,100,5,12,Cal-CV-local,0.9374823391970426,0.048512065855838574,0.6674602790003519,0.7139421306692354,0.7690588843779468,0.6919769782278358,1.02,0.848191902068258
calibration,dgp3,300,10,100,5,12,Cal-IJ,0.946589384494601,0.059278339360787,0.13631001299972922,0.7139421306692354,0.7690588843779468,0.6919769782278358,1.02,0.848191902068258
calibration,dgp3,300,10,100,5,13,RF,0.8732837845853264,0.06922854644367903,0.0993741229999614,0.750535400350343,0.8529342793594167,0.8126451594400969,1.02,0.9143015247604714
calibration,dgp3,300,10,100,5,13,SSRF-JS,0.8769195495946187,0.07637693228084343,0.0993741229999614,0.750535400350343,0.8529342793594167,0.8126451594400969,1.02,0.9143015247604714
calibration,dgp3,300,10,100,5,13,Cal-CV,0.8742596826366218,0.07218902003718793,0.6842366210003092,0.750535400350343,0.8529342793594167,0.8126451594400969,1.02,0.9143015247604714
calibration,dgp3,300,10,100,5,13,Cal-CV-local,0.8717514326855138,0.07003885344064546,0.6842366210003092,0.750535400350343,0.8529342793594167,0.8126451594400969,1.02,0.9143015247604714
calibration,dgp3,300,10,100,5,13,Cal-IJ,0.8753619139022976,0.07383493205770533,0.13022354699978678,0.750535400350343,0.8529342793594167,0.8126451594400969,1.02,0.9143015247604714
calibration,dgp3,300,10,100,5,14,RF,0.920541986658598,0.05018390484022129,0.103795128999991,0.7855339357724634,0.8484390677699694,0.8989381659040949,0.96,0.9018102764926664
calibration,dgp3,300,10,100,5,14,SSRF-JS,0.9214489596901801,0.05344714500035319,0.103795128999991,0.7855339357724634,0.8484390677699694,0.8989381659040949,0.96,0.9018102764926664
calibration,dgp3,300,10,100,5,14,Cal-CV,0.9202047661105615,0.05151830938438502,0.6671892179997485,0.7855339357724634,0.8484390677699694,0.8989381659040949,0.96,0.9018102764926664
calibration,dgp3,300,10,100,5,14,Cal-CV-local,0.9201106760951683,0.05081952496567048,0.6671892179997485,0.7855339357724634,0.8484390677699694,0.8989381659040949,0.96,0.9018102764926664
calibration,dgp3,300,10,100,5,14,Cal-IJ,0.9196004154651966,0.050356984337158156,0.13747334499976205,0.7855339357724634,0.8484390677699694,0.8989381659040949,0.96,0.9018102764926664
calibration,dgp3,300,10,100,5,15,RF,0.8904210387344343,0.039332443669245785,0.11475439000014376,0.82421071567116,1.052614346344036,0.979032595975515,0.99,1.052614346344036
calibration,dgp3,300,10,100,5,15,SSRF-JS,0.8974095216538662,0.04328029638390492,0.11475439000014376,0.82421071567116,1.052614346344036,0.979032595975515,0.99,1.052614346344036
calibration,dgp3,300,10,100,5,15,Cal-CV,0.8900945379953789,0.03996153930801959,0.6781470169999011,0.82421071567116,1.052614346344036,0.979032595975515,0.99,1.052614346344036
calibration,dgp3,300,10,100,5,15,Cal-CV-local,0.8900945379953789,0.03996153930801959,0.6781470169999011,0.82421071567116,1.052614346344036,0.979032595975515,0.99,1.052614346344036
calibration,dgp3,300,10,100,5,15,Cal-IJ,0.890787327485309,0.039317916602182285,0.14748027500036187,0.82421071567116,1.052614346344036,0.979032595975515,0.99,1.052614346344036
calibration,dgp3,300,10,100,5,16,RF,0.9447485688072618,0.05511044538741511,0.12343665400021564,0.7765593718048468,0.9424977013030086,0.8787821495819274,1.03,0.959575108620616
calibration,dgp3,300,10,100,5,16,SSRF-JS,0.9503672083936164,0.062462967742037086,0.12343665400021564,0.7765593718048468,0.9424977013030086,0.8787821495819274,1.03,0.959575108620616
calibration,dgp3,300,10,100,5,16,Cal-CV,0.9450926878270643,0.0558822238857666,0.7164947840001332,0.7765593718048468,0.9424977013030086,0.8787821495819274,1.03,0.959575108620616
calibration,dgp3,300,10,100,5,16,Cal-CV-local,0.9450625073721931,0.05552503296970096,0.7164947840001332,0.7765593718048468,0.9424977013030086,0.8787821495819274,1.03,0.959575108620616
calibration,dgp3,300,10,100,5,16,Cal-IJ,0.9464193797933155,0.05768278490146348,0.15769908000038413,0.7765593718048468,0.9424977013030086,0.8787821495819274,1.03,0.959575108620616
calibration,dgp3,300,10,100,5,17,RF,0.844806065670775,0.055606112545968,0.12572308800008614,0.7406477938001218,1.0933567467004033,1.1541572719240734,0.81,1.093356746700403
calibration,dgp3,300,10,100,5,17,SSRF-JS,0.8284751458259915,0.0482922242002757,0.12572308800008614,0.7406477938001218,1.0933567467004033,1.1541572719240734,0.81,1.093356746700403
calibration,dgp3,300,10,100,5,17,Cal-CV,0.8572987843922499,0.06481618622262947,0.6707305340000858,0.7406477938001218,1.0933567467004033,1.1541572719240734,0.81,1.093356746700403
calibration,dgp3,300,10,100,5,17,Cal-CV-local,0.8572987843922499,0.06481618622262947,0.6707305340000858,0.7406477938001218,1.0933567467004033,1.1541572719240734,0.81,1.093356746700403
calibration,dgp3,300,10,100,5,17,Cal-IJ,0.8674222696927408,0.07280178058431062,0.15728947900015555,0.7406477938001218,1.0933567467004033,1.1541572719240734,0.81,1.093356746700403
calibration,dgp3,300,10,100,5,18,RF,1.0000154805707135,0.060264460412339495,0.1147680499998387,0.7473670709642716,0.8860810674700164,0.9495637307789465,0.89,0.9302739008976668
calibration,dgp3,300,10,100,5,18,SSRF-JS,0.9963023237112802,0.06160773529741008,0.1147680499998387,0.7473670709642716,0.8860810674700164,0.9495637307789465,0.89,0.9302739008976668
calibration,dgp3,300,10,100,5,18,Cal-CV,0.9959499599709546,0.05846676922389999,0.6836290910000571,0.7473670709642716,0.8860810674700164,0.9495637307789465,0.89,0.9302739008976668
calibration,dgp3,300,10,100,5,18,Cal-CV-local,0.9967736463849137,0.05831082426769391,0.6836290910000571,0.7473670709642716,0.8860810674700164,0.9495637307789465,0.89,0.9302739008976668
calibration,dgp3,300,10,100,5,18,Cal-IJ,0.9977198920662275,0.058972926740500496,0.1460148629998912,0.7473670709642716,0.8860810674700164,0.9495637307789465,0.89,0.9302739008976668
calibration,dgp3,300,10,100,5,19,RF,1.6069206504271927,0.08636833700280969,0.11148338900011368,0.7329835807474006,0.6095336603570027,0.7305158612517516,1.01,0.7107059268300442
calibration,dgp3,300,10,100,5,19,SSRF-JS,1.6152531632620217,0.09333666066533176,0.11148338900011368,0.7329835807474006,0.6095336603570027,0.7305158612517516,1.01,0.7107059268300442
calibration,dgp3,300,10,100,5,19,Cal-CV,1.6255158606559332,0.10263102267027188,0.6693645560003461,0.7329835807474006,0.6095336603570027,0.7305158612517516,1.01,0.7107059268300442
calibration,dgp3,300,10,100,5,19,Cal-CV-local,1.6215118041973637,0.09631352485936148,0.6693645560003461,0.7329835807474006,0.6095336603570027,0.7305158612517516,1.01,0.7107059268300442
calibration,dgp3,300,10,100,5,19,Cal-IJ,1.6164254211898048,0.0942632932726284,0.1422427540001081,0.7329835807474006,0.6095336603570027,0.7305158612517516,1.01,0.7107059268300442
calibration,dgp3,300,10,500,5,0,RF,1.0968483263835027,0.06351548551301962,0.5172747799997524,0.7920260686300007,0.9765046078929589,0.9854309743765497,0.89,0.9903682365352471
calibration,dgp3,300,10,500,5,0,SSRF-JS,1.098366388556048,0.0628349571703978,0.5172747799997524,0.7920260686300007,0.9765046078929589,0.9854309743765497,0.89,0.9903682365352471
calibration,dgp3,300,10,500,5,0,Cal-CV,1.096319499033367,0.06275652026152735,3.0537464109997927,0.7920260686300007,0.9765046078929589,0.9854309743765497,0.89,0.9903682365352471
calibration,dgp3,300,10,500,5,0,Cal-CV-local,1.096360025142536,0.06282885700388283,3.0537464109997927,0.7920260686300007,0.9765046078929589,0.9854309743765497,0.89,0.9903682365352471
calibration,dgp3,300,10,500,5,0,Cal-IJ,1.0964989999636454,0.0630234551550236,0.6839208149995102,0.7920260686300007,0.9765046078929589,0.9854309743765497,0.89,0.9903682365352471
calibration,dgp3,300,10,500,5,1,RF,0.9521984091364669,0.05304573921401563,0.5742664370000057,0.7903178718831362,0.9931352311577228,0.938537563076797,0.9,0.9973363729977497
calibration,dgp3,300,10,500,5,1,SSRF-JS,0.9463214817975453,0.053388966253528417,0.5742664370000057,0.7903178718831362,0.9931352311577228,0.938537563076797,0.9,0.9973363729977497
calibration,dgp3,300,10,500,5,1,Cal-CV,0.9517754454034293,0.052827721004474644,3.4471774409998943,0.7903178718831362,0.9931352311577228,0.938537563076797,0.9,0.9973363729977497
calibration,dgp3,300,10,500,5,1,Cal-CV-local,0.9520054683952078,0.052913917988721554,3.4471774409998943,0.7903178718831362,0.9931352311577228,0.938537563076797,0.9,0.9973363729977497
calibration,dgp3,300,10,500,5,1,Cal-IJ,0.9489661997216369,0.051648471601308414,0.7406472049997319,0.7903178718831362,0.9931352311577228,0.938537563076797,0.9,0.9973363729977497
calibration,dgp3,300,10,500,5,2,RF,1.0342733356687146,0.07232999164753862,0.6019727859998056,0.7655325054254597,0.6095089612053889,0.6819952119800833,1.1300000000000001,0.811041538506523
calibration,dgp3,300,10,500,5,2,SSRF-JS,1.0496164572856899,0.08318306626338151,0.6019727859998056,0.7655325054254597,0.6095089612053889,0.6819952119800833,1.1300000000000001,0.811041538506523
calibration,dgp3,300,10,500,5,2,Cal-CV,1.0660230025434037,0.09640772544428686,3.515204801999971,0.7655325054254597,0.6095089612053889,0.6819952119800833,1.1300000000000001,0.811041538506523
calibration,dgp3,300,10,500,5,2,Cal-CV-local,1.0481701562537953,0.07928407692509523,3.515204801999971,0.7655325054254597,0.6095089612053889,0.6819952119800833,1.1300000000000001,0.811041538506523
calibration,dgp3,300,10,500,5,2,Cal-IJ,1.0579449368280887,0.08975378886323052,0.7502825759997904,0.7655325054254597,0.6095089612053889,0.6819952119800833,1.1300000000000001,0.811041538506523
calibration,dgp3,300,10,500,5,3,RF,0.8158754136705413,0.07237720668487872,0.5238656050000827,0.7771637750869583,1.063775927639914,1.0168531855697909,0.8300000000000001,1.0637759276399137
calibration,dgp3,300,10,500,5,3,SSRF-JS,0.8080922537826032,0.06739837295461158,0.5238656050000827,0.7771637750869583,1.063775927639914,1.0168531855697909,0.8300000000000001,1.0637759276399137
calibration,dgp3,300,10,500,5,3,Cal-CV,0.8210998671708629,0.0766918123956305,3.2281305579999753,0.7771637750869583,1.063775927639914,1.0168531855697909,0.8300000000000001,1.0637759276399137
calibration,dgp3,300,10,500,5,3,Cal-CV-local,0.8210998671708629,0.0766918123956305,3.2281305579999753,0.7771637750869583,1.063775927639914,1.0168531855697909,0.8300000000000001,1.0637759276399137
calibration,dgp3,300,10,500,5,3,Cal-IJ,0.8171265360148591,0.07338789609148283,0.6895084470002075,0.7771637750869583,1.063775927639914,1.0168531855697909,0.8300000000000001,1.0637759276399137
calibration,dgp3,300,10,500,5,4,RF,6.2603659116289005,0.055824884624114245,0.5279887709998548,0.7130280293105723,1.1913168544209032,1.1043497246449707,0.86,1.1913168544209032
calibration,dgp3,300,10,500,5,4,SSRF-JS,6.251080402338275,0.0555894182337345,0.5279887709998548,0.7130280293105723,1.1913168544209032,1.1043497246449707,0.86,1.1913168544209032
calibration,dgp3,300,10,500,5,4,Cal-CV,6.282091223390513,0.07181831566456227,3.131393661999482,0.7130280293105723,1.1913168544209032,1.1043497246449707,0.86,1.1913168544209032
calibration,dgp3,300,10,500,5,4,Cal-CV-local,6.282091223390513,0.07181831566456227,3.131393661999482,0.7130280293105723,1.1913168544209032,1.1043497246449707,0.86,1.1913168544209032
calibration,dgp3,300,10,500,5,4,Cal-IJ,6.270631452810203,0.06296409291246977,0.7154771909999909,0.7130280293105723,1.1913168544209032,1.1043497246449707,0.86,1.1913168544209032
calibration,dgp3,300,10,500,5,5,RF,1.3677928757665705,0.06624353341022104,0.5675787629998013,0.7994776533365514,1.0142235812969609,0.9381507208106243,1.16,1.0142235812969607
calibration,dgp3,300,10,500,5,5,SSRF-JS,1.380648245496521,0.07583260117904453,0.5675787629998013,0.7994776533365514,1.0142235812969609,0.9381507208106243,1.16,1.0142235812969607
calibration,dgp3,300,10,500,5,5,Cal-CV,1.3671696187420415,0.06584695887839045,3.4023618659998647,0.7994776533365514,1.0142235812969609,0.9381507208106243,1.16,1.0142235812969607
calibration,dgp3,300,10,500,5,5,Cal-CV-local,1.3671696187420415,0.06584695887839045,3.4023618659998647,0.7994776533365514,1.0142235812969609,0.9381507208106243,1.16,1.0142235812969607
calibration,dgp3,300,10,500,5,5,Cal-IJ,1.3709404652138055,0.06840542533968606,0.7377994309999849,0.7994776533365514,1.0142235812969609,0.9381507208106243,1.16,1.0142235812969607
calibration,dgp3,300,10,500,5,6,RF,0.840692054015382,0.08636336729960044,0.6106135380000524,0.5394186364505201,0.6493026036200948,0.39883145794033464,0.92,0.8411902035849526
calibration,dgp3,300,10,500,5,6,SSRF-JS,0.8469170392554646,0.10145564312129336,0.6106135380000524,0.5394186364505201,0.6493026036200948,0.39883145794033464,0.92,0.8411902035849526
calibration,dgp3,300,10,500,5,6,Cal-CV,0.8418873215494231,0.09481740221149755,3.638499645999673,0.5394186364505201,0.6493026036200948,0.39883145794033464,0.92,0.8411902035849526
calibration,dgp3,300,10,500,5,6,Cal-CV-local,0.833250046902508,0.08023572224745884,3.638499645999673,0.5394186364505201,0.6493026036200948,0.39883145794033464,0.92,0.8411902035849526
calibration,dgp3,300,10,500,5,6,Cal-IJ,0.8614016932055866,0.1195160489724152,0.7814944669999022,0.5394186364505201,0.6493026036200948,0.39883145794033464,0.92,0.8411902035849526
calibration,dgp3,300,10,500,5,7,RF,0.9670478888047345,0.06587444462256639,0.5847810129998834,0.7283546925113024,0.7706404094428676,0.9072030002027929,0.9400000000000001,0.8899156668047011
calibration,dgp3,300,10,500,5,7,SSRF-JS,0.971967794198839,0.07090031575571416,0.5847810129998834,0.7283546925113024,0.7706404094428676,0.9072030002027929,0.9400000000000001,0.8899156668047011
calibration,dgp3,300,10,500,5,7,Cal-CV,0.9699415338845149,0.069044083432075,3.623282936999658,0.7283546925113024,0.7706404094428676,0.9072030002027929,0.9400000000000001,0.8899156668047011
calibration,dgp3,300,10,500,5,7,Cal-CV-local,0.964433046831482,0.06471298869096641,3.623282936999658,0.7283546925113024,0.7706404094428676,0.9072030002027929,0.9400000000000001,0.8899156668047011
calibration,dgp3,300,10,500,5,7,Cal-IJ,0.9665853941505537,0.0655236147565004,0.7609389310000552,0.7283546925113024,0.7706404094428676,0.9072030002027929,0.9400000000000001,0.8899156668047011
calibration,dgp3,300,10,500,5,8,RF,1.4076866188499262,0.0882026478810596,0.5712265019997176,0.5645305015804957,0.565850233394103,0.5934923926126318,0.77,0.7947254097992914
calibration,dgp3,300,10,500,5,8,SSRF-JS,1.4158307262862475,0.08362314731003477,0.5712265019997176,0.5645305015804957,0.565850233394103,0.5934923926126318,0.77,0.7947254097992914
calibration,dgp3,300,10,500,5,8,Cal-CV,1.4184429273959955,0.08599611167744252,3.163362932999462,0.5645305015804957,0.565850233394103,0.5934923926126318,0.77,0.7947254097992914
calibration,dgp3,300,10,500,5,8,Cal-CV-local,1.3812608643177786,0.05809056640999333,3.163362932999462,0.5645305015804957,0.565850233394103,0.5934923926126318,0.77,0.7947254097992914
calibration,dgp3,300,10,500,5,8,Cal-IJ,1.4155049198861533,0.08388344382238627,0.7261561299997084,0.5645305015804957,0.565850233394103,0.5934923926126318,0.77,0.7947254097992914
calibration,dgp3,300,10,500,5,9,RF,0.9030095379776564,0.06732740725907436,0.5569452439999623,0.7216811932175162,0.8826978259531367,0.9289169978101856,0.8300000000000001,0.947033538690563
calibration,dgp3,300,10,500,5,9,SSRF-JS,0.9066183976587647,0.06409983647977716,0.5569452439999623,0.7216811932175162,0.8826978259531367,0.9289169978101856,0.8300000000000001,0.947033538690563
calibration,dgp3,300,10,500,5,9,Cal-CV,0.9017271855063066,0.06298347080979196,3.263570585999787,0.7216811932175162,0.8826978259531367,0.9289169978101856,0.8300000000000001,0.947033538690563
calibration,dgp3,300,10,500,5,9,Cal-CV-local,0.9014939224601556,0.06304398823502037,3.263570585999787,0.7216811932175162,0.8826978259531367,0.9289169978101856,0.8300000000000001,0.947033538690563
calibration,dgp3,300,10,500,5,9,Cal-IJ,0.9016975778980428,0.0641601824976593,0.7118571489995702,0.7216811932175162,0.8826978259531367,0.9289169978101856,0.8300000000000001,0.947033538690563
calibration,dgp3,300,10,500,5,10,RF,0.9851349195945667,0.08770245487962798,0.5127775050000309,0.7154928391092547,0.8719778704206889,0.8348105248030491,0.73,0.946996332467716
calibration,dgp3,300,10,500,5,10,SSRF-JS,0.9725780957524767,0.07298280042047299,0.5127775050000309,0.7154928391092547,0.8719778704206889,0.8348105248030491,0.73,0.946996332467716
calibration,dgp3,300,10,500,5,10,Cal-CV,0.9756372719516645,0.07720826349578455,3.257935933000226,0.7154928391092547,0.8719778704206889,0.8348105248030491,0.73,0.946996332467716
calibration,dgp3,300,10,500,5,10,Cal-CV-local,0.978544528997077,0.0794049643858141,3.257935933000226,0.7154928391092547,0.8719778704206889,0.8348105248030491,0.73,0.946996332467716
calibration,dgp3,300,10,500,5,10,Cal-IJ,0.9740758555196463,0.0753575307888035,0.6724844860000303,0.7154928391092547,0.8719778704206889,0.8348105248030491,0.73,0.946996332467716
calibration,dgp3,300,10,500,5,11,RF,0.9332345206173507,0.07833159172926463,0.5332874679997985,0.6575520905517108,0.6879176143721886,0.571915116134859,1.05,0.869970552567362
calibration,dgp3,300,10,500,5,11,SSRF-JS,0.9504633519032876,0.09369164428920662,0.5332874679997985,0.6575520905517108,0.6879176143721886,0.571915116134859,1.05,0.869970552567362
calibration,dgp3,300,10,500,5,11,Cal-CV,0.9501496506217764,0.09304297334436905,3.2598267620001025,0.6575520905517108,0.6879176143721886,0.571915116134859,1.05,0.869970552567362
calibration,dgp3,300,10,500,5,11,Cal-CV-local,0.9333528681801765,0.07805126027468386,3.2598267620001025,0.6575520905517108,0.6879176143721886,0.571915116134859,1.05,0.869970552567362
calibration,dgp3,300,10,500,5,11,Cal-IJ,0.9620673445369645,0.10414152356410811,0.6934485859997039,0.6575520905517108,0.6879176143721886,0.571915116134859,1.05,0.869970552567362
calibration,dgp3,300,10,500,5,12,RF,0.8943972314890443,0.06136605162207318,0.515888810999968,0.7484249306461622,1.0511114627723277,1.089224343919265,0.91,1.0511114627723277
calibration,dgp3,300,10,500,5,12,SSRF-JS,0.9017476279308196,0.06384726483745806,0.515888810999968,0.7484249306461622,1.0511114627723277,1.089224343919265,0.91,1.0511114627723277
calibration,dgp3,300,10,500,5,12,Cal-CV,0.8953486380309981,0.06336095583290541,3.016735814000185,0.7484249306461622,1.0511114627723277,1.089224343919265,0.91,1.0511114627723277
calibration,dgp3,300,10,500,5,12,Cal-CV-local,0.8953486380309981,0.06336095583290541,3.016735814000185,0.7484249306461622,1.0511114627723277,1.089224343919265,0.91,1.0511114627723277
calibration,dgp3,300,10,500,5,12,Cal-IJ,0.8966450032301655,0.06543543812115382,0.6478629930002171,0.7484249306461622,1.0511114627723277,1.089224343919265,0.91,1.0511114627723277
calibration,dgp3,300,10,500,5,13,RF,0.9185419615124789,0.07617821150004202,0.4466841830003432,0.800598416921744,0.815932392943558,0.8675878728183855,1.06,0.9216678335434384
calibration,dgp3,300,10,500,5,13,SSRF-JS,0.9295975507424771,0.08380655437189147,0.4466841830003432,0.800598416921744,0.815932392943558,0.8675878728183855,1.06,0.9216678335434384
calibration,dgp3,300,10,500,5,13,Cal-CV,0.9286160539670325,0.08312003043519886,2.813344586000312,0.800598416921744,0.815932392943558,0.8675878728183855,1.06,0.9216678335434384
calibration,dgp3,300,10,500,5,13,Cal-CV-local,0.9222693067279868,0.0784616408975515,2.813344586000312,0.800598416921744,0.815932392943558,0.8675878728183855,1.06,0.9216678335434384
calibration,dgp3,300,10,500,5,13,Cal-IJ,0.924920602598139,0.08030359897823387,0.5879522400005044,0.800598416921744,0.815932392943558,0.8675878728183855,1.06,0.9216678335434384
calibration,dgp3,300,10,500,5,14,RF,0.9397784631990771,0.060214141033876234,0.5550430399998731,0.7830691153525041,1.0012737339928004,0.9259509559853052,0.9500000000000001,1.0012737339928004
calibration,dgp3,300,10,500,5,14,SSRF-JS,0.9462508128019345,0.06368061162041701,0.5550430399998731,0.7830691153525041,1.0012737339928004,0.9259509559853052,0.9500000000000001,1.0012737339928004
calibration,dgp3,300,10,500,5,14,Cal-CV,0.9397787151718267,0.06023150812844992,3.0789551950001623,0.7830691153525041,1.0012737339928004,0.9259509559853052,0.9500000000000001,1.0012737339928004
calibration,dgp3,300,10,500,5,14,Cal-CV-local,0.9397787151718267,0.06023150812844992,3.0789551950001623,0.7830691153525041,1.0012737339928004,0.9259509559853052,0.9500000000000001,1.0012737339928004
calibration,dgp3,300,10,500,5,14,Cal-IJ,0.940548827117895,0.05998951038049493,0.6856757849996029,0.7830691153525041,1.0012737339928004,0.9259509559853052,0.9500000000000001,1.0012737339928004
calibration,dgp3,300,10,500,5,15,RF,1.1195825494940763,0.05304762666172622,0.5062235000000328,0.7815629769549594,0.8345738918752966,0.7951607318850734,1.1400000000000001,0.9348429092163552
calibration,dgp3,300,10,500,5,15,SSRF-JS,1.1378610989394105,0.0639097198669352,0.5062235000000328,0.7815629769549594,0.8345738918752966,0.7951607318850734,1.1400000000000001,0.9348429092163552
calibration,dgp3,300,10,500,5,15,Cal-CV,1.1327573356109122,0.06055456169826014,2.928048790000048,0.7815629769549594,0.8345738918752966,0.7951607318850734,1.1400000000000001,0.9348429092163552
calibration,dgp3,300,10,500,5,15,Cal-CV-local,1.1241686884533602,0.05575819115891061,2.928048790000048,0.7815629769549594,0.8345738918752966,0.7951607318850734,1.1400000000000001,0.9348429092163552
calibration,dgp3,300,10,500,5,15,Cal-IJ,1.1367273983530561,0.06317424556755805,0.6364407060000303,0.7815629769549594,0.8345738918752966,0.7951607318850734,1.1400000000000001,0.9348429092163552
calibration,dgp3,300,10,500,5,16,RF,22.56439164470429,0.041034760019711056,0.44990597299965884,0.7863873187931872,1.0042621512501537,1.080911442216077,0.96,1.004262151250154
calibration,dgp3,300,10,500,5,16,SSRF-JS,22.57261979396095,0.045324867913662546,0.44990597299965884,0.7863873187931872,1.0042621512501537,1.080911442216077,0.96,1.004262151250154
calibration,dgp3,300,10,500,5,16,Cal-CV,22.564372485885777,0.04109787218076264,2.7764904229998137,0.7863873187931872,1.0042621512501537,1.080911442216077,0.96,1.004262151250154
calibration,dgp3,300,10,500,5,16,Cal-CV-local,22.564372485885777,0.04109787218076264,2.7764904229998137,0.7863873187931872,1.0042621512501537,1.080911442216077,0.96,1.004262151250154
calibration,dgp3,300,10,500,5,16,Cal-IJ,22.56503367270418,0.04323859641589252,0.5940713279996999,0.7863873187931872,1.0042621512501537,1.080911442216077,0.96,1.004262151250154
calibration,dgp3,300,10,500,5,17,RF,1.0529680945235007,0.08171684729476358,0.4902639229999295,0.674084933488934,0.6654353639098226,0.8125165721476552,0.9,0.8101556170849153
calibration,dgp3,300,10,500,5,17,SSRF-JS,1.062849803839564,0.08402617543970613,0.4902639229999295,0.674084933488934,0.6654353639098226,0.8125165721476552,0.9,0.8101556170849153
calibration,dgp3,300,10,500,5,17,Cal-CV,1.066177500902012,0.08745987189476578,3.1513826689997586,0.674084933488934,0.6654353639098226,0.8125165721476552,0.9,0.8101556170849153
calibration,dgp3,300,10,500,5,17,Cal-CV-local,1.0474450484386653,0.07101948271306063,3.1513826689997586,0.674084933488934,0.6654353639098226,0.8125165721476552,0.9,0.8101556170849153
calibration,dgp3,300,10,500,5,17,Cal-IJ,1.0567701218958276,0.08133486147954057,0.6650162569999338,0.674084933488934,0.6654353639098226,0.8125165721476552,0.9,0.8101556170849153
calibration,dgp3,300,10,500,5,18,RF,1.1392002268183528,0.04545929791744796,0.5587746069995774,0.797998275289581,0.9690699155988257,0.9023892475794644,1.0,0.9895173161917762
calibration,dgp3,300,10,500,5,18,SSRF-JS,1.1394273961628354,0.05101696950138427,0.5587746069995774,0.797998275289581,0.9690699155988257,0.9023892475794644,1.0,0.9895173161917762
calibration,dgp3,300,10,500,5,18,Cal-CV,1.138490808772716,0.045599457878211354,3.3557742719995076,0.797998275289581,0.9690699155988257,0.9023892475794644,1.0,0.9895173161917762
calibration,dgp3,300,10,500,5,18,Cal-CV-local,1.1387322833378544,0.045377404940358,3.3557742719995076,0.797998275289581,0.9690699155988257,0.9023892475794644,1.0,0.9895173161917762
calibration,dgp3,300,10,500,5,18,Cal-IJ,1.1378687582109364,0.04680897131304223,0.7114720719991965,0.797998275289581,0.9690699155988257,0.9023892475794644,1.0,0.9895173161917762
calibration,dgp3,300,10,500,5,19,RF,1.1053650505285428,0.044004670728738496,0.5465909240001565,0.7883696846050504,0.9692534338415456,0.9833755157570102,0.99,0.9873532760362635
calibration,dgp3,300,10,500,5,19,SSRF-JS,1.1128516939679702,0.04950914943293695,0.5465909240001565,0.7883696846050504,0.9692534338415456,0.9833755157570102,0.99,0.9873532760362635
calibration,dgp3,300,10,500,5,19,Cal-CV,1.1056548252632867,0.04402216957478299,3.262081973000022,0.7883696846050504,0.9692534338415456,0.9833755157570102,0.99,0.9873532760362635
calibration,dgp3,300,10,500,5,19,Cal-CV-local,1.1048456185418543,0.043676992195106665,3.262081973000022,0.7883696846050504,0.9692534338415456,0.9833755157570102,0.99,0.9873532760362635
calibration,dgp3,300,10,500,5,19,Cal-IJ,1.1054872890648388,0.0439796913221234,0.7117571180001505,0.7883696846050504,0.9692534338415456,0.9833755157570102,0.99,0.9873532760362635
calibration,dgp3,1200,10,10,5,0,RF,1.166795509739103,0.08463061356402933,0.0366463429995747,0.7687889000645748,0.7892218415736398,0.15438852763209973,0.74,0.7763270295262649
calibration,dgp3,1200,10,10,5,0,SSRF-JS,1.150837722329632,0.06989601455928206,0.0366463429995747,0.7687889000645748,0.7892218415736398,0.15438852763209973,0.74,0.7763270295262649
calibration,dgp3,1200,10,10,5,0,Cal-CV,1.1508461823775635,0.07021318098347823,0.20488878499963903,0.7687889000645748,0.7892218415736398,0.15438852763209973,0.74,0.7763270295262649
calibration,dgp3,1200,10,10,5,0,Cal-CV-local,1.1460093841021852,0.06703229567148386,0.20488878499963903,0.7687889000645748,0.7892218415736398,0.15438852763209973,0.74,0.7763270295262649
calibration,dgp3,1200,10,10,5,0,Cal-IJ,1.2187137775175094,0.14269462154120935,0.047123095999268116,0.7687889000645748,0.7892218415736398,0.15438852763209973,0.74,0.7763270295262649
calibration,dgp3,1200,10,10,5,1,RF,1.0141181928725673,0.09104155475827878,0.03414544599991132,0.7150387952837585,0.6943821395085594,0.11931407033870375,0.72,0.6663318080111339
calibration,dgp3,1200,10,10,5,1,SSRF-JS,1.0032243973448804,0.0752701008508976,0.03414544599991132,0.7150387952837585,0.6943821395085594,0.11931407033870375,0.72,0.6663318080111339
calibration,dgp3,1200,10,10,5,1,Cal-CV,1.0031031364576632,0.07542326952660057,0.19999914900017757,0.7150387952837585,0.6943821395085594,0.11931407033870375,0.72,0.6663318080111339
calibration,dgp3,1200,10,10,5,1,Cal-CV-local,1.0039901875529416,0.07703440994855516,0.19999914900017757,0.7150387952837585,0.6943821395085594,0.11931407033870375,0.72,0.6663318080111339
calibration,dgp3,1200,10,10,5,1,Cal-IJ,1.0877206331129765,0.15137906721133446,0.04354061300000467,0.7150387952837585,0.6943821395085594,0.11931407033870375,0.72,0.6663318080111339
calibration,dgp3,1200,10,10,5,2,RF,1.1308858382046083,0.08742395178741182,0.03326321699978507,0.7595173153665729,0.7176705595254842,0.18920793109673295,0.6900000000000001,0.7316059238948045
calibration,dgp3,1200,10,10,5,2,SSRF-JS,1.117366484782054,0.0651650533156234,0.03326321699978507,0.7595173153665729,0.7176705595254842,0.18920793109673295,0.6900000000000001,0.7316059238948045
calibration,dgp3,1200,10,10,5,2,Cal-CV,1.1185516403438605,0.06437297087440226,0.1891482369996993,0.7595173153665729,0.7176705595254842,0.18920793109673295,0.6900000000000001,0.7316059238948045
calibration,dgp3,1200,10,10,5,2,Cal-CV-local,1.1193341639074663,0.06538141473334845,0.1891482369996993,0.7595173153665729,0.7176705595254842,0.18920793109673295,0.6900000000000001,0.7316059238948045
calibration,dgp3,1200,10,10,5,2,Cal-IJ,1.1979616664213355,0.12372338386094217,0.04382081299991114,0.7595173153665729,0.7176705595254842,0.18920793109673295,0.6900000000000001,0.7316059238948045
calibration,dgp3,1200,10,10,5,3,RF,1.1005189148327785,0.09468730015076884,0.03764195400026438,0.7619449938505344,0.6745962161903337,0.22361245168099075,0.68,0.660578196305081
calibration,dgp3,1200,10,10,5,3,SSRF-JS,1.0777716531047434,0.07188528135380638,0.03764195400026438,0.7619449938505344,0.6745962161903337,0.22361245168099075,0.68,0.660578196305081
calibration,dgp3,1200,10,10,5,3,Cal-CV,1.0758856148972213,0.07020520877520153,0.19891281399986838,0.7619449938505344,0.6745962161903337,0.22361245168099075,0.68,0.660578196305081
calibration,dgp3,1200,10,10,5,3,Cal-CV-local,1.0689435801593452,0.07277450174212591,0.19891281399986838,0.7619449938505344,0.6745962161903337,0.22361245168099075,0.68,0.660578196305081
calibration,dgp3,1200,10,10,5,3,Cal-IJ,1.1267920022683007,0.12132115918458312,0.048219102000530256,0.7619449938505344,0.6745962161903337,0.22361245168099075,0.68,0.660578196305081
calibration,dgp3,1200,10,10,5,4,RF,1.2761102639425606,0.0964874294484756,0.03485495799986893,0.7285764630120215,0.642308289969574,0.15624750076504845,0.72,0.629135175638938
calibration,dgp3,1200,10,10,5,4,SSRF-JS,1.2585840052427448,0.08113597305631699,0.03485495799986893,0.7285764630120215,0.642308289969574,0.15624750076504845,0.72,0.629135175638938
calibration,dgp3,1200,10,10,5,4,Cal-CV,1.2589225356910014,0.08209282511946729,0.1820999669998855,0.7285764630120215,0.642308289969574,0.15624750076504845,0.72,0.629135175638938
calibration,dgp3,1200,10,10,5,4,Cal-CV-local,1.2558809969493703,0.08385191350665293,0.1820999669998855,0.7285764630120215,0.642308289969574,0.15624750076504845,0.72,0.629135175638938
calibration,dgp3,1200,10,10,5,4,Cal-IJ,1.3153360256227093,0.142301840583555,0.04427512099982778,0.7285764630120215,0.642308289969574,0.15624750076504845,0.72,0.629135175638938
calibration,dgp3,1200,10,10,5,5,RF,0.994733317212589,0.09478527201716803,0.03357924499960063,0.7323391471484381,0.665580702085434,0.12804210072862662,0.79,0.6432708814378837
calibration,dgp3,1200,10,10,5,5,SSRF-JS,0.9946976618163497,0.08694615592033952,0.03357924499960063,0.7323391471484381,0.665580702085434,0.12804210072862662,0.79,0.6432708814378837
calibration,dgp3,1200,10,10,5,5,Cal-CV,0.9991090008962665,0.08931324268033497,0.18861313499928656,0.7323391471484381,0.665580702085434,0.12804210072862662,0.79,0.6432708814378837
calibration,dgp3,1200,10,10,5,5,Cal-CV-local,1.0062696863435576,0.0913527000005118,0.18861313499928656,0.7323391471484381,0.665580702085434,0.12804210072862662,0.79,0.6432708814378837
calibration,dgp3,1200,10,10,5,5,Cal-IJ,1.0873769054321147,0.16175213879286926,0.04300901499982501,0.7323391471484381,0.665580702085434,0.12804210072862662,0.79,0.6432708814378837
calibration,dgp3,1200,10,10,5,6,RF,0.8446289439895095,0.09356008457553255,0.034240232999763975,0.6666196792694145,0.6927194702408286,0.23018034636671944,0.7000000000000001,0.6412937582803625
calibration,dgp3,1200,10,10,5,6,SSRF-JS,0.8224381462139594,0.07252822334287652,0.034240232999763975,0.6666196792694145,0.6927194702408286,0.23018034636671944,0.7000000000000001,0.6412937582803625
calibration,dgp3,1200,10,10,5,6,Cal-CV,0.822457252957699,0.0725597812349514,0.2155355399995642,0.6666196792694145,0.6927194702408286,0.23018034636671944,0.7000000000000001,0.6412937582803625
calibration,dgp3,1200,10,10,5,6,Cal-CV-local,0.8221840835337201,0.06997627133922873,0.2155355399995642,0.6666196792694145,0.6927194702408286,0.23018034636671944,0.7000000000000001,0.6412937582803625
calibration,dgp3,1200,10,10,5,6,Cal-IJ,0.8697028407071812,0.12156861977302982,0.04604355499941448,0.6666196792694145,0.6927194702408286,0.23018034636671944,0.7000000000000001,0.6412937582803625
calibration,dgp3,1200,10,10,5,7,RF,1.13207472909547,0.06881526015370226,0.039937482999903295,0.7940642696430691,0.8034644496700817,0.2275635259583433,0.75,0.7875874971904863
calibration,dgp3,1200,10,10,5,7,SSRF-JS,1.1228099750256226,0.05515075995947628,0.039937482999903295,0.7940642696430691,0.8034644496700817,0.2275635259583433,0.75,0.7875874971904863
calibration,dgp3,1200,10,10,5,7,Cal-CV,1.1232764524107481,0.05549609946714027,0.21487299099953816,0.7940642696430691,0.8034644496700817,0.2275635259583433,0.75,0.7875874971904863
calibration,dgp3,1200,10,10,5,7,Cal-CV-local,1.1283044549688699,0.05792438523876594,0.21487299099953816,0.7940642696430691,0.8034644496700817,0.2275635259583433,0.75,0.7875874971904863
calibration,dgp3,1200,10,10,5,7,Cal-IJ,1.1978009536537118,0.11677321992691873,0.050008072999844444,0.7940642696430691,0.8034644496700817,0.2275635259583433,0.75,0.7875874971904863
calibration,dgp3,1200,10,10,5,8,RF,7.893591812044424,0.08624995927402365,0.03661317299975053,0.7890924352184197,0.8136866336698153,0.3535795261242273,0.6900000000000001,0.803308347710503
calibration,dgp3,1200,10,10,5,8,SSRF-JS,7.899968876319959,0.06487335863073763,0.03661317299975053,0.7890924352184197,0.8136866336698153,0.3535795261242273,0.6900000000000001,0.803308347710503
calibration,dgp3,1200,10,10,5,8,Cal-CV,7.897783507803917,0.06610729650708082,0.19547141399971224,0.7890924352184197,0.8136866336698153,0.3535795261242273,0.6900000000000001,0.803308347710503
calibration,dgp3,1200,10,10,5,8,Cal-CV-local,7.912021499341144,0.06466731627917903,0.19547141399971224,0.7890924352184197,0.8136866336698153,0.3535795261242273,0.6900000000000001,0.803308347710503
calibration,dgp3,1200,10,10,5,8,Cal-IJ,7.981789270146236,0.09001854423613688,0.046559540999624005,0.7890924352184197,0.8136866336698153,0.3535795261242273,0.6900000000000001,0.803308347710503
calibration,dgp3,1200,10,10,5,9,RF,1.1209237299912822,0.07550034901343065,0.03501299099980315,0.7851307069354164,0.7505697813362887,0.30487893215028233,0.8,0.7617468172593214
calibration,dgp3,1200,10,10,5,9,SSRF-JS,1.11583584504933,0.06776678760748661,0.03501299099980315,0.7851307069354164,0.7505697813362887,0.30487893215028233,0.8,0.7617468172593214
calibration,dgp3,1200,10,10,5,9,Cal-CV,1.1166809287993196,0.06820702306466966,0.18674950399963564,0.7851307069354164,0.7505697813362887,0.30487893215028233,0.8,0.7617468172593214
calibration,dgp3,1200,10,10,5,9,Cal-CV-local,1.1143641874072059,0.07052224478610951,0.18674950399963564,0.7851307069354164,0.7505697813362887,0.30487893215028233,0.8,0.7617468172593214
calibration,dgp3,1200,10,10,5,9,Cal-IJ,1.1661899076241489,0.11226521498563359,0.04415381899980275,0.7851307069354164,0.7505697813362887,0.30487893215028233,0.8,0.7617468172593214
calibration,dgp3,1200,10,10,5,10,RF,1.2497006068284358,0.10556489686165026,0.03247294299990244,0.6187275216105704,0.6127494854150112,0.11759509939743273,0.68,0.6157329082171458
calibration,dgp3,1200,10,10,5,10,SSRF-JS,1.2309955671358288,0.08165761653662566,0.03247294299990244,0.6187275216105704,0.6127494854150112,0.11759509939743273,0.68,0.6157329082171458
calibration,dgp3,1200,10,10,5,10,Cal-CV,1.2310879269128867,0.08294893110578476,0.17764478499975667,0.6187275216105704,0.6127494854150112,0.11759509939743273,0.68,0.6157329082171458
calibration,dgp3,1200,10,10,5,10,Cal-CV-local,1.2349386591864286,0.0827615235932571,0.17764478499975667,0.6187275216105704,0.6127494854150112,0.11759509939743273,0.68,0.6157329082171458
calibration,dgp3,1200,10,10,5,10,Cal-IJ,1.312058580125475,0.15880081889997424,0.04243557100016915,0.6187275216105704,0.6127494854150112,0.11759509939743273,0.68,0.6157329082171458
calibration,dgp3,1200,10,10,5,11,RF,1.609906604155361,0.12081382783972582,0.03534699900001215,0.7050382822363771,0.6429771096262028,0.11478622660538881,0.61,0.6599019428477686
calibration,dgp3,1200,10,10,5,11,SSRF-JS,1.567992302531231,0.08590231188936102,0.03534699900001215,0.7050382822363771,0.6429771096262028,0.11478622660538881,0.61,0.6599019428477686
calibration,dgp3,1200,10,10,5,11,Cal-CV,1.5630172111534384,0.08275381101133057,0.19357248500000424,0.7050382822363771,0.6429771096262028,0.11478622660538881,0.61,0.6599019428477686
calibration,dgp3,1200,10,10,5,11,Cal-CV-local,1.562896151291161,0.07611200063666389,0.19357248500000424,0.7050382822363771,0.6429771096262028,0.11478622660538881,0.61,0.6599019428477686
calibration,dgp3,1200,10,10,5,11,Cal-IJ,1.6135422771295114,0.1463413335507222,0.04502415099977952,0.7050382822363771,0.6429771096262028,0.11478622660538881,0.61,0.6599019428477686
calibration,dgp3,1200,10,10,5,12,RF,0.8570790765611799,0.08508543245937517,0.034471991999907914,0.7710974920450754,0.7384995533452756,0.27346470761902725,0.71,0.7455967233817073
calibration,dgp3,1200,10,10,5,12,SSRF-JS,0.8415634017462092,0.06780938262574016,0.034471991999907914,0.7710974920450754,0.7384995533452756,0.27346470761902725,0.71,0.7455967233817073
calibration,dgp3,1200,10,10,5,12,Cal-CV,0.8407505566941524,0.06670438397416416,0.18626567899991642,0.7710974920450754,0.7384995533452756,0.27346470761902725,0.71,0.7455967233817073
calibration,dgp3,1200,10,10,5,12,Cal-CV-local,0.840938106777109,0.06936176091146895,0.18626567899991642,0.7710974920450754,0.7384995533452756,0.27346470761902725,0.71,0.7455967233817073
calibration,dgp3,1200,10,10,5,12,Cal-IJ,0.8869016754724471,0.10920542359765721,0.04376980899996852,0.7710974920450754,0.7384995533452756,0.27346470761902725,0.71,0.7455967233817073
calibration,dgp3,1200,10,10,5,13,RF,1.1706764188898144,0.12965527606670657,0.03300467500002924,0.6211375814505982,0.5171310898160177,0.0753792822491703,0.64,0.572689938729748
calibration,dgp3,1200,10,10,5,13,SSRF-JS,1.127430649726141,0.095125837411865,0.03300467500002924,0.6211375814505982,0.5171310898160177,0.0753792822491703,0.64,0.572689938729748
calibration,dgp3,1200,10,10,5,13,Cal-CV,1.1349189454073323,0.1033762704711439,0.17823030400040807,0.6211375814505982,0.5171310898160177,0.0753792822491703,0.64,0.572689938729748
calibration,dgp3,1200,10,10,5,13,Cal-CV-local,1.128749626528959,0.09900115235964989,0.17823030400040807,0.6211375814505982,0.5171310898160177,0.0753792822491703,0.64,0.572689938729748
calibration,dgp3,1200,10,10,5,13,Cal-IJ,1.1960969421566348,0.1732256275704339,0.04261114000019006,0.6211375814505982,0.5171310898160177,0.0753792822491703,0.64,0.572689938729748
calibration,dgp3,1200,10,10,5,14,RF,3.50211871696196,0.10739756352326212,0.036200497999743675,0.7319231181158284,0.6935017546243157,0.3715639820319447,0.7000000000000001,0.6638217908539007
calibration,dgp3,1200,10,10,5,14,SSRF-JS,3.4971309611231645,0.09014998627660652,0.036200497999743675,0.7319231181158284,0.6935017546243157,0.3715639820319447,0.7000000000000001,0.6638217908539007
calibration,dgp3,1200,10,10,5,14,Cal-CV,3.49756478421636,0.09039937552358951,0.18422688499958895,0.7319231181158284,0.6935017546243157,0.3715639820319447,0.7000000000000001,0.6638217908539007
calibration,dgp3,1200,10,10,5,14,Cal-CV-local,3.495553577283569,0.09169237618276752,0.18422688499958895,0.7319231181158284,0.6935017546243157,0.3715639820319447,0.7000000000000001,0.6638217908539007
calibration,dgp3,1200,10,10,5,14,Cal-IJ,3.532171095571385,0.11193456533546316,0.04546935999997004,0.7319231181158284,0.6935017546243157,0.3715639820319447,0.7000000000000001,0.6638217908539007
calibration,dgp3,1200,10,10,5,15,RF,0.8313494610865145,0.08398899167622219,0.03236058100037553,0.7672630224755249,0.7958775093412642,0.4109490883555999,0.7000000000000001,0.7554181523492856
calibration,dgp3,1200,10,10,5,15,SSRF-JS,0.8125055758265953,0.06111618500616044,0.03236058100037553,0.7672630224755249,0.7958775093412642,0.4109490883555999,0.7000000000000001,0.7554181523492856
calibration,dgp3,1200,10,10,5,15,Cal-CV,0.8137290462178868,0.06238540741370277,0.18125485600012325,0.7672630224755249,0.7958775093412642,0.4109490883555999,0.7000000000000001,0.7554181523492856
calibration,dgp3,1200,10,10,5,15,Cal-CV-local,0.8182340282702595,0.06172231252032005,0.18125485600012325,0.7672630224755249,0.7958775093412642,0.4109490883555999,0.7000000000000001,0.7554181523492856
calibration,dgp3,1200,10,10,5,15,Cal-IJ,0.8399715028613601,0.08111651584482976,0.04265739000038593,0.7672630224755249,0.7958775093412642,0.4109490883555999,0.7000000000000001,0.7554181523492856
calibration,dgp3,1200,10,10,5,16,RF,1.781907604627313,0.10257097732061213,0.034075872999892454,0.7787352576581141,0.7830053130166581,0.217282581463606,0.68,0.7730353556111034
calibration,dgp3,1200,10,10,5,16,SSRF-JS,1.7734104297255568,0.08123696655041061,0.034075872999892454,0.7787352576581141,0.7830053130166581,0.217282581463606,0.68,0.7730353556111034
calibration,dgp3,1200,10,10,5,16,Cal-CV,1.7725837175310857,0.08108390509797167,0.1976028529998075,0.7787352576581141,0.7830053130166581,0.217282581463606,0.68,0.7730353556111034
calibration,dgp3,1200,10,10,5,16,Cal-CV-local,1.763219486089624,0.0798599381771938,0.1976028529998075,0.7787352576581141,0.7830053130166581,0.217282581463606,0.68,0.7730353556111034
calibration,dgp3,1200,10,10,5,16,Cal-IJ,1.853902662641806,0.13069244102881916,0.04461342400009016,0.7787352576581141,0.7830053130166581,0.217282581463606,0.68,0.7730353556111034
calibration,dgp3,1200,10,10,5,17,RF,1.3909994697663541,0.1007805065679641,0.03928106500006834,0.7319471570144116,0.6620347503256138,0.1893957261112123,0.7000000000000001,0.6474948738362328
calibration,dgp3,1200,10,10,5,17,SSRF-JS,1.3814962493530802,0.08171514196579902,0.03928106500006834,0.7319471570144116,0.6620347503256138,0.1893957261112123,0.7000000000000001,0.6474948738362328
calibration,dgp3,1200,10,10,5,17,Cal-CV,1.3843909628866187,0.08173030421757226,0.20687957199970697,0.7319471570144116,0.6620347503256138,0.1893957261112123,0.7000000000000001,0.6474948738362328
calibration,dgp3,1200,10,10,5,17,Cal-CV-local,1.3871754739107782,0.08459100457550146,0.20687957199970697,0.7319471570144116,0.6620347503256138,0.1893957261112123,0.7000000000000001,0.6474948738362328
calibration,dgp3,1200,10,10,5,17,Cal-IJ,1.4555132651187208,0.13545309329709748,0.049511412999891036,0.7319471570144116,0.6620347503256138,0.1893957261112123,0.7000000000000001,0.6474948738362328
calibration,dgp3,1200,10,10,5,18,RF,1.13124894290863,0.1147448544816148,0.03550326300000961,0.6971042982912969,0.804168381384232,0.2841107141610239,0.62,0.8052583403040491
calibration,dgp3,1200,10,10,5,18,SSRF-JS,1.1040648224122038,0.0753747323452113,0.03550326300000961,0.6971042982912969,0.804168381384232,0.2841107141610239,0.62,0.8052583403040491
calibration,dgp3,1200,10,10,5,18,Cal-CV,1.1074618667248366,0.08337268356745445,0.19815721200029657,0.6971042982912969,0.804168381384232,0.2841107141610239,0.62,0.8052583403040491
calibration,dgp3,1200,10,10,5,18,Cal-CV-local,1.1123583078452812,0.0809588306892113,0.19815721200029657,0.6971042982912969,0.804168381384232,0.2841107141610239,0.62,0.8052583403040491
calibration,dgp3,1200,10,10,5,18,Cal-IJ,1.1485983266564206,0.10436588625067118,0.046048182000049565,0.6971042982912969,0.804168381384232,0.2841107141610239,0.62,0.8052583403040491
calibration,dgp3,1200,10,10,5,19,RF,1.020775759824279,0.08558846887925162,0.03568001400026333,0.7969401846848951,0.704711864214199,0.1814803628421758,0.77,0.7022120958059519
calibration,dgp3,1200,10,10,5,19,SSRF-JS,1.0121658425001372,0.07628275459340543,0.03568001400026333,0.7969401846848951,0.704711864214199,0.1814803628421758,0.77,0.7022120958059519
calibration,dgp3,1200,10,10,5,19,Cal-CV,1.0128549564844773,0.07632093022617183,0.19646482000007381,0.7969401846848951,0.704711864214199,0.1814803628421758,0.77,0.7022120958059519
calibration,dgp3,1200,10,10,5,19,Cal-CV-local,1.008552709347468,0.07813683404031467,0.19646482000007381,0.7969401846848951,0.704711864214199,0.1814803628421758,0.77,0.7022120958059519
calibration,dgp3,1200,10,10,5,19,Cal-IJ,1.0793192484567502,0.14039889422071522,0.0454093000003013,0.7969401846848951,0.704711864214199,0.1814803628421758,0.77,0.7022120958059519
calibration,dgp3,1200,10,100,5,0,RF,1.00834504827946,0.0400289950108138,0.33151451999992787,0.6990040115430819,0.9257045377178578,0.9411276977414768,0.86,0.9436627650809677
calibration,dgp3,1200,10,100,5,0,SSRF-JS,1.029439137103908,0.04174106938147518,0.33151451999992787,0.6990040115430819,0.9257045377178578,0.9411276977414768,0.86,0.9436627650809677
calibration,dgp3,1200,10,100,5,0,Cal-CV,1.0102770882964605,0.03717491335297141,1.895780330999969,0.6990040115430819,0.9257045377178578,0.9411276977414768,0.86,0.9436627650809677
calibration,dgp3,1200,10,100,5,0,Cal-CV-local,1.0091179216830053,0.03660029014145492,1.895780330999969,0.6990040115430819,0.9257045377178578,0.9411276977414768,0.86,0.9436627650809677
calibration,dgp3,1200,10,100,5,0,Cal-IJ,1.0096995450208497,0.03759093170570449,0.3909889460001068,0.6990040115430819,0.9257045377178578,0.9411276977414768,0.86,0.9436627650809677
calibration,dgp3,1200,10,100,5,1,RF,1.3932111544955699,0.039577036768292495,0.34395901499965476,0.7788768777651371,0.94402062570214,0.9220796370310437,0.91,0.9566904697419016
calibration,dgp3,1200,10,100,5,1,SSRF-JS,1.3973348055337895,0.041326853410231144,0.34395901499965476,0.7788768777651371,0.94402062570214,0.9220796370310437,0.91,0.9566904697419016
calibration,dgp3,1200,10,100,5,1,Cal-CV,1.392712659874407,0.03846414546972807,1.8457810469999458,0.7788768777651371,0.94402062570214,0.9220796370310437,0.91,0.9566904697419016
calibration,dgp3,1200,10,100,5,1,Cal-CV-local,1.3931857546340798,0.038715602458122285,1.8457810469999458,0.7788768777651371,0.94402062570214,0.9220796370310437,0.91,0.9566904697419016
calibration,dgp3,1200,10,100,5,1,Cal-IJ,1.392806540483154,0.03831721469557722,0.41027386799987653,0.7788768777651371,0.94402062570214,0.9220796370310437,0.91,0.9566904697419016
calibration,dgp3,1200,10,100,5,2,RF,0.9568790904888541,0.048176354090784176,0.35065201099996557,0.7562935038575402,0.8829767213076172,0.8653453542589932,1.0,0.8977775446832544
calibration,dgp3,1200,10,100,5,2,SSRF-JS,0.9577770567666075,0.056497564855008835,0.35065201099996557,0.7562935038575402,0.8829767213076172,0.8653453542589932,1.0,0.8977775446832544
calibration,dgp3,1200,10,100,5,2,Cal-CV,0.9553598049919474,0.05016672110997363,1.8441431279998142,0.7562935038575402,0.8829767213076172,0.8653453542589932,1.0,0.8977775446832544
calibration,dgp3,1200,10,100,5,2,Cal-CV-local,0.9553666566107698,0.049696992262291066,1.8441431279998142,0.7562935038575402,0.8829767213076172,0.8653453542589932,1.0,0.8977775446832544
calibration,dgp3,1200,10,100,5,2,Cal-IJ,0.9554607797983391,0.05079647935514681,0.4166247729999668,0.7562935038575402,0.8829767213076172,0.8653453542589932,1.0,0.8977775446832544
calibration,dgp3,1200,10,100,5,3,RF,2.10717070727285,0.03426197537480316,0.3557378770001378,0.7835545569193058,0.9244742234991191,0.9345706602884307,0.89,0.9389991909836536
calibration,dgp3,1200,10,100,5,3,SSRF-JS,2.107673962103516,0.03378555719521043,0.3557378770001378,0.7835545569193058,0.9244742234991191,0.9345706602884307,0.89,0.9389991909836536
calibration,dgp3,1200,10,100,5,3,Cal-CV,2.105312391416457,0.032066397307326605,1.7639406640000743,0.7835545569193058,0.9244742234991191,0.9345706602884307,0.89,0.9389991909836536
calibration,dgp3,1200,10,100,5,3,Cal-CV-local,2.1068515354792567,0.03234169278322649,1.7639406640000743,0.7835545569193058,0.9244742234991191,0.9345706602884307,0.89,0.9389991909836536
calibration,dgp3,1200,10,100,5,3,Cal-IJ,2.1054337059956665,0.032232797773148636,0.4187488590000612,0.7835545569193058,0.9244742234991191,0.9345706602884307,0.89,0.9389991909836536
calibration,dgp3,1200,10,100,5,4,RF,1.8374449768847954,0.17187290678005793,0.35039749799989295,0.40014465016922496,0.5058626565415212,0.34682328090404974,0.52,0.6549514211155116
calibration,dgp3,1200,10,100,5,4,SSRF-JS,1.7386443060380106,0.09649957919205533,0.35039749799989295,0.40014465016922496,0.5058626565415212,0.34682328090404974,0.52,0.6549514211155116
calibration,dgp3,1200,10,100,5,4,Cal-CV,1.737625178150634,0.09347190887434097,1.9143498200000977,0.40014465016922496,0.5058626565415212,0.34682328090404974,0.52,0.6549514211155116
calibration,dgp3,1200,10,100,5,4,Cal-CV-local,1.7143460719926218,0.07865427993471545,1.9143498200000977,0.40014465016922496,0.5058626565415212,0.34682328090404974,0.52,0.6549514211155116
calibration,dgp3,1200,10,100,5,4,Cal-IJ,1.7409720052053574,0.10371243209624235,0.4135612739996759,0.40014465016922496,0.5058626565415212,0.34682328090404974,0.52,0.6549514211155116
calibration,dgp3,1200,10,100,5,5,RF,0.9328467560107901,0.039251884691985754,0.3571185840000908,0.7620239256268296,0.9430055908771833,0.9101236315590774,0.88,0.9463841103879153
calibration,dgp3,1200,10,100,5,5,SSRF-JS,0.9291012409609293,0.03925085297241367,0.3571185840000908,0.7620239256268296,0.9430055908771833,0.9101236315590774,0.88,0.9463841103879153
calibration,dgp3,1200,10,100,5,5,Cal-CV,0.9299214881002549,0.037331572373921824,1.8341580240003168,0.7620239256268296,0.9430055908771833,0.9101236315590774,0.88,0.9463841103879153
calibration,dgp3,1200,10,100,5,5,Cal-CV-local,0.930019443114222,0.03621159941047366,1.8341580240003168,0.7620239256268296,0.9430055908771833,0.9101236315590774,0.88,0.9463841103879153
calibration,dgp3,1200,10,100,5,5,Cal-IJ,0.9287920075606897,0.03678188394759585,0.41917809699998543,0.7620239256268296,0.9430055908771833,0.9101236315590774,0.88,0.9463841103879153
calibration,dgp3,1200,10,100,5,6,RF,1.323442106387095,0.038995402572961836,0.33921581499998865,0.6978071070501142,0.8365904808261818,0.7825339023322649,0.93,0.8802637614750178
calibration,dgp3,1200,10,100,5,6,SSRF-JS,1.327913196867733,0.04646931804398065,0.33921581499998865,0.6978071070501142,0.8365904808261818,0.7825339023322649,0.93,0.8802637614750178
calibration,dgp3,1200,10,100,5,6,Cal-CV,1.32269991823998,0.03950177301447557,1.805470362000051,0.6978071070501142,0.8365904808261818,0.7825339023322649,0.93,0.8802637614750178
calibration,dgp3,1200,10,100,5,6,Cal-CV-local,1.3209284117089635,0.038805355317444834,1.805470362000051,0.6978071070501142,0.8365904808261818,0.7825339023322649,0.93,0.8802637614750178
calibration,dgp3,1200,10,100,5,6,Cal-IJ,1.324397573684573,0.041612457061635445,0.4023925579999741,0.6978071070501142,0.8365904808261818,0.7825339023322649,0.93,0.8802637614750178
calibration,dgp3,1200,10,100,5,7,RF,0.958703108321613,0.041058159285799714,0.34403090200021325,0.7060401275050739,0.8891742371278852,0.9680365886868861,0.93,0.9041777901428053
calibration,dgp3,1200,10,100,5,7,SSRF-JS,0.9603869876616393,0.04864896050521431,0.34403090200021325,0.7060401275050739,0.8891742371278852,0.9680365886868861,0.93,0.9041777901428053
calibration,dgp3,1200,10,100,5,7,Cal-CV,0.9561281552292874,0.04071673527772575,1.6508453290002763,0.7060401275050739,0.8891742371278852,0.9680365886868861,0.93,0.9041777901428053
calibration,dgp3,1200,10,100,5,7,Cal-CV-local,0.9539247477873816,0.04114906182165761,1.6508453290002763,0.7060401275050739,0.8891742371278852,0.9680365886868861,0.93,0.9041777901428053
calibration,dgp3,1200,10,100,5,7,Cal-IJ,0.9575615232528282,0.040560749424562205,0.40381888199999594,0.7060401275050739,0.8891742371278852,0.9680365886868861,0.93,0.9041777901428053
calibration,dgp3,1200,10,100,5,8,RF,0.9000738091161462,0.03799298170598846,0.3336745450001217,0.720547365160908,0.9003100902647988,0.8943780537246188,0.91,0.9109870622335511
calibration,dgp3,1200,10,100,5,8,SSRF-JS,0.9130028541221692,0.042784597224790104,0.3336745450001217,0.720547365160908,0.9003100902647988,0.8943780537246188,0.91,0.9109870622335511
calibration,dgp3,1200,10,100,5,8,Cal-CV,0.9016433208239463,0.03664011477142738,1.9405810900002507,0.720547365160908,0.9003100902647988,0.8943780537246188,0.91,0.9109870622335511
calibration,dgp3,1200,10,100,5,8,Cal-CV-local,0.902744897892095,0.03681399098407165,1.9405810900002507,0.720547365160908,0.9003100902647988,0.8943780537246188,0.91,0.9109870622335511
calibration,dgp3,1200,10,100,5,8,Cal-IJ,0.9018462239241374,0.03666912206875573,0.39924096000004283,0.720547365160908,0.9003100902647988,0.8943780537246188,0.91,0.9109870622335511
calibration,dgp3,1200,10,100,5,9,RF,0.8159835503814062,0.053695741589753966,0.3710812699996495,0.7369787366685049,0.8796849438851638,0.8422956292625949,0.87,0.8956559207502672
calibration,dgp3,1200,10,100,5,9,SSRF-JS,0.8204388498713667,0.05354812148444908,0.3710812699996495,0.7369787366685049,0.8796849438851638,0.8422956292625949,0.87,0.8956559207502672
calibration,dgp3,1200,10,100,5,9,Cal-CV,0.8149196498148058,0.05040282057486047,2.0091727789995275,0.7369787366685049,0.8796849438851638,0.8422956292625949,0.87,0.8956559207502672
calibration,dgp3,1200,10,100,5,9,Cal-CV-local,0.8141083639671729,0.04960395443547403,2.0091727789995275,0.7369787366685049,0.8796849438851638,0.8422956292625949,0.87,0.8956559207502672
calibration,dgp3,1200,10,100,5,9,Cal-IJ,0.8156805776424573,0.050471054158477933,0.4402998069995192,0.7369787366685049,0.8796849438851638,0.8422956292625949,0.87,0.8956559207502672
calibration,dgp3,1200,10,100,5,10,RF,1.213269328120705,0.04768198918322357,0.36482845899990934,0.6750840789400897,0.7964450573734582,0.6118572713150338,0.87,0.8440355621828879
calibration,dgp3,1200,10,100,5,10,SSRF-JS,1.2201309597299,0.05048875224193262,0.36482845899990934,0.6750840789400897,0.7964450573734582,0.6118572713150338,0.87,0.8440355621828879
calibration,dgp3,1200,10,100,5,10,Cal-CV,1.2133778513348283,0.04524308926819148,1.9229739470001732,0.6750840789400897,0.7964450573734582,0.6118572713150338,0.87,0.8440355621828879
calibration,dgp3,1200,10,100,5,10,Cal-CV-local,1.2136413749187167,0.04541911360135477,1.9229739470001732,0.6750840789400897,0.7964450573734582,0.6118572713150338,0.87,0.8440355621828879
calibration,dgp3,1200,10,100,5,10,Cal-IJ,1.2265933479665958,0.05614853049429071,0.44035099699976854,0.6750840789400897,0.7964450573734582,0.6118572713150338,0.87,0.8440355621828879
calibration,dgp3,1200,10,100,5,11,RF,0.9279503778097421,0.05039757435803193,0.363243422999858,0.780640292826404,0.8921749312841356,0.9415077089673789,0.9,0.9062629016661194
calibration,dgp3,1200,10,100,5,11,SSRF-JS,0.9293828594320344,0.051179723519148713,0.363243422999858,0.780640292826404,0.8921749312841356,0.9415077089673789,0.9,0.9062629016661194
calibration,dgp3,1200,10,100,5,11,Cal-CV,0.9265460021691327,0.048631443969085204,1.896566532000179,0.780640292826404,0.8921749312841356,0.9415077089673789,0.9,0.9062629016661194
calibration,dgp3,1200,10,100,5,11,Cal-CV-local,0.9264145786290052,0.049429468500874124,1.896566532000179,0.780640292826404,0.8921749312841356,0.9415077089673789,0.9,0.9062629016661194
calibration,dgp3,1200,10,100,5,11,Cal-IJ,0.9266817776383364,0.04893273165903798,0.42639574400027414,0.780640292826404,0.8921749312841356,0.9415077089673789,0.9,0.9062629016661194
calibration,dgp3,1200,10,100,5,12,RF,1.195408693950087,0.03698464397637683,0.33749936599997454,0.7347715997052765,0.9172441992987552,0.9084095694877204,0.93,0.928236180236019
calibration,dgp3,1200,10,100,5,12,SSRF-JS,1.201766543912149,0.042503497346136045,0.33749936599997454,0.7347715997052765,0.9172441992987552,0.9084095694877204,0.93,0.928236180236019
calibration,dgp3,1200,10,100,5,12,Cal-CV,1.194851484300132,0.03608508106099853,1.8889698920002047,0.7347715997052765,0.9172441992987552,0.9084095694877204,0.93,0.928236180236019
calibration,dgp3,1200,10,100,5,12,Cal-CV-local,1.1967829687648117,0.0367693943666579,1.8889698920002047,0.7347715997052765,0.9172441992987552,0.9084095694877204,0.93,0.928236180236019
calibration,dgp3,1200,10,100,5,12,Cal-IJ,1.1949360159598355,0.03613306465592564,0.3988714410002103,0.7347715997052765,0.9172441992987552,0.9084095694877204,0.93,0.928236180236019
calibration,dgp3,1200,10,100,5,13,RF,1.8142925000107661,0.04586442419558197,0.3665746870001385,0.7335303071710746,0.777512416851519,0.783831195356676,0.91,0.8350975113464012
calibration,dgp3,1200,10,100,5,13,SSRF-JS,1.8176950086245869,0.04967221616394886,0.3665746870001385,0.7335303071710746,0.777512416851519,0.783831195356676,0.91,0.8350975113464012
calibration,dgp3,1200,10,100,5,13,Cal-CV,1.8156848555711622,0.04762486890881824,1.9544012300002578,0.7335303071710746,0.777512416851519,0.783831195356676,0.91,0.8350975113464012
calibration,dgp3,1200,10,100,5,13,Cal-CV-local,1.8162760388346402,0.04622625545922178,1.9544012300002578,0.7335303071710746,0.777512416851519,0.783831195356676,0.91,0.8350975113464012
calibration,dgp3,1200,10,100,5,13,Cal-IJ,1.815413546183907,0.04734310557265481,0.427002466000431,0.7335303071710746,0.777512416851519,0.783831195356676,0.91,0.8350975113464012
calibration,dgp3,1200,10,100,5,14,RF,1.003297094905932,0.0385868851495568,0.3537718140000834,0.7858871367563716,0.9461846513399995,0.8979128952366339,0.92,0.9495152703639224
calibration,dgp3,1200,10,100,5,14,SSRF-JS,1.0087300161257462,0.04059741308172533,0.3537718140000834,0.7858871367563716,0.9461846513399995,0.8979128952366339,0.92,0.9495152703639224
calibration,dgp3,1200,10,100,5,14,Cal-CV,1.0031715991496313,0.03757045041468673,1.9640946800000165,0.7858871367563716,0.9461846513399995,0.8979128952366339,0.92,0.9495152703639224
calibration,dgp3,1200,10,100,5,14,Cal-CV-local,1.0013841378246549,0.037617815786768094,1.9640946800000165,0.7858871367563716,0.9461846513399995,0.8979128952366339,0.92,0.9495152703639224
calibration,dgp3,1200,10,100,5,14,Cal-IJ,1.0039305497317421,0.0375302388590921,0.4184642929999427,0.7858871367563716,0.9461846513399995,0.8979128952366339,0.92,0.9495152703639224
calibration,dgp3,1200,10,100,5,15,RF,0.8686057108221003,0.03686491910590274,0.35273249400006534,0.7780453303933201,0.9214663891995031,0.9199420167496153,0.96,0.9347671187614993
calibration,dgp3,1200,10,100,5,15,SSRF-JS,0.8741994675554691,0.041526167959957845,0.35273249400006534,0.7780453303933201,0.9214663891995031,0.9199420167496153,0.96,0.9347671187614993
calibration,dgp3,1200,10,100,5,15,Cal-CV,0.8688082235568506,0.03675560019574727,1.9476483920002465,0.7780453303933201,0.9214663891995031,0.9199420167496153,0.96,0.9347671187614993
calibration,dgp3,1200,10,100,5,15,Cal-CV-local,0.868166182609807,0.036726670744700915,1.9476483920002465,0.7780453303933201,0.9214663891995031,0.9199420167496153,0.96,0.9347671187614993
calibration,dgp3,1200,10,100,5,15,Cal-IJ,0.8688314428683169,0.0367727667157571,0.4239140560002852,0.7780453303933201,0.9214663891995031,0.9199420167496153,0.96,0.9347671187614993
calibration,dgp3,1200,10,100,5,16,RF,1.5646268236197884,0.040305583652852625,0.3565961439999228,0.7919163715060151,0.9426007962437521,0.9107808305453942,0.84,0.9510717352628008
calibration,dgp3,1200,10,100,5,16,SSRF-JS,1.5520494693922167,0.03466394407261649,0.3565961439999228,0.7919163715060151,0.9426007962437521,0.9107808305453942,0.84,0.9510717352628008
calibration,dgp3,1200,10,100,5,16,Cal-CV,1.559215031922205,0.03678017883315318,1.9508538939999198,0.7919163715060151,0.9426007962437521,0.9107808305453942,0.84,0.9510717352628008
calibration,dgp3,1200,10,100,5,16,Cal-CV-local,1.5618621836012074,0.03679536165071813,1.9508538939999198,0.7919163715060151,0.9426007962437521,0.9107808305453942,0.84,0.9510717352628008
calibration,dgp3,1200,10,100,5,16,Cal-IJ,1.5568573207576684,0.03546820980125996,0.42365359799987345,0.7919163715060151,0.9426007962437521,0.9107808305453942,0.84,0.9510717352628008
calibration,dgp3,1200,10,100,5,17,RF,1.2472348419389636,0.03912429205798361,0.36656563899987304,0.7960566259112801,0.9567345827915784,0.9563744198967243,0.88,0.9629653799653634
calibration,dgp3,1200,10,100,5,17,SSRF-JS,1.2404044616595975,0.03728930300848406,0.36656563899987304,0.7960566259112801,0.9567345827915784,0.9563744198967243,0.88,0.9629653799653634
calibration,dgp3,1200,10,100,5,17,Cal-CV,1.2443851530133352,0.03737052572314946,1.9937771390000307,0.7960566259112801,0.9567345827915784,0.9563744198967243,0.88,0.9629653799653634
calibration,dgp3,1200,10,100,5,17,Cal-CV-local,1.24436505599459,0.03788681177798316,1.9937771390000307,0.7960566259112801,0.9567345827915784,0.9563744198967243,0.88,0.9629653799653634
calibration,dgp3,1200,10,100,5,17,Cal-IJ,1.2443645289005179,0.037359024616148484,0.4346119379997617,0.7960566259112801,0.9567345827915784,0.9563744198967243,0.88,0.9629653799653634
calibration,dgp3,1200,10,100,5,18,RF,1.2324483245489282,0.04211006074689287,0.3705323200001658,0.7037271837675064,0.9085530677643668,0.9295966251131764,0.81,0.918582854394924
calibration,dgp3,1200,10,100,5,18,SSRF-JS,1.230709400892936,0.03706542254935478,0.3705323200001658,0.7037271837675064,0.9085530677643668,0.9295966251131764,0.81,0.918582854394924
calibration,dgp3,1200,10,100,5,18,Cal-CV,1.2278034263598758,0.03645597925278832,1.997420183000031,0.7037271837675064,0.9085530677643668,0.9295966251131764,0.81,0.918582854394924
calibration,dgp3,1200,10,100,5,18,Cal-CV-local,1.2279672784511728,0.03628506350045263,1.997420183000031,0.7037271837675064,0.9085530677643668,0.9295966251131764,0.81,0.918582854394924
calibration,dgp3,1200,10,100,5,18,Cal-IJ,1.2285463541047978,0.037431137934671566,0.43682345900015207,0.7037271837675064,0.9085530677643668,0.9295966251131764,0.81,0.918582854394924
calibration,dgp3,1200,10,100,5,19,RF,16.43825192551078,0.041025956089081245,0.37038159899975653,0.7429184680064155,0.8933543806078083,0.8577611447923315,0.87,0.9095931136466758
calibration,dgp3,1200,10,100,5,19,SSRF-JS,16.465947021363217,0.04048545906853647,0.37038159899975653,0.7429184680064155,0.8933543806078083,0.8577611447923315,0.87,0.9095931136466758
calibration,dgp3,1200,10,100,5,19,Cal-CV,16.44691998288759,0.03769994691887757,1.9848990019995654,0.7429184680064155,0.8933543806078083,0.8577611447923315,0.87,0.9095931136466758
calibration,dgp3,1200,10,100,5,19,Cal-CV-local,16.443192677248412,0.03689435858552737,1.9848990019995654,0.7429184680064155,0.8933543806078083,0.8577611447923315,0.87,0.9095931136466758
calibration,dgp3,1200,10,100,5,19,Cal-IJ,16.450798182791154,0.037575097832442214,0.4374500129997614,0.7429184680064155,0.8933543806078083,0.8577611447923315,0.87,0.9095931136466758
calibration,dgp3,1200,10,500,5,0,RF,3.1844129660300458,0.03486275537872421,1.8156572330003655,0.7745311632944013,0.9960025090532337,0.9531693327585365,1.07,0.9985237522380066
calibration,dgp3,1200,10,500,5,0,SSRF-JS,3.199852980366332,0.04567345130380729,1.8156572330003655,0.7745311632944013,0.9960025090532337,0.9531693327585365,1.07,0.9985237522380066
calibration,dgp3,1200,10,500,5,0,Cal-CV,3.1845713611248776,0.0349376571879277,9.574130371000138,0.7745311632944013,0.9960025090532337,0.9531693327585365,1.07,0.9985237522380066
calibration,dgp3,1200,10,500,5,0,Cal-CV-local,3.1844914445954045,0.034895819040160946,9.574130371000138,0.7745311632944013,0.9960025090532337,0.9531693327585365,1.07,0.9985237522380066
calibration,dgp3,1200,10,500,5,0,Cal-IJ,3.186536327376814,0.036007991614469353,2.1387389730002724,0.7745311632944013,0.9960025090532337,0.9531693327585365,1.07,0.9985237522380066
calibration,dgp3,1200,10,500,5,1,RF,0.8820298390726052,0.07024191056734255,1.808144208000158,0.7227121033077775,0.9632491435198846,0.9187651553553875,0.72,0.9824641700937315
calibration,dgp3,1200,10,500,5,1,SSRF-JS,0.8700121133539788,0.049155573266754043,1.808144208000158,0.7227121033077775,0.9632491435198846,0.9187651553553875,0.72,0.9824641700937315
calibration,dgp3,1200,10,500,5,1,Cal-CV,0.8781514388860645,0.06517978006425745,9.536858748000213,0.7227121033077775,0.9632491435198846,0.9187651553553875,0.72,0.9824641700937315
calibration,dgp3,1200,10,500,5,1,Cal-CV-local,0.878885840305847,0.0635347251308939,9.536858748000213,0.7227121033077775,0.9632491435198846,0.9187651553553875,0.72,0.9824641700937315
calibration,dgp3,1200,10,500,5,1,Cal-IJ,0.8744015059661715,0.05999703576431929,2.062336949999917,0.7227121033077775,0.9632491435198846,0.9187651553553875,0.72,0.9824641700937315
calibration,dgp3,1200,10,500,5,2,RF,1.5462522287938392,0.034328600153470036,1.7199350720002258,0.756435436245185,0.9474196493396578,0.9401785379171367,0.96,0.9806552289135854
calibration,dgp3,1200,10,500,5,2,SSRF-JS,1.5540075238884856,0.0409000674051981,1.7199350720002258,0.756435436245185,0.9474196493396578,0.9401785379171367,0.96,0.9806552289135854
calibration,dgp3,1200,10,500,5,2,Cal-CV,1.5461799293514356,0.03400544458824124,9.717586464000306,0.756435436245185,0.9474196493396578,0.9401785379171367,0.96,0.9806552289135854
calibration,dgp3,1200,10,500,5,2,Cal-CV-local,1.5460717347610784,0.0336731375262619,9.717586464000306,0.756435436245185,0.9474196493396578,0.9401785379171367,0.96,0.9806552289135854
calibration,dgp3,1200,10,500,5,2,Cal-IJ,1.546245131712497,0.03403610025812248,2.047598936000213,0.756435436245185,0.9474196493396578,0.9401785379171367,0.96,0.9806552289135854
calibration,dgp3,1200,10,500,5,3,RF,0.9627084156422011,0.029858494407600703,1.7349610219998794,0.7368328831763512,0.9973280837793161,0.9641016865408322,0.93,0.9990227636119627
calibration,dgp3,1200,10,500,5,3,SSRF-JS,0.9704801154910134,0.035119854067905354,1.7349610219998794,0.7368328831763512,0.9973280837793161,0.9641016865408322,0.93,0.9990227636119627
calibration,dgp3,1200,10,500,5,3,Cal-CV,0.9626729214269265,0.029795892115271186,9.000655370999993,0.7368328831763512,0.9973280837793161,0.9641016865408322,0.93,0.9990227636119627
calibration,dgp3,1200,10,500,5,3,Cal-CV-local,0.9626507292044519,0.029812441363791995,9.000655370999993,0.7368328831763512,0.9973280837793161,0.9641016865408322,0.93,0.9990227636119627
calibration,dgp3,1200,10,500,5,3,Cal-IJ,0.9624341812469159,0.029220051643856555,2.0533422110001993,0.7368328831763512,0.9973280837793161,0.9641016865408322,0.93,0.9990227636119627
calibration,dgp3,1200,10,500,5,4,RF,1.410586165744564,0.11606073860299879,1.7682216200000767,0.44547276566778793,0.7369403764639529,0.6014253088075233,0.67,0.8919457087248569
calibration,dgp3,1200,10,500,5,4,SSRF-JS,1.3688568239363716,0.09588178369397864,1.7682216200000767,0.44547276566778793,0.7369403764639529,0.6014253088075233,0.67,0.8919457087248569
calibration,dgp3,1200,10,500,5,4,Cal-CV,1.3800500235198412,0.09515708480826661,9.28168617900019,0.44547276566778793,0.7369403764639529,0.6014253088075233,0.67,0.8919457087248569
calibration,dgp3,1200,10,500,5,4,Cal-CV-local,1.3543830444567284,0.0769901247995089,9.28168617900019,0.44547276566778793,0.7369403764639529,0.6014253088075233,0.67,0.8919457087248569
calibration,dgp3,1200,10,500,5,4,Cal-IJ,1.3749158217933557,0.09498505592968332,2.0425756640001964,0.44547276566778793,0.7369403764639529,0.6014253088075233,0.67,0.8919457087248569
calibration,dgp3,1200,10,500,5,5,RF,1.3467519413079219,0.02955151485111246,1.464143112000329,0.7823557807105055,0.9799820945401868,0.9593021937316419,0.9400000000000001,0.9916734761617135
calibration,dgp3,1200,10,500,5,5,SSRF-JS,1.3662930743121307,0.033565001621437794,1.464143112000329,0.7823557807105055,0.9799820945401868,0.9593021937316419,0.9400000000000001,0.9916734761617135
calibration,dgp3,1200,10,500,5,5,Cal-CV,1.347838487516121,0.029208431473227547,7.8585833060005825,0.7823557807105055,0.9799820945401868,0.9593021937316419,0.9400000000000001,0.9916734761617135
calibration,dgp3,1200,10,500,5,5,Cal-CV-local,1.3471252535705307,0.02925157186850105,7.8585833060005825,0.7823557807105055,0.9799820945401868,0.9593021937316419,0.9400000000000001,0.9916734761617135
calibration,dgp3,1200,10,500,5,5,Cal-IJ,1.3491132582994836,0.02900629459047541,1.7748082110001633,0.7823557807105055,0.9799820945401868,0.9593021937316419,0.9400000000000001,0.9916734761617135
calibration,dgp3,1200,10,500,5,6,RF,1.3568186498679824,0.031603834847526276,1.4447768969998833,0.8037306054455295,0.9718412737787961,0.9766391647706179,0.99,0.9887149058445749
calibration,dgp3,1200,10,500,5,6,SSRF-JS,1.3618282645762139,0.03698021674292855,1.4447768969998833,0.8037306054455295,0.9718412737787961,0.9766391647706179,0.99,0.9887149058445749
calibration,dgp3,1200,10,500,5,6,Cal-CV,1.3568215692341263,0.03165824201624797,8.92646647399988,0.8037306054455295,0.9718412737787961,0.9766391647706179,0.99,0.9887149058445749
calibration,dgp3,1200,10,500,5,6,Cal-CV-local,1.3568236529539044,0.03160357734287865,8.92646647399988,0.8037306054455295,0.9718412737787961,0.9766391647706179,0.99,0.9887149058445749
calibration,dgp3,1200,10,500,5,6,Cal-IJ,1.356803948207996,0.03163184811941899,1.7383240959998147,0.8037306054455295,0.9718412737787961,0.9766391647706179,0.99,0.9887149058445749
calibration,dgp3,1200,10,500,5,7,RF,1.440149338683633,0.03129000133648396,1.7393562909996945,0.7938594298388073,0.9183900671342102,0.8930271029267886,0.98,0.9659183441732773
calibration,dgp3,1200,10,500,5,7,SSRF-JS,1.446712051426469,0.0364301365366951,1.7393562909996945,0.7938594298388073,0.9183900671342102,0.8930271029267886,0.98,0.9659183441732773
calibration,dgp3,1200,10,500,5,7,Cal-CV,1.4412483266762726,0.03183697119472782,9.625810652999917,0.7938594298388073,0.9183900671342102,0.8930271029267886,0.98,0.9659183441732773
calibration,dgp3,1200,10,500,5,7,Cal-CV-local,1.4402738115054508,0.030925825415564275,9.625810652999917,0.7938594298388073,0.9183900671342102,0.8930271029267886,0.98,0.9659183441732773
calibration,dgp3,1200,10,500,5,7,Cal-IJ,1.4419918164121657,0.03240890318399779,2.0637455399996725,0.7938594298388073,0.9183900671342102,0.8930271029267886,0.98,0.9659183441732773
calibration,dgp3,1200,10,500,5,8,RF,1.4522822856895543,0.03383258746530043,1.8361731639997743,0.7732856428080197,0.9533637281955181,0.9849522101762477,1.0,0.9806536776858432
calibration,dgp3,1200,10,500,5,8,SSRF-JS,1.4718514921216022,0.041331374232178225,1.8361731639997743,0.7732856428080197,0.9533637281955181,0.9849522101762477,1.0,0.9806536776858432
calibration,dgp3,1200,10,500,5,8,Cal-CV,1.4551318125949295,0.03417329073552982,9.590714516999924,0.7732856428080197,0.9533637281955181,0.9849522101762477,1.0,0.9806536776858432
calibration,dgp3,1200,10,500,5,8,Cal-CV-local,1.454761820528558,0.03368599435535893,9.590714516999924,0.7732856428080197,0.9533637281955181,0.9849522101762477,1.0,0.9806536776858432
calibration,dgp3,1200,10,500,5,8,Cal-IJ,1.4531330269886602,0.03387382471732431,2.1426397589998487,0.7732856428080197,0.9533637281955181,0.9849522101762477,1.0,0.9806536776858432
calibration,dgp3,1200,10,500,5,9,RF,1.0187079195820283,0.02730473121204659,1.4327354380002362,0.7473434138387234,0.9131147740823212,0.9207196296844774,1.0,0.9629392421589696
calibration,dgp3,1200,10,500,5,9,SSRF-JS,1.025934148934272,0.037838182352667796,1.4327354380002362,0.7473434138387234,0.9131147740823212,0.9207196296844774,1.0,0.9629392421589696
calibration,dgp3,1200,10,500,5,9,Cal-CV,1.0187357332793445,0.02846684495383237,8.059201877000305,0.7473434138387234,0.9131147740823212,0.9207196296844774,1.0,0.9629392421589696
calibration,dgp3,1200,10,500,5,9,Cal-CV-local,1.0180025048001635,0.027009643781257243,8.059201877000305,0.7473434138387234,0.9131147740823212,0.9207196296844774,1.0,0.9629392421589696
calibration,dgp3,1200,10,500,5,9,Cal-IJ,1.0186297871307728,0.028261616240743942,1.7466724840001007,0.7473434138387234,0.9131147740823212,0.9207196296844774,1.0,0.9629392421589696
calibration,dgp3,1200,10,500,5,10,RF,0.8986026298960174,0.028743994862484017,1.7420371210000667,0.814005480141304,0.9996351948132318,0.9624525733430623,0.97,1.0002238490413302
calibration,dgp3,1200,10,500,5,10,SSRF-JS,0.8990046371641159,0.03267747911821361,1.7420371210000667,0.814005480141304,0.9996351948132318,0.9624525733430623,0.97,1.0002238490413302
calibration,dgp3,1200,10,500,5,10,Cal-CV,0.8985920953859599,0.02874045398373396,8.781632458999866,0.814005480141304,0.9996351948132318,0.9624525733430623,0.97,1.0002238490413302
calibration,dgp3,1200,10,500,5,10,Cal-CV-local,0.8986103449939722,0.02874562890619014,8.781632458999866,0.814005480141304,0.9996351948132318,0.9624525733430623,0.97,1.0002238490413302
calibration,dgp3,1200,10,500,5,10,Cal-IJ,0.8977511400396422,0.028612321686648023,1.9982137330002843,0.814005480141304,0.9996351948132318,0.9624525733430623,0.97,1.0002238490413302
calibration,dgp3,1200,10,500,5,11,RF,0.9241960730102551,0.04398190954765507,1.6631105230003413,0.6983968176833529,0.8690732805458994,0.9166062217658046,0.9,0.9426854483487056
calibration,dgp3,1200,10,500,5,11,SSRF-JS,0.9361119266686416,0.04956048800517366,1.6631105230003413,0.6983968176833529,0.8690732805458994,0.9166062217658046,0.9,0.9426854483487056
calibration,dgp3,1200,10,500,5,11,Cal-CV,0.9252735693026661,0.04229851026987875,8.812689510000382,0.6983968176833529,0.8690732805458994,0.9166062217658046,0.9,0.9426854483487056
calibration,dgp3,1200,10,500,5,11,Cal-CV-local,0.9287675819746155,0.03940103475184532,8.812689510000382,0.6983968176833529,0.8690732805458994,0.9166062217658046,0.9,0.9426854483487056
calibration,dgp3,1200,10,500,5,11,Cal-IJ,0.9241420512148946,0.04216933522865401,1.9864150260000315,0.6983968176833529,0.8690732805458994,0.9166062217658046,0.9,0.9426854483487056
calibration,dgp3,1200,10,500,5,12,RF,1.1829229383991395,0.09536864596769953,1.7863653469999008,0.44398564801194246,0.6760557677045006,0.6532511936433703,0.71,0.8303688935723761
calibration,dgp3,1200,10,500,5,12,SSRF-JS,1.1597532390497078,0.08481603578414867,1.7863653469999008,0.44398564801194246,0.6760557677045006,0.6532511936433703,0.71,0.8303688935723761
calibration,dgp3,1200,10,500,5,12,Cal-CV,1.159576517065725,0.07824976795865894,9.714001500999984,0.44398564801194246,0.6760557677045006,0.6532511936433703,0.71,0.8303688935723761
calibration,dgp3,1200,10,500,5,12,Cal-CV-local,1.1399628023487323,0.05967286184708097,9.714001500999984,0.44398564801194246,0.6760557677045006,0.6532511936433703,0.71,0.8303688935723761
calibration,dgp3,1200,10,500,5,12,Cal-IJ,1.159612015118053,0.07872366391655601,2.0993503700001384,0.44398564801194246,0.6760557677045006,0.6532511936433703,0.71,0.8303688935723761
calibration,dgp3,1200,10,500,5,13,RF,0.9288536941671663,0.054237778451042495,1.7382280160004484,0.6145787357557129,0.832187753923377,0.8266599209682193,0.9500000000000001,0.9229521093201003
calibration,dgp3,1200,10,500,5,13,SSRF-JS,0.9420363582373332,0.0693288525861502,1.7382280160004484,0.6145787357557129,0.832187753923377,0.8266599209682193,0.9500000000000001,0.9229521093201003
calibration,dgp3,1200,10,500,5,13,Cal-CV,0.9296652762947333,0.055899429105652605,8.894231354000112,0.6145787357557129,0.832187753923377,0.8266599209682193,0.9500000000000001,0.9229521093201003
calibration,dgp3,1200,10,500,5,13,Cal-CV-local,0.9239794099118057,0.05171406032024159,8.894231354000112,0.6145787357557129,0.832187753923377,0.8266599209682193,0.9500000000000001,0.9229521093201003
calibration,dgp3,1200,10,500,5,13,Cal-IJ,0.9298292606049966,0.05609141516744366,1.9986557720003475,0.6145787357557129,0.832187753923377,0.8266599209682193,0.9500000000000001,0.9229521093201003
calibration,dgp3,1200,10,500,5,14,RF,0.9209501620534769,0.038733455173683685,1.7581459469997753,0.791568028962,1.0053029669234579,0.9978092822967606,0.91,1.0053029669234577
calibration,dgp3,1200,10,500,5,14,SSRF-JS,0.9111192915641939,0.039497425709589196,1.7581459469997753,0.791568028962,1.0053029669234579,0.9978092822967606,0.91,1.0053029669234577
calibration,dgp3,1200,10,500,5,14,Cal-CV,0.9214010587442446,0.03891364678961055,9.481929997999487,0.791568028962,1.0053029669234579,0.9978092822967606,0.91,1.0053029669234577
calibration,dgp3,1200,10,500,5,14,Cal-CV-local,0.9214010587442446,0.03891364678961055,9.481929997999487,0.791568028962,1.0053029669234579,0.9978092822967606,0.91,1.0053029669234577
calibration,dgp3,1200,10,500,5,14,Cal-IJ,0.9207667798036776,0.03866190435869652,2.0456451809995997,0.791568028962,1.0053029669234579,0.9978092822967606,0.91,1.0053029669234577
calibration,dgp3,1200,10,500,5,15,RF,0.9716422741321354,0.03969567362416351,1.748657677999745,0.7622923575940486,0.9231300796464815,0.9211775027032739,0.99,0.9646925285706581
calibration,dgp3,1200,10,500,5,15,SSRF-JS,0.9713252873459112,0.04750426272178899,1.748657677999745,0.7622923575940486,0.9231300796464815,0.9211775027032739,0.99,0.9646925285706581
calibration,dgp3,1200,10,500,5,15,Cal-CV,0.9697322995863361,0.040368920657844275,9.529860955000004,0.7622923575940486,0.9231300796464815,0.9211775027032739,0.99,0.9646925285706581
calibration,dgp3,1200,10,500,5,15,Cal-CV-local,0.9690715256216644,0.03971494846925619,9.529860955000004,0.7622923575940486,0.9231300796464815,0.9211775027032739,0.99,0.9646925285706581
calibration,dgp3,1200,10,500,5,15,Cal-IJ,0.9697072458820403,0.04040948350254559,2.0804830819997733,0.7622923575940486,0.9231300796464815,0.9211775027032739,0.99,0.9646925285706581
calibration,dgp3,1200,10,500,5,16,RF,0.9756893477322329,0.03895990867307623,1.7341431900003954,0.7171388257518597,0.905973407962162,0.9333452982709038,0.85,0.9569592506536729
calibration,dgp3,1200,10,500,5,16,SSRF-JS,0.9693104557503739,0.0373429865784418,1.7341431900003954,0.7171388257518597,0.905973407962162,0.9333452982709038,0.85,0.9569592506536729
calibration,dgp3,1200,10,500,5,16,Cal-CV,0.9699316174667489,0.03482495313127927,9.665260057000523,0.7171388257518597,0.905973407962162,0.9333452982709038,0.85,0.9569592506536729
calibration,dgp3,1200,10,500,5,16,Cal-CV-local,0.9695661310158081,0.03476968526126012,9.665260057000523,0.7171388257518597,0.905973407962162,0.9333452982709038,0.85,0.9569592506536729
calibration,dgp3,1200,10,500,5,16,Cal-IJ,0.9712325280977734,0.03565346110716243,2.0409103470005903,0.7171388257518597,0.905973407962162,0.9333452982709038,0.85,0.9569592506536729
calibration,dgp3,1200,10,500,5,17,RF,1.782752806799808,0.03916379842675873,1.60944904400003,0.6370977524359014,0.8371885643453502,0.912423974598815,0.84,0.9329357300975109
calibration,dgp3,1200,10,500,5,17,SSRF-JS,1.7585847580680487,0.042360868599246225,1.60944904400003,0.6370977524359014,0.8371885643453502,0.912423974598815,0.84,0.9329357300975109
calibration,dgp3,1200,10,500,5,17,Cal-CV,1.7652942897592663,0.03380758044094038,9.263860635000128,0.6370977524359014,0.8371885643453502,0.912423974598815,0.84,0.9329357300975109
calibration,dgp3,1200,10,500,5,17,Cal-CV-local,1.7719337931785644,0.03231994336943855,9.263860635000128,0.6370977524359014,0.8371885643453502,0.912423974598815,0.84,0.9329357300975109
calibration,dgp3,1200,10,500,5,17,Cal-IJ,1.7719476614151228,0.034868461429718924,1.9629667920003158,0.6370977524359014,0.8371885643453502,0.912423974598815,0.84,0.9329357300975109
calibration,dgp3,1200,10,500,5,18,RF,1.188266964865219,0.03573405886744686,1.7559475080001903,0.6811650894672643,1.0294292430602117,0.9884310454129847,0.89,1.0294292430602119
calibration,dgp3,1200,10,500,5,18,SSRF-JS,1.1928823553080141,0.04194235996376247,1.7559475080001903,0.6811650894672643,1.0294292430602117,0.9884310454129847,0.89,1.0294292430602119
calibration,dgp3,1200,10,500,5,18,Cal-CV,1.1897517814356604,0.03706484231925996,9.296114320000015,0.6811650894672643,1.0294292430602117,0.9884310454129847,0.89,1.0294292430602119
calibration,dgp3,1200,10,500,5,18,Cal-CV-local,1.1897517814356604,0.03706484231925996,9.296114320000015,0.6811650894672643,1.0294292430602117,0.9884310454129847,0.89,1.0294292430602119
calibration,dgp3,1200,10,500,5,18,Cal-IJ,1.1877717704406234,0.035299416532167574,2.0262219620003634,0.6811650894672643,1.0294292430602117,0.9884310454129847,0.89,1.0294292430602119
calibration,dgp3,1200,10,500,5,19,RF,1.1987180154150527,0.040582007772466656,1.78782682200017,0.73975078955675,0.9322776215107526,0.9721244491928938,0.99,0.968939361282962
calibration,dgp3,1200,10,500,5,19,SSRF-JS,1.208593995981625,0.04970731134467337,1.78782682200017,0.73975078955675,0.9322776215107526,0.9721244491928938,0.99,0.968939361282962
calibration,dgp3,1200,10,500,5,19,Cal-CV,1.1994419370997198,0.04110129747812902,9.564530495000326,0.73975078955675,0.9322776215107526,0.9721244491928938,0.99,0.968939361282962
calibration,dgp3,1200,10,500,5,19,Cal-CV-local,1.1985731544253504,0.03866550681982694,9.564530495000326,0.73975078955675,0.9322776215107526,0.9721244491928938,0.99,0.968939361282962
calibration,dgp3,1200,10,500,5,19,Cal-IJ,1.1988512730515086,0.040631035804842425,2.0925105810001696,0.73975078955675,0.9322776215107526,0.9721244491928938,0.99,0.968939361282962
