experiment,dgp,n,p,B,min_leaf,rep,snr,method,mse,mae,mse_true,coverage,interval_score,interval_width,dm_stat,dm_p,runtime,lam_eb,lam_js,leaves,n_eff,sigma2,tau2,tuned_leaf,tuned_mtry
extended,dgp1,1200,20,25,5,0,0.1387398308052676,RF,1.3390460163994458,0.8544747303641059,0.08933196792029437,0.948,6.544873510035786,4.607536364714362,0.13403571173741885,0.8934013321093127,0.16361062099986157,0.8486637331453285,0.8476708741764295,191.84,3.446910938000465,0.48925037665981863,0.7835066325440381,40,10
extended,dgp1,1200,20,25,5,0,0.1387398308052676,SSRF,1.3380650212831233,0.8503796088476188,0.07967715077130788,0.944,6.562540273142555,4.626931745361036,-0.3019053844104709,0.7627870283830752,0.16361062099986157,0.8486637331453285,0.8476708741764295,191.84,3.446910938000465,0.48925037665981863,0.7835066325440381,40,10
extended,dgp1,1200,20,25,5,0,0.1387398308052676,SSRF-JS,1.3383245851641148,0.8507657876042509,0.08020116730009075,0.942,6.562439623912257,4.574724612258669,,,0.16361062099986157,0.8486637331453285,0.8476708741764295,191.84,3.446910938000465,0.48925037665981863,0.7835066325440381,40,10
extended,dgp1,1200,20,25,5,0,0.1387398308052676,RF-H,1.3758036302019923,0.8488907369474658,0.08463259340856474,0.936,6.74305928933655,4.603240206581494,1.832738892291218,0.06713890168422754,0.05955572499988193,0.8486637331453285,0.8476708741764295,191.84,3.446910938000465,0.48925037665981863,0.7835066325440381,40,10
extended,dgp1,1200,20,25,5,0,0.1387398308052676,SSRF-H,1.4455457038293065,0.8690142349082159,0.1445270055348442,0.94,6.80182943511069,4.76640619792114,3.8911456014856607,0.00010638284594112235,0.05955572499988193,0.8486637331453285,0.8476708741764295,191.84,3.446910938000465,0.48925037665981863,0.7835066325440381,40,10
extended,dgp1,1200,20,25,5,0,0.1387398308052676,SSRF-JS-H,1.4446769800246584,0.868171894515347,0.14411508178547683,0.942,6.7943003491137075,4.773606467353175,3.8588694728336215,0.00012122093846536925,0.05955572499988193,0.8486637331453285,0.8476708741764295,191.84,3.446910938000465,0.48925037665981863,0.7835066325440381,40,10
extended,dgp1,1200,20,25,5,0,0.1387398308052676,SSRF-rob,1.3376618724018778,0.8522154003342796,0.08351532220165703,0.94,6.561239275648206,4.535604968384135,-0.2637000022634473,0.792065476840044,0.18400661400028184,0.8486637331453285,0.8476708741764295,191.84,3.446910938000465,0.48925037665981863,0.7835066325440381,40,10
extended,dgp1,1200,20,25,5,0,0.1387398308052676,RidgeRF,1.3595816672933994,0.8506496167020888,0.0901838673546739,0.936,6.723912319096887,4.5205729917391215,0.9003686779516035,0.3681410732258554,0.11413435199938249,0.8486637331453285,0.8476708741764295,191.84,3.446910938000465,0.48925037665981863,0.7835066325440381,40,10
extended,dgp1,1200,20,25,5,0,0.1387398308052676,LassoRF,1.4074244568656678,0.8663989287311675,0.10153791114619622,0.948,6.813014338579896,4.723924202670439,2.8978476540555462,0.0038394190540625957,0.06099275700034923,0.8486637331453285,0.8476708741764295,191.84,3.446910938000465,0.48925037665981863,0.7835066325440381,40,10
extended,dgp1,1200,20,25,5,0,0.1387398308052676,GBM,1.3535179270221973,0.8470326134778254,0.08554302607307657,0.928,6.699389793508457,4.429408308949323,0.6959928196700289,0.4865952099447851,0.1206884210005228,0.8486637331453285,0.8476708741764295,191.84,3.446910938000465,0.48925037665981863,0.7835066325440381,40,10
extended,dgp1,1200,20,25,5,0,0.1387398308052676,RF-tuned,1.3345140062298497,0.841867765154524,0.04748751044442362,0.936,6.6157089454551885,4.497691498397487,-0.21448905085498277,0.8302094775609374,3.586121564999303,0.8486637331453285,0.8476708741764295,191.84,3.446910938000465,0.48925037665981863,0.7835066325440381,40,10
extended,dgp1,1200,20,25,5,0,0.1387398308052676,SSRF-tuned,1.3269587513467704,0.8362167979415629,0.048727241200246324,0.95,6.680294993585935,4.683460318613582,-0.7399123377357526,0.45952702755417135,3.7257535989992903,0.8486637331453285,0.8476708741764295,191.84,3.446910938000465,0.48925037665981863,0.7835066325440381,40,10
extended,dgp1,1200,20,25,5,0,0.1387398308052676,LLF,1.3334655457285602,0.8397455223831997,0.05661482124020738,0.95,6.6365939886479595,4.624704731144843,-0.30594226411267567,0.7597123482203774,2.83555773199987,0.8486637331453285,0.8476708741764295,191.84,3.446910938000465,0.48925037665981863,0.7835066325440381,40,10
extended,dgp1,1200,20,25,5,0,0.1387398308052676,BART,1.3313112658403934,0.848069937476414,0.07360981704747123,0.948,6.543793360109755,4.630496996959802,-0.3470802994737207,0.7286040945331761,38.898841559000175,0.8486637331453285,0.8476708741764295,191.84,3.446910938000465,0.48925037665981863,0.7835066325440381,40,10
extended,dgp1,1200,20,25,5,0,0.1387398308052676,NGBoost,1.383497561806419,0.8531955188835623,0.09651535932013655,0.934,6.868156438675476,4.549580531839057,1.63405766113936,0.10256181253080388,2.961059252999803,0.8486637331453285,0.8476708741764295,191.84,3.446910938000465,0.48925037665981863,0.7835066325440381,40,10
extended,dgp1,1200,20,25,5,1,0.14559612702119848,RF,1.377996617308442,0.8283167221742176,0.07109475651591164,0.962,5.627764189381927,4.868619467542826,1.737817175463677,0.08255118313094513,0.1544788380006139,0.8542477008399731,0.8532927847874082,190.96,3.4601882050310104,0.48449329965652027,0.8071086101256596,80,10
extended,dgp1,1200,20,25,5,1,0.14559612702119848,SSRF,1.3668156957397781,0.8235352136193044,0.06318292784848856,0.964,5.605285074200325,4.84227356076736,-0.9368260708539571,0.3490744473442254,0.1544788380006139,0.8542477008399731,0.8532927847874082,190.96,3.4601882050310104,0.48449329965652027,0.8071086101256596,80,10
extended,dgp1,1200,20,25,5,1,0.14559612702119848,SSRF-JS,1.3675610419916857,0.8238148366397748,0.06398918524395125,0.964,5.606525622674831,4.858016913266126,,,0.1544788380006139,0.8542477008399731,0.8532927847874082,190.96,3.4601882050310104,0.48449329965652027,0.8071086101256596,80,10
extended,dgp1,1200,20,25,5,1,0.14559612702119848,RF-H,1.3680304907158056,0.8223270369234209,0.06240637484280023,0.966,5.502870618014853,4.807427896948745,0.02528812568290334,0.979830195517397,0.05603456599965284,0.8542477008399731,0.8532927847874082,190.96,3.4601882050310104,0.48449329965652027,0.8071086101256596,80,10
extended,dgp1,1200,20,25,5,1,0.14559612702119848,SSRF-H,1.4043461152921017,0.8392933405030294,0.11473445889525223,0.96,5.527379042249659,4.683428299242254,1.244601594885213,0.21357013487717258,0.05603456599965284,0.8542477008399731,0.8532927847874082,190.96,3.4601882050310104,0.48449329965652027,0.8071086101256596,80,10
extended,dgp1,1200,20,25,5,1,0.14559612702119848,SSRF-JS-H,1.4038641599310708,0.8391004126180114,0.11397940010024207,0.96,5.527873119691486,4.673078242970543,1.2325680724886803,0.21802694301636494,0.05603456599965284,0.8542477008399731,0.8532927847874082,190.96,3.4601882050310104,0.48449329965652027,0.8071086101256596,80,10
extended,dgp1,1200,20,25,5,1,0.14559612702119848,SSRF-rob,1.3712253860989263,0.8254791561844518,0.06619860390400165,0.962,5.6123239815579415,4.850563978901455,1.4056229867486998,0.16014702421881735,0.17522390100020857,0.8542477008399731,0.8532927847874082,190.96,3.4601882050310104,0.48449329965652027,0.8071086101256596,80,10
extended,dgp1,1200,20,25,5,1,0.14559612702119848,RidgeRF,1.4028589241331741,0.8331913929673747,0.07726826820550861,0.976,5.781506900015404,5.190655269561555,1.6053294756224064,0.10873735811959567,0.09897915700003068,0.8542477008399731,0.8532927847874082,190.96,3.4601882050310104,0.48449329965652027,0.8071086101256596,80,10
extended,dgp1,1200,20,25,5,1,0.14559612702119848,LassoRF,1.4413471997043592,0.861557696190417,0.1275017784197137,0.97,5.800395680546588,5.0298618106211,2.664703456587245,0.007829823049931992,0.06118859400066867,0.8542477008399731,0.8532927847874082,190.96,3.4601882050310104,0.48449329965652027,0.8071086101256596,80,10
extended,dgp1,1200,20,25,5,1,0.14559612702119848,GBM,1.3710837705235555,0.8327393322369442,0.07145431136850403,0.958,5.4479302399912175,4.601222679496577,0.20077201130572575,0.8409177158827436,0.17370360200038704,0.8542477008399731,0.8532927847874082,190.96,3.4601882050310104,0.48449329965652027,0.8071086101256596,80,10
extended,dgp1,1200,20,25,5,1,0.14559612702119848,RF-tuned,1.3320807679407232,0.8100512309749002,0.03345110407826665,0.966,5.417989054421944,4.743547123938631,-2.2358745861578657,0.025580188554244612,3.461952743999973,0.8542477008399731,0.8532927847874082,190.96,3.4601882050310104,0.48449329965652027,0.8071086101256596,80,10
extended,dgp1,1200,20,25,5,1,0.14559612702119848,SSRF-tuned,1.3468603396756782,0.8174665689497774,0.0415178544583599,0.96,5.438850081997804,4.662395551452711,-1.3359276205197592,0.18187717558099795,3.5803197010000076,0.8542477008399731,0.8532927847874082,190.96,3.4601882050310104,0.48449329965652027,0.8071086101256596,80,10
extended,dgp1,1200,20,25,5,1,0.14559612702119848,LLF,1.357119839314744,0.8209902412122918,0.045489939109288814,0.96,5.439259974481522,4.666051926841414,-0.7857050492552405,0.43222661230044385,2.6693263719998868,0.8542477008399731,0.8532927847874082,190.96,3.4601882050310104,0.48449329965652027,0.8071086101256596,80,10
extended,dgp1,1200,20,25,5,1,0.14559612702119848,BART,1.368614160196223,0.8312349296072645,0.055229403972805756,0.964,5.4833076096326625,4.770675613354599,0.0639435632103414,0.9490279568845299,31.047143498999503,0.8542477008399731,0.8532927847874082,190.96,3.4601882050310104,0.48449329965652027,0.8071086101256596,80,10
extended,dgp1,1200,20,25,5,1,0.14559612702119848,NGBoost,1.4027451989020314,0.8328867917851671,0.07734326700648352,0.962,5.641374731671886,4.848534457063747,1.69001251910404,0.09133754396342728,1.4573295349991895,0.8542477008399731,0.8532927847874082,190.96,3.4601882050310104,0.48449329965652027,0.8071086101256596,80,10
extended,dgp1,1200,20,25,5,2,0.1267210425760186,RF,1.1615015646813414,0.7991438467780185,0.10459240703895482,0.968,5.326631166212972,4.5928581171478395,2.7271409799209403,0.006500507925427477,0.169484640000519,0.8442243910964919,0.8431329389325565,191.6,3.455738901589646,0.5695980817343308,0.8773533422068224,40,10
extended,dgp1,1200,20,25,5,2,0.1267210425760186,SSRF,1.1483215624777647,0.795454253800317,0.09278018986054355,0.968,5.2897300789011075,4.51545159561864,-0.7845011861011295,0.4329320669682192,0.169484640000519,0.8442243910964919,0.8431329389325565,191.6,3.455738901589646,0.5695980817343308,0.8773533422068224,40,10
extended,dgp1,1200,20,25,5,2,0.1267210425760186,SSRF-JS,1.1488505236002424,0.7959423046543932,0.09337237651542542,0.968,5.286372757143124,4.511005166000714,,,0.169484640000519,0.8442243910964919,0.8431329389325565,191.6,3.455738901589646,0.5695980817343308,0.8773533422068224,40,10
extended,dgp1,1200,20,25,5,2,0.1267210425760186,RF-H,1.1760536046403083,0.8119559876321596,0.10538174089472545,0.968,5.293060134728688,4.397034279470099,1.5111805572527153,0.13105869271831563,0.06358277799972711,0.8442243910964919,0.8431329389325565,191.6,3.455738901589646,0.5695980817343308,0.8773533422068224,40,10
extended,dgp1,1200,20,25,5,2,0.1267210425760186,SSRF-H,1.2068714448565536,0.8270008386937853,0.15546418650341484,0.96,5.281472988143564,4.344359672620864,2.5157063447894816,0.012035304569394674,0.06358277799972711,0.8442243910964919,0.8431329389325565,191.6,3.455738901589646,0.5695980817343308,0.8773533422068224,40,10
extended,dgp1,1200,20,25,5,2,0.1267210425760186,SSRF-JS-H,1.2080721218317976,0.8275383953744807,0.15728814852869186,0.96,5.294166571264282,4.365593206020305,2.553792142055732,0.010803194036883842,0.06358277799972711,0.8442243910964919,0.8431329389325565,191.6,3.455738901589646,0.5695980817343308,0.8773533422068224,40,10
extended,dgp1,1200,20,25,5,2,0.1267210425760186,SSRF-rob,1.154372029964008,0.7974052597824531,0.09803875627038668,0.968,5.3086196736603775,4.558868693464814,2.3324103285368913,0.01987699092900139,0.19859670999994705,0.8442243910964919,0.8431329389325565,191.6,3.455738901589646,0.5695980817343308,0.8773533422068224,40,10
extended,dgp1,1200,20,25,5,2,0.1267210425760186,RidgeRF,1.1595988148784258,0.7985891634669633,0.10020251982988627,0.974,5.411844055932234,4.719043133852338,0.519479735533245,0.6035413130435883,0.14366532399981224,0.8442243910964919,0.8431329389325565,191.6,3.455738901589646,0.5695980817343308,0.8773533422068224,40,10
extended,dgp1,1200,20,25,5,2,0.1267210425760186,LassoRF,1.131735423674524,0.7855272482226868,0.08923207270278417,0.974,5.313530919286819,4.648941240104472,-0.9266944693801561,0.3543090074772346,0.13201790299990535,0.8442243910964919,0.8431329389325565,191.6,3.455738901589646,0.5695980817343308,0.8773533422068224,40,10
extended,dgp1,1200,20,25,5,2,0.1267210425760186,GBM,1.1431698504170276,0.8014541617367319,0.09821727612575491,0.966,5.250650737464977,4.384679294461428,-0.3473692291039621,0.7283871151505222,0.2138279330001751,0.8442243910964919,0.8431329389325565,191.6,3.455738901589646,0.5695980817343308,0.8773533422068224,40,10
extended,dgp1,1200,20,25,5,2,0.1267210425760186,RF-tuned,1.1143943151048539,0.7783593822844841,0.05641632447788714,0.968,5.282830307339649,4.450485614972146,-2.0431657979884283,0.041297999905603365,3.7608576910006377,0.8442243910964919,0.8431329389325565,191.6,3.455738901589646,0.5695980817343308,0.8773533422068224,40,10
extended,dgp1,1200,20,25,5,2,0.1267210425760186,SSRF-tuned,1.1175678399966773,0.7818781987946546,0.061833714456420066,0.962,5.232962918383798,4.39744662569599,-2.0779225725941375,0.0379713947115973,3.9031687990000137,0.8442243910964919,0.8431329389325565,191.6,3.455738901589646,0.5695980817343308,0.8773533422068224,40,10
extended,dgp1,1200,20,25,5,2,0.1267210425760186,LLF,1.1307211577353555,0.788232949033337,0.08460597676388892,0.968,5.226510055941672,4.400054669055718,-1.2165447747745854,0.22406480825624953,2.6655538059994797,0.8442243910964919,0.8431329389325565,191.6,3.455738901589646,0.5695980817343308,0.8773533422068224,40,10
extended,dgp1,1200,20,25,5,2,0.1267210425760186,BART,1.1931319814725803,0.8132260742941543,0.1264676278119983,0.962,5.380721903674248,4.542493373768793,2.0729036560845513,0.03843718702273268,37.94425952700021,0.8442243910964919,0.8431329389325565,191.6,3.455738901589646,0.5695980817343308,0.8773533422068224,40,10
extended,dgp1,1200,20,25,5,2,0.1267210425760186,NGBoost,1.1601028809268732,0.7996389745125918,0.09625102811904294,0.968,5.282781050173376,4.488934844563183,0.6255786027256917,0.5317342585961292,1.3895152819995928,0.8442243910964919,0.8431329389325565,191.6,3.455738901589646,0.5695980817343308,0.8773533422068224,40,10
extended,dgp1,1200,20,25,5,3,0.1469661706489762,RF,1.307764923653653,0.8410884952545096,0.07694368045129013,0.93,6.631495508319888,4.2920857030663475,3.229143567720455,0.0012820875999516818,0.1473775750000641,0.8522182351170262,0.8513179867756864,192.44,3.428384330846053,0.5147168885922333,0.851068133611133,20,10
extended,dgp1,1200,20,25,5,3,0.1469661706489762,SSRF,1.288366668073308,0.8352579579049796,0.06389383475784502,0.936,6.529321947619401,4.390003271869903,-0.8119879945517593,0.41699195414905865,0.1473775750000641,0.8522182351170262,0.8513179867756864,192.44,3.428384330846053,0.5147168885922333,0.851068133611133,20,10
extended,dgp1,1200,20,25,5,3,0.1469661706489762,SSRF-JS,1.2890197954617955,0.8356134191221108,0.06454870281639066,0.936,6.530900111713907,4.393295439775108,,,0.1473775750000641,0.8522182351170262,0.8513179867756864,192.44,3.428384330846053,0.5147168885922333,0.851068133611133,20,10
extended,dgp1,1200,20,25,5,3,0.1469661706489762,RF-H,1.2688813578966496,0.833156044484485,0.07048113761373884,0.952,6.326324448284214,4.729546499155886,-0.9924565501845679,0.32121518391532056,0.05603240399977949,0.8522182351170262,0.8513179867756864,192.44,3.428384330846053,0.5147168885922333,0.851068133611133,20,10
extended,dgp1,1200,20,25,5,3,0.1469661706489762,SSRF-H,1.3205624928535913,0.8524296382285206,0.13274938319199736,0.956,6.350192642561737,4.873649232947572,1.0589559068094676,0.2898758339078632,0.05603240399977949,0.8522182351170262,0.8513179867756864,192.44,3.428384330846053,0.5147168885922333,0.851068133611133,20,10
extended,dgp1,1200,20,25,5,3,0.1469661706489762,SSRF-JS-H,1.3225520574590273,0.8533317508035559,0.13317823550873514,0.952,6.345918290843934,4.840339114513243,1.131482816310256,0.2581234672529906,0.05603240399977949,0.8522182351170262,0.8513179867756864,192.44,3.428384330846053,0.5147168885922333,0.851068133611133,20,10
extended,dgp1,1200,20,25,5,3,0.1469661706489762,SSRF-rob,1.296969971531421,0.8377948338018613,0.06940876650348302,0.936,6.569599229863364,4.37528174651468,2.8321253313103685,0.004716882602884056,0.17046889100038243,0.8522182351170262,0.8513179867756864,192.44,3.428384330846053,0.5147168885922333,0.851068133611133,20,10
extended,dgp1,1200,20,25,5,3,0.1469661706489762,RidgeRF,1.299815704082688,0.8438762567711431,0.07936343275855151,0.926,6.843218091125363,4.262358166872189,0.48133008071346406,0.6303873309010719,0.09843659899979684,0.8522182351170262,0.8513179867756864,192.44,3.428384330846053,0.5147168885922333,0.851068133611133,20,10
extended,dgp1,1200,20,25,5,3,0.1469661706489762,LassoRF,1.2919673997353693,0.8374621350797672,0.08626304330909568,0.934,6.560019698018135,4.45583986045763,0.1514175929264429,0.8796768827651115,0.07144557599986001,0.8522182351170262,0.8513179867756864,192.44,3.428384330846053,0.5147168885922333,0.851068133611133,20,10
extended,dgp1,1200,20,25,5,3,0.1469661706489762,GBM,1.2713579407966697,0.8314234923886302,0.0676857025726502,0.936,6.6122288024437985,4.354747882073902,-0.9079812716522426,0.3641070916680784,0.2941934529999344,0.8522182351170262,0.8513179867756864,192.44,3.428384330846053,0.5147168885922333,0.851068133611133,20,10
extended,dgp1,1200,20,25,5,3,0.1469661706489762,RF-tuned,1.248582977765945,0.8263369555958797,0.05229591988896824,0.948,6.380807358468094,4.50345592403734,-2.5484975367150424,0.01096746972461635,3.5374094059998242,0.8522182351170262,0.8513179867756864,192.44,3.428384330846053,0.5147168885922333,0.851068133611133,20,10
extended,dgp1,1200,20,25,5,3,0.1469661706489762,SSRF-tuned,1.248147481641765,0.8232833718282627,0.04955403233152832,0.94,6.419931591889829,4.4265879709816165,-2.7543117654325506,0.005988383477963544,3.694136748999881,0.8522182351170262,0.8513179867756864,192.44,3.428384330846053,0.5147168885922333,0.851068133611133,20,10
extended,dgp1,1200,20,25,5,3,0.1469661706489762,LLF,1.2381076681246728,0.8170777097054435,0.03739614880282161,0.936,6.454152164599974,4.423422240493771,-3.5345959747282607,0.00042711232492200315,2.6868085119995158,0.8522182351170262,0.8513179867756864,192.44,3.428384330846053,0.5147168885922333,0.851068133611133,20,10
extended,dgp1,1200,20,25,5,3,0.1469661706489762,BART,1.2727695776540418,0.8247169530287797,0.06032268010642751,0.948,6.522581712514952,4.515249490391212,-0.8745399555831332,0.38203446362022936,35.58074314999976,0.8522182351170262,0.8513179867756864,192.44,3.428384330846053,0.5147168885922333,0.851068133611133,20,10
extended,dgp1,1200,20,25,5,3,0.1469661706489762,NGBoost,1.367296189894266,0.8353596953328355,0.08578269043226094,0.95,6.781741175917932,4.767311412079243,1.396620395659326,0.16283794837286322,1.2638471250002112,0.8522182351170262,0.8513179867756864,192.44,3.428384330846053,0.5147168885922333,0.851068133611133,20,10
extended,dgp1,1200,20,25,5,4,0.1462787066419191,RF,1.4022565246545204,0.850210966582669,0.08795588104226783,0.942,6.619894583651186,4.557489342854913,2.458209748182043,0.014131993157449998,0.1591435049995198,0.855128659342772,0.8542270491552351,191.56,3.4623467854608387,0.47508778864877643,0.7957193041346055,10,10
extended,dgp1,1200,20,25,5,4,0.1462787066419191,SSRF,1.3868380730177947,0.8441598354896142,0.07639997512962564,0.944,6.5593668861078,4.5056385937117875,-1.472080839065822,0.14131399923887686,0.1591435049995198,0.855128659342772,0.8542270491552351,191.56,3.4623467854608387,0.47508778864877643,0.7957193041346055,10,10
extended,dgp1,1200,20,25,5,4,0.1462787066419191,SSRF-JS,1.3879787891221844,0.8447450699864381,0.07728352855536272,0.944,6.562037911723362,4.513450686585644,,,0.1591435049995198,0.855128659342772,0.8542270491552351,191.56,3.4623467854608387,0.47508778864877643,0.7957193041346055,10,10
extended,dgp1,1200,20,25,5,4,0.1462787066419191,RF-H,1.3700036328318634,0.8366119477985499,0.07467601048018584,0.954,6.344256537901759,4.663506077665344,-0.8482363429659189,0.3965095501811568,0.055741056999977445,0.855128659342772,0.8542270491552351,191.56,3.4623467854608387,0.47508778864877643,0.7957193041346055,10,10
extended,dgp1,1200,20,25,5,4,0.1462787066419191,SSRF-H,1.436578312188631,0.8627864809785033,0.14265340915106003,0.952,6.539034359927759,4.905157412651443,1.6033552306359367,0.10917234299626213,0.055741056999977445,0.855128659342772,0.8542270491552351,191.56,3.4623467854608387,0.47508778864877643,0.7957193041346055,10,10
extended,dgp1,1200,20,25,5,4,0.1462787066419191,SSRF-JS-H,1.435590412996157,0.8621998975153197,0.1427555863481535,0.954,6.535003999320898,4.9112379890909015,1.570074125863108,0.11671452504415944,0.055741056999977445,0.855128659342772,0.8542270491552351,191.56,3.4623467854608387,0.47508778864877643,0.7957193041346055,10,10
extended,dgp1,1200,20,25,5,4,0.1462787066419191,SSRF-rob,1.3935603155351934,0.8468718014003531,0.0811364660686821,0.942,6.586530872664272,4.542167998997031,2.1388994629666485,0.032685740791199874,0.1730288560002009,0.855128659342772,0.8542270491552351,191.56,3.4623467854608387,0.47508778864877643,0.7957193041346055,10,10
extended,dgp1,1200,20,25,5,4,0.1462787066419191,RidgeRF,1.383865284193344,0.8375980449199049,0.09350890690709131,0.94,6.559537881586912,4.42403548789504,-0.19322689372766674,0.8468205544731809,0.10139320300004329,0.855128659342772,0.8542270491552351,191.56,3.4623467854608387,0.47508778864877643,0.7957193041346055,10,10
extended,dgp1,1200,20,25,5,4,0.1462787066419191,LassoRF,1.424712570846326,0.8563988378629503,0.10076084603922938,0.954,6.528549257253327,4.742166342205729,1.7720339932063232,0.07669367265622576,0.0623488470000666,0.855128659342772,0.8542270491552351,191.56,3.4623467854608387,0.47508778864877643,0.7957193041346055,10,10
extended,dgp1,1200,20,25,5,4,0.1462787066419191,GBM,1.424305619483451,0.8627560104996288,0.11528714416744788,0.944,6.481733698588532,4.690861783514107,1.6074715930610433,0.10826694037145596,0.4320411580001746,0.855128659342772,0.8542270491552351,191.56,3.4623467854608387,0.47508778864877643,0.7957193041346055,10,10
extended,dgp1,1200,20,25,5,4,0.1462787066419191,RF-tuned,1.3792550938233938,0.844592659273031,0.08053648613634144,0.942,6.476054769055953,4.362605381320016,-0.5167662120039583,0.6054337476275614,3.6345565940000597,0.855128659342772,0.8542270491552351,191.56,3.4623467854608387,0.47508778864877643,0.7957193041346055,10,10
extended,dgp1,1200,20,25,5,4,0.1462787066419191,SSRF-tuned,1.385014772806888,0.8422052960715182,0.0735710239830186,0.942,6.582030202483632,4.487093215819585,-0.1919938492521662,0.8477860411560519,3.8248474399997576,0.855128659342772,0.8542270491552351,191.56,3.4623467854608387,0.47508778864877643,0.7957193041346055,10,10
extended,dgp1,1200,20,25,5,4,0.1462787066419191,LLF,1.3677768701350872,0.8326770436275638,0.057180516708418144,0.952,6.497971747800285,4.511335335388899,-1.2991343295666657,0.19419757928394493,2.6148063690006893,0.855128659342772,0.8542270491552351,191.56,3.4623467854608387,0.47508778864877643,0.7957193041346055,10,10
extended,dgp1,1200,20,25,5,4,0.1462787066419191,BART,1.360817255208674,0.8387141044037758,0.07239840655576904,0.936,6.5219626544853915,4.353490488286907,-1.5094959631621478,0.13148828536987767,30.23187771299945,0.855128659342772,0.8542270491552351,191.56,3.4623467854608387,0.47508778864877643,0.7957193041346055,10,10
extended,dgp1,1200,20,25,5,4,0.1462787066419191,NGBoost,1.3997436124496043,0.8499971813037294,0.07635490911221211,0.94,6.600084550773909,4.480896626431118,0.6198338111285433,0.5355085522785042,1.7280203480004275,0.855128659342772,0.8542270491552351,191.56,3.4623467854608387,0.47508778864877643,0.7957193041346055,10,10
extended,dgp1,1200,20,25,5,5,0.1214871504128231,RF,1.2948577646275694,0.8319424297401913,0.09197074041435818,0.944,5.5833506075019015,4.339033160079181,2.3625079610023545,0.018342632192172678,0.1535383840000577,0.8272195655726358,0.8257806648855288,191.68,3.4379525708704395,0.6222124183083826,0.8449249797955022,20,10
extended,dgp1,1200,20,25,5,5,0.1214871504128231,SSRF,1.2818416126042789,0.8252042897901205,0.08110666677318171,0.948,5.584658831045978,4.346124809964648,-0.6612894271507461,0.5085792017607876,0.1535383840000577,0.8272195655726358,0.8257806648855288,191.68,3.4379525708704395,0.6222124183083826,0.8449249797955022,20,10
extended,dgp1,1200,20,25,5,5,0.1214871504128231,SSRF-JS,1.2823822355798866,0.8256857990988195,0.08156479767978538,0.948,5.585489719865145,4.351403814705832,,,0.1535383840000577,0.8272195655726358,0.8257806648855288,191.68,3.4379525708704395,0.6222124183083826,0.8449249797955022,20,10
extended,dgp1,1200,20,25,5,5,0.1214871504128231,RF-H,1.3175097057312446,0.8379537775162913,0.09803052908379459,0.956,5.742048956301305,4.6482723909949275,1.738725848247975,0.08239106373511831,0.05510826200043084,0.8272195655726358,0.8257806648855288,191.68,3.4379525708704395,0.6222124183083826,0.8449249797955022,20,10
extended,dgp1,1200,20,25,5,5,0.1214871504128231,SSRF-H,1.3490309721075202,0.8485070175690977,0.1541342875094781,0.956,5.752952880631183,4.593909061586606,2.7200520748196606,0.0066404561365859234,0.05510826200043084,0.8272195655726358,0.8257806648855288,191.68,3.4379525708704395,0.6222124183083826,0.8449249797955022,20,10
extended,dgp1,1200,20,25,5,5,0.1214871504128231,SSRF-JS-H,1.3475617089576641,0.8488437860853489,0.15387759540000723,0.958,5.748664073525333,4.598389995893787,2.6634429440034073,0.007859006330663967,0.05510826200043084,0.8272195655726358,0.8257806648855288,191.68,3.4379525708704395,0.6222124183083826,0.8449249797955022,20,10
extended,dgp1,1200,20,25,5,5,0.1214871504128231,SSRF-rob,1.2883157470375577,0.8288539386697146,0.08615833180989853,0.95,5.582853759855652,4.341059910751423,1.974007968468124,0.04865599853613575,0.25078374999975495,0.8272195655726358,0.8257806648855288,191.68,3.4379525708704395,0.6222124183083826,0.8449249797955022,20,10
extended,dgp1,1200,20,25,5,5,0.1214871504128231,RidgeRF,1.3221429702451164,0.8362973376412053,0.10525742714747838,0.952,5.74063104184746,4.430403679231276,2.200277659622436,0.028015497537338577,0.10331141400001798,0.8272195655726358,0.8257806648855288,191.68,3.4379525708704395,0.6222124183083826,0.8449249797955022,20,10
extended,dgp1,1200,20,25,5,5,0.1214871504128231,LassoRF,1.3593420243262586,0.8511876343997857,0.12833147416918256,0.954,5.852618096278049,4.592032428963748,3.266916158879991,0.001124274580124086,0.06855716300015047,0.8272195655726358,0.8257806648855288,191.68,3.4379525708704395,0.6222124183083826,0.8449249797955022,20,10
extended,dgp1,1200,20,25,5,5,0.1214871504128231,GBM,1.2775607176878339,0.8223792388283674,0.09543951099361317,0.954,5.6403371829762765,4.390773180584316,-0.20108831704104577,0.8406704506958089,0.12540089699996315,0.8272195655726358,0.8257806648855288,191.68,3.4379525708704395,0.6222124183083826,0.8449249797955022,20,10
extended,dgp1,1200,20,25,5,5,0.1214871504128231,RF-tuned,1.2737026503532378,0.8187248495039205,0.06034211127102809,0.952,5.687324834040008,4.425624571632703,-0.5734540200467937,0.5664663878608651,3.6608529850000195,0.8272195655726358,0.8257806648855288,191.68,3.4379525708704395,0.6222124183083826,0.8449249797955022,20,10
extended,dgp1,1200,20,25,5,5,0.1214871504128231,SSRF-tuned,1.2897365197855462,0.8235343505545989,0.06691395783396399,0.954,5.699702683614243,4.601668283613164,0.5372220942837517,0.5912338438286018,3.8313514809997287,0.8272195655726358,0.8257806648855288,191.68,3.4379525708704395,0.6222124183083826,0.8449249797955022,20,10
extended,dgp1,1200,20,25,5,5,0.1214871504128231,LLF,1.2768183514448137,0.8244040413624,0.05857476422962847,0.954,5.691305747863977,4.5657194873096705,-0.41848520408101697,0.6756823495981078,2.543575022999903,0.8272195655726358,0.8257806648855288,191.68,3.4379525708704395,0.6222124183083826,0.8449249797955022,20,10
extended,dgp1,1200,20,25,5,5,0.1214871504128231,BART,1.4314855357956235,0.862556227876452,0.17903781797675664,0.952,6.266236945169136,4.711861187997717,3.7132801959015125,0.00021590780311521126,32.785828297999615,0.8272195655726358,0.8257806648855288,191.68,3.4379525708704395,0.6222124183083826,0.8449249797955022,20,10
extended,dgp1,1200,20,25,5,5,0.1214871504128231,NGBoost,1.32849952333877,0.8382979039244316,0.12014706875677661,0.952,5.695767821962415,4.557732174226023,1.7325101149403825,0.08349140605809822,1.4505862980004167,0.8272195655726358,0.8257806648855288,191.68,3.4379525708704395,0.6222124183083826,0.8449249797955022,20,10
extended,dgp1,1200,20,25,5,6,0.11786941984579827,RF,1.2938575993059902,0.8518467818116308,0.09538891978204181,0.928,7.040694213461655,4.229059460079375,2.7815850608720067,0.00551122373740319,0.15849369100033073,0.8388952891301313,0.8376944682166579,191.16,3.4740385972095376,0.6022657159863654,0.886099350411249,10,10
extended,dgp1,1200,20,25,5,6,0.11786941984579827,SSRF,1.2767941892687638,0.8422816884324413,0.0798384773968389,0.932,7.012769825102665,4.241947682766038,-2.4906026657173808,0.012914169799828477,0.15849369100033073,0.8388952891301313,0.8376944682166579,191.16,3.4740385972095376,0.6022657159863654,0.886099350411249,10,10
extended,dgp1,1200,20,25,5,6,0.11786941984579827,SSRF-JS,1.2788871644073885,0.8432871039564004,0.08092431058079212,0.936,7.009560171098701,4.245912129959983,,,0.15849369100033073,0.8388952891301313,0.8376944682166579,191.16,3.4740385972095376,0.6022657159863654,0.886099350411249,10,10
extended,dgp1,1200,20,25,5,6,0.11786941984579827,RF-H,1.26097339772211,0.8334521538860897,0.08318369633061101,0.93,6.928236374545294,4.223482778308004,-0.990713159292064,0.32206555712319496,0.060162922000017716,0.8388952891301313,0.8376944682166579,191.16,3.4740385972095376,0.6022657159863654,0.886099350411249,10,10
extended,dgp1,1200,20,25,5,6,0.11786941984579827,SSRF-H,1.3393258494583937,0.8583459566478063,0.14345046550638665,0.93,7.158470761386133,4.482273523111415,2.461668107974171,0.013997304190104266,0.060162922000017716,0.8388952891301313,0.8376944682166579,191.16,3.4740385972095376,0.6022657159863654,0.886099350411249,10,10
extended,dgp1,1200,20,25,5,6,0.11786941984579827,SSRF-JS-H,1.3382828314885309,0.8584275764265458,0.1444385656188445,0.93,7.151787752777391,4.47421541673319,2.4254504833541337,0.015465728169087185,0.060162922000017716,0.8388952891301313,0.8376944682166579,191.16,3.4740385972095376,0.6022657159863654,0.886099350411249,10,10
extended,dgp1,1200,20,25,5,6,0.11786941984579827,SSRF-rob,1.2852622558190419,0.8472683902357503,0.08701685580243543,0.928,7.018821246395222,4.24099908662459,2.2642546909099357,0.023772132951309154,0.20248418299979676,0.8388952891301313,0.8376944682166579,191.16,3.4740385972095376,0.6022657159863654,0.886099350411249,10,10
extended,dgp1,1200,20,25,5,6,0.11786941984579827,RidgeRF,1.3010016906421598,0.8514031998249595,0.10525943327701927,0.944,6.949229717222291,4.545508700269292,0.9563704318707477,0.33911648976433345,0.22193231800065405,0.8388952891301313,0.8376944682166579,191.16,3.4740385972095376,0.6022657159863654,0.886099350411249,10,10
extended,dgp1,1200,20,25,5,6,0.11786941984579827,LassoRF,1.2859996399082283,0.8483865740627096,0.08705037264962093,0.952,6.824772434782643,4.498801827213612,0.3879831906286566,0.698111129583508,0.09485077800036379,0.8388952891301313,0.8376944682166579,191.16,3.4740385972095376,0.6022657159863654,0.886099350411249,10,10
extended,dgp1,1200,20,25,5,6,0.11786941984579827,GBM,1.3065471586219024,0.8507951219981816,0.09013875830825847,0.928,7.179395779747615,4.273662554986389,1.25832584731395,0.20856794101528753,0.2202754650006682,0.8388952891301313,0.8376944682166579,191.16,3.4740385972095376,0.6022657159863654,0.886099350411249,10,10
extended,dgp1,1200,20,25,5,6,0.11786941984579827,RF-tuned,1.2455262744343922,0.8346825649400132,0.059971270934133104,0.926,6.871133530458425,4.173226962103504,-2.008784620256328,0.04482866594335475,3.5919946129997697,0.8388952891301313,0.8376944682166579,191.16,3.4740385972095376,0.6022657159863654,0.886099350411249,10,10
extended,dgp1,1200,20,25,5,6,0.11786941984579827,SSRF-tuned,1.2774316186510186,0.8436337040971462,0.07425946855707838,0.922,7.1226242954191985,4.090490311145943,-0.09361614208561492,0.9254328578173029,3.7874301569991076,0.8388952891301313,0.8376944682166579,191.16,3.4740385972095376,0.6022657159863654,0.886099350411249,10,10
extended,dgp1,1200,20,25,5,6,0.11786941984579827,LLF,1.266015415027151,0.8383141718774173,0.060011308191702736,0.932,6.935709463498315,4.225067423833159,-0.9118248932685848,0.36208087818781454,2.7192683140001463,0.8388952891301313,0.8376944682166579,191.16,3.4740385972095376,0.6022657159863654,0.886099350411249,10,10
extended,dgp1,1200,20,25,5,6,0.11786941984579827,BART,1.3034241237166444,0.846291025917301,0.09329747313318314,0.938,6.981769578874633,4.4110238667083195,0.8724674038970646,0.38316308677095834,7.662997542000085,0.8388952891301313,0.8376944682166579,191.16,3.4740385972095376,0.6022657159863654,0.886099350411249,10,10
extended,dgp1,1200,20,25,5,6,0.11786941984579827,NGBoost,1.293006265638142,0.8490075739505464,0.08287362939613833,0.936,7.029738733068905,4.31701270561305,0.7401932276006694,0.45935667281137316,1.369124957999702,0.8388952891301313,0.8376944682166579,191.16,3.4740385972095376,0.6022657159863654,0.886099350411249,10,10
extended,dgp1,1200,20,25,5,7,0.14173874722825508,RF,1.2578756082699372,0.820132063075337,0.08715062848122618,0.954,6.349837334278629,4.497918671766151,1.5449565552756617,0.12267347379956102,0.15255789299953904,0.8541572825966058,0.8532627571208609,189.8,3.4638573625527935,0.46845888397778496,0.7772436738467624,20,6
extended,dgp1,1200,20,25,5,7,0.14173874722825508,SSRF,1.250103343371184,0.8159528079807329,0.07367399082310237,0.954,6.362309226845195,4.452664440765809,-0.6109127374707541,0.5413963197667689,0.15255789299953904,0.8541572825966058,0.8532627571208609,189.8,3.4638573625527935,0.46845888397778496,0.7772436738467624,20,6
extended,dgp1,1200,20,25,5,7,0.14173874722825508,SSRF-JS,1.250472984115665,0.8163820328548751,0.0742421334579906,0.954,6.362509020875249,4.434658950218867,,,0.15255789299953904,0.8541572825966058,0.8532627571208609,189.8,3.4638573625527935,0.46845888397778496,0.7772436738467624,20,6
extended,dgp1,1200,20,25,5,7,0.14173874722825508,RF-H,1.259181743942036,0.8171330949117867,0.07762518066195628,0.946,6.44003836936729,4.317950138947417,0.48564306404361174,0.6273267500684205,0.05357832299978327,0.8541572825966058,0.8532627571208609,189.8,3.4638573625527935,0.46845888397778496,0.7772436738467624,20,6
extended,dgp1,1200,20,25,5,7,0.14173874722825508,SSRF-H,1.351679098934679,0.8515719798656359,0.1466114156107971,0.944,6.6346318500657855,4.35444438124015,3.8513238576900304,0.00012496127212203556,0.05357832299978327,0.8541572825966058,0.8532627571208609,189.8,3.4638573625527935,0.46845888397778496,0.7772436738467624,20,6
extended,dgp1,1200,20,25,5,7,0.14173874722825508,SSRF-JS-H,1.351228889853378,0.8516894901158287,0.1461969841964821,0.942,6.638844563943353,4.328295760787797,3.832993597970451,0.00013450641105804064,0.05357832299978327,0.8541572825966058,0.8532627571208609,189.8,3.4638573625527935,0.46845888397778496,0.7772436738467624,20,6
extended,dgp1,1200,20,25,5,7,0.14173874722825508,SSRF-rob,1.252839225132991,0.8178744299758159,0.07916370901223468,0.954,6.359789254517926,4.496284267634883,1.0716715704153885,0.28412639879154666,0.175902856999528,0.8541572825966058,0.8532627571208609,189.8,3.4638573625527935,0.46845888397778496,0.7772436738467624,20,6
extended,dgp1,1200,20,25,5,7,0.14173874722825508,RidgeRF,1.3056808920479381,0.8345377080995956,0.09133884834709272,0.952,6.30718751774625,4.445987668970504,2.4001425782536967,0.01657084649127004,0.10131857599935756,0.8541572825966058,0.8532627571208609,189.8,3.4638573625527935,0.46845888397778496,0.7772436738467624,20,6
extended,dgp1,1200,20,25,5,7,0.14173874722825508,LassoRF,1.2972887307769292,0.8290518622124109,0.11059651603857336,0.948,6.492027883986717,4.407234416768977,2.245513887970942,0.02495315312187696,0.059642659000019194,0.8541572825966058,0.8532627571208609,189.8,3.4638573625527935,0.46845888397778496,0.7772436738467624,20,6
extended,dgp1,1200,20,25,5,7,0.14173874722825508,GBM,1.265679564338812,0.81528145489189,0.07965587435404956,0.952,6.378216810695921,4.396865966665007,0.701828333637719,0.4829496962356872,0.35687330899963854,0.8541572825966058,0.8532627571208609,189.8,3.4638573625527935,0.46845888397778496,0.7772436738467624,20,6
extended,dgp1,1200,20,25,5,7,0.14173874722825508,RF-tuned,1.2309041730234904,0.8036159435896311,0.0518987111451029,0.954,6.308364039404145,4.282773366253316,-1.44791515703203,0.14795453146092843,3.4880229020000115,0.8541572825966058,0.8532627571208609,189.8,3.4638573625527935,0.46845888397778496,0.7772436738467624,20,6
extended,dgp1,1200,20,25,5,7,0.14173874722825508,SSRF-tuned,1.2329698951120314,0.8085394425375889,0.05279507305786022,0.952,6.387671398448354,4.3122599492050355,-1.472454961080534,0.14121302712478412,3.6110527909995653,0.8541572825966058,0.8532627571208609,189.8,3.4638573625527935,0.46845888397778496,0.7772436738467624,20,6
extended,dgp1,1200,20,25,5,7,0.14173874722825508,LLF,1.2434581454691174,0.8073194961646418,0.047665034522827984,0.952,6.341320350424443,4.263887269592069,-0.49011042893651174,0.624163374459781,2.7191092369994294,0.8541572825966058,0.8532627571208609,189.8,3.4638573625527935,0.46845888397778496,0.7772436738467624,20,6
extended,dgp1,1200,20,25,5,7,0.14173874722825508,BART,1.297683830285213,0.8287294065759694,0.10143263870283135,0.95,6.378417241276196,4.314230952436941,2.041653296200533,0.04144820771378174,32.22950964199936,0.8541572825966058,0.8532627571208609,189.8,3.4638573625527935,0.46845888397778496,0.7772436738467624,20,6
extended,dgp1,1200,20,25,5,7,0.14173874722825508,NGBoost,1.2695322414041565,0.8098284802605815,0.06419198263688618,0.946,6.41625077093114,4.26915078933989,0.7838041455392344,0.43334083229199843,1.3724230750003699,0.8541572825966058,0.8532627571208609,189.8,3.4638573625527935,0.46845888397778496,0.7772436738467624,20,6
extended,dgp2,1200,20,25,5,0,0.1441925874542443,RF,0.7408542940298166,0.6141365858322226,0.049957833923287696,0.948,4.9769562582237254,3.514333546444718,0.6414353145508637,0.5213870276873022,0.15254775500034157,0.8500970364776356,0.8492203751562444,191.0,3.4520014692119005,0.26265133438050564,0.42401900418858973,40,10
extended,dgp2,1200,20,25,5,0,0.1441925874542443,SSRF,0.7402484776499472,0.611480093375219,0.04595496358236212,0.944,5.026026287827139,3.4262730147456812,1.992549280996631,0.046582574477243927,0.15254775500034157,0.8500970364776356,0.8492203751562444,191.0,3.4520014692119005,0.26265133438050564,0.42401900418858973,40,10
extended,dgp2,1200,20,25,5,0,0.1441925874542443,SSRF-JS,0.7393613944256229,0.6113572905150828,0.0460035081747925,0.944,5.0219004081910015,3.4422226445232362,,,0.15254775500034157,0.8500970364776356,0.8492203751562444,191.0,3.4520014692119005,0.26265133438050564,0.42401900418858973,40,10
extended,dgp2,1200,20,25,5,0,0.1441925874542443,RF-H,0.7599288604494334,0.6202377304589045,0.05729432503996251,0.94,5.197070405931901,3.4465418923050963,2.002759383924935,0.045472952972995945,0.05879511399962212,0.8500970364776356,0.8492203751562444,191.0,3.4520014692119005,0.26265133438050564,0.42401900418858973,40,10
extended,dgp2,1200,20,25,5,0,0.1441925874542443,SSRF-H,0.7843510729248016,0.6333932538560729,0.07974399857103533,0.944,5.262538196938355,3.589889789667517,3.7790402591496477,0.0001667511849969205,0.05879511399962212,0.8500970364776356,0.8492203751562444,191.0,3.4520014692119005,0.26265133438050564,0.42401900418858973,40,10
extended,dgp2,1200,20,25,5,0,0.1441925874542443,SSRF-JS-H,0.7840500061184619,0.6335070216292618,0.07951417806244834,0.944,5.266932778464234,3.581687400300523,3.7831138458179714,0.00016408263280353824,0.05879511399962212,0.8500970364776356,0.8492203751562444,191.0,3.4520014692119005,0.26265133438050564,0.42401900418858973,40,10
extended,dgp2,1200,20,25,5,0,0.1441925874542443,SSRF-rob,0.7395353955840319,0.612270756682047,0.04731851148683046,0.944,5.002122489911967,3.4424273657909077,0.16631338549716726,0.867943986085162,0.19069849199968303,0.8500970364776356,0.8492203751562444,191.0,3.4520014692119005,0.26265133438050564,0.42401900418858973,40,10
extended,dgp2,1200,20,25,5,0,0.1441925874542443,RidgeRF,0.737769069471731,0.6173033578335931,0.0487355300494709,0.948,5.061868858727831,3.3205453002936265,-0.14848579706048795,0.8819893599463114,0.11571778399957111,0.8500970364776356,0.8492203751562444,191.0,3.4520014692119005,0.26265133438050564,0.42401900418858973,40,10
extended,dgp2,1200,20,25,5,0,0.1441925874542443,LassoRF,0.7460714900337939,0.6210122931271108,0.038378521023506494,0.942,4.996656129391515,3.449570228331678,0.6102917420375209,0.5418073689093998,0.1841139980006119,0.8500970364776356,0.8492203751562444,191.0,3.4520014692119005,0.26265133438050564,0.42401900418858973,40,10
extended,dgp2,1200,20,25,5,0,0.1441925874542443,GBM,0.7283306162861131,0.6071456961041078,0.04044424736882348,0.942,4.999196644659948,3.380717807050447,-1.084762171548532,0.27828871152400564,0.18376494200037996,0.8500970364776356,0.8492203751562444,191.0,3.4520014692119005,0.26265133438050564,0.42401900418858973,40,10
extended,dgp2,1200,20,25,5,0,0.1441925874542443,RF-tuned,0.7154159166269105,0.6010435989335413,0.027961064800851154,0.942,4.972973280705379,3.373362087244478,-2.8749302985564005,0.004126931777304478,3.653759622000507,0.8500970364776356,0.8492203751562444,191.0,3.4520014692119005,0.26265133438050564,0.42401900418858973,40,10
extended,dgp2,1200,20,25,5,0,0.1441925874542443,SSRF-tuned,0.7187223560641474,0.6014758129684971,0.027145050607419022,0.944,4.989764702402921,3.3069508184734335,-2.3034549436841143,0.02145786308342415,3.7920739250002953,0.8500970364776356,0.8492203751562444,191.0,3.4520014692119005,0.26265133438050564,0.42401900418858973,40,10
extended,dgp2,1200,20,25,5,0,0.1441925874542443,LLF,0.7316172792459203,0.6051370299588708,0.035445379951040565,0.94,5.060197525776608,3.3859393122049832,-0.9447155393142502,0.34503254624400437,2.7591280990000087,0.8500970364776356,0.8492203751562444,191.0,3.4520014692119005,0.26265133438050564,0.42401900418858973,40,10
extended,dgp2,1200,20,25,5,0,0.1441925874542443,BART,0.7246632320076745,0.6070257342942378,0.0415006801015908,0.942,5.031785307826154,3.261032210073744,-1.2517987653733598,0.21093621451545425,8.33357608499955,0.8500970364776356,0.8492203751562444,191.0,3.4520014692119005,0.26265133438050564,0.42401900418858973,40,10
extended,dgp2,1200,20,25,5,0,0.1441925874542443,NGBoost,0.7252758563888303,0.603304909447867,0.04716949029854552,0.938,5.001916020387816,3.381657570254851,-1.2649304874488771,0.20619123277026052,1.6422157669994704,0.8500970364776356,0.8492203751562444,191.0,3.4520014692119005,0.26265133438050564,0.42401900418858973,40,10
extended,dgp2,1200,20,25,5,1,0.1526124326021817,RF,0.69191799948122,0.6067893071823741,0.042815062098613084,0.914,5.0447006408749715,3.0147389283890336,0.36831602024002336,0.7127156388884945,0.14641004299937777,0.8475088286712115,0.8464873203513565,190.64,3.46322253646427,0.2728194997590224,0.43024487628804203,40,6
extended,dgp2,1200,20,25,5,1,0.1526124326021817,SSRF,0.691253144818659,0.6049563391815732,0.039156188661051375,0.912,5.090853147600088,2.9873545896108498,0.5612278579027539,0.5747680790159437,0.14641004299937777,0.8475088286712115,0.8464873203513565,190.64,3.46322253646427,0.2728194997590224,0.43024487628804203,40,6
extended,dgp2,1200,20,25,5,1,0.1526124326021817,SSRF-JS,0.6909893929153035,0.6048704461474315,0.039711905496819355,0.912,5.083761359468845,2.985110653463731,,,0.14641004299937777,0.8475088286712115,0.8464873203513565,190.64,3.46322253646427,0.2728194997590224,0.43024487628804203,40,6
extended,dgp2,1200,20,25,5,1,0.1526124326021817,RF-H,0.6956052028105937,0.609112653021039,0.047378161513730074,0.918,4.909496941763373,3.0832193780314996,0.4625099865450673,0.6438163606350983,0.0556262730005983,0.8475088286712115,0.8464873203513565,190.64,3.46322253646427,0.2728194997590224,0.43024487628804203,40,6
extended,dgp2,1200,20,25,5,1,0.1526124326021817,SSRF-H,0.7451897151366745,0.6346905814497643,0.08431287806528015,0.912,5.157636486058378,3.090335605043413,4.182772255452066,3.1328235431343754e-05,0.0556262730005983,0.8475088286712115,0.8464873203513565,190.64,3.46322253646427,0.2728194997590224,0.43024487628804203,40,6
extended,dgp2,1200,20,25,5,1,0.1526124326021817,SSRF-JS-H,0.7454036475712782,0.6347796016023696,0.0845842040513129,0.912,5.148786667865414,3.098008555185964,4.206942107706189,2.8211897480849225e-05,0.0556262730005983,0.8475088286712115,0.8464873203513565,190.64,3.46322253646427,0.2728194997590224,0.43024487628804203,40,6
extended,dgp2,1200,20,25,5,1,0.1526124326021817,SSRF-rob,0.6909650345753336,0.6054827624141447,0.04066654110076691,0.914,5.061193156645079,3.0010469667735507,-0.02071280965001675,0.9834788867015832,0.20757141899957787,0.8475088286712115,0.8464873203513565,190.64,3.46322253646427,0.2728194997590224,0.43024487628804203,40,6
extended,dgp2,1200,20,25,5,1,0.1526124326021817,RidgeRF,0.7006535084153184,0.6135425292589344,0.052241456352544985,0.924,5.05176622867317,3.1319552099424683,0.8020373248071613,0.42272210783255915,0.10321793399998569,0.8475088286712115,0.8464873203513565,190.64,3.46322253646427,0.2728194997590224,0.43024487628804203,40,6
extended,dgp2,1200,20,25,5,1,0.1526124326021817,LassoRF,0.6677838037985888,0.5997443783165713,0.03433236427127974,0.906,4.963529841610123,2.890972680495345,-2.216123168220914,0.02690777455547872,0.0853761440002927,0.8475088286712115,0.8464873203513565,190.64,3.46322253646427,0.2728194997590224,0.43024487628804203,40,6
extended,dgp2,1200,20,25,5,1,0.1526124326021817,GBM,0.6901051841708665,0.6143573291259038,0.04792197485684698,0.908,4.97104407013697,3.037353551938262,-0.08054407103841275,0.9358206786296535,0.29465153199998895,0.8475088286712115,0.8464873203513565,190.64,3.46322253646427,0.2728194997590224,0.43024487628804203,40,6
extended,dgp2,1200,20,25,5,1,0.1526124326021817,RF-tuned,0.6754068665584794,0.5983600684770636,0.027768051536688265,0.906,5.0278361464347725,2.924165631325974,-1.9248656165215492,0.05452987591980306,3.42725854299988,0.8475088286712115,0.8464873203513565,190.64,3.46322253646427,0.2728194997590224,0.43024487628804203,40,6
extended,dgp2,1200,20,25,5,1,0.1526124326021817,SSRF-tuned,0.6783345608489737,0.6009081381312178,0.029802136843732622,0.904,5.036847781385114,2.914201431044231,-1.6547596162587432,0.09828737710063148,3.526376247999906,0.8475088286712115,0.8464873203513565,190.64,3.46322253646427,0.2728194997590224,0.43024487628804203,40,6
extended,dgp2,1200,20,25,5,1,0.1526124326021817,LLF,0.6715523490032796,0.5991774315370776,0.02527312856328107,0.91,4.941270497299463,2.8940076004274298,-2.371506066535502,0.017904547636353886,2.677693538999847,0.8475088286712115,0.8464873203513565,190.64,3.46322253646427,0.2728194997590224,0.43024487628804203,40,6
extended,dgp2,1200,20,25,5,1,0.1526124326021817,BART,0.660911368441983,0.5915125194058437,0.018975531101800648,0.918,4.886562384447252,2.9643805213086636,-2.837824908978644,0.004634147382805401,7.106815152999843,0.8475088286712115,0.8464873203513565,190.64,3.46322253646427,0.2728194997590224,0.43024487628804203,40,6
extended,dgp2,1200,20,25,5,1,0.1526124326021817,NGBoost,0.6740896149370088,0.5993951438219433,0.02891669248801977,0.912,4.8809232346367555,2.9465894425923485,-1.753549599527785,0.07981436929756922,1.0922583319998012,0.8475088286712115,0.8464873203513565,190.64,3.46322253646427,0.2728194997590224,0.43024487628804203,40,6
extended,dgp2,1200,20,25,5,2,0.13011530185949052,RF,0.7346266424445385,0.6237167456784036,0.056767625536994305,0.942,4.901653701281793,3.28993637712938,1.4253430466935109,0.1543704174735374,0.14599724900017463,0.8319381935476305,0.8304850887026116,191.64,3.4625174962557486,0.3337119645081896,0.4691200524288251,20,6
extended,dgp2,1200,20,25,5,2,0.13011530185949052,SSRF,0.7302790335662274,0.6192768357066321,0.04836573339780867,0.936,4.943198442606378,3.277879207499921,0.021750650740296477,0.9826512033188268,0.14599724900017463,0.8319381935476305,0.8304850887026116,191.64,3.4625174962557486,0.3337119645081896,0.4691200524288251,20,6
extended,dgp2,1200,20,25,5,2,0.13011530185949052,SSRF-JS,0.7302682941691127,0.6197694125812272,0.0488056547295276,0.936,4.942299604723063,3.2693168016782974,,,0.14599724900017463,0.8319381935476305,0.8304850887026116,191.64,3.4625174962557486,0.3337119645081896,0.4691200524288251,20,6
extended,dgp2,1200,20,25,5,2,0.13011530185949052,RF-H,0.7483219497085907,0.6255523178391945,0.05203419957101973,0.932,5.1688112105771795,3.297002177903294,1.6119160763004634,0.10729605972439649,0.05056740399959381,0.8319381935476305,0.8304850887026116,191.64,3.4625174962557486,0.3337119645081896,0.4691200524288251,20,6
extended,dgp2,1200,20,25,5,2,0.13011530185949052,SSRF-H,0.7829865556183327,0.6436794606222148,0.08382094836787443,0.93,5.242464494588789,3.3121710680920953,3.820267292967196,0.0001415336131769127,0.05056740399959381,0.8319381935476305,0.8304850887026116,191.64,3.4625174962557486,0.3337119645081896,0.4691200524288251,20,6
extended,dgp2,1200,20,25,5,2,0.13011530185949052,SSRF-JS-H,0.7831791577067928,0.6439360006601772,0.08429918880650214,0.932,5.230855075308954,3.3503360367194355,3.8043315439884386,0.00015082172575766052,0.05056740399959381,0.8319381935476305,0.8304850887026116,191.64,3.4625174962557486,0.3337119645081896,0.4691200524288251,20,6
extended,dgp2,1200,20,25,5,2,0.13011530185949052,SSRF-rob,0.7318077807905022,0.6214057331801109,0.05217038319066201,0.94,4.911048885427184,3.3086900467525964,0.96326016777778,0.3356500790632552,0.17334072999983619,0.8319381935476305,0.8304850887026116,191.64,3.4625174962557486,0.3337119645081896,0.4691200524288251,20,6
extended,dgp2,1200,20,25,5,2,0.13011530185949052,RidgeRF,0.7488890331287664,0.6243618902550601,0.058301139800662496,0.946,5.095921455361761,3.4083960800504935,1.729342095290887,0.08405679461920439,0.10478832399985549,0.8319381935476305,0.8304850887026116,191.64,3.4625174962557486,0.3337119645081896,0.4691200524288251,20,6
extended,dgp2,1200,20,25,5,2,0.13011530185949052,LassoRF,0.7145437467985138,0.6109758480826664,0.04206623026892228,0.942,5.030167383904124,3.275582620193051,-1.534177307493219,0.12530265760367815,0.08497531000011804,0.8319381935476305,0.8304850887026116,191.64,3.4625174962557486,0.3337119645081896,0.4691200524288251,20,6
extended,dgp2,1200,20,25,5,2,0.13011530185949052,GBM,0.7178590833534549,0.6126757377681311,0.04746613302902067,0.94,5.0276217108529275,3.29505556349366,-1.1816446702731644,0.23762792640049063,0.2677709760000653,0.8319381935476305,0.8304850887026116,191.64,3.4625174962557486,0.3337119645081896,0.4691200524288251,20,6
extended,dgp2,1200,20,25,5,2,0.13011530185949052,RF-tuned,0.7228671055137778,0.6125562524387232,0.030871227410455837,0.936,5.091824485182063,3.2408515127900466,-0.9143134274168739,0.36077279702935866,3.47677863699937,0.8319381935476305,0.8304850887026116,191.64,3.4625174962557486,0.3337119645081896,0.4691200524288251,20,6
extended,dgp2,1200,20,25,5,2,0.13011530185949052,SSRF-tuned,0.7226506883429934,0.6114406680721349,0.03676954660377146,0.938,5.102894034919058,3.2659764371585234,-1.0260165352198691,0.30513215652129994,3.5951270129990007,0.8319381935476305,0.8304850887026116,191.64,3.4625174962557486,0.3337119645081896,0.4691200524288251,20,6
extended,dgp2,1200,20,25,5,2,0.13011530185949052,LLF,0.7230505955926554,0.6116551934601675,0.03244191203130299,0.932,5.068004236159864,3.2842921105215046,-0.9598616947323783,0.33735707682154625,2.5421856479997587,0.8319381935476305,0.8304850887026116,191.64,3.4625174962557486,0.3337119645081896,0.4691200524288251,20,6
extended,dgp2,1200,20,25,5,2,0.13011530185949052,BART,0.7092646790970979,0.6085726243174474,0.03914610864686304,0.938,5.058333003084425,3.3052937455805775,-1.9807842061066154,0.047889405166730833,7.723902887999429,0.8319381935476305,0.8304850887026116,191.64,3.4625174962557486,0.3337119645081896,0.4691200524288251,20,6
extended,dgp2,1200,20,25,5,2,0.13011530185949052,NGBoost,0.7416367369465261,0.6204042985531333,0.045635340402959086,0.94,5.101014292458749,3.4037610746373246,1.1565241182638777,0.2477433232493215,1.5934419019995403,0.8319381935476305,0.8304850887026116,191.64,3.4625174962557486,0.3337119645081896,0.4691200524288251,20,6
extended,dgp2,1200,20,25,5,3,0.12656478059308615,RF,0.7449974519386134,0.6307150268317873,0.045118178439407644,0.938,4.936865424090956,3.397380288841965,0.832918720280683,0.405089650347699,0.16273108800032787,0.7763890565167777,0.7737250436179214,192.56,3.4167412819373806,0.46197515339125095,0.45669039855813537,40,10
extended,dgp2,1200,20,25,5,3,0.12656478059308615,SSRF,0.741383563290105,0.6273016783476245,0.03823861414476451,0.94,4.914017049893639,3.326761361152087,-0.5461786934198564,0.5850650602264026,0.16273108800032787,0.7763890565167777,0.7737250436179214,192.56,3.4167412819373806,0.46197515339125095,0.45669039855813537,40,10
extended,dgp2,1200,20,25,5,3,0.12656478059308615,SSRF-JS,0.7417377943171855,0.6276897053395735,0.03890120884440497,0.94,4.920298591802738,3.3187425477339465,,,0.16273108800032787,0.7763890565167777,0.7737250436179214,192.56,3.4167412819373806,0.46197515339125095,0.45669039855813537,40,10
extended,dgp2,1200,20,25,5,3,0.12656478059308615,RF-H,0.7465966531532258,0.6334566088792103,0.05330204418555902,0.946,4.746174279104523,3.3567902007228585,0.4469141876876473,0.6550338892872002,0.0596303229995101,0.7763890565167777,0.7737250436179214,192.56,3.4167412819373806,0.46197515339125095,0.45669039855813537,40,10
extended,dgp2,1200,20,25,5,3,0.12656478059308615,SSRF-H,0.7862828405858012,0.6539610551874458,0.07726176344655297,0.942,4.866821522544445,3.4459733476317,3.589769842681269,0.0003470564999094133,0.0596303229995101,0.7763890565167777,0.7737250436179214,192.56,3.4167412819373806,0.46197515339125095,0.45669039855813537,40,10
extended,dgp2,1200,20,25,5,3,0.12656478059308615,SSRF-JS-H,0.7849284832927811,0.6538202999967193,0.07752524129435932,0.944,4.853995890568349,3.455401796491913,3.45166790243937,0.0005804634540954623,0.0596303229995101,0.7763890565167777,0.7737250436179214,192.56,3.4167412819373806,0.46197515339125095,0.45669039855813537,40,10
extended,dgp2,1200,20,25,5,3,0.12656478059308615,SSRF-rob,0.7432300470327644,0.6293462519186576,0.04239338056550707,0.94,4.9285688924497775,3.4055010261024217,0.5364811312409437,0.591745514325861,0.2434833660008735,0.7763890565167777,0.7737250436179214,192.56,3.4167412819373806,0.46197515339125095,0.45669039855813537,40,10
extended,dgp2,1200,20,25,5,3,0.12656478059308615,RidgeRF,0.7513697106069921,0.6324967599654915,0.051325689103323614,0.95,4.754905142971929,3.520135234569483,0.6830980319848288,0.4947032821677467,0.11181120299988834,0.7763890565167777,0.7737250436179214,192.56,3.4167412819373806,0.46197515339125095,0.45669039855813537,40,10
extended,dgp2,1200,20,25,5,3,0.12656478059308615,LassoRF,0.742254736791583,0.628895878480273,0.039072598328428035,0.942,4.741264215775374,3.456510140940367,0.051709014137752,0.9587708918661649,0.0837141909996717,0.7763890565167777,0.7737250436179214,192.56,3.4167412819373806,0.46197515339125095,0.45669039855813537,40,10
extended,dgp2,1200,20,25,5,3,0.12656478059308615,GBM,0.7884395424584918,0.635878975139467,0.08647212499520862,0.944,5.085916462391564,3.540514488395032,1.6156751587572926,0.10648030478379836,0.14465456799916865,0.7763890565167777,0.7737250436179214,192.56,3.4167412819373806,0.46197515339125095,0.45669039855813537,40,10
extended,dgp2,1200,20,25,5,3,0.12656478059308615,RF-tuned,0.7107960452853863,0.611481494294733,0.01730727969173425,0.944,4.736634949534067,3.3141136917779486,-3.7325832335279014,0.00020022122010399893,3.5544980089998717,0.7763890565167777,0.7737250436179214,192.56,3.4167412819373806,0.46197515339125095,0.45669039855813537,40,10
extended,dgp2,1200,20,25,5,3,0.12656478059308615,SSRF-tuned,0.7113773240666301,0.6118825762516922,0.020992518090466938,0.942,4.716143569440186,3.3145729741535916,-3.730234199125638,0.0002020711775038075,3.696038886999304,0.7763890565167777,0.7737250436179214,192.56,3.4167412819373806,0.46197515339125095,0.45669039855813537,40,10
extended,dgp2,1200,20,25,5,3,0.12656478059308615,LLF,0.723090719282002,0.6178890461192055,0.024199025723892542,0.94,4.732380106488759,3.3656842375492286,-2.432064006292693,0.015187862398510455,2.800866509000116,0.7763890565167777,0.7737250436179214,192.56,3.4167412819373806,0.46197515339125095,0.45669039855813537,40,10
extended,dgp2,1200,20,25,5,3,0.12656478059308615,BART,0.847952767043777,0.6684132230565148,0.1855319378647616,0.946,5.007774087415184,3.7060738105834825,3.2455690475856365,0.0012111008737804951,8.154062294000141,0.7763890565167777,0.7737250436179214,192.56,3.4167412819373806,0.46197515339125095,0.45669039855813537,40,10
extended,dgp2,1200,20,25,5,3,0.12656478059308615,NGBoost,0.7518906724370783,0.6358670067639312,0.05580631203067778,0.948,4.874397480638389,3.4828381769290524,0.7209212680541522,0.4711266222332396,1.6321173110000018,0.7763890565167777,0.7737250436179214,192.56,3.4167412819373806,0.46197515339125095,0.45669039855813537,40,10
extended,dgp2,1200,20,25,5,4,0.16400943286830288,RF,0.6691896007272857,0.6089858847403953,0.035606264960089756,0.942,4.747452479015331,3.3508027455177447,1.184489700544395,0.2365009953991234,0.14004797200050234,0.856690282021801,0.8556900773833117,191.84,3.470025887543261,0.24315662597341642,0.4119129457836208,20,10
extended,dgp2,1200,20,25,5,4,0.16400943286830288,SSRF,0.6658842436792329,0.6079818439878427,0.030822638068420168,0.942,4.732575331248345,3.2964971126768368,-1.247012461238889,0.21268520501388385,0.14004797200050234,0.856690282021801,0.8556900773833117,191.84,3.470025887543261,0.24315662597341642,0.4119129457836208,20,10
extended,dgp2,1200,20,25,5,4,0.16400943286830288,SSRF-JS,0.6663678850052007,0.6084381850507884,0.031236091899407376,0.942,4.73315393432983,3.29904703780678,,,0.14004797200050234,0.856690282021801,0.8556900773833117,191.84,3.470025887543261,0.24315662597341642,0.4119129457836208,20,10
extended,dgp2,1200,20,25,5,4,0.16400943286830288,RF-H,0.6697964954265285,0.6122962864059648,0.03490086999085966,0.948,4.578374367677495,3.4461647867090544,0.3925478878797163,0.6947371739375443,0.05357329700018454,0.856690282021801,0.8556900773833117,191.84,3.470025887543261,0.24315662597341642,0.4119129457836208,20,10
extended,dgp2,1200,20,25,5,4,0.16400943286830288,SSRF-H,0.7222017622629994,0.6416945875028958,0.07899828275161509,0.954,4.616241531766313,3.575905510887902,4.455313226299638,9.322912331209765e-06,0.05357329700018454,0.856690282021801,0.8556900773833117,191.84,3.470025887543261,0.24315662597341642,0.4119129457836208,20,10
extended,dgp2,1200,20,25,5,4,0.16400943286830288,SSRF-JS-H,0.7221588111839217,0.6417262456845513,0.07997450013624044,0.954,4.617512796475003,3.5432678995141464,4.4287547517593735,1.0522705239835846e-05,0.05357329700018454,0.856690282021801,0.8556900773833117,191.84,3.470025887543261,0.24315662597341642,0.4119129457836208,20,10
extended,dgp2,1200,20,25,5,4,0.16400943286830288,SSRF-rob,0.6670242813714906,0.6083495648482228,0.032632676405185426,0.942,4.739211654475879,3.320905423760592,0.6146168578109948,0.5389477333696306,0.18958944299993163,0.856690282021801,0.8556900773833117,191.84,3.470025887543261,0.24315662597341642,0.4119129457836208,20,10
extended,dgp2,1200,20,25,5,4,0.16400943286830288,RidgeRF,0.6869349309817683,0.6262454317669184,0.04495670229318486,0.942,4.7423171523972,3.4380738009946046,2.175196001908198,0.029849356107410192,0.1291871869998431,0.856690282021801,0.8556900773833117,191.84,3.470025887543261,0.24315662597341642,0.4119129457836208,20,10
extended,dgp2,1200,20,25,5,4,0.16400943286830288,LassoRF,0.6642913806517295,0.6076921820747236,0.028393046692920008,0.944,4.651896034636021,3.4375127177161953,-0.22476471481695012,0.8222082814786866,0.06593638000049395,0.856690282021801,0.8556900773833117,191.84,3.470025887543261,0.24315662597341642,0.4119129457836208,20,10
extended,dgp2,1200,20,25,5,4,0.16400943286830288,GBM,0.656569953195489,0.6043386880621201,0.025575646454738005,0.946,4.5410835960714175,3.4416864287003937,-1.162776548041167,0.24519785603762242,0.15778846200009866,0.856690282021801,0.8556900773833117,191.84,3.470025887543261,0.24315662597341642,0.4119129457836208,20,10
extended,dgp2,1200,20,25,5,4,0.16400943286830288,RF-tuned,0.6573262084877254,0.6022458519068449,0.022357015949889238,0.936,4.690763280756723,3.2910067454171283,-1.2333110602360347,0.21774984108494203,3.43965118000051,0.856690282021801,0.8556900773833117,191.84,3.470025887543261,0.24315662597341642,0.4119129457836208,20,10
extended,dgp2,1200,20,25,5,4,0.16400943286830288,SSRF-tuned,0.6543514655658671,0.5998774995969921,0.02333988128184467,0.938,4.701718631990225,3.288912118259838,-1.8822647290053176,0.060090545714801734,3.5981888390006134,0.856690282021801,0.8556900773833117,191.84,3.470025887543261,0.24315662597341642,0.4119129457836208,20,10
extended,dgp2,1200,20,25,5,4,0.16400943286830288,LLF,0.6574848741616943,0.6052474039705595,0.022505290441413302,0.942,4.651972829274422,3.3509520021770505,-1.424772173438778,0.15453538461507488,2.5651696029999584,0.856690282021801,0.8556900773833117,191.84,3.470025887543261,0.24315662597341642,0.4119129457836208,20,10
extended,dgp2,1200,20,25,5,4,0.16400943286830288,BART,0.6546070107779786,0.6024254775273999,0.022828186985353292,0.936,4.605800305350016,3.331755866754572,-1.2283724422484532,0.21959649416741922,7.984972244999881,0.856690282021801,0.8556900773833117,191.84,3.470025887543261,0.24315662597341642,0.4119129457836208,20,10
extended,dgp2,1200,20,25,5,4,0.16400943286830288,NGBoost,0.6552073487333416,0.6052450783481502,0.023800459439701358,0.944,4.598903690466598,3.341284063575017,-1.3760976360479362,0.1690997982737196,1.3779212720000942,0.856690282021801,0.8556900773833117,191.84,3.470025887543261,0.24315662597341642,0.4119129457836208,20,10
extended,dgp2,1200,20,25,5,5,0.11232850713454688,RF,0.9737623374663972,0.6466657367612306,0.06038768127352925,0.934,5.696282752916714,3.5027819609303115,2.9100692368346155,0.0036936578779816795,0.14739239099981205,0.8049813384707823,0.8030582410419846,191.8,3.434064841291126,0.4118867016385218,0.48236646836542024,20,6
extended,dgp2,1200,20,25,5,5,0.11232850713454688,SSRF,0.9629872915554801,0.6426423586817237,0.05615048044243127,0.936,5.659361649918001,3.4805136144130766,-1.9318390303909667,0.053661914877045025,0.14739239099981205,0.8049813384707823,0.8030582410419846,191.8,3.434064841291126,0.4118867016385218,0.48236646836542024,20,6
extended,dgp2,1200,20,25,5,5,0.11232850713454688,SSRF-JS,0.9643149665202091,0.6434388500185932,0.056691039900425164,0.936,5.66975682400909,3.4672500945306264,,,0.14739239099981205,0.8049813384707823,0.8030582410419846,191.8,3.434064841291126,0.4118867016385218,0.48236646836542024,20,6
extended,dgp2,1200,20,25,5,5,0.11232850713454688,RF-H,0.9651008866898113,0.643514221674219,0.06805949749579718,0.948,5.51407813504665,3.6475997955296076,0.07054779858921448,0.943771777003098,0.056507417999455356,0.8049813384707823,0.8030582410419846,191.8,3.434064841291126,0.4118867016385218,0.48236646836542024,20,6
extended,dgp2,1200,20,25,5,5,0.11232850713454688,SSRF-H,0.9856090888397281,0.6640371180648399,0.09975744044324478,0.942,5.587849750434063,3.6070666858181775,1.7409197779595198,0.0820055054756099,0.056507417999455356,0.8049813384707823,0.8030582410419846,191.8,3.434064841291126,0.4118867016385218,0.48236646836542024,20,6
extended,dgp2,1200,20,25,5,5,0.11232850713454688,SSRF-JS-H,0.9859064471376484,0.6637025178052918,0.09991270019515368,0.942,5.5837595193809255,3.633094242273366,1.7577458032324806,0.07909700891897536,0.056507417999455356,0.8049813384707823,0.8030582410419846,191.8,3.434064841291126,0.4118867016385218,0.48236646836542024,20,6
extended,dgp2,1200,20,25,5,5,0.11232850713454688,SSRF-rob,0.9691989108157074,0.6450841615220204,0.05816945764165726,0.934,5.691032667440639,3.463062575473562,2.4379389329510675,0.014944730890768155,0.17244799099989905,0.8049813384707823,0.8030582410419846,191.8,3.434064841291126,0.4118867016385218,0.48236646836542024,20,6
extended,dgp2,1200,20,25,5,5,0.11232850713454688,RidgeRF,0.9785571956412445,0.6575177220521071,0.07509807613071283,0.934,5.57548746950856,3.49717396855907,1.0378766056030404,0.2995786466217769,0.09828407999975752,0.8049813384707823,0.8030582410419846,191.8,3.434064841291126,0.4118867016385218,0.48236646836542024,20,6
extended,dgp2,1200,20,25,5,5,0.11232850713454688,LassoRF,0.9674872072893996,0.6428292215428537,0.05188182105319102,0.942,5.692626287900165,3.471678682066115,0.2401451856474665,0.8102669731475243,0.08003005899990967,0.8049813384707823,0.8030582410419846,191.8,3.434064841291126,0.4118867016385218,0.48236646836542024,20,6
extended,dgp2,1200,20,25,5,5,0.11232850713454688,GBM,0.9404158863046678,0.6362134920821508,0.05958342155111526,0.936,5.627016269321684,3.486761558191204,-1.4146195240437986,0.15749167961214192,0.26214960200013593,0.8049813384707823,0.8030582410419846,191.8,3.434064841291126,0.4118867016385218,0.48236646836542024,20,6
extended,dgp2,1200,20,25,5,5,0.11232850713454688,RF-tuned,0.9457810880405982,0.633985555416591,0.037481619129859,0.938,5.616607380851941,3.458247995189162,-2.046566432106512,0.04096196557277054,3.565573017999668,0.8049813384707823,0.8030582410419846,191.8,3.434064841291126,0.4118867016385218,0.48236646836542024,20,6
extended,dgp2,1200,20,25,5,5,0.11232850713454688,SSRF-tuned,0.9524683236094729,0.6354372314476725,0.04568075651856775,0.938,5.576515906357976,3.515690766163054,-1.4498100332954094,0.1474253572787034,3.686344681999799,0.8049813384707823,0.8030582410419846,191.8,3.434064841291126,0.4118867016385218,0.48236646836542024,20,6
extended,dgp2,1200,20,25,5,5,0.11232850713454688,LLF,0.9362790514269905,0.630309532508669,0.04007419293359409,0.942,5.534915401688663,3.5866357548033605,-3.36932837625039,0.0007823216973106444,2.6303817259995412,0.8049813384707823,0.8030582410419846,191.8,3.434064841291126,0.4118867016385218,0.48236646836542024,20,6
extended,dgp2,1200,20,25,5,5,0.11232850713454688,BART,0.935340597867838,0.6196562959064902,0.02199688283527623,0.934,5.605037297963364,3.287534167440452,-1.7828358971095057,0.07491659978084933,7.6327615909995075,0.8049813384707823,0.8030582410419846,191.8,3.434064841291126,0.4118867016385218,0.48236646836542024,20,6
extended,dgp2,1200,20,25,5,5,0.11232850713454688,NGBoost,0.9454750487324891,0.6410862222815913,0.05884662835047315,0.942,5.612177558480488,3.56433259148654,-1.1146978242612642,0.2652480247355644,1.4786516730000585,0.8049813384707823,0.8030582410419846,191.8,3.434064841291126,0.4118867016385218,0.48236646836542024,20,6
extended,dgp2,1200,20,25,5,6,0.10855635298437898,RF,0.6856252993409351,0.5977865265247368,0.05484983104926073,0.958,4.3263247360262795,3.342304356497502,3.460403959552994,0.0005621691185812721,0.17129044299963425,0.8009901302359065,0.798824511490747,191.16,3.478193979608993,0.4602639099777766,0.5124804688430977,20,6
extended,dgp2,1200,20,25,5,6,0.10855635298437898,SSRF,0.6747342418844872,0.5914230492107136,0.046723611014611734,0.956,4.285344961567625,3.282754100909036,0.16973587232809031,0.8652522260057688,0.17129044299963425,0.8009901302359065,0.798824511490747,191.16,3.478193979608993,0.4602639099777766,0.5124804688430977,20,6
extended,dgp2,1200,20,25,5,6,0.10855635298437898,SSRF-JS,0.6746536083629985,0.5915460147438342,0.04695279798783362,0.956,4.28804746149875,3.2858498292575544,,,0.17129044299963425,0.8009901302359065,0.798824511490747,191.16,3.478193979608993,0.4602639099777766,0.5124804688430977,20,6
extended,dgp2,1200,20,25,5,6,0.10855635298437898,RF-H,0.6769393613378688,0.5928454570661442,0.0522719698118369,0.956,4.370235165018554,3.3529564973681047,0.24298480428397704,0.808067049477528,0.07559126400064997,0.8009901302359065,0.798824511490747,191.16,3.478193979608993,0.4602639099777766,0.5124804688430977,20,6
extended,dgp2,1200,20,25,5,6,0.10855635298437898,SSRF-H,0.6972429797982481,0.6099926234806883,0.0805316724912935,0.968,4.360122296850617,3.4271382779398536,2.0412219616457703,0.04149112872188206,0.07559126400064997,0.8009901302359065,0.798824511490747,191.16,3.478193979608993,0.4602639099777766,0.5124804688430977,20,6
extended,dgp2,1200,20,25,5,6,0.10855635298437898,SSRF-JS-H,0.6967221597007598,0.609416375768182,0.08048019214152988,0.97,4.358637411745176,3.428184851098311,1.993553790182861,0.04647240281889834,0.07559126400064997,0.8009901302359065,0.798824511490747,191.16,3.478193979608993,0.4602639099777766,0.5124804688430977,20,6
extended,dgp2,1200,20,25,5,6,0.10855635298437898,SSRF-rob,0.6807478902780747,0.5948496432090163,0.05108233731891994,0.958,4.3113261240065475,3.34005100666275,3.0713886971874866,0.0021883092901680084,0.1725413270005447,0.8009901302359065,0.798824511490747,191.16,3.478193979608993,0.4602639099777766,0.5124804688430977,20,6
extended,dgp2,1200,20,25,5,6,0.10855635298437898,RidgeRF,0.6826923059965678,0.6029039696975879,0.06752813435702984,0.972,4.247560897740321,3.5419337418731587,0.5513936357747705,0.5814871657390918,0.15705060599975695,0.8009901302359065,0.798824511490747,191.16,3.478193979608993,0.4602639099777766,0.5124804688430977,20,6
extended,dgp2,1200,20,25,5,6,0.10855635298437898,LassoRF,0.6607634852591832,0.583165811291607,0.04737186796652822,0.956,4.3748847632703,3.407959788670546,-1.1984301976945777,0.2310338024842578,0.07726171299964335,0.8009901302359065,0.798824511490747,191.16,3.478193979608993,0.4602639099777766,0.5124804688430977,20,6
extended,dgp2,1200,20,25,5,6,0.10855635298437898,GBM,0.6658340031004718,0.58405252054886,0.04873556871215045,0.968,4.320123064331443,3.5421714540961764,-0.7141299935587014,0.47531361715318465,0.25296300500031066,0.8009901302359065,0.798824511490747,191.16,3.478193979608993,0.4602639099777766,0.5124804688430977,20,6
extended,dgp2,1200,20,25,5,6,0.10855635298437898,RF-tuned,0.652359611002864,0.5755670811774494,0.030145824985898705,0.958,4.376902699574427,3.4387435841023,-2.5418572601411817,0.011176637720558593,3.380842677000146,0.8009901302359065,0.798824511490747,191.16,3.478193979608993,0.4602639099777766,0.5124804688430977,20,6
extended,dgp2,1200,20,25,5,6,0.10855635298437898,SSRF-tuned,0.6567862070985995,0.5823411053037016,0.032910928844269195,0.962,4.331751139181395,3.4315240516357406,-2.6865238498452597,0.0073398161709369285,3.496656855000765,0.8009901302359065,0.798824511490747,191.16,3.478193979608993,0.4602639099777766,0.5124804688430977,20,6
extended,dgp2,1200,20,25,5,6,0.10855635298437898,LLF,0.6542289041794173,0.58224611054565,0.03248999841760279,0.956,4.336139089960733,3.345436624935035,-2.718977561808832,0.006661904191883657,2.5932803810001133,0.8009901302359065,0.798824511490747,191.16,3.478193979608993,0.4602639099777766,0.5124804688430977,20,6
extended,dgp2,1200,20,25,5,6,0.10855635298437898,BART,0.6759641711123429,0.5892936820476573,0.055850791871312616,0.96,4.353120476694128,3.3724734727354573,0.10276088506891877,0.918173373281811,6.912434321000546,0.8009901302359065,0.798824511490747,191.16,3.478193979608993,0.4602639099777766,0.5124804688430977,20,6
extended,dgp2,1200,20,25,5,6,0.10855635298437898,NGBoost,0.666035745348804,0.5941212090655292,0.05028774680387505,0.968,4.2306281101540755,3.5579105975642524,-0.7349231738599433,0.4625587643938633,1.2738964079999278,0.8009901302359065,0.798824511490747,191.16,3.478193979608993,0.4602639099777766,0.5124804688430977,20,6
extended,dgp2,1200,20,25,5,7,0.14109759576384728,RF,0.7801450953294873,0.6201632603113444,0.04456010977675818,0.97,4.718883620983317,3.8949939492459458,0.5486905176839775,0.5833404558486679,0.14086406000024,0.8332606614749761,0.8319624435075471,191.28,3.44581152517247,0.3196885510216886,0.45406599474327064,80,10
extended,dgp2,1200,20,25,5,7,0.14109759576384728,SSRF,0.7780337210354137,0.6199926106302753,0.03904322533927781,0.968,4.6761195998532585,3.8309191164670366,-1.135890501194079,0.2562748172174747,0.14086406000024,0.8332606614749761,0.8319624435075471,191.28,3.44581152517247,0.3196885510216886,0.45406599474327064,80,10
extended,dgp2,1200,20,25,5,7,0.14109759576384728,SSRF-JS,0.7785621739744644,0.6202665519382452,0.039610671379990074,0.968,4.673882475610172,3.825442134289319,,,0.14086406000024,0.8332606614749761,0.8319624435075471,191.28,3.44581152517247,0.3196885510216886,0.45406599474327064,80,10
extended,dgp2,1200,20,25,5,7,0.14109759576384728,RF-H,0.78587800580088,0.6222674958517851,0.045837622229896784,0.968,4.567487708028395,3.6748938091966745,0.684815797276019,0.4936190146432501,0.054569948000789736,0.8332606614749761,0.8319624435075471,191.28,3.44581152517247,0.3196885510216886,0.45406599474327064,80,10
extended,dgp2,1200,20,25,5,7,0.14109759576384728,SSRF-H,0.8374587561625865,0.6561318285930121,0.08381557159585902,0.974,4.73085894960953,3.922492168940159,4.448892001060413,9.600382628831005e-06,0.054569948000789736,0.8332606614749761,0.8319624435075471,191.28,3.44581152517247,0.3196885510216886,0.45406599474327064,80,10
extended,dgp2,1200,20,25,5,7,0.14109759576384728,SSRF-JS-H,0.8362266215469047,0.6549588846321738,0.0829200845054838,0.974,4.721850286801376,3.9108177617799362,4.371562670951593,1.3627234994707079e-05,0.054569948000789736,0.8332606614749761,0.8319624435075471,191.28,3.44581152517247,0.3196885510216886,0.45406599474327064,80,10
extended,dgp2,1200,20,25,5,7,0.14109759576384728,SSRF-rob,0.7787464142823589,0.6195773151490483,0.04143263147915012,0.97,4.69527049812362,3.8642957946296903,0.12557965138680957,0.9000899380401244,0.17213074899973435,0.8332606614749761,0.8319624435075471,191.28,3.44581152517247,0.3196885510216886,0.45406599474327064,80,10
extended,dgp2,1200,20,25,5,7,0.14109759576384728,RidgeRF,0.7907200109230421,0.6202894743510222,0.051236692719633534,0.972,4.788525293889468,3.8911900140131688,0.9627606940938245,0.335900606868827,0.09939582100014377,0.8332606614749761,0.8319624435075471,191.28,3.44581152517247,0.3196885510216886,0.45406599474327064,80,10
extended,dgp2,1200,20,25,5,7,0.14109759576384728,LassoRF,0.7571518226996868,0.6024746157447111,0.033162069465135745,0.968,4.6908635139961605,3.8495591291083575,-2.0330161062562895,0.04231487988388871,0.07488337999984651,0.8332606614749761,0.8319624435075471,191.28,3.44581152517247,0.3196885510216886,0.45406599474327064,80,10
extended,dgp2,1200,20,25,5,7,0.14109759576384728,GBM,0.7658235356402283,0.6080053473090348,0.04800096628515011,0.974,4.716317174948154,3.8633351688119357,-1.162408460792643,0.24534719945481107,0.281438686999536,0.8332606614749761,0.8319624435075471,191.28,3.44581152517247,0.3196885510216886,0.45406599474327064,80,10
extended,dgp2,1200,20,25,5,7,0.14109759576384728,RF-tuned,0.7427616549176826,0.597069152360498,0.017369010908461175,0.97,4.629078878134604,3.7882861258193543,-3.644840529390907,0.00028134037838563455,3.337843232000523,0.8332606614749761,0.8319624435075471,191.28,3.44581152517247,0.3196885510216886,0.45406599474327064,80,10
extended,dgp2,1200,20,25,5,7,0.14109759576384728,SSRF-tuned,0.7527047858297514,0.6027268271387922,0.02137485194920014,0.97,4.632364351093033,3.784915008157618,-3.1605411547458226,0.001622146633086666,3.4507537839999713,0.8332606614749761,0.8319624435075471,191.28,3.44581152517247,0.3196885510216886,0.45406599474327064,80,10
extended,dgp2,1200,20,25,5,7,0.14109759576384728,LLF,0.7589172069814337,0.6040132695350978,0.02969042105080931,0.97,4.671261776797061,3.8383978428746492,-2.4425249260465094,0.014757334576304999,2.749256967999827,0.8332606614749761,0.8319624435075471,191.28,3.44581152517247,0.3196885510216886,0.45406599474327064,80,10
extended,dgp2,1200,20,25,5,7,0.14109759576384728,BART,0.7474325083463911,0.5971178752462625,0.021851531940172322,0.97,4.622938244850328,3.7479258397295347,-2.787928641863536,0.005405287356752028,7.8781434519996765,0.8332606614749761,0.8319624435075471,191.28,3.44581152517247,0.3196885510216886,0.45406599474327064,80,10
extended,dgp2,1200,20,25,5,7,0.14109759576384728,NGBoost,0.7545509097662447,0.6046884799589788,0.0296934134922711,0.97,4.612344461923237,3.655765344311705,-2.6838692942988676,0.007397918421415552,1.1693931509998947,0.8332606614749761,0.8319624435075471,191.28,3.44581152517247,0.3196885510216886,0.45406599474327064,80,10
extended,dgp3,1200,20,25,5,0,0.18638606953982903,RF,1.0235730681350135,0.6630413920895626,0.0671682663505329,0.924,6.7248342084362305,3.525570529736022,-0.11842691604149387,0.9057532073923594,0.16830477399980737,0.7734072581511253,0.7708335751175018,191.0,3.4500843811857,0.5834262631026018,0.5596874542263925,20,6
extended,dgp3,1200,20,25,5,0,0.18638606953982903,SSRF,1.0223745830745097,0.6602324338948047,0.06591580505710622,0.938,6.642981385897947,3.6433560329677186,-2.5386045259409418,0.01128038745534538,0.16830477399980737,0.7734072581511253,0.7708335751175018,191.0,3.4500843811857,0.5834262631026018,0.5596874542263925,20,6
extended,dgp3,1200,20,25,5,0,0.18638606953982903,SSRF-JS,1.0243350915217226,0.661633923193552,0.06743122664759899,0.938,6.647564206864301,3.6248377651084875,,,0.16830477399980737,0.7734072581511253,0.7708335751175018,191.0,3.4500843811857,0.5834262631026018,0.5596874542263925,20,6
extended,dgp3,1200,20,25,5,0,0.18638606953982903,RF-H,1.0104252513124947,0.6586494165261763,0.06225318051617587,0.942,6.518335205727097,3.7774836343090845,-0.9342163691503338,0.35041804124330217,0.05816892900020321,0.7734072581511253,0.7708335751175018,191.0,3.4500843811857,0.5834262631026018,0.5596874542263925,20,6
extended,dgp3,1200,20,25,5,0,0.18638606953982903,SSRF-H,1.104979962185391,0.7067299943212911,0.1518660263680119,0.932,6.6280904193016115,3.8654001777953297,4.227204779717593,2.5829010633628468e-05,0.05816892900020321,0.7734072581511253,0.7708335751175018,191.0,3.4500843811857,0.5834262631026018,0.5596874542263925,20,6
extended,dgp3,1200,20,25,5,0,0.18638606953982903,SSRF-JS-H,1.106421698550864,0.7073963393911517,0.15285869192744014,0.932,6.63565763240869,3.863480091608795,4.274161038249497,2.1022084376222947e-05,0.05816892900020321,0.7734072581511253,0.7708335751175018,191.0,3.4500843811857,0.5834262631026018,0.5596874542263925,20,6
extended,dgp3,1200,20,25,5,0,0.18638606953982903,SSRF-rob,1.0220859353940863,0.6614208800890131,0.06561881044655958,0.928,6.703043313943733,3.545053848929285,-0.45904878599433924,0.6462989937008032,0.19179090799934784,0.7734072581511253,0.7708335751175018,191.0,3.4500843811857,0.5834262631026018,0.5596874542263925,20,6
extended,dgp3,1200,20,25,5,0,0.18638606953982903,RidgeRF,0.9893843120375079,0.6514742641256762,0.05356483403825294,0.936,6.5532714779511965,3.656170233760792,-1.936720099495124,0.05306128000223881,0.10332663000008324,0.7734072581511253,0.7708335751175018,191.0,3.4500843811857,0.5834262631026018,0.5596874542263925,20,6
extended,dgp3,1200,20,25,5,0,0.18638606953982903,LassoRF,1.031516271975393,0.676646580886406,0.07996826664229766,0.94,6.682637986953008,3.739518141229387,0.2839880497251784,0.7764783863273329,0.05993065100028616,0.7734072581511253,0.7708335751175018,191.0,3.4500843811857,0.5834262631026018,0.5596874542263925,20,6
extended,dgp3,1200,20,25,5,0,0.18638606953982903,GBM,1.041322490697173,0.6688664390272406,0.09791247870787403,0.944,6.661685978936219,3.914236583216132,1.0043813808802027,0.3154380317874818,0.1320073320002848,0.7734072581511253,0.7708335751175018,191.0,3.4500843811857,0.5834262631026018,0.5596874542263925,20,6
extended,dgp3,1200,20,25,5,0,0.18638606953982903,RF-tuned,0.9830330056766404,0.6395186989357159,0.042734163202556616,0.94,6.5501358678856825,3.658035421479321,-3.34780720920686,0.0008449330154669717,3.9056811280006514,0.7734072581511253,0.7708335751175018,191.0,3.4500843811857,0.5834262631026018,0.5596874542263925,20,6
extended,dgp3,1200,20,25,5,0,0.18638606953982903,SSRF-tuned,0.9957263105988677,0.6475437989763431,0.052262168159648015,0.934,6.550927321079362,3.615239692927872,-2.715133918042123,0.006739137658443837,4.035202986000513,0.7734072581511253,0.7708335751175018,191.0,3.4500843811857,0.5834262631026018,0.5596874542263925,20,6
extended,dgp3,1200,20,25,5,0,0.18638606953982903,LLF,0.9969353293892975,0.6469889590514906,0.04179994200944524,0.932,6.617041963320088,3.5610543600863824,-2.257369619816586,0.024200253719625916,2.744003034999878,0.7734072581511253,0.7708335751175018,191.0,3.4500843811857,0.5834262631026018,0.5596874542263925,20,6
extended,dgp3,1200,20,25,5,0,0.18638606953982903,BART,1.099115713653207,0.694005611796299,0.17142659059267637,0.95,6.77195342267889,4.126300602164536,1.7595631318419664,0.07878796229550004,6.977083963999576,0.7734072581511253,0.7708335751175018,191.0,3.4500843811857,0.5834262631026018,0.5596874542263925,20,6
extended,dgp3,1200,20,25,5,0,0.18638606953982903,NGBoost,1.02113515651261,0.6602073991753026,0.06891453734005572,0.938,6.6745172681133305,3.7353998944583533,-0.15020877984240819,0.8806302202880053,1.0139198200004103,0.7734072581511253,0.7708335751175018,191.0,3.4500843811857,0.5834262631026018,0.5596874542263925,20,6
extended,dgp3,1200,20,25,5,1,0.20916827929744936,RF,1.0768220403213504,0.6291391483448511,0.053770337851436666,0.95,6.433593113395577,3.598838995696483,-0.3965267358938228,0.6918011728248964,0.15429893500004255,0.7956048823346685,0.7934055345281462,191.64,3.446617588755602,0.4988023157923021,0.5440127976392162,80,10
extended,dgp3,1200,20,25,5,1,0.20916827929744936,SSRF,1.0790544559800725,0.6291747493972889,0.05020015971823514,0.946,6.441697262308722,3.618509777459579,0.020685602804596113,0.9835005845383121,0.15429893500004255,0.7956048823346685,0.7934055345281462,191.64,3.446617588755602,0.4988023157923021,0.5440127976392162,80,10
extended,dgp3,1200,20,25,5,1,0.20916827929744936,SSRF-JS,1.0790399930551304,0.6292470297958376,0.05103395328552379,0.948,6.444327752228357,3.6097084381074303,,,0.15429893500004255,0.7956048823346685,0.7934055345281462,191.64,3.446617588755602,0.4988023157923021,0.5440127976392162,80,10
extended,dgp3,1200,20,25,5,1,0.20916827929744936,RF-H,1.0879344695099213,0.6349180730030698,0.05439521838449529,0.944,6.41283760110911,3.51332880800915,0.7219775640742369,0.47047722485257193,0.055768575000001874,0.7956048823346685,0.7934055345281462,191.64,3.446617588755602,0.4988023157923021,0.5440127976392162,80,10
extended,dgp3,1200,20,25,5,1,0.20916827929744936,SSRF-H,1.1593117269512054,0.6716545641267633,0.11655586126303612,0.928,6.625750135281147,3.587034335701316,5.0420019124098365,5.468251049631565e-07,0.055768575000001874,0.7956048823346685,0.7934055345281462,191.64,3.446617588755602,0.4988023157923021,0.5440127976392162,80,10
extended,dgp3,1200,20,25,5,1,0.20916827929744936,SSRF-JS-H,1.1571152216705336,0.671529105670249,0.11690084347740802,0.93,6.605437855851773,3.5854688821122607,4.92191157025762,1.0020419500057228e-06,0.055768575000001874,0.7956048823346685,0.7934055345281462,191.64,3.446617588755602,0.4988023157923021,0.5440127976392162,80,10
extended,dgp3,1200,20,25,5,1,0.20916827929744936,SSRF-rob,1.075998783599572,0.6282642298669532,0.05181057688449553,0.95,6.435107813082736,3.585370603727582,-0.7263088746841362,0.4678195731706189,0.17862230900027498,0.7956048823346685,0.7934055345281462,191.64,3.446617588755602,0.4988023157923021,0.5440127976392162,80,10
extended,dgp3,1200,20,25,5,1,0.20916827929744936,RidgeRF,1.1008589151647945,0.6359164026398362,0.060311681146834,0.952,6.559963481488212,3.689397938688763,1.6449544813888421,0.10029378837177265,0.10231555399968784,0.7956048823346685,0.7934055345281462,191.64,3.446617588755602,0.4988023157923021,0.5440127976392162,80,10
extended,dgp3,1200,20,25,5,1,0.20916827929744936,LassoRF,1.1017789421953252,0.6385226525482619,0.06066030652316039,0.936,6.62145978351165,3.3925704811080495,1.3414017488680279,0.18009490625991809,0.05963835799957451,0.7956048823346685,0.7934055345281462,191.64,3.446617588755602,0.4988023157923021,0.5440127976392162,80,10
extended,dgp3,1200,20,25,5,1,0.20916827929744936,GBM,1.100527366518339,0.6352455869106011,0.08108700144017401,0.948,6.634372699982566,3.659374766164469,1.3132883419264019,0.18938735903883794,0.14460411599975487,0.7956048823346685,0.7934055345281462,191.64,3.446617588755602,0.4988023157923021,0.5440127976392162,80,10
extended,dgp3,1200,20,25,5,1,0.20916827929744936,RF-tuned,1.0642873514463458,0.6181092073061314,0.028706418809279124,0.946,6.420449640609426,3.455527128830191,-1.3051651217733025,0.19213715562903422,3.580505183999776,0.7956048823346685,0.7934055345281462,191.64,3.446617588755602,0.4988023157923021,0.5440127976392162,80,10
extended,dgp3,1200,20,25,5,1,0.20916827929744936,SSRF-tuned,1.0676794243136831,0.6195133920816415,0.02896820771518455,0.948,6.441176333183931,3.4572030031813674,-1.1225392927294067,0.2619029231998528,3.692617392000102,0.7956048823346685,0.7934055345281462,191.64,3.446617588755602,0.4988023157923021,0.5440127976392162,80,10
extended,dgp3,1200,20,25,5,1,0.20916827929744936,LLF,1.0560671967564415,0.6133841419121174,0.029293037962979815,0.946,6.445695904056778,3.4824823346236196,-2.448289104646719,0.01452473814358257,2.590224503999707,0.7956048823346685,0.7934055345281462,191.64,3.446617588755602,0.4988023157923021,0.5440127976392162,80,10
extended,dgp3,1200,20,25,5,1,0.20916827929744936,BART,1.171705870605342,0.672220258721459,0.1509763258649586,0.944,6.667533830546627,3.741038570879816,3.6801221926296295,0.0002455821528043079,7.983691505000024,0.7956048823346685,0.7934055345281462,191.64,3.446617588755602,0.4988023157923021,0.5440127976392162,80,10
extended,dgp3,1200,20,25,5,1,0.20916827929744936,NGBoost,1.1051591191473016,0.6371052934332307,0.0745655345217704,0.948,6.632438769067083,3.5965283629566827,1.5817788694617456,0.11401658534211537,1.5609480130005977,0.7956048823346685,0.7934055345281462,191.64,3.446617588755602,0.4988023157923021,0.5440127976392162,80,10
extended,dgp3,1200,20,25,5,2,0.1139746456486372,RF,2.004965417304083,0.6670610618611768,0.10096934029818454,0.936,8.368053103607252,3.4428960553871244,1.6340836715864064,0.10255635056025288,0.1673300279999239,0.7180259145073326,0.7137652913263801,190.8,3.4706225118814946,1.025229703862904,0.7199892007056949,40,10
extended,dgp3,1200,20,25,5,2,0.1139746456486372,SSRF,1.9860132879719923,0.651334270855552,0.07479746700600906,0.936,8.39038868371437,3.2950878940957518,-0.46553902678530346,0.6416469655031384,0.1673300279999239,0.7180259145073326,0.7137652913263801,190.8,3.4706225118814946,1.025229703862904,0.7199892007056949,40,10
extended,dgp3,1200,20,25,5,2,0.1139746456486372,SSRF-JS,1.9867358185915136,0.6523854340559246,0.07764248996706166,0.934,8.382553835872043,3.3146092605513533,,,0.1673300279999239,0.7180259145073326,0.7137652913263801,190.8,3.4706225118814946,1.025229703862904,0.7199892007056949,40,10
extended,dgp3,1200,20,25,5,2,0.1139746456486372,RF-H,1.976708436388977,0.6427653573564613,0.06752570356107745,0.938,8.380651401463926,3.3726414705362973,-0.7200410932879101,0.4716681205571524,0.05708685899935517,0.7180259145073326,0.7137652913263801,190.8,3.4706225118814946,1.025229703862904,0.7199892007056949,40,10
extended,dgp3,1200,20,25,5,2,0.1139746456486372,SSRF-H,2.0642732982344687,0.6836023130311758,0.1487876244089558,0.932,8.626668197383221,3.5449329498986466,3.498355449627676,0.0004887640387830876,0.05708685899935517,0.7180259145073326,0.7137652913263801,190.8,3.4706225118814946,1.025229703862904,0.7199892007056949,40,10
extended,dgp3,1200,20,25,5,2,0.1139746456486372,SSRF-JS-H,2.06340595476337,0.6829398729624138,0.14802124301799285,0.932,8.627876010700056,3.540449196790469,3.4697952035361697,0.0005431034178242956,0.05708685899935517,0.7180259145073326,0.7137652913263801,190.8,3.4706225118814946,1.025229703862904,0.7199892007056949,40,10
extended,dgp3,1200,20,25,5,2,0.1139746456486372,SSRF-rob,1.9987770341922588,0.6628642988366904,0.09414088642696822,0.932,8.397988904010914,3.3004974410484063,1.3000080049113996,0.1938980856754492,0.1914053939999576,0.7180259145073326,0.7137652913263801,190.8,3.4706225118814946,1.025229703862904,0.7199892007056949,40,10
extended,dgp3,1200,20,25,5,2,0.1139746456486372,RidgeRF,2.0460062389672924,0.6759016454391296,0.10214609429155992,0.946,8.429847929524316,3.5430640764241454,2.4800241462121333,0.013301236987494722,0.16410252900004707,0.7180259145073326,0.7137652913263801,190.8,3.4706225118814946,1.025229703862904,0.7199892007056949,40,10
extended,dgp3,1200,20,25,5,2,0.1139746456486372,LassoRF,1.949186461448214,0.6466096207963865,0.056403448844490486,0.94,8.282714676370606,3.4654961813345975,-1.5307564163340244,0.12614618475431313,0.06132081800024025,0.7180259145073326,0.7137652913263801,190.8,3.4706225118814946,1.025229703862904,0.7199892007056949,40,10
extended,dgp3,1200,20,25,5,2,0.1139746456486372,GBM,2.015920543778737,0.6733927975274674,0.13124988263651838,0.952,8.287757555478416,3.6469708353095855,1.3189660209443193,0.18748272416442147,0.29014063900012843,0.7180259145073326,0.7137652913263801,190.8,3.4706225118814946,1.025229703862904,0.7199892007056949,40,10
extended,dgp3,1200,20,25,5,2,0.1139746456486372,RF-tuned,1.9506092788507043,0.6268611569679186,0.035779914802249894,0.948,8.2367196462356,3.494427093087891,-2.3965090539020957,0.016735083948681662,3.7559787320005853,0.7180259145073326,0.7137652913263801,190.8,3.4706225118814946,1.025229703862904,0.7199892007056949,40,10
extended,dgp3,1200,20,25,5,2,0.1139746456486372,SSRF-tuned,1.9466122592838124,0.6278806025716478,0.037848440854651826,0.946,8.23922791257157,3.511629134012215,-3.0015622091486183,0.002752747056130638,3.8990548620013215,0.7180259145073326,0.7137652913263801,190.8,3.4706225118814946,1.025229703862904,0.7199892007056949,40,10
extended,dgp3,1200,20,25,5,2,0.1139746456486372,LLF,1.9484334528081497,0.6277639022526282,0.03700938190435002,0.942,8.238192260697524,3.535683148204228,-2.9275991847211387,0.0034933735033602776,2.5881509189994176,0.7180259145073326,0.7137652913263801,190.8,3.4706225118814946,1.025229703862904,0.7199892007056949,40,10
extended,dgp3,1200,20,25,5,2,0.1139746456486372,BART,2.3744562669489704,0.7175456973289919,0.5181198514290496,0.944,10.09367605318801,4.11856918726197,2.981258608182771,0.0029402584857259185,7.331809680000333,0.7180259145073326,0.7137652913263801,190.8,3.4706225118814946,1.025229703862904,0.7199892007056949,40,10
extended,dgp3,1200,20,25,5,2,0.1139746456486372,NGBoost,1.9927723166850975,0.6396995944847389,0.07632352504337445,0.942,8.29461194547328,3.4834577242319305,0.3061547440374158,0.7595506182035858,0.8176449180000418,0.7180259145073326,0.7137652913263801,190.8,3.4706225118814946,1.025229703862904,0.7199892007056949,40,10
extended,dgp3,1200,20,25,5,3,0.24091186515675508,RF,2.0571367909456466,0.6912804485325716,0.056068762554908266,0.916,11.450575116305316,3.28748654862681,0.042950495245517105,0.9657495792590595,0.15431007999995927,0.8419207048820886,0.840794573898474,191.64,3.4356086390016873,0.37824457715857257,0.577486725810001,40,10
extended,dgp3,1200,20,25,5,3,0.24091186515675508,SSRF,2.056724317048235,0.6861943728492326,0.0499153273998495,0.922,11.41785613159973,3.376131523468788,-0.23778605623514035,0.8120957928513766,0.15431007999995927,0.8419207048820886,0.840794573898474,191.64,3.4356086390016873,0.37824457715857257,0.577486725810001,40,10
extended,dgp3,1200,20,25,5,3,0.24091186515675508,SSRF-JS,2.056880236694357,0.6865820895732004,0.050186301695218545,0.922,11.416637102137878,3.3715455303477118,,,0.15431007999995927,0.8419207048820886,0.840794573898474,191.64,3.4356086390016873,0.37824457715857257,0.577486725810001,40,10
extended,dgp3,1200,20,25,5,3,0.24091186515675508,RF-H,2.047000443777258,0.6759873899539361,0.0426534563089259,0.916,11.43679988720813,3.2266763031510592,-0.6020397796991351,0.5472842679914249,0.05643067399978463,0.8419207048820886,0.840794573898474,191.64,3.4356086390016873,0.37824457715857257,0.577486725810001,40,10
extended,dgp3,1200,20,25,5,3,0.24091186515675508,SSRF-H,2.1257420208363764,0.7121280102799158,0.10030744071390336,0.92,11.53524139737762,3.4762951964076048,3.016306718013998,0.002623504393110923,0.05643067399978463,0.8419207048820886,0.840794573898474,191.64,3.4356086390016873,0.37824457715857257,0.577486725810001,40,10
extended,dgp3,1200,20,25,5,3,0.24091186515675508,SSRF-JS-H,2.126944028572605,0.711680629195192,0.10174624906903557,0.92,11.539751131985577,3.492257653750102,2.9498019228250785,0.0032539206582518996,0.05643067399978463,0.8419207048820886,0.840794573898474,191.64,3.4356086390016873,0.37824457715857257,0.577486725810001,40,10
extended,dgp3,1200,20,25,5,3,0.24091186515675508,SSRF-rob,2.055852063164936,0.688814306704492,0.052697101917313756,0.918,11.464004835536233,3.2749693955433132,-0.2751189097094622,0.7832817731659282,0.17830730199966638,0.8419207048820886,0.840794573898474,191.64,3.4356086390016873,0.37824457715857257,0.577486725810001,40,10
extended,dgp3,1200,20,25,5,3,0.24091186515675508,RidgeRF,2.0410133428952735,0.6847281896153431,0.061399655108703925,0.916,11.203655422428545,3.276164448545877,-0.9063389965534469,0.36497499827187985,0.10667410899986862,0.8419207048820886,0.840794573898474,191.64,3.4356086390016873,0.37824457715857257,0.577486725810001,40,10
extended,dgp3,1200,20,25,5,3,0.24091186515675508,LassoRF,1.999204141049496,0.6877057149078265,0.08136861336440317,0.916,11.171335530241231,3.2795360975508223,-1.452383902291057,0.14670888595001016,0.061660895999921195,0.8419207048820886,0.840794573898474,191.64,3.4356086390016873,0.37824457715857257,0.577486725810001,40,10
extended,dgp3,1200,20,25,5,3,0.24091186515675508,GBM,2.054174361440859,0.6957062373537335,0.06548207545534623,0.916,11.2290394286431,3.2898242527271724,-0.1364206645782688,0.8915162241067871,0.1909625939997568,0.8419207048820886,0.840794573898474,191.64,3.4356086390016873,0.37824457715857257,0.577486725810001,40,10
extended,dgp3,1200,20,25,5,3,0.24091186515675508,RF-tuned,2.015229149176481,0.6700670764957277,0.030567245608456955,0.912,11.377230129920315,3.0973691164151362,-3.135429729010402,0.0017661504237015207,3.731111854000119,0.8419207048820886,0.840794573898474,191.64,3.4356086390016873,0.37824457715857257,0.577486725810001,40,10
extended,dgp3,1200,20,25,5,3,0.24091186515675508,SSRF-tuned,2.0268021640150136,0.6672302445657212,0.029462375124463033,0.92,11.242605851142432,3.351854267894967,-2.1666469802196358,0.030497608064388095,3.863337128999774,0.8419207048820886,0.840794573898474,191.64,3.4356086390016873,0.37824457715857257,0.577486725810001,40,10
extended,dgp3,1200,20,25,5,3,0.24091186515675508,LLF,2.031879123613712,0.6740893550938493,0.02914789772204646,0.924,11.275733625978072,3.3070075472048566,-2.1712644963361916,0.030145984443065633,2.644884555000317,0.8419207048820886,0.840794573898474,191.64,3.4356086390016873,0.37824457715857257,0.577486725810001,40,10
extended,dgp3,1200,20,25,5,3,0.24091186515675508,BART,2.0511949379402536,0.686642280645717,0.046024864295249344,0.912,11.332045945307815,3.2610288195077968,-0.337804743561279,0.7355813042761437,7.258402522999859,0.8419207048820886,0.840794573898474,191.64,3.4356086390016873,0.37824457715857257,0.577486725810001,40,10
extended,dgp3,1200,20,25,5,3,0.24091186515675508,NGBoost,2.0447386165545685,0.6836506843064172,0.062198843400363545,0.926,11.186642734858422,3.391856231273799,-0.5783980485137319,0.5631257748085232,1.5212123900000734,0.8419207048820886,0.840794573898474,191.64,3.4356086390016873,0.37824457715857257,0.577486725810001,40,10
extended,dgp3,1200,20,25,5,4,0.22279264048050978,RF,1.2326044103611953,0.6471454478433293,0.04912547545507368,0.962,5.546198572105578,3.9384880931561788,-0.24828137590754978,0.8039677342088535,0.15437729699988267,0.8260941707670689,0.8245723984068772,192.6,3.4551510773122107,0.42534099202429565,0.5737569954136492,10,6
extended,dgp3,1200,20,25,5,4,0.22279264048050978,SSRF,1.2341765387475077,0.6474383961886758,0.04552951136249233,0.964,5.49949385184019,3.9363028086430205,0.2678800046749654,0.7888469837256047,0.15437729699988267,0.8260941707670689,0.8245723984068772,192.6,3.4551510773122107,0.42534099202429565,0.5737569954136492,10,6
extended,dgp3,1200,20,25,5,4,0.22279264048050978,SSRF-JS,1.23393630576963,0.6476810077622861,0.04597192537338596,0.964,5.4878688723539595,3.9166312291308705,,,0.15437729699988267,0.8260941707670689,0.8245723984068772,192.6,3.4551510773122107,0.42534099202429565,0.5737569954136492,10,6
extended,dgp3,1200,20,25,5,4,0.22279264048050978,RF-H,1.266886992388675,0.666588936677127,0.06021087313394425,0.962,5.53848761754128,3.9185176144747307,2.2186444201336504,0.026735058319885097,0.05615485299949796,0.8260941707670689,0.8245723984068772,192.6,3.4551510773122107,0.42534099202429565,0.5737569954136492,10,6
extended,dgp3,1200,20,25,5,4,0.22279264048050978,SSRF-H,1.3414551485100878,0.7081774136600254,0.12981129573066472,0.968,5.478844770836008,4.184775348222451,5.2238371232487,2.1326554986896065e-07,0.05615485299949796,0.8260941707670689,0.8245723984068772,192.6,3.4551510773122107,0.42534099202429565,0.5737569954136492,10,6
extended,dgp3,1200,20,25,5,4,0.22279264048050978,SSRF-JS-H,1.3417998462191334,0.7085551120245605,0.13020639324289882,0.968,5.463380077793327,4.153914612391852,5.280023897424001,1.58480174497872e-07,0.05615485299949796,0.8260941707670689,0.8245723984068772,192.6,3.4551510773122107,0.42534099202429565,0.5737569954136492,10,6
extended,dgp3,1200,20,25,5,4,0.22279264048050978,SSRF-rob,1.2318723314353235,0.6463998977137184,0.04671782758609981,0.964,5.524861107073618,3.9287612456530474,-0.5800681669264829,0.5619994526228325,0.17424438100078987,0.8260941707670689,0.8245723984068772,192.6,3.4551510773122107,0.42534099202429565,0.5737569954136492,10,6
extended,dgp3,1200,20,25,5,4,0.22279264048050978,RidgeRF,1.2832338735922293,0.6725067876621783,0.060637264145626785,0.958,5.592759665446858,3.818555500208009,2.995304840374947,0.0028093359212985457,0.1521288519998052,0.8260941707670689,0.8245723984068772,192.6,3.4551510773122107,0.42534099202429565,0.5737569954136492,10,6
extended,dgp3,1200,20,25,5,4,0.22279264048050978,LassoRF,1.2506989113794347,0.6510707754581085,0.05005571457770652,0.966,5.647081633718268,4.056078658428378,0.9007368895404619,0.36794531560892807,0.08462008599963156,0.8260941707670689,0.8245723984068772,192.6,3.4551510773122107,0.42534099202429565,0.5737569954136492,10,6
extended,dgp3,1200,20,25,5,4,0.22279264048050978,GBM,1.2672760558108516,0.6548696474603166,0.050523983041181414,0.962,5.54604326683484,3.9679164010623036,1.999437991835205,0.04583144377159476,0.16584346600029676,0.8260941707670689,0.8245723984068772,192.6,3.4551510773122107,0.42534099202429565,0.5737569954136492,10,6
extended,dgp3,1200,20,25,5,4,0.22279264048050978,RF-tuned,1.2457228117054517,0.6421917920517082,0.035069558458984025,0.962,5.58331329888549,3.8857681053169837,1.0430043236459614,0.2971986178437245,3.590400604000024,0.8260941707670689,0.8245723984068772,192.6,3.4551510773122107,0.42534099202429565,0.5737569954136492,10,6
extended,dgp3,1200,20,25,5,4,0.22279264048050978,SSRF-tuned,1.2335437718078242,0.6491092113330931,0.043067345860323215,0.962,5.475451992508424,3.7765938165213955,-0.03985078779192976,0.9682200479119013,3.7321220269996047,0.8260941707670689,0.8245723984068772,192.6,3.4551510773122107,0.42534099202429565,0.5737569954136492,10,6
extended,dgp3,1200,20,25,5,4,0.22279264048050978,LLF,1.2377979807669754,0.6426764435419964,0.03968248944146543,0.964,5.5026099614582344,3.8514444281669644,0.3999006250291313,0.6893152001852191,2.652186291000362,0.8260941707670689,0.8245723984068772,192.6,3.4551510773122107,0.42534099202429565,0.5737569954136492,10,6
extended,dgp3,1200,20,25,5,4,0.22279264048050978,BART,1.2950255086207987,0.6788763281684715,0.0817040469816381,0.962,5.730361241078908,3.999636282520917,2.8036858831369953,0.005150066865639269,8.762342467000053,0.8260941707670689,0.8245723984068772,192.6,3.4551510773122107,0.42534099202429565,0.5737569954136492,10,6
extended,dgp3,1200,20,25,5,4,0.22279264048050978,NGBoost,1.2458473599758926,0.6494056564050257,0.0631563285510761,0.96,5.506169067609655,3.7672893945020074,0.7789432916705703,0.43619759038634826,1.484108089000074,0.8260941707670689,0.8245723984068772,192.6,3.4551510773122107,0.42534099202429565,0.5737569954136492,10,6
extended,dgp3,1200,20,25,5,5,0.10165597260412533,RF,2.894010635787976,0.733282857153918,0.08323357823785744,0.952,6.655660197791975,4.084347983251904,1.6304190397711038,0.10332817855945635,0.1523539609997897,0.7031973595831528,0.6982763054780498,192.96,3.4169838769111465,1.2066586201955685,0.7486665168331952,10,6
extended,dgp3,1200,20,25,5,5,0.10165597260412533,SSRF,2.859277724574604,0.7116000076077978,0.05542192963360427,0.948,6.571788989875405,3.707921270642454,0.5519487551711734,0.5811069107969288,0.1523539609997897,0.7031973595831528,0.6982763054780498,192.96,3.4169838769111465,1.2066586201955685,0.7486665168331952,10,6
extended,dgp3,1200,20,25,5,5,0.10165597260412533,SSRF-JS,2.858205882080838,0.7121673161642819,0.05583320351343663,0.946,6.559475230460967,3.7215750481947842,,,0.1523539609997897,0.7031973595831528,0.6982763054780498,192.96,3.4169838769111465,1.2066586201955685,0.7486665168331952,10,6
extended,dgp3,1200,20,25,5,5,0.10165597260412533,RF-H,2.865555283819879,0.7159585784031897,0.07210593480045324,0.932,6.637235414402439,3.635832331291352,0.31533584938852954,0.752572526290878,0.05739653399996314,0.7031973595831528,0.6982763054780498,192.96,3.4169838769111465,1.2066586201955685,0.7486665168331952,10,6
extended,dgp3,1200,20,25,5,5,0.10165597260412533,SSRF-H,2.9137245545113575,0.7448701664592322,0.12932085844213934,0.94,6.664026275479502,3.6244924325672705,1.3244090746254553,0.18567012867718363,0.05739653399996314,0.7031973595831528,0.6982763054780498,192.96,3.4169838769111465,1.2066586201955685,0.7486665168331952,10,6
extended,dgp3,1200,20,25,5,5,0.10165597260412533,SSRF-JS-H,2.9163473302230343,0.7455668270850901,0.13211896393134562,0.94,6.6566273612150235,3.6619288068398532,1.4011638247810774,0.16147565403085803,0.05739653399996314,0.7031973595831528,0.6982763054780498,192.96,3.4169838769111465,1.2066586201955685,0.7486665168331952,10,6
extended,dgp3,1200,20,25,5,5,0.10165597260412533,SSRF-rob,2.88629456837982,0.7286531616084642,0.0767309941650497,0.952,6.640385758528455,4.059059301028092,1.5012886957549443,0.133596896005007,0.18279829400034942,0.7031973595831528,0.6982763054780498,192.96,3.4169838769111465,1.2066586201955685,0.7486665168331952,10,6
extended,dgp3,1200,20,25,5,5,0.10165597260412533,RidgeRF,2.8293952640461417,0.7157511889783225,0.10017389683434422,0.952,6.768559032988832,4.0265421614714105,-0.6325220302711323,0.5271905582568298,0.09900778399969568,0.7031973595831528,0.6982763054780498,192.96,3.4169838769111465,1.2066586201955685,0.7486665168331952,10,6
extended,dgp3,1200,20,25,5,5,0.10165597260412533,LassoRF,2.8405267328794297,0.7190213433909021,0.06795283539260195,0.938,6.701743413018879,3.6373034963050377,-0.6347079577414122,0.525764229362014,0.0643758460000754,0.7031973595831528,0.6982763054780498,192.96,3.4169838769111465,1.2066586201955685,0.7486665168331952,10,6
extended,dgp3,1200,20,25,5,5,0.10165597260412533,GBM,2.90867948989278,0.7276747303702482,0.13966731353526513,0.936,7.1601421786173,3.9502756567379076,1.4163689271486235,0.15697924250804596,0.13878754199959076,0.7031973595831528,0.6982763054780498,192.96,3.4169838769111465,1.2066586201955685,0.7486665168331952,10,6
extended,dgp3,1200,20,25,5,5,0.10165597260412533,RF-tuned,2.8103018751574345,0.6994599068248549,0.045533225260565996,0.946,6.707075588225769,3.756218532360502,-2.0866087627160033,0.03717661182412631,3.548248345000502,0.7031973595831528,0.6982763054780498,192.96,3.4169838769111465,1.2066586201955685,0.7486665168331952,10,6
extended,dgp3,1200,20,25,5,5,0.10165597260412533,SSRF-tuned,2.8238252228965584,0.6948486773695566,0.043080053554342544,0.942,6.625696506478163,3.70186630708534,-1.3193686064352725,0.1873482124332097,3.684398792000138,0.7031973595831528,0.6982763054780498,192.96,3.4169838769111465,1.2066586201955685,0.7486665168331952,10,6
extended,dgp3,1200,20,25,5,5,0.10165597260412533,LLF,2.8171812704882124,0.690001616402054,0.030057009533271672,0.944,6.593454174209538,3.692098919834691,-3.2486020248164675,0.0011983976519499163,2.5966242539998348,0.7031973595831528,0.6982763054780498,192.96,3.4169838769111465,1.2066586201955685,0.7486665168331952,10,6
extended,dgp3,1200,20,25,5,5,0.10165597260412533,BART,4.735285947396595,0.9422747114665293,1.9455423118584254,0.942,14.395969116479257,5.279020650845758,4.077249946599974,4.919379684839033e-05,7.760630683000272,0.7031973595831528,0.6982763054780498,192.96,3.4169838769111465,1.2066586201955685,0.7486665168331952,10,6
extended,dgp3,1200,20,25,5,5,0.10165597260412533,NGBoost,3.917916853891012,0.7864991059612025,1.049500597877122,0.95,10.32069916062814,4.2546261404243575,2.4841946629198195,0.013147428318154304,0.9142367280001054,0.7031973595831528,0.6982763054780498,192.96,3.4169838769111465,1.2066586201955685,0.7486665168331952,10,6
extended,dgp3,1200,20,25,5,6,0.20692472457097189,RF,1.0411179465255336,0.6367051761927448,0.062371342266760096,0.952,6.1941248951943875,3.7624189765763556,1.4759678080061758,0.14026764879428422,0.1565441140000985,0.8335300444446581,0.8322653474235168,191.36,3.4725261915056116,0.4371010187590973,0.6176001022139895,20,10
extended,dgp3,1200,20,25,5,6,0.20692472457097189,SSRF,1.0333386736328263,0.630569434588137,0.055156159899011785,0.952,6.2392937480564,3.791371269236305,-0.7539543988651083,0.451054270644603,0.1565441140000985,0.8335300444446581,0.8322653474235168,191.36,3.4725261915056116,0.4371010187590973,0.6176001022139895,20,10
extended,dgp3,1200,20,25,5,6,0.20692472457097189,SSRF-JS,1.0337792953355538,0.6307829363047871,0.05556155028965736,0.952,6.241598360180986,3.795546972479374,,,0.1565441140000985,0.8335300444446581,0.8322653474235168,191.36,3.4725261915056116,0.4371010187590973,0.6176001022139895,20,10
extended,dgp3,1200,20,25,5,6,0.20692472457097189,RF-H,1.0457679822891854,0.6318387938505027,0.05387393913818356,0.946,6.380031739003466,3.7573752522180404,1.0847323659836219,0.2783019096233819,0.0577512290001323,0.8335300444446581,0.8322653474235168,191.36,3.4725261915056116,0.4371010187590973,0.6176001022139895,20,10
extended,dgp3,1200,20,25,5,6,0.20692472457097189,SSRF-H,1.1117176902208006,0.6724089552127989,0.12967472839231137,0.952,6.602659731442644,4.092798591582115,3.9762421152625502,7.50585862130182e-05,0.0577512290001323,0.8335300444446581,0.8322653474235168,191.36,3.4725261915056116,0.4371010187590973,0.6176001022139895,20,10
extended,dgp3,1200,20,25,5,6,0.20692472457097189,SSRF-JS-H,1.1096485000549752,0.6718963622864506,0.1291759807865674,0.952,6.589380328226762,4.061726259140671,3.83892923768942,0.0001313426708402881,0.0577512290001323,0.8335300444446581,0.8322653474235168,191.36,3.4725261915056116,0.4371010187590973,0.6176001022139895,20,10
extended,dgp3,1200,20,25,5,6,0.20692472457097189,SSRF-rob,1.0369640029342377,0.6337993812543623,0.058457482024073255,0.954,6.215205481141971,3.832069616269078,1.0280771688840915,0.304162380448405,0.1802286539996203,0.8335300444446581,0.8322653474235168,191.36,3.4725261915056116,0.4371010187590973,0.6176001022139895,20,10
extended,dgp3,1200,20,25,5,6,0.20692472457097189,RidgeRF,1.0688351654899937,0.642756614499603,0.05868546275794891,0.944,6.399920743152055,3.6864358432694706,2.536270851105517,0.011355349490806648,0.1038983600001302,0.8335300444446581,0.8322653474235168,191.36,3.4725261915056116,0.4371010187590973,0.6176001022139895,20,10
extended,dgp3,1200,20,25,5,6,0.20692472457097189,LassoRF,1.0446100768097295,0.6249374083780248,0.06338674311957544,0.95,6.260184865309863,3.6692740289797365,0.7716713229476595,0.4404916109583008,0.06202889599990158,0.8335300444446581,0.8322653474235168,191.36,3.4725261915056116,0.4371010187590973,0.6176001022139895,20,10
extended,dgp3,1200,20,25,5,6,0.20692472457097189,GBM,1.0250520234427285,0.6230925073086468,0.05429891823562551,0.948,6.226082265368658,3.6449812353617115,-0.7258920079418397,0.4680749958672903,0.16374832200017408,0.8335300444446581,0.8322653474235168,191.36,3.4725261915056116,0.4371010187590973,0.6176001022139895,20,10
extended,dgp3,1200,20,25,5,6,0.20692472457097189,RF-tuned,1.0300517215957705,0.6234615991155812,0.03485192934282603,0.94,6.220844980039551,3.533026517907535,-0.3494917215141151,0.7267938422532637,3.66991310100002,0.8335300444446581,0.8322653474235168,191.36,3.4725261915056116,0.4371010187590973,0.6176001022139895,20,10
extended,dgp3,1200,20,25,5,6,0.20692472457097189,SSRF-tuned,1.0444705945393389,0.6356739625558319,0.043550773806711976,0.95,6.228438771598794,3.7984044044880227,1.1640302536513525,0.24468967147968268,3.832393905999197,0.8335300444446581,0.8322653474235168,191.36,3.4725261915056116,0.4371010187590973,0.6176001022139895,20,10
extended,dgp3,1200,20,25,5,6,0.20692472457097189,LLF,1.0260223872071257,0.6148835703678188,0.027558535364732184,0.946,6.332110476403422,3.6254334497733898,-0.9307912110185499,0.3521864469368088,2.5813897179996275,0.8335300444446581,0.8322653474235168,191.36,3.4725261915056116,0.4371010187590973,0.6176001022139895,20,10
extended,dgp3,1200,20,25,5,6,0.20692472457097189,BART,1.0495664874164043,0.628462781756562,0.04229786083817995,0.95,6.326082690516705,3.743325951654875,0.9249056685271988,0.35523833496458307,6.873550233999595,0.8335300444446581,0.8322653474235168,191.36,3.4725261915056116,0.4371010187590973,0.6176001022139895,20,10
extended,dgp3,1200,20,25,5,6,0.20692472457097189,NGBoost,1.0286486759234472,0.6257813988312457,0.045596006790564,0.942,6.277615446820426,3.6553853912507757,-0.35685684544129304,0.7212743397749892,1.0894999639995149,0.8335300444446581,0.8322653474235168,191.36,3.4725261915056116,0.4371010187590973,0.6176001022139895,20,10
extended,dgp3,1200,20,25,5,7,0.23404249341435993,RF,1.7580492208773377,0.6991362789601144,0.04881591146430017,0.97,6.4034270887306555,4.809096146966284,0.7026625308350964,0.4824297798715061,0.15140970299944456,0.820872282421771,0.8193623974999116,191.04,3.4514865917599957,0.4063391063200699,0.5275028884565466,40,10
extended,dgp3,1200,20,25,5,7,0.23404249341435993,SSRF,1.7513553581888839,0.6979518094178472,0.04611697107345252,0.978,6.4605350072774455,4.977327407951945,-1.2555274470806261,0.20958093274277265,0.15140970299944456,0.820872282421771,0.8193623974999116,191.04,3.4514865917599957,0.4063391063200699,0.5275028884565466,40,10
extended,dgp3,1200,20,25,5,7,0.23404249341435993,SSRF-JS,1.7523800150165487,0.6981476886811963,0.046217166955071845,0.976,6.454672895713235,4.966625542946092,,,0.15140970299944456,0.820872282421771,0.8193623974999116,191.04,3.4514865917599957,0.4063391063200699,0.5275028884565466,40,10
extended,dgp3,1200,20,25,5,7,0.23404249341435993,RF-H,1.749224834579545,0.6949836761202474,0.05368929815460916,0.976,6.462944404688082,4.955559571834066,-0.22327692595440218,0.8233656306483336,0.05415702400023292,0.820872282421771,0.8193623974999116,191.04,3.4514865917599957,0.4063391063200699,0.5275028884565466,40,10
extended,dgp3,1200,20,25,5,7,0.23404249341435993,SSRF-H,1.8075613461840443,0.7337936978382702,0.11199502217413673,0.978,6.610796321892738,5.182873600831854,2.0775217322168067,0.038008418154563677,0.05415702400023292,0.820872282421771,0.8193623974999116,191.04,3.4514865917599957,0.4063391063200699,0.5275028884565466,40,10
extended,dgp3,1200,20,25,5,7,0.23404249341435993,SSRF-JS-H,1.8063701618374137,0.733408120765615,0.11377952544895628,0.98,6.646572572122972,5.240853526365436,1.975271816051474,0.04851224211513358,0.05415702400023292,0.820872282421771,0.8193623974999116,191.04,3.4514865917599957,0.4063391063200699,0.5275028884565466,40,10
extended,dgp3,1200,20,25,5,7,0.23404249341435993,SSRF-rob,1.7548575620377083,0.6983996188569594,0.04662157655492632,0.972,6.416843156092815,4.861321436536839,0.47003834909324693,0.6384302079924257,0.17805310200037638,0.820872282421771,0.8193623974999116,191.04,3.4514865917599957,0.4063391063200699,0.5275028884565466,40,10
extended,dgp3,1200,20,25,5,7,0.23404249341435993,RidgeRF,1.7601008285094608,0.7050468456077272,0.05042004457116482,0.972,6.3961375652089485,4.752331949542329,0.46783778291466943,0.640002640072393,0.1021383520001109,0.820872282421771,0.8193623974999116,191.04,3.4514865917599957,0.4063391063200699,0.5275028884565466,40,10
extended,dgp3,1200,20,25,5,7,0.23404249341435993,LassoRF,1.7863381915279433,0.7145623812550745,0.07507551849150099,0.972,6.118129575965751,4.353039041956301,1.4724481471662696,0.1412148656413543,0.060015873000338615,0.820872282421771,0.8193623974999116,191.04,3.4514865917599957,0.4063391063200699,0.5275028884565466,40,10
extended,dgp3,1200,20,25,5,7,0.23404249341435993,GBM,1.7727012414646315,0.704342503123185,0.055303144716977004,0.97,6.323275651580508,4.5676399864659505,1.3243117142480145,0.18570243633739306,0.21241667100002815,0.820872282421771,0.8193623974999116,191.04,3.4514865917599957,0.4063391063200699,0.5275028884565466,40,10
extended,dgp3,1200,20,25,5,7,0.23404249341435993,RF-tuned,1.7443053792912369,0.6823925403624623,0.02529275735735757,0.972,6.366511879146073,4.801993680460387,-0.7116118113820884,0.4768713218848899,3.526686924000387,0.820872282421771,0.8193623974999116,191.04,3.4514865917599957,0.4063391063200699,0.5275028884565466,40,10
extended,dgp3,1200,20,25,5,7,0.23404249341435993,SSRF-tuned,1.7472500642734385,0.6840271272024943,0.027140689918337742,0.976,6.4036792326152465,4.86902863209347,-0.41640671311999666,0.6772018630762867,3.66784468700007,0.820872282421771,0.8193623974999116,191.04,3.4514865917599957,0.4063391063200699,0.5275028884565466,40,10
extended,dgp3,1200,20,25,5,7,0.23404249341435993,LLF,1.7405564849342383,0.6829177968789449,0.02676630019537885,0.97,6.322719332226887,4.719985134609038,-1.0370233273743166,0.2999759277424801,2.913407546999224,0.820872282421771,0.8193623974999116,191.04,3.4514865917599957,0.4063391063200699,0.5275028884565466,40,10
extended,dgp3,1200,20,25,5,7,0.23404249341435993,BART,1.7865303118099893,0.7010330895679519,0.06626143826753779,0.98,6.5069803054676125,5.1225620179316,1.4736419059939099,0.14089304909904707,7.016444492000119,0.820872282421771,0.8193623974999116,191.04,3.4514865917599957,0.4063391063200699,0.5275028884565466,40,10
extended,dgp3,1200,20,25,5,7,0.23404249341435993,NGBoost,1.7689762758992698,0.706888810425099,0.07189361955443407,0.982,6.667769994343031,5.3290077853143725,0.8490905752050065,0.3960343120250999,1.5612044110002898,0.820872282421771,0.8193623974999116,191.04,3.4514865917599957,0.4063391063200699,0.5275028884565466,40,10
