experiment,dgp,n,p,B,min_leaf,rep,method,mse,mse_true,chosen
anchor,dgp1,300,10,10,5,0,RF,1.4033858828993677,0.16854139014949635,
anchor,dgp1,300,10,10,5,0,tree,1.3697039631323527,0.13441200915403775,
anchor,dgp1,300,10,10,5,0,depth 1,1.3666646996345098,0.13329259068354496,
anchor,dgp1,300,10,10,5,0,depth 2,1.3682673890237262,0.1350632765538139,
anchor,dgp1,300,10,10,5,0,depth 3,1.3747146567704451,0.14134858625671856,
anchor,dgp1,300,10,10,5,0,selected,1.3666646996345098,0.13329259068354496,depth 1
anchor,dgp1,300,10,10,5,0,oracle depth,,0.13329259068354496,
anchor,dgp1,300,10,10,5,1,RF,1.492714921859666,0.1641578810571403,
anchor,dgp1,300,10,10,5,1,tree,1.4568148331600377,0.12543334798570135,
anchor,dgp1,300,10,10,5,1,depth 1,1.4584304990404462,0.12832266249957366,
anchor,dgp1,300,10,10,5,1,depth 2,1.4689030516765833,0.13777684028989307,
anchor,dgp1,300,10,10,5,1,depth 3,1.4680971663558442,0.14005656877329792,
anchor,dgp1,300,10,10,5,1,selected,1.4568148331600377,0.12543334798570135,tree
anchor,dgp1,300,10,10,5,1,oracle depth,,0.12543334798570135,
anchor,dgp1,300,10,10,5,2,RF,1.49206734594464,0.1955790867269638,
anchor,dgp1,300,10,10,5,2,tree,1.4516388621648442,0.1544856745537548,
anchor,dgp1,300,10,10,5,2,depth 1,1.449348216061484,0.15267460259594123,
anchor,dgp1,300,10,10,5,2,depth 2,1.453391634094645,0.15130009549596696,
anchor,dgp1,300,10,10,5,2,depth 3,1.452127330823072,0.15590420572081334,
anchor,dgp1,300,10,10,5,2,selected,1.4516388621648442,0.1544856745537548,tree
anchor,dgp1,300,10,10,5,2,oracle depth,,0.15130009549596696,
anchor,dgp1,300,10,10,5,3,RF,1.5112249472487784,0.14256411004006306,
anchor,dgp1,300,10,10,5,3,tree,1.4708974778826585,0.11424581505746902,
anchor,dgp1,300,10,10,5,3,depth 1,1.4678570288268626,0.10813789753111099,
anchor,dgp1,300,10,10,5,3,depth 2,1.4736208551763292,0.11044692941153615,
anchor,dgp1,300,10,10,5,3,depth 3,1.4767894809323667,0.11290840429524208,
anchor,dgp1,300,10,10,5,3,selected,1.4678570288268626,0.10813789753111099,depth 1
anchor,dgp1,300,10,10,5,3,oracle depth,,0.10813789753111099,
anchor,dgp1,300,10,10,5,4,RF,1.2952149772766015,0.1621896407349965,
anchor,dgp1,300,10,10,5,4,tree,1.2744831429855517,0.1382820924037196,
anchor,dgp1,300,10,10,5,4,depth 1,1.2711378643836588,0.13533816412138944,
anchor,dgp1,300,10,10,5,4,depth 2,1.2761407689471478,0.1395637830173832,
anchor,dgp1,300,10,10,5,4,depth 3,1.2762580993421528,0.13971138916927855,
anchor,dgp1,300,10,10,5,4,selected,1.2744831429855517,0.1382820924037196,tree
anchor,dgp1,300,10,10,5,4,oracle depth,,0.13533816412138944,
anchor,dgp1,300,10,10,5,5,RF,1.4492973584240947,0.15026249054512478,
anchor,dgp1,300,10,10,5,5,tree,1.4170611199223313,0.11682658154639747,
anchor,dgp1,300,10,10,5,5,depth 1,1.4163250614879423,0.11632313628944134,
anchor,dgp1,300,10,10,5,5,depth 2,1.41892998671558,0.11911370479559785,
anchor,dgp1,300,10,10,5,5,depth 3,1.422500429970442,0.1225114661897106,
anchor,dgp1,300,10,10,5,5,selected,1.4170611199223313,0.11682658154639747,tree
anchor,dgp1,300,10,10,5,5,oracle depth,,0.11632313628944134,
anchor,dgp1,300,10,10,5,6,RF,1.3748561916222528,0.15378761597798563,
anchor,dgp1,300,10,10,5,6,tree,1.356999356108468,0.1313672842436732,
anchor,dgp1,300,10,10,5,6,depth 1,1.360192227127833,0.13305993608862013,
anchor,dgp1,300,10,10,5,6,depth 2,1.3567862149042036,0.1291173666810812,
anchor,dgp1,300,10,10,5,6,depth 3,1.3572001470832045,0.1322319287660078,
anchor,dgp1,300,10,10,5,6,selected,1.356999356108468,0.1313672842436732,tree
anchor,dgp1,300,10,10,5,6,oracle depth,,0.1291173666810812,
anchor,dgp1,300,10,10,5,7,RF,1.4078861179911604,0.1447014991389005,
anchor,dgp1,300,10,10,5,7,tree,1.3885597195789312,0.12150288593061415,
anchor,dgp1,300,10,10,5,7,depth 1,1.3813972639927712,0.11858948576274769,
anchor,dgp1,300,10,10,5,7,depth 2,1.3810684553196788,0.12023361527713812,
anchor,dgp1,300,10,10,5,7,depth 3,1.3839768484032924,0.1208937481703449,
anchor,dgp1,300,10,10,5,7,selected,1.3885597195789312,0.12150288593061415,tree
anchor,dgp1,300,10,10,5,7,oracle depth,,0.11858948576274769,
anchor,dgp1,300,10,10,5,8,RF,1.3206916617739384,0.1425820397832762,
anchor,dgp1,300,10,10,5,8,tree,1.2919566515090544,0.10363770426710903,
anchor,dgp1,300,10,10,5,8,depth 1,1.2887506127520671,0.10065412785297899,
anchor,dgp1,300,10,10,5,8,depth 2,1.2942367636760939,0.10739533247949058,
anchor,dgp1,300,10,10,5,8,depth 3,1.2974553555152744,0.11153305766099697,
anchor,dgp1,300,10,10,5,8,selected,1.2942367636760939,0.10739533247949058,depth 2
anchor,dgp1,300,10,10,5,8,oracle depth,,0.10065412785297899,
anchor,dgp1,300,10,10,5,9,RF,1.4543379767635831,0.17655639194339076,
anchor,dgp1,300,10,10,5,9,tree,1.402688682423528,0.13104812519369494,
anchor,dgp1,300,10,10,5,9,depth 1,1.400618934604242,0.1271688464984355,
anchor,dgp1,300,10,10,5,9,depth 2,1.414645562396957,0.13641223611542208,
anchor,dgp1,300,10,10,5,9,depth 3,1.4159688208560868,0.14055125322420542,
anchor,dgp1,300,10,10,5,9,selected,1.400618934604242,0.1271688464984355,depth 1
anchor,dgp1,300,10,10,5,9,oracle depth,,0.1271688464984355,
anchor,dgp1,300,10,10,5,10,RF,1.385643480617501,0.12440582221116676,
anchor,dgp1,300,10,10,5,10,tree,1.3738078315563789,0.105707976835919,
anchor,dgp1,300,10,10,5,10,depth 1,1.371843795709831,0.10509386944151712,
anchor,dgp1,300,10,10,5,10,depth 2,1.3701024426625894,0.10584246300328702,
anchor,dgp1,300,10,10,5,10,depth 3,1.3726946810461336,0.108870526532022,
anchor,dgp1,300,10,10,5,10,selected,1.371843795709831,0.10509386944151712,depth 1
anchor,dgp1,300,10,10,5,10,oracle depth,,0.10509386944151712,
anchor,dgp1,300,10,10,5,11,RF,1.3881023591045216,0.1606606574941232,
anchor,dgp1,300,10,10,5,11,tree,1.3509219209645686,0.12890299376462064,
anchor,dgp1,300,10,10,5,11,depth 1,1.353171395343286,0.13097465777502332,
anchor,dgp1,300,10,10,5,11,depth 2,1.3574325858368879,0.13457829791500833,
anchor,dgp1,300,10,10,5,11,depth 3,1.3582087545776842,0.13618246556196606,
anchor,dgp1,300,10,10,5,11,selected,1.3509219209645686,0.12890299376462064,tree
anchor,dgp1,300,10,10,5,11,oracle depth,,0.12890299376462064,
anchor,dgp1,300,10,10,5,12,RF,1.5394518312933365,0.15175190997588556,
anchor,dgp1,300,10,10,5,12,tree,1.4993642338624826,0.11978255758936078,
anchor,dgp1,300,10,10,5,12,depth 1,1.4913069022615935,0.11521386150131162,
anchor,dgp1,300,10,10,5,12,depth 2,1.493609052640535,0.11735683869830281,
anchor,dgp1,300,10,10,5,12,depth 3,1.4982075082087771,0.1211936675521892,
anchor,dgp1,300,10,10,5,12,selected,1.4913069022615935,0.11521386150131162,depth 1
anchor,dgp1,300,10,10,5,12,oracle depth,,0.11521386150131162,
anchor,dgp1,300,10,10,5,13,RF,1.3605091965615368,0.16477603196629761,
anchor,dgp1,300,10,10,5,13,tree,1.3108373499121497,0.10524906709402548,
anchor,dgp1,300,10,10,5,13,depth 1,1.3215003933461287,0.11443778928246108,
anchor,dgp1,300,10,10,5,13,depth 2,1.3206676148203496,0.1156218777079456,
anchor,dgp1,300,10,10,5,13,depth 3,1.331530649029345,0.12680161875508866,
anchor,dgp1,300,10,10,5,13,selected,1.3215003933461287,0.11443778928246108,depth 1
anchor,dgp1,300,10,10,5,13,oracle depth,,0.10524906709402548,
anchor,dgp1,300,10,10,5,14,RF,1.3683121951828598,0.16618029485665686,
anchor,dgp1,300,10,10,5,14,tree,1.3238914026986108,0.11927463878504413,
anchor,dgp1,300,10,10,5,14,depth 1,1.3234957174752062,0.12129871975843985,
anchor,dgp1,300,10,10,5,14,depth 2,1.3294783549775686,0.1290447535941073,
anchor,dgp1,300,10,10,5,14,depth 3,1.3343860763526458,0.1351033551496516,
anchor,dgp1,300,10,10,5,14,selected,1.3234957174752062,0.12129871975843985,depth 1
anchor,dgp1,300,10,10,5,14,oracle depth,,0.11927463878504413,
anchor,dgp1,300,10,10,5,15,RF,1.4109186109633232,0.15091221523705606,
anchor,dgp1,300,10,10,5,15,tree,1.384465601923673,0.11757115263745437,
anchor,dgp1,300,10,10,5,15,depth 1,1.3830538005220843,0.11677414874321315,
anchor,dgp1,300,10,10,5,15,depth 2,1.3819873444611905,0.11709693558844397,
anchor,dgp1,300,10,10,5,15,depth 3,1.3839076868365892,0.12024582927219186,
anchor,dgp1,300,10,10,5,15,selected,1.3830538005220843,0.11677414874321315,depth 1
anchor,dgp1,300,10,10,5,15,oracle depth,,0.11677414874321315,
anchor,dgp1,300,10,10,5,16,RF,1.3174025625205479,0.14256957271424436,
anchor,dgp1,300,10,10,5,16,tree,1.3002535763425913,0.12722733971725195,
anchor,dgp1,300,10,10,5,16,depth 1,1.2949725029279415,0.12209983106281792,
anchor,dgp1,300,10,10,5,16,depth 2,1.2992158867655605,0.12415978781688525,
anchor,dgp1,300,10,10,5,16,depth 3,1.3022208481079558,0.12597203257476464,
anchor,dgp1,300,10,10,5,16,selected,1.3002535763425913,0.12722733971725195,tree
anchor,dgp1,300,10,10,5,16,oracle depth,,0.12209983106281792,
anchor,dgp1,300,10,10,5,17,RF,1.4227534292679227,0.15900596200314943,
anchor,dgp1,300,10,10,5,17,tree,1.393519058252418,0.12019685408788837,
anchor,dgp1,300,10,10,5,17,depth 1,1.3978793003946417,0.11965847073073008,
anchor,dgp1,300,10,10,5,17,depth 2,1.4001032762819965,0.12301355063840609,
anchor,dgp1,300,10,10,5,17,depth 3,1.4033902036580612,0.12767969844654936,
anchor,dgp1,300,10,10,5,17,selected,1.4033902036580612,0.12767969844654936,depth 3
anchor,dgp1,300,10,10,5,17,oracle depth,,0.11965847073073008,
anchor,dgp1,300,10,10,5,18,RF,1.3503064960156062,0.1556623091986934,
anchor,dgp1,300,10,10,5,18,tree,1.3122671721981005,0.12331406623267072,
anchor,dgp1,300,10,10,5,18,depth 1,1.3109230836860755,0.12151737755575023,
anchor,dgp1,300,10,10,5,18,depth 2,1.3153119966794964,0.12552454327170903,
anchor,dgp1,300,10,10,5,18,depth 3,1.321448051248965,0.13010546240999107,
anchor,dgp1,300,10,10,5,18,selected,1.3109230836860755,0.12151737755575023,depth 1
anchor,dgp1,300,10,10,5,18,oracle depth,,0.12151737755575023,
anchor,dgp1,300,10,10,5,19,RF,1.584008360306518,0.20557983229322657,
anchor,dgp1,300,10,10,5,19,tree,1.5444176977696866,0.16968313650467787,
anchor,dgp1,300,10,10,5,19,depth 1,1.5452955198523053,0.16964540591730612,
anchor,dgp1,300,10,10,5,19,depth 2,1.5510912842171796,0.17122363493646411,
anchor,dgp1,300,10,10,5,19,depth 3,1.5539640174478995,0.17496975102458134,
anchor,dgp1,300,10,10,5,19,selected,1.5444176977696866,0.16968313650467787,tree
anchor,dgp1,300,10,10,5,19,oracle depth,,0.16964540591730612,
anchor,dgp1,300,10,500,5,0,RF,1.6621868738562688,0.07597517893159816,
anchor,dgp1,300,10,500,5,0,tree,1.6597783028627437,0.06797590214473738,
anchor,dgp1,300,10,500,5,0,depth 1,1.6561630393760212,0.06613254575133819,
anchor,dgp1,300,10,500,5,0,depth 2,1.6555891899459712,0.06627519702880295,
anchor,dgp1,300,10,500,5,0,depth 3,1.656264655816261,0.06760676863490168,
anchor,dgp1,300,10,500,5,0,selected,1.656264655816261,0.06760676863490168,depth 3
anchor,dgp1,300,10,500,5,0,oracle depth,,0.06613254575133819,
anchor,dgp1,300,10,500,5,1,RF,1.410647315899022,0.0815582133870737,
anchor,dgp1,300,10,500,5,1,tree,1.4005765774138157,0.06920000411555671,
anchor,dgp1,300,10,500,5,1,depth 1,1.4008361617440033,0.06990057625626399,
anchor,dgp1,300,10,500,5,1,depth 2,1.4030497975204452,0.07214976841207056,
anchor,dgp1,300,10,500,5,1,depth 3,1.4043662554297283,0.07346857451248519,
anchor,dgp1,300,10,500,5,1,selected,1.4030497975204452,0.07214976841207056,depth 2
anchor,dgp1,300,10,500,5,1,oracle depth,,0.06920000411555671,
anchor,dgp1,300,10,500,5,2,RF,1.3530905482397098,0.09368873424800238,
anchor,dgp1,300,10,500,5,2,tree,1.3526895811312964,0.09342651184409109,
anchor,dgp1,300,10,500,5,2,depth 1,1.348832190501339,0.09065449718248635,
anchor,dgp1,300,10,500,5,2,depth 2,1.3478327066243156,0.09004077021381578,
anchor,dgp1,300,10,500,5,2,depth 3,1.347814928934478,0.08984398021862099,
anchor,dgp1,300,10,500,5,2,selected,1.347814928934478,0.08984398021862099,depth 3
anchor,dgp1,300,10,500,5,2,oracle depth,,0.08984398021862099,
anchor,dgp1,300,10,500,5,3,RF,1.1965308930253598,0.11227870987697902,
anchor,dgp1,300,10,500,5,3,tree,1.1908892723562066,0.10876358042084368,
anchor,dgp1,300,10,500,5,3,depth 1,1.1885256937291995,0.10401291415891671,
anchor,dgp1,300,10,500,5,3,depth 2,1.1889334714629398,0.10312966986161928,
anchor,dgp1,300,10,500,5,3,depth 3,1.1892109779490907,0.10391617184050547,
anchor,dgp1,300,10,500,5,3,selected,1.1892109779490907,0.10391617184050547,depth 3
anchor,dgp1,300,10,500,5,3,oracle depth,,0.10312966986161928,
anchor,dgp1,300,10,500,5,4,RF,1.280501891352015,0.10475143709901949,
anchor,dgp1,300,10,500,5,4,tree,1.2862969764269292,0.09975437556761854,
anchor,dgp1,300,10,500,5,4,depth 1,1.2799748630724033,0.09597772696837764,
anchor,dgp1,300,10,500,5,4,depth 2,1.2777274374467558,0.0957181126272477,
anchor,dgp1,300,10,500,5,4,depth 3,1.277749904231532,0.09638106989998074,
anchor,dgp1,300,10,500,5,4,selected,1.2862969764269292,0.09975437556761854,tree
anchor,dgp1,300,10,500,5,4,oracle depth,,0.0957181126272477,
anchor,dgp1,300,10,500,5,5,RF,1.351963512766186,0.07198976056195128,
anchor,dgp1,300,10,500,5,5,tree,1.353161043203069,0.0689368850454897,
anchor,dgp1,300,10,500,5,5,depth 1,1.3505353664434334,0.0676519767248142,
anchor,dgp1,300,10,500,5,5,depth 2,1.3499761523907106,0.06784476904581495,
anchor,dgp1,300,10,500,5,5,depth 3,1.3491988303598912,0.0677648745638091,
anchor,dgp1,300,10,500,5,5,selected,1.3505353664434334,0.0676519767248142,depth 1
anchor,dgp1,300,10,500,5,5,oracle depth,,0.0676519767248142,
anchor,dgp1,300,10,500,5,6,RF,1.4932307062323324,0.08207794655742837,
anchor,dgp1,300,10,500,5,6,tree,1.4762484569348426,0.06777360146394493,
anchor,dgp1,300,10,500,5,6,depth 1,1.4783982962884177,0.06741795687445307,
anchor,dgp1,300,10,500,5,6,depth 2,1.48080888518955,0.06955134615368022,
anchor,dgp1,300,10,500,5,6,depth 3,1.4819503988038765,0.07099352487816289,
anchor,dgp1,300,10,500,5,6,selected,1.48080888518955,0.06955134615368022,depth 2
anchor,dgp1,300,10,500,5,6,oracle depth,,0.06741795687445307,
anchor,dgp1,300,10,500,5,7,RF,1.3541742426092633,0.09412426147935113,
anchor,dgp1,300,10,500,5,7,tree,1.3421356413895402,0.09476488066755549,
anchor,dgp1,300,10,500,5,7,depth 1,1.3377467730005272,0.0884177685069515,
anchor,dgp1,300,10,500,5,7,depth 2,1.3385009365850506,0.08695887139152543,
anchor,dgp1,300,10,500,5,7,depth 3,1.3396162998772643,0.0867079927840013,
anchor,dgp1,300,10,500,5,7,selected,1.3421356413895402,0.09476488066755549,tree
anchor,dgp1,300,10,500,5,7,oracle depth,,0.0867079927840013,
anchor,dgp1,300,10,500,5,8,RF,1.2823714947022464,0.10319023049133232,
anchor,dgp1,300,10,500,5,8,tree,1.2785435406801735,0.0969262913164326,
anchor,dgp1,300,10,500,5,8,depth 1,1.276899839531529,0.09532843570672828,
anchor,dgp1,300,10,500,5,8,depth 2,1.2768737158638666,0.09586639505275547,
anchor,dgp1,300,10,500,5,8,depth 3,1.277290405161211,0.09647247392085226,
anchor,dgp1,300,10,500,5,8,selected,1.2785435406801735,0.0969262913164326,tree
anchor,dgp1,300,10,500,5,8,oracle depth,,0.09532843570672828,
anchor,dgp1,300,10,500,5,9,RF,1.1715989832998905,0.10010575090301012,
anchor,dgp1,300,10,500,5,9,tree,1.1686978367396408,0.09825372006845949,
anchor,dgp1,300,10,500,5,9,depth 1,1.1686546067306312,0.0979835143820161,
anchor,dgp1,300,10,500,5,9,depth 2,1.1681454026650022,0.09734134173308384,
anchor,dgp1,300,10,500,5,9,depth 3,1.167849628515742,0.09707227977561071,
anchor,dgp1,300,10,500,5,9,selected,1.1686978367396408,0.09825372006845949,tree
anchor,dgp1,300,10,500,5,9,oracle depth,,0.09707227977561071,
anchor,dgp1,300,10,500,5,10,RF,1.2103270356090783,0.08585228189245121,
anchor,dgp1,300,10,500,5,10,tree,1.197682969457011,0.07832569022868847,
anchor,dgp1,300,10,500,5,10,depth 1,1.1976928439394607,0.07793092242753275,
anchor,dgp1,300,10,500,5,10,depth 2,1.198751776900035,0.07904892719556067,
anchor,dgp1,300,10,500,5,10,depth 3,1.1993628596225,0.07926788797995094,
anchor,dgp1,300,10,500,5,10,selected,1.197682969457011,0.07832569022868847,tree
anchor,dgp1,300,10,500,5,10,oracle depth,,0.07793092242753275,
anchor,dgp1,300,10,500,5,11,RF,1.3394918881578173,0.11573305987213439,
anchor,dgp1,300,10,500,5,11,tree,1.319781490171403,0.08612131607821884,
anchor,dgp1,300,10,500,5,11,depth 1,1.3232376332879194,0.09122775060537716,
anchor,dgp1,300,10,500,5,11,depth 2,1.3265982271368177,0.09625908169610746,
anchor,dgp1,300,10,500,5,11,depth 3,1.3287825366969366,0.09928320308875721,
anchor,dgp1,300,10,500,5,11,selected,1.319781490171403,0.08612131607821884,tree
anchor,dgp1,300,10,500,5,11,oracle depth,,0.08612131607821884,
anchor,dgp1,300,10,500,5,12,RF,1.227526352759952,0.06795471288492327,
anchor,dgp1,300,10,500,5,12,tree,1.2301110773008586,0.0652136333481526,
anchor,dgp1,300,10,500,5,12,depth 1,1.226303197733127,0.06203212523586393,
anchor,dgp1,300,10,500,5,12,depth 2,1.2257640604409816,0.0620246389555889,
anchor,dgp1,300,10,500,5,12,depth 3,1.2254095465936192,0.0622388238532071,
anchor,dgp1,300,10,500,5,12,selected,1.226303197733127,0.06203212523586393,depth 1
anchor,dgp1,300,10,500,5,12,oracle depth,,0.0620246389555889,
anchor,dgp1,300,10,500,5,13,RF,1.3408238622659654,0.0882575906852093,
anchor,dgp1,300,10,500,5,13,tree,1.339032682612917,0.07926140592025813,
anchor,dgp1,300,10,500,5,13,depth 1,1.3391049369423296,0.07978622833518748,
anchor,dgp1,300,10,500,5,13,depth 2,1.3381986320084696,0.08014504338903113,
anchor,dgp1,300,10,500,5,13,depth 3,1.3378241152961219,0.08080704902289923,
anchor,dgp1,300,10,500,5,13,selected,1.3381986320084696,0.08014504338903113,depth 2
anchor,dgp1,300,10,500,5,13,oracle depth,,0.07926140592025813,
anchor,dgp1,300,10,500,5,14,RF,1.3979787506701833,0.11220441897701121,
anchor,dgp1,300,10,500,5,14,tree,1.3902016825063541,0.10750542875614523,
anchor,dgp1,300,10,500,5,14,depth 1,1.3911711927266337,0.10712227267141289,
anchor,dgp1,300,10,500,5,14,depth 2,1.3936752277358255,0.10926340375784202,
anchor,dgp1,300,10,500,5,14,depth 3,1.3932782294067432,0.10921432011179642,
anchor,dgp1,300,10,500,5,14,selected,1.3902016825063541,0.10750542875614523,tree
anchor,dgp1,300,10,500,5,14,oracle depth,,0.10712227267141289,
anchor,dgp1,300,10,500,5,15,RF,1.5161658492332644,0.07547494643948846,
anchor,dgp1,300,10,500,5,15,tree,1.5279673076956755,0.08063328032941877,
anchor,dgp1,300,10,500,5,15,depth 1,1.522017462650511,0.07700344024621258,
anchor,dgp1,300,10,500,5,15,depth 2,1.5195853149956193,0.07589416455876455,
anchor,dgp1,300,10,500,5,15,depth 3,1.5182756099388328,0.07502710590480707,
anchor,dgp1,300,10,500,5,15,selected,1.5279673076956755,0.08063328032941877,tree
anchor,dgp1,300,10,500,5,15,oracle depth,,0.07502710590480707,
anchor,dgp1,300,10,500,5,16,RF,1.2519689928735502,0.09792975917350073,
anchor,dgp1,300,10,500,5,16,tree,1.2520438449238398,0.08497453601092415,
anchor,dgp1,300,10,500,5,16,depth 1,1.2467424315161448,0.08267943615737826,
anchor,dgp1,300,10,500,5,16,depth 2,1.243865183947329,0.08361972433642757,
anchor,dgp1,300,10,500,5,16,depth 3,1.2436692776403362,0.08536504528185299,
anchor,dgp1,300,10,500,5,16,selected,1.2467424315161448,0.08267943615737826,depth 1
anchor,dgp1,300,10,500,5,16,oracle depth,,0.08267943615737826,
anchor,dgp1,300,10,500,5,17,RF,1.3889652824035994,0.07585417076552217,
anchor,dgp1,300,10,500,5,17,tree,1.3757702617864398,0.06586650248638008,
anchor,dgp1,300,10,500,5,17,depth 1,1.3756645232014586,0.06459783457083704,
anchor,dgp1,300,10,500,5,17,depth 2,1.377002660230429,0.06559751203007619,
anchor,dgp1,300,10,500,5,17,depth 3,1.3781927257207323,0.06691180605202578,
anchor,dgp1,300,10,500,5,17,selected,1.3756645232014586,0.06459783457083704,depth 1
anchor,dgp1,300,10,500,5,17,oracle depth,,0.06459783457083704,
anchor,dgp1,300,10,500,5,18,RF,1.292855835855506,0.06861159261586168,
anchor,dgp1,300,10,500,5,18,tree,1.279053689572567,0.06225125390721932,
anchor,dgp1,300,10,500,5,18,depth 1,1.2780732364782428,0.058842223512791614,
anchor,dgp1,300,10,500,5,18,depth 2,1.2794752368557227,0.05889188837642778,
anchor,dgp1,300,10,500,5,18,depth 3,1.2808686417926702,0.05993323558901946,
anchor,dgp1,300,10,500,5,18,selected,1.2808686417926702,0.05993323558901946,depth 3
anchor,dgp1,300,10,500,5,18,oracle depth,,0.058842223512791614,
anchor,dgp1,300,10,500,5,19,RF,1.2000709120969908,0.08676003852738598,
anchor,dgp1,300,10,500,5,19,tree,1.1844736453137066,0.0740747482439326,
anchor,dgp1,300,10,500,5,19,depth 1,1.1850282651342174,0.0742623607585474,
anchor,dgp1,300,10,500,5,19,depth 2,1.1879409904443297,0.07667252958677706,
anchor,dgp1,300,10,500,5,19,depth 3,1.18919958969982,0.07765577781094167,
anchor,dgp1,300,10,500,5,19,selected,1.1850282651342174,0.0742623607585474,depth 1
anchor,dgp1,300,10,500,5,19,oracle depth,,0.0740747482439326,
anchor,dgp1,1200,10,10,5,0,RF,1.297450657788946,0.12499709748643363,
anchor,dgp1,1200,10,10,5,0,tree,1.271414374195224,0.0894006775002514,
anchor,dgp1,1200,10,10,5,0,depth 1,1.269041307915968,0.08532952839733855,
anchor,dgp1,1200,10,10,5,0,depth 2,1.2676689238884769,0.08521620319737976,
anchor,dgp1,1200,10,10,5,0,depth 3,1.2691069587446182,0.08611999599220173,
anchor,dgp1,1200,10,10,5,0,selected,1.269041307915968,0.08532952839733855,depth 1
anchor,dgp1,1200,10,10,5,0,oracle depth,,0.08521620319737976,
anchor,dgp1,1200,10,10,5,1,RF,1.25578526343854,0.12816068562295382,
anchor,dgp1,1200,10,10,5,1,tree,1.2310962961858758,0.10170890102002142,
anchor,dgp1,1200,10,10,5,1,depth 1,1.2267345842777937,0.09711037515503443,
anchor,dgp1,1200,10,10,5,1,depth 2,1.226727084650584,0.09681113703049304,
anchor,dgp1,1200,10,10,5,1,depth 3,1.225442778480736,0.0975870700634319,
anchor,dgp1,1200,10,10,5,1,selected,1.226727084650584,0.09681113703049304,depth 2
anchor,dgp1,1200,10,10,5,1,oracle depth,,0.09681113703049304,
anchor,dgp1,1200,10,10,5,2,RF,1.205431303117961,0.11606285962966054,
anchor,dgp1,1200,10,10,5,2,tree,1.180393992104922,0.09433453089049013,
anchor,dgp1,1200,10,10,5,2,depth 1,1.1778104259538729,0.09157116003555736,
anchor,dgp1,1200,10,10,5,2,depth 2,1.1746920894273547,0.08760786442117963,
anchor,dgp1,1200,10,10,5,2,depth 3,1.1753170941880493,0.08771473894126386,
anchor,dgp1,1200,10,10,5,2,selected,1.1746920894273547,0.08760786442117963,depth 2
anchor,dgp1,1200,10,10,5,2,oracle depth,,0.08760786442117963,
anchor,dgp1,1200,10,10,5,3,RF,1.288561417271245,0.14234490883219086,
anchor,dgp1,1200,10,10,5,3,tree,1.249955170643854,0.11268231539675662,
anchor,dgp1,1200,10,10,5,3,depth 1,1.2471629728341305,0.10857029956296146,
anchor,dgp1,1200,10,10,5,3,depth 2,1.2459083576657672,0.10734918651840565,
anchor,dgp1,1200,10,10,5,3,depth 3,1.248099421208845,0.10678971179258251,
anchor,dgp1,1200,10,10,5,3,selected,1.2471629728341305,0.10857029956296146,depth 1
anchor,dgp1,1200,10,10,5,3,oracle depth,,0.10678971179258251,
anchor,dgp1,1200,10,10,5,4,RF,1.5142956459466632,0.1367731997962231,
anchor,dgp1,1200,10,10,5,4,tree,1.479910956049738,0.1078170253215355,
anchor,dgp1,1200,10,10,5,4,depth 1,1.4706444890444563,0.10011788278017233,
anchor,dgp1,1200,10,10,5,4,depth 2,1.4671220005792505,0.09785119231287956,
anchor,dgp1,1200,10,10,5,4,depth 3,1.470985525473071,0.10021813472439194,
anchor,dgp1,1200,10,10,5,4,selected,1.4671220005792505,0.09785119231287956,depth 2
anchor,dgp1,1200,10,10,5,4,oracle depth,,0.09785119231287956,
anchor,dgp1,1200,10,10,5,5,RF,1.3516705064294514,0.13904126950715356,
anchor,dgp1,1200,10,10,5,5,tree,1.3193415324883613,0.10851729080975184,
anchor,dgp1,1200,10,10,5,5,depth 1,1.3149973248422475,0.10338258806674916,
anchor,dgp1,1200,10,10,5,5,depth 2,1.3143651441191992,0.10218804589819873,
anchor,dgp1,1200,10,10,5,5,depth 3,1.3183842926016383,0.10406429185218496,
anchor,dgp1,1200,10,10,5,5,selected,1.3183842926016383,0.10406429185218496,depth 3
anchor,dgp1,1200,10,10,5,5,oracle depth,,0.10218804589819873,
anchor,dgp1,1200,10,10,5,6,RF,1.5445003931179944,0.12427394121617046,
anchor,dgp1,1200,10,10,5,6,tree,1.5244520931613366,0.0969203285992957,
anchor,dgp1,1200,10,10,5,6,depth 1,1.5196320393685443,0.09306949981337588,
anchor,dgp1,1200,10,10,5,6,depth 2,1.5188097365106799,0.09384024820380758,
anchor,dgp1,1200,10,10,5,6,depth 3,1.5170530542167102,0.09457102040547534,
anchor,dgp1,1200,10,10,5,6,selected,1.5170530542167102,0.09457102040547534,depth 3
anchor,dgp1,1200,10,10,5,6,oracle depth,,0.09306949981337588,
anchor,dgp1,1200,10,10,5,7,RF,1.2329368342537788,0.14685042404552137,
anchor,dgp1,1200,10,10,5,7,tree,1.208615111021437,0.11773127949277756,
anchor,dgp1,1200,10,10,5,7,depth 1,1.2028439025881192,0.11239702381420098,
anchor,dgp1,1200,10,10,5,7,depth 2,1.2010422012001558,0.10966301379777682,
anchor,dgp1,1200,10,10,5,7,depth 3,1.2045204891320678,0.11189834084299756,
anchor,dgp1,1200,10,10,5,7,selected,1.2028439025881192,0.11239702381420098,depth 1
anchor,dgp1,1200,10,10,5,7,oracle depth,,0.10966301379777682,
anchor,dgp1,1200,10,10,5,8,RF,1.341739194433698,0.11944849200013313,
anchor,dgp1,1200,10,10,5,8,tree,1.3023012595722379,0.09443969820034179,
anchor,dgp1,1200,10,10,5,8,depth 1,1.2993505065856505,0.08939367702883518,
anchor,dgp1,1200,10,10,5,8,depth 2,1.2981293850411415,0.08488783362450929,
anchor,dgp1,1200,10,10,5,8,depth 3,1.3003600261231862,0.08575807328482309,
anchor,dgp1,1200,10,10,5,8,selected,1.2981293850411415,0.08488783362450929,depth 2
anchor,dgp1,1200,10,10,5,8,oracle depth,,0.08488783362450929,
anchor,dgp1,1200,10,10,5,9,RF,1.3757397176020225,0.1548022558697292,
anchor,dgp1,1200,10,10,5,9,tree,1.3503650527127946,0.1275990575820836,
anchor,dgp1,1200,10,10,5,9,depth 1,1.3459982348663093,0.12230048450321802,
anchor,dgp1,1200,10,10,5,9,depth 2,1.3411712798800965,0.11978814005590288,
anchor,dgp1,1200,10,10,5,9,depth 3,1.3445372361201766,0.1219098925525318,
anchor,dgp1,1200,10,10,5,9,selected,1.3459982348663093,0.12230048450321802,depth 1
anchor,dgp1,1200,10,10,5,9,oracle depth,,0.11978814005590288,
anchor,dgp1,1200,10,10,5,10,RF,1.3329810575917573,0.13472957196698432,
anchor,dgp1,1200,10,10,5,10,tree,1.2929208314575409,0.10522332035811045,
anchor,dgp1,1200,10,10,5,10,depth 1,1.289865795161861,0.10340268356077907,
anchor,dgp1,1200,10,10,5,10,depth 2,1.2883148140992653,0.10163718318773994,
anchor,dgp1,1200,10,10,5,10,depth 3,1.2859818779373062,0.09888616129852737,
anchor,dgp1,1200,10,10,5,10,selected,1.289865795161861,0.10340268356077907,depth 1
anchor,dgp1,1200,10,10,5,10,oracle depth,,0.09888616129852737,
anchor,dgp1,1200,10,10,5,11,RF,1.3592091926663519,0.13121704554937502,
anchor,dgp1,1200,10,10,5,11,tree,1.332256353617531,0.10570319878373541,
anchor,dgp1,1200,10,10,5,11,depth 1,1.3270499385974102,0.10227325036500834,
anchor,dgp1,1200,10,10,5,11,depth 2,1.3220223058986404,0.09817958308844231,
anchor,dgp1,1200,10,10,5,11,depth 3,1.325675610922179,0.09994416590283868,
anchor,dgp1,1200,10,10,5,11,selected,1.3220223058986404,0.09817958308844231,depth 2
anchor,dgp1,1200,10,10,5,11,oracle depth,,0.09817958308844231,
anchor,dgp1,1200,10,10,5,12,RF,1.2828458572642907,0.14171915240430225,
anchor,dgp1,1200,10,10,5,12,tree,1.245165914245164,0.10240331953084952,
anchor,dgp1,1200,10,10,5,12,depth 1,1.2401949051991172,0.09761980621382683,
anchor,dgp1,1200,10,10,5,12,depth 2,1.2396173539685535,0.1004574895488879,
anchor,dgp1,1200,10,10,5,12,depth 3,1.2397971352505375,0.10081394415402262,
anchor,dgp1,1200,10,10,5,12,selected,1.2397971352505375,0.10081394415402262,depth 3
anchor,dgp1,1200,10,10,5,12,oracle depth,,0.09761980621382683,
anchor,dgp1,1200,10,10,5,13,RF,1.4388333616351823,0.11190906791605341,
anchor,dgp1,1200,10,10,5,13,tree,1.417871699194011,0.08618624646191025,
anchor,dgp1,1200,10,10,5,13,depth 1,1.4125818798044123,0.08227601598483454,
anchor,dgp1,1200,10,10,5,13,depth 2,1.4088657918865861,0.08086648996870355,
anchor,dgp1,1200,10,10,5,13,depth 3,1.4094740570269142,0.08101103133677492,
anchor,dgp1,1200,10,10,5,13,selected,1.4125818798044123,0.08227601598483454,depth 1
anchor,dgp1,1200,10,10,5,13,oracle depth,,0.08086648996870355,
anchor,dgp1,1200,10,10,5,14,RF,1.3412589939669166,0.12663325768781025,
anchor,dgp1,1200,10,10,5,14,tree,1.3131868378730949,0.09368750758318523,
anchor,dgp1,1200,10,10,5,14,depth 1,1.3100660152104278,0.09179339749627798,
anchor,dgp1,1200,10,10,5,14,depth 2,1.3094387589976932,0.09033409516050468,
anchor,dgp1,1200,10,10,5,14,depth 3,1.3109121016893246,0.09200473514606546,
anchor,dgp1,1200,10,10,5,14,selected,1.3100660152104278,0.09179339749627798,depth 1
anchor,dgp1,1200,10,10,5,14,oracle depth,,0.09033409516050468,
anchor,dgp1,1200,10,10,5,15,RF,1.4161275701760818,0.1407098291278769,
anchor,dgp1,1200,10,10,5,15,tree,1.378765226337657,0.10472882180743519,
anchor,dgp1,1200,10,10,5,15,depth 1,1.376367160778632,0.10280916155336829,
anchor,dgp1,1200,10,10,5,15,depth 2,1.375342398792005,0.10259439658990399,
anchor,dgp1,1200,10,10,5,15,depth 3,1.377745605355961,0.10378074279861849,
anchor,dgp1,1200,10,10,5,15,selected,1.375342398792005,0.10259439658990399,depth 2
anchor,dgp1,1200,10,10,5,15,oracle depth,,0.10259439658990399,
anchor,dgp1,1200,10,10,5,16,RF,1.421089751874211,0.12735158382278156,
anchor,dgp1,1200,10,10,5,16,tree,1.3914614540078365,0.09874341215603485,
anchor,dgp1,1200,10,10,5,16,depth 1,1.3856191148579147,0.09402447190080379,
anchor,dgp1,1200,10,10,5,16,depth 2,1.3838654285934606,0.09080751514478762,
anchor,dgp1,1200,10,10,5,16,depth 3,1.3847311977899868,0.09120856537046412,
anchor,dgp1,1200,10,10,5,16,selected,1.3856191148579147,0.09402447190080379,depth 1
anchor,dgp1,1200,10,10,5,16,oracle depth,,0.09080751514478762,
anchor,dgp1,1200,10,10,5,17,RF,1.256377913560993,0.1203137774446368,
anchor,dgp1,1200,10,10,5,17,tree,1.231845525364273,0.09395546339532025,
anchor,dgp1,1200,10,10,5,17,depth 1,1.2287733636602105,0.0923247125535919,
anchor,dgp1,1200,10,10,5,17,depth 2,1.2285122711348828,0.09088737045375558,
anchor,dgp1,1200,10,10,5,17,depth 3,1.2305465157258206,0.09278710324794494,
anchor,dgp1,1200,10,10,5,17,selected,1.2287733636602105,0.0923247125535919,depth 1
anchor,dgp1,1200,10,10,5,17,oracle depth,,0.09088737045375558,
anchor,dgp1,1200,10,10,5,18,RF,1.3661808655919607,0.12260610650050609,
anchor,dgp1,1200,10,10,5,18,tree,1.3566057759568193,0.1002095990321476,
anchor,dgp1,1200,10,10,5,18,depth 1,1.35043204236947,0.09483232459642661,
anchor,dgp1,1200,10,10,5,18,depth 2,1.3489147386005103,0.09372000325164394,
anchor,dgp1,1200,10,10,5,18,depth 3,1.3469337290242744,0.09236150348001354,
anchor,dgp1,1200,10,10,5,18,selected,1.3469337290242744,0.09236150348001354,depth 3
anchor,dgp1,1200,10,10,5,18,oracle depth,,0.09236150348001354,
anchor,dgp1,1200,10,10,5,19,RF,1.267704500092423,0.12896300259417123,
anchor,dgp1,1200,10,10,5,19,tree,1.2396235970853493,0.10061642070925093,
anchor,dgp1,1200,10,10,5,19,depth 1,1.2365837824487198,0.09759850335404148,
anchor,dgp1,1200,10,10,5,19,depth 2,1.2319681311818316,0.09440541103252881,
anchor,dgp1,1200,10,10,5,19,depth 3,1.2309049144839785,0.09457637287122751,
anchor,dgp1,1200,10,10,5,19,selected,1.2319681311818316,0.09440541103252881,depth 2
anchor,dgp1,1200,10,10,5,19,oracle depth,,0.09440541103252881,
anchor,dgp1,1200,10,500,5,0,RF,1.1764577203026352,0.05381398610720447,
anchor,dgp1,1200,10,500,5,0,tree,1.1779276299337929,0.051709418514435126,
anchor,dgp1,1200,10,500,5,0,depth 1,1.1724248636304506,0.04783027202537096,
anchor,dgp1,1200,10,500,5,0,depth 2,1.1700190167773954,0.046466658927548206,
anchor,dgp1,1200,10,500,5,0,depth 3,1.1696333451771257,0.046424352290075896,
anchor,dgp1,1200,10,500,5,0,selected,1.1700190167773954,0.046466658927548206,depth 2
anchor,dgp1,1200,10,500,5,0,oracle depth,,0.046424352290075896,
anchor,dgp1,1200,10,500,5,1,RF,1.22692309247263,0.06192134051718264,
anchor,dgp1,1200,10,500,5,1,tree,1.2262837189212061,0.056808352362684916,
anchor,dgp1,1200,10,500,5,1,depth 1,1.2204819858872666,0.05388647472851759,
anchor,dgp1,1200,10,500,5,1,depth 2,1.2189412672402247,0.05354271705650598,
anchor,dgp1,1200,10,500,5,1,depth 3,1.218973453822602,0.05413951394745188,
anchor,dgp1,1200,10,500,5,1,selected,1.2189412672402247,0.05354271705650598,depth 2
anchor,dgp1,1200,10,500,5,1,oracle depth,,0.05354271705650598,
anchor,dgp1,1200,10,500,5,2,RF,1.2157039397075045,0.054559214742610926,
anchor,dgp1,1200,10,500,5,2,tree,1.2075724915757113,0.048470515217462415,
anchor,dgp1,1200,10,500,5,2,depth 1,1.2071777222302074,0.04732880377631765,
anchor,dgp1,1200,10,500,5,2,depth 2,1.2070632755564048,0.04730531955023336,
anchor,dgp1,1200,10,500,5,2,depth 3,1.2071350134731664,0.04734873016901302,
anchor,dgp1,1200,10,500,5,2,selected,1.2071350134731664,0.04734873016901302,depth 3
anchor,dgp1,1200,10,500,5,2,oracle depth,,0.04730531955023336,
anchor,dgp1,1200,10,500,5,3,RF,1.3005226098216924,0.0628610176375263,
anchor,dgp1,1200,10,500,5,3,tree,1.3054989570991924,0.06710561529602987,
anchor,dgp1,1200,10,500,5,3,depth 1,1.2993402591367622,0.06131726090093036,
anchor,dgp1,1200,10,500,5,3,depth 2,1.2968981623881928,0.059166848748456555,
anchor,dgp1,1200,10,500,5,3,depth 3,1.2959265699102651,0.0583951340468149,
anchor,dgp1,1200,10,500,5,3,selected,1.2993402591367622,0.06131726090093036,depth 1
anchor,dgp1,1200,10,500,5,3,oracle depth,,0.0583951340468149,
anchor,dgp1,1200,10,500,5,4,RF,1.279931529213407,0.06158723494210536,
anchor,dgp1,1200,10,500,5,4,tree,1.2900602657950662,0.06399765609134814,
anchor,dgp1,1200,10,500,5,4,depth 1,1.2827522781477463,0.05830021440758985,
anchor,dgp1,1200,10,500,5,4,depth 2,1.2799472869835042,0.05641097108727297,
anchor,dgp1,1200,10,500,5,4,depth 3,1.2789952942833498,0.055994074806193186,
anchor,dgp1,1200,10,500,5,4,selected,1.2799472869835042,0.05641097108727297,depth 2
anchor,dgp1,1200,10,500,5,4,oracle depth,,0.055994074806193186,
anchor,dgp1,1200,10,500,5,5,RF,1.1610563003173482,0.05922654128428752,
anchor,dgp1,1200,10,500,5,5,tree,1.1596647705736234,0.05785457456080352,
anchor,dgp1,1200,10,500,5,5,depth 1,1.1565568717793473,0.053843601468420293,
anchor,dgp1,1200,10,500,5,5,depth 2,1.1558245316109632,0.053007150072567545,
anchor,dgp1,1200,10,500,5,5,depth 3,1.1558468627966465,0.05305431554919914,
anchor,dgp1,1200,10,500,5,5,selected,1.1558468627966465,0.05305431554919914,depth 3
anchor,dgp1,1200,10,500,5,5,oracle depth,,0.053007150072567545,
anchor,dgp1,1200,10,500,5,6,RF,1.197254006671647,0.04975461428858187,
anchor,dgp1,1200,10,500,5,6,tree,1.1905022837421955,0.044284664014633775,
anchor,dgp1,1200,10,500,5,6,depth 1,1.189593052163641,0.042832392722814326,
anchor,dgp1,1200,10,500,5,6,depth 2,1.1892641376716968,0.042624263302447035,
anchor,dgp1,1200,10,500,5,6,depth 3,1.1894215079026453,0.04285830644658679,
anchor,dgp1,1200,10,500,5,6,selected,1.1892641376716968,0.042624263302447035,depth 2
anchor,dgp1,1200,10,500,5,6,oracle depth,,0.042624263302447035,
anchor,dgp1,1200,10,500,5,7,RF,1.222790004373539,0.054510111922351126,
anchor,dgp1,1200,10,500,5,7,tree,1.2179481212019494,0.050776234760956794,
anchor,dgp1,1200,10,500,5,7,depth 1,1.2148966870863238,0.04825013714637898,
anchor,dgp1,1200,10,500,5,7,depth 2,1.2140641448983096,0.0476323014311788,
anchor,dgp1,1200,10,500,5,7,depth 3,1.2143529707010132,0.04799766911301084,
anchor,dgp1,1200,10,500,5,7,selected,1.2143529707010132,0.04799766911301084,depth 3
anchor,dgp1,1200,10,500,5,7,oracle depth,,0.0476323014311788,
anchor,dgp1,1200,10,500,5,8,RF,1.2207127305649288,0.06250162478712439,
anchor,dgp1,1200,10,500,5,8,tree,1.2148205199061106,0.05749541470003292,
anchor,dgp1,1200,10,500,5,8,depth 1,1.2136425765557226,0.054842581133676446,
anchor,dgp1,1200,10,500,5,8,depth 2,1.214035472503945,0.05422678313425657,
anchor,dgp1,1200,10,500,5,8,depth 3,1.2145667602659784,0.054518770659961496,
anchor,dgp1,1200,10,500,5,8,selected,1.2145667602659784,0.054518770659961496,depth 3
anchor,dgp1,1200,10,500,5,8,oracle depth,,0.05422678313425657,
anchor,dgp1,1200,10,500,5,9,RF,1.1586342386146917,0.056562808145448173,
anchor,dgp1,1200,10,500,5,9,tree,1.166817609683866,0.05779985091047907,
anchor,dgp1,1200,10,500,5,9,depth 1,1.160751289744128,0.05381927116801457,
anchor,dgp1,1200,10,500,5,9,depth 2,1.157637444312942,0.05204716550153476,
anchor,dgp1,1200,10,500,5,9,depth 3,1.1563607965824325,0.051477505216215955,
anchor,dgp1,1200,10,500,5,9,selected,1.1563607965824325,0.051477505216215955,depth 3
anchor,dgp1,1200,10,500,5,9,oracle depth,,0.051477505216215955,
anchor,dgp1,1200,10,500,5,10,RF,1.229860670934505,0.057682285677586646,
anchor,dgp1,1200,10,500,5,10,tree,1.2365462419487332,0.05530906252317922,
anchor,dgp1,1200,10,500,5,10,depth 1,1.2310587239391355,0.05168172171106011,
anchor,dgp1,1200,10,500,5,10,depth 2,1.2284393825895121,0.050981690496390036,
anchor,dgp1,1200,10,500,5,10,depth 3,1.2275136941058378,0.050908404191931544,
anchor,dgp1,1200,10,500,5,10,selected,1.2310587239391355,0.05168172171106011,depth 1
anchor,dgp1,1200,10,500,5,10,oracle depth,,0.050908404191931544,
anchor,dgp1,1200,10,500,5,11,RF,1.2672690716726067,0.04480302019895575,
anchor,dgp1,1200,10,500,5,11,tree,1.2518994797839995,0.041350136070224794,
anchor,dgp1,1200,10,500,5,11,depth 1,1.2516982680456135,0.03904371988445304,
anchor,dgp1,1200,10,500,5,11,depth 2,1.2522048375963246,0.03815111065621563,
anchor,dgp1,1200,10,500,5,11,depth 3,1.2535678657138065,0.03829212312248586,
anchor,dgp1,1200,10,500,5,11,selected,1.2522048375963246,0.03815111065621563,depth 2
anchor,dgp1,1200,10,500,5,11,oracle depth,,0.03815111065621563,
anchor,dgp1,1200,10,500,5,12,RF,1.3012334925847042,0.056771691986493254,
anchor,dgp1,1200,10,500,5,12,tree,1.288597789631662,0.05358285135873955,
anchor,dgp1,1200,10,500,5,12,depth 1,1.2882465603576654,0.05129862617664454,
anchor,dgp1,1200,10,500,5,12,depth 2,1.2891024396090618,0.05055372916452664,
anchor,dgp1,1200,10,500,5,12,depth 3,1.2901673862064682,0.05043140778687325,
anchor,dgp1,1200,10,500,5,12,selected,1.2901673862064682,0.05043140778687325,depth 3
anchor,dgp1,1200,10,500,5,12,oracle depth,,0.05043140778687325,
anchor,dgp1,1200,10,500,5,13,RF,1.362524156919779,0.042575103804074504,
anchor,dgp1,1200,10,500,5,13,tree,1.365531683987656,0.044352435886620675,
anchor,dgp1,1200,10,500,5,13,depth 1,1.3644264078701651,0.04092695480319381,
anchor,dgp1,1200,10,500,5,13,depth 2,1.3637634912460108,0.0396670301672798,
anchor,dgp1,1200,10,500,5,13,depth 3,1.3634905416572647,0.039145372063268916,
anchor,dgp1,1200,10,500,5,13,selected,1.3634905416572647,0.039145372063268916,depth 3
anchor,dgp1,1200,10,500,5,13,oracle depth,,0.039145372063268916,
anchor,dgp1,1200,10,500,5,14,RF,1.3229596587512429,0.06267869122093658,
anchor,dgp1,1200,10,500,5,14,tree,1.3140033951900298,0.058800180421432674,
anchor,dgp1,1200,10,500,5,14,depth 1,1.3120428160167878,0.05518110804211816,
anchor,dgp1,1200,10,500,5,14,depth 2,1.3128787224835905,0.05465103871696142,
anchor,dgp1,1200,10,500,5,14,depth 3,1.3140471396127102,0.05512337388025693,
anchor,dgp1,1200,10,500,5,14,selected,1.3140471396127102,0.05512337388025693,depth 3
anchor,dgp1,1200,10,500,5,14,oracle depth,,0.05465103871696142,
anchor,dgp1,1200,10,500,5,15,RF,1.3150472840401886,0.051245693907123475,
anchor,dgp1,1200,10,500,5,15,tree,1.3053157024370394,0.04395111338169967,
anchor,dgp1,1200,10,500,5,15,depth 1,1.3039574968810261,0.043248331880426955,
anchor,dgp1,1200,10,500,5,15,depth 2,1.3040367838041986,0.043530826090826966,
anchor,dgp1,1200,10,500,5,15,depth 3,1.3049977502558778,0.044227016963071186,
anchor,dgp1,1200,10,500,5,15,selected,1.3049977502558778,0.044227016963071186,depth 3
anchor,dgp1,1200,10,500,5,15,oracle depth,,0.043248331880426955,
anchor,dgp1,1200,10,500,5,16,RF,1.252653276539571,0.05208448480446414,
anchor,dgp1,1200,10,500,5,16,tree,1.2593767809171947,0.04812205367092307,
anchor,dgp1,1200,10,500,5,16,depth 1,1.2542188037625264,0.04469478820410195,
anchor,dgp1,1200,10,500,5,16,depth 2,1.2520018337847034,0.04443465546944418,
anchor,dgp1,1200,10,500,5,16,depth 3,1.2511752047101807,0.04472090522106246,
anchor,dgp1,1200,10,500,5,16,selected,1.2511752047101807,0.04472090522106246,depth 3
anchor,dgp1,1200,10,500,5,16,oracle depth,,0.04443465546944418,
anchor,dgp1,1200,10,500,5,17,RF,1.2748590201651577,0.06089363165155376,
anchor,dgp1,1200,10,500,5,17,tree,1.2718143467308083,0.05506548808032016,
anchor,dgp1,1200,10,500,5,17,depth 1,1.270047702752169,0.052647774664429145,
anchor,dgp1,1200,10,500,5,17,depth 2,1.2693799340933318,0.05194783621931403,
anchor,dgp1,1200,10,500,5,17,depth 3,1.2691918856205797,0.05230564932992824,
anchor,dgp1,1200,10,500,5,17,selected,1.2693799340933318,0.05194783621931403,depth 2
anchor,dgp1,1200,10,500,5,17,oracle depth,,0.05194783621931403,
anchor,dgp1,1200,10,500,5,18,RF,1.3066491658714239,0.054138488317778524,
anchor,dgp1,1200,10,500,5,18,tree,1.3081474953550423,0.05354654799876028,
anchor,dgp1,1200,10,500,5,18,depth 1,1.3031592786749937,0.05039960521025954,
anchor,dgp1,1200,10,500,5,18,depth 2,1.3018471752200729,0.04954023818454325,
anchor,dgp1,1200,10,500,5,18,depth 3,1.301549508834756,0.04952782721748965,
anchor,dgp1,1200,10,500,5,18,selected,1.3018471752200729,0.04954023818454325,depth 2
anchor,dgp1,1200,10,500,5,18,oracle depth,,0.04952782721748965,
anchor,dgp1,1200,10,500,5,19,RF,1.2883272598725037,0.07938903893117398,
anchor,dgp1,1200,10,500,5,19,tree,1.287627609015698,0.07740689494995139,
anchor,dgp1,1200,10,500,5,19,depth 1,1.282129382569307,0.07231695263391524,
anchor,dgp1,1200,10,500,5,19,depth 2,1.280987202105386,0.07103810711476732,
anchor,dgp1,1200,10,500,5,19,depth 3,1.2818081572400322,0.07149203903273536,
anchor,dgp1,1200,10,500,5,19,selected,1.2818081572400322,0.07149203903273536,depth 3
anchor,dgp1,1200,10,500,5,19,oracle depth,,0.07103810711476732,
anchor,dgp2,300,10,10,5,0,RF,0.7094497558796817,0.07048388288649966,
anchor,dgp2,300,10,10,5,0,tree,0.6910718799119143,0.058496477479048195,
anchor,dgp2,300,10,10,5,0,depth 1,0.6922994659644539,0.0573112536118068,
anchor,dgp2,300,10,10,5,0,depth 2,0.6909184025817559,0.05638849991530274,
anchor,dgp2,300,10,10,5,0,depth 3,0.6947551034798486,0.05896597812992879,
anchor,dgp2,300,10,10,5,0,selected,0.6910718799119143,0.058496477479048195,tree
anchor,dgp2,300,10,10,5,0,oracle depth,,0.05638849991530274,
anchor,dgp2,300,10,10,5,1,RF,0.814239802354639,0.0866617689063646,
anchor,dgp2,300,10,10,5,1,tree,0.7976534789972931,0.0715045347736351,
anchor,dgp2,300,10,10,5,1,depth 1,0.7946606503437255,0.06869411731421608,
anchor,dgp2,300,10,10,5,1,depth 2,0.794385894783085,0.06922646557368291,
anchor,dgp2,300,10,10,5,1,depth 3,0.7933352791134664,0.06963773153901195,
anchor,dgp2,300,10,10,5,1,selected,0.7976534789972931,0.0715045347736351,tree
anchor,dgp2,300,10,10,5,1,oracle depth,,0.06869411731421608,
anchor,dgp2,300,10,10,5,2,RF,0.7540155654706132,0.1037327696425933,
anchor,dgp2,300,10,10,5,2,tree,0.7295752757817345,0.07905854579219267,
anchor,dgp2,300,10,10,5,2,depth 1,0.732717606886859,0.08284715851140963,
anchor,dgp2,300,10,10,5,2,depth 2,0.7349140251508463,0.08599048351197638,
anchor,dgp2,300,10,10,5,2,depth 3,0.7329445976541799,0.08451514971605137,
anchor,dgp2,300,10,10,5,2,selected,0.7295752757817345,0.07905854579219267,tree
anchor,dgp2,300,10,10,5,2,oracle depth,,0.07905854579219267,
anchor,dgp2,300,10,10,5,3,RF,0.786110443792646,0.06642099079896889,
anchor,dgp2,300,10,10,5,3,tree,0.7838345487369197,0.0588733679156679,
anchor,dgp2,300,10,10,5,3,depth 1,0.7806872542950214,0.0556948363229666,
anchor,dgp2,300,10,10,5,3,depth 2,0.7804854139040814,0.05559216834458035,
anchor,dgp2,300,10,10,5,3,depth 3,0.7809268545650931,0.05717165701329915,
anchor,dgp2,300,10,10,5,3,selected,0.7838345487369197,0.0588733679156679,tree
anchor,dgp2,300,10,10,5,3,oracle depth,,0.05559216834458035,
anchor,dgp2,300,10,10,5,4,RF,0.778740651743296,0.08876299068925052,
anchor,dgp2,300,10,10,5,4,tree,0.7624614800440465,0.07097838797413115,
anchor,dgp2,300,10,10,5,4,depth 1,0.7634178895635556,0.07274169557341505,
anchor,dgp2,300,10,10,5,4,depth 2,0.7631152836169159,0.07340136636131085,
anchor,dgp2,300,10,10,5,4,depth 3,0.7624267955418181,0.07324069918376863,
anchor,dgp2,300,10,10,5,4,selected,0.7624614800440465,0.07097838797413115,tree
anchor,dgp2,300,10,10,5,4,oracle depth,,0.07097838797413115,
anchor,dgp2,300,10,10,5,5,RF,0.8260528170341831,0.0871523742649874,
anchor,dgp2,300,10,10,5,5,tree,0.8081004270911023,0.0709803705891001,
anchor,dgp2,300,10,10,5,5,depth 1,0.8085556570723847,0.06950323026253576,
anchor,dgp2,300,10,10,5,5,depth 2,0.8109330335727273,0.07274886409565205,
anchor,dgp2,300,10,10,5,5,depth 3,0.8143650310219052,0.07467448654437037,
anchor,dgp2,300,10,10,5,5,selected,0.8085556570723847,0.06950323026253576,depth 1
anchor,dgp2,300,10,10,5,5,oracle depth,,0.06950323026253576,
anchor,dgp2,300,10,10,5,6,RF,0.7816379256322517,0.09800871134241718,
anchor,dgp2,300,10,10,5,6,tree,0.7572949741255346,0.0759572752042259,
anchor,dgp2,300,10,10,5,6,depth 1,0.7614352425457782,0.081570434464967,
anchor,dgp2,300,10,10,5,6,depth 2,0.7636945760519287,0.08200341317033459,
anchor,dgp2,300,10,10,5,6,depth 3,0.7631846380782052,0.08345430438568005,
anchor,dgp2,300,10,10,5,6,selected,0.7572949741255346,0.0759572752042259,tree
anchor,dgp2,300,10,10,5,6,oracle depth,,0.0759572752042259,
anchor,dgp2,300,10,10,5,7,RF,0.8186448899145465,0.10116020972619291,
anchor,dgp2,300,10,10,5,7,tree,0.8055115090322906,0.08588325179684723,
anchor,dgp2,300,10,10,5,7,depth 1,0.8061284066067609,0.08704418897486675,
anchor,dgp2,300,10,10,5,7,depth 2,0.8066392384926858,0.08701705053695927,
anchor,dgp2,300,10,10,5,7,depth 3,0.8067646210129954,0.08742348105802768,
anchor,dgp2,300,10,10,5,7,selected,0.8055115090322906,0.08588325179684723,tree
anchor,dgp2,300,10,10,5,7,oracle depth,,0.08588325179684723,
anchor,dgp2,300,10,10,5,8,RF,0.8532472879873333,0.09048322293287504,
anchor,dgp2,300,10,10,5,8,tree,0.8275065513049656,0.0727419903201161,
anchor,dgp2,300,10,10,5,8,depth 1,0.8300919050085537,0.0726331568774179,
anchor,dgp2,300,10,10,5,8,depth 2,0.8320147627767659,0.07242525688625046,
anchor,dgp2,300,10,10,5,8,depth 3,0.8330855898740307,0.07377568647316601,
anchor,dgp2,300,10,10,5,8,selected,0.8275065513049656,0.0727419903201161,tree
anchor,dgp2,300,10,10,5,8,oracle depth,,0.07242525688625046,
anchor,dgp2,300,10,10,5,9,RF,0.7663609490064591,0.10389559581443486,
anchor,dgp2,300,10,10,5,9,tree,0.7479645488911462,0.08635704620726173,
anchor,dgp2,300,10,10,5,9,depth 1,0.7440126385571847,0.08245874767412695,
anchor,dgp2,300,10,10,5,9,depth 2,0.7487009758550945,0.08581493996781743,
anchor,dgp2,300,10,10,5,9,depth 3,0.7502417994395504,0.0873739213809876,
anchor,dgp2,300,10,10,5,9,selected,0.7440126385571847,0.08245874767412695,depth 1
anchor,dgp2,300,10,10,5,9,oracle depth,,0.08245874767412695,
anchor,dgp2,300,10,10,5,10,RF,0.8128547394559416,0.05660889027142628,
anchor,dgp2,300,10,10,5,10,tree,0.8026549749238666,0.0471633476652526,
anchor,dgp2,300,10,10,5,10,depth 1,0.8022037358712616,0.047157320039800416,
anchor,dgp2,300,10,10,5,10,depth 2,0.8002222333245903,0.04467664503401141,
anchor,dgp2,300,10,10,5,10,depth 3,0.802035755757015,0.04550391874530326,
anchor,dgp2,300,10,10,5,10,selected,0.8002222333245903,0.04467664503401141,depth 2
anchor,dgp2,300,10,10,5,10,oracle depth,,0.04467664503401141,
anchor,dgp2,300,10,10,5,11,RF,0.7612731404508533,0.12830068832091512,
anchor,dgp2,300,10,10,5,11,tree,0.7199111372037273,0.08736683909549796,
anchor,dgp2,300,10,10,5,11,depth 1,0.7228289379612327,0.09116013372487748,
anchor,dgp2,300,10,10,5,11,depth 2,0.7319605975655663,0.09904998883913434,
anchor,dgp2,300,10,10,5,11,depth 3,0.731744350770471,0.09824534354597589,
anchor,dgp2,300,10,10,5,11,selected,0.7199111372037273,0.08736683909549796,tree
anchor,dgp2,300,10,10,5,11,oracle depth,,0.08736683909549796,
anchor,dgp2,300,10,10,5,12,RF,0.8897778797486756,0.0729436968789079,
anchor,dgp2,300,10,10,5,12,tree,0.8758287654116889,0.062256255731044575,
anchor,dgp2,300,10,10,5,12,depth 1,0.8780145215288178,0.06297854801289761,
anchor,dgp2,300,10,10,5,12,depth 2,0.8769042620939295,0.06087587955602423,
anchor,dgp2,300,10,10,5,12,depth 3,0.8783068282773053,0.06251385109549064,
anchor,dgp2,300,10,10,5,12,selected,0.8769042620939295,0.06087587955602423,depth 2
anchor,dgp2,300,10,10,5,12,oracle depth,,0.06087587955602423,
anchor,dgp2,300,10,10,5,13,RF,0.640157971346034,0.07071400368169246,
anchor,dgp2,300,10,10,5,13,tree,0.6351524856748325,0.06271576173729915,
anchor,dgp2,300,10,10,5,13,depth 1,0.6321336027305521,0.05969742564706798,
anchor,dgp2,300,10,10,5,13,depth 2,0.6305319680686343,0.05900043206594386,
anchor,dgp2,300,10,10,5,13,depth 3,0.6305323064622151,0.05880291497038047,
anchor,dgp2,300,10,10,5,13,selected,0.6321336027305521,0.05969742564706798,depth 1
anchor,dgp2,300,10,10,5,13,oracle depth,,0.05880291497038047,
anchor,dgp2,300,10,10,5,14,RF,0.7134493595662698,0.07901227468862836,
anchor,dgp2,300,10,10,5,14,tree,0.6988033462910106,0.06476838004026741,
anchor,dgp2,300,10,10,5,14,depth 1,0.7014136973211834,0.06706781578426513,
anchor,dgp2,300,10,10,5,14,depth 2,0.7032683178992234,0.06835305381321916,
anchor,dgp2,300,10,10,5,14,depth 3,0.702708708908411,0.06722101792072112,
anchor,dgp2,300,10,10,5,14,selected,0.6988033462910106,0.06476838004026741,tree
anchor,dgp2,300,10,10,5,14,oracle depth,,0.06476838004026741,
anchor,dgp2,300,10,10,5,15,RF,0.7021659155180452,0.08535655145390121,
anchor,dgp2,300,10,10,5,15,tree,0.6840427972744143,0.06328211220925133,
anchor,dgp2,300,10,10,5,15,depth 1,0.6873310064585121,0.0647781453349862,
anchor,dgp2,300,10,10,5,15,depth 2,0.6900082732629895,0.06656202613794907,
anchor,dgp2,300,10,10,5,15,depth 3,0.6903753112204483,0.06729504111555235,
anchor,dgp2,300,10,10,5,15,selected,0.6840427972744143,0.06328211220925133,tree
anchor,dgp2,300,10,10,5,15,oracle depth,,0.06328211220925133,
anchor,dgp2,300,10,10,5,16,RF,0.8579269601678157,0.09873459484854169,
anchor,dgp2,300,10,10,5,16,tree,0.838697584782025,0.07997249125633704,
anchor,dgp2,300,10,10,5,16,depth 1,0.8431965661888376,0.08218503759927802,
anchor,dgp2,300,10,10,5,16,depth 2,0.8450333982286428,0.08338085451510187,
anchor,dgp2,300,10,10,5,16,depth 3,0.8423357212837271,0.0826844885981277,
anchor,dgp2,300,10,10,5,16,selected,0.838697584782025,0.07997249125633704,tree
anchor,dgp2,300,10,10,5,16,oracle depth,,0.07997249125633704,
anchor,dgp2,300,10,10,5,17,RF,0.7516995708735683,0.06951518698245338,
anchor,dgp2,300,10,10,5,17,tree,0.7470368509482042,0.057705933381452156,
anchor,dgp2,300,10,10,5,17,depth 1,0.7459643660372479,0.0570610899642523,
anchor,dgp2,300,10,10,5,17,depth 2,0.7448817556197814,0.05831219051457079,
anchor,dgp2,300,10,10,5,17,depth 3,0.7439436124128236,0.05778698572175026,
anchor,dgp2,300,10,10,5,17,selected,0.7470368509482042,0.057705933381452156,tree
anchor,dgp2,300,10,10,5,17,oracle depth,,0.0570610899642523,
anchor,dgp2,300,10,10,5,18,RF,0.7723975463621952,0.057956110219299715,
anchor,dgp2,300,10,10,5,18,tree,0.7684466761030486,0.05332473851964884,
anchor,dgp2,300,10,10,5,18,depth 1,0.7658028726196511,0.051175192967524465,
anchor,dgp2,300,10,10,5,18,depth 2,0.7651111827303579,0.04999693113765552,
anchor,dgp2,300,10,10,5,18,depth 3,0.7634732430875596,0.049639463650922346,
anchor,dgp2,300,10,10,5,18,selected,0.7684466761030486,0.05332473851964884,tree
anchor,dgp2,300,10,10,5,18,oracle depth,,0.049639463650922346,
anchor,dgp2,300,10,10,5,19,RF,0.740667583136039,0.07149802384552757,
anchor,dgp2,300,10,10,5,19,tree,0.726414571701968,0.05672972361036447,
anchor,dgp2,300,10,10,5,19,depth 1,0.7231764202596678,0.05389690626493956,
anchor,dgp2,300,10,10,5,19,depth 2,0.7235963175601016,0.05578428780733203,
anchor,dgp2,300,10,10,5,19,depth 3,0.7273558268790496,0.05860261873183889,
anchor,dgp2,300,10,10,5,19,selected,0.726414571701968,0.05672972361036447,tree
anchor,dgp2,300,10,10,5,19,oracle depth,,0.05389690626493956,
anchor,dgp2,300,10,500,5,0,RF,0.8142200038289823,0.04032299484376057,
anchor,dgp2,300,10,500,5,0,tree,0.8067548818859426,0.04035549284768345,
anchor,dgp2,300,10,500,5,0,depth 1,0.8068119988321775,0.03954392883374533,
anchor,dgp2,300,10,500,5,0,depth 2,0.807435617968747,0.039038666937589235,
anchor,dgp2,300,10,500,5,0,depth 3,0.8078150024395158,0.03843399207149792,
anchor,dgp2,300,10,500,5,0,selected,0.8067548818859426,0.04035549284768345,tree
anchor,dgp2,300,10,500,5,0,oracle depth,,0.03843399207149792,
anchor,dgp2,300,10,500,5,1,RF,0.7862467812918432,0.03825424153944618,
anchor,dgp2,300,10,500,5,1,tree,0.7853403355477028,0.03880824251447702,
anchor,dgp2,300,10,500,5,1,depth 1,0.7841329510071892,0.03679470931731163,
anchor,dgp2,300,10,500,5,1,depth 2,0.7838109902263897,0.03597405731459782,
anchor,dgp2,300,10,500,5,1,depth 3,0.7837940173892642,0.03588546711438606,
anchor,dgp2,300,10,500,5,1,selected,0.7837940173892642,0.03588546711438606,depth 3
anchor,dgp2,300,10,500,5,1,oracle depth,,0.03588546711438606,
anchor,dgp2,300,10,500,5,2,RF,0.7012276164134205,0.04252099667921511,
anchor,dgp2,300,10,500,5,2,tree,0.7057062532743853,0.045811076712921346,
anchor,dgp2,300,10,500,5,2,depth 1,0.7026742218469328,0.04345696791508666,
anchor,dgp2,300,10,500,5,2,depth 2,0.7011787854000935,0.042251529486653616,
anchor,dgp2,300,10,500,5,2,depth 3,0.7008226340176916,0.041775838793343546,
anchor,dgp2,300,10,500,5,2,selected,0.7026742218469328,0.04345696791508666,depth 1
anchor,dgp2,300,10,500,5,2,oracle depth,,0.041775838793343546,
anchor,dgp2,300,10,500,5,3,RF,0.6614956912433357,0.04713824667742167,
anchor,dgp2,300,10,500,5,3,tree,0.6600252142616991,0.043186215502611695,
anchor,dgp2,300,10,500,5,3,depth 1,0.6586481481038522,0.0420472822286441,
anchor,dgp2,300,10,500,5,3,depth 2,0.6582604044511284,0.04198148834189766,
anchor,dgp2,300,10,500,5,3,depth 3,0.6588576044742531,0.04281522311552285,
anchor,dgp2,300,10,500,5,3,selected,0.6586481481038522,0.0420472822286441,depth 1
anchor,dgp2,300,10,500,5,3,oracle depth,,0.04198148834189766,
anchor,dgp2,300,10,500,5,4,RF,0.705452839368076,0.046581086787175596,
anchor,dgp2,300,10,500,5,4,tree,0.7075655505969256,0.04485586118930275,
anchor,dgp2,300,10,500,5,4,depth 1,0.7052736108822815,0.04376586381622934,
anchor,dgp2,300,10,500,5,4,depth 2,0.7042798795945683,0.04377450800781361,
anchor,dgp2,300,10,500,5,4,depth 3,0.704289908073147,0.04426386557916221,
anchor,dgp2,300,10,500,5,4,selected,0.7052736108822815,0.04376586381622934,depth 1
anchor,dgp2,300,10,500,5,4,oracle depth,,0.04376586381622934,
anchor,dgp2,300,10,500,5,5,RF,0.777221868151817,0.039866332139354095,
anchor,dgp2,300,10,500,5,5,tree,0.7716075630493235,0.037171624418013874,
anchor,dgp2,300,10,500,5,5,depth 1,0.7705419714600232,0.03567464287615408,
anchor,dgp2,300,10,500,5,5,depth 2,0.7707176473242923,0.035429046299394716,
anchor,dgp2,300,10,500,5,5,depth 3,0.7711008419193897,0.03580510647809213,
anchor,dgp2,300,10,500,5,5,selected,0.7707176473242923,0.035429046299394716,depth 2
anchor,dgp2,300,10,500,5,5,oracle depth,,0.035429046299394716,
anchor,dgp2,300,10,500,5,6,RF,0.6808886094938316,0.037962812970752095,
anchor,dgp2,300,10,500,5,6,tree,0.6805441581011146,0.036915703967025225,
anchor,dgp2,300,10,500,5,6,depth 1,0.6790338619879941,0.03519402847469739,
anchor,dgp2,300,10,500,5,6,depth 2,0.6787470202560737,0.034788525826422376,
anchor,dgp2,300,10,500,5,6,depth 3,0.678865732268086,0.03498389189283065,
anchor,dgp2,300,10,500,5,6,selected,0.678865732268086,0.03498389189283065,depth 3
anchor,dgp2,300,10,500,5,6,oracle depth,,0.034788525826422376,
anchor,dgp2,300,10,500,5,7,RF,0.739309645573849,0.06015472113576481,
anchor,dgp2,300,10,500,5,7,tree,0.7281124912280138,0.051849267909688974,
anchor,dgp2,300,10,500,5,7,depth 1,0.7295187861792349,0.05239074409458366,
anchor,dgp2,300,10,500,5,7,depth 2,0.7309420392551853,0.05334364851699097,
anchor,dgp2,300,10,500,5,7,depth 3,0.7317984114506005,0.05383057273380796,
anchor,dgp2,300,10,500,5,7,selected,0.7317984114506005,0.05383057273380796,depth 3
anchor,dgp2,300,10,500,5,7,oracle depth,,0.051849267909688974,
anchor,dgp2,300,10,500,5,8,RF,0.7932580068049204,0.04819640449851918,
anchor,dgp2,300,10,500,5,8,tree,0.7943175387164927,0.04927935870151962,
anchor,dgp2,300,10,500,5,8,depth 1,0.792730943349989,0.04774184015989069,
anchor,dgp2,300,10,500,5,8,depth 2,0.7921839682560775,0.04721257914123103,
anchor,dgp2,300,10,500,5,8,depth 3,0.7917083053424228,0.04688148586875976,
anchor,dgp2,300,10,500,5,8,selected,0.792730943349989,0.04774184015989069,depth 1
anchor,dgp2,300,10,500,5,8,oracle depth,,0.04688148586875976,
anchor,dgp2,300,10,500,5,9,RF,0.6485777781367562,0.037267852223268304,
anchor,dgp2,300,10,500,5,9,tree,0.6531943129764145,0.039670409755725125,
anchor,dgp2,300,10,500,5,9,depth 1,0.6506814027224957,0.037856814897925105,
anchor,dgp2,300,10,500,5,9,depth 2,0.6489568621363262,0.03656377994282191,
anchor,dgp2,300,10,500,5,9,depth 3,0.648237726713478,0.03613830400954258,
anchor,dgp2,300,10,500,5,9,selected,0.6489568621363262,0.03656377994282191,depth 2
anchor,dgp2,300,10,500,5,9,oracle depth,,0.03613830400954258,
anchor,dgp2,300,10,500,5,10,RF,0.6893414892272884,0.03237858646195746,
anchor,dgp2,300,10,500,5,10,tree,0.6878554467376508,0.03256392495988516,
anchor,dgp2,300,10,500,5,10,depth 1,0.6862269927573155,0.03065271792050344,
anchor,dgp2,300,10,500,5,10,depth 2,0.6858047679282987,0.02984081030876421,
anchor,dgp2,300,10,500,5,10,depth 3,0.6861679177724537,0.029895117564554995,
anchor,dgp2,300,10,500,5,10,selected,0.6862269927573155,0.03065271792050344,depth 1
anchor,dgp2,300,10,500,5,10,oracle depth,,0.02984081030876421,
anchor,dgp2,300,10,500,5,11,RF,0.7574559442843883,0.05490559965859924,
anchor,dgp2,300,10,500,5,11,tree,0.7511282834576937,0.05017737721362736,
anchor,dgp2,300,10,500,5,11,depth 1,0.7508425937269575,0.049862485540126754,
anchor,dgp2,300,10,500,5,11,depth 2,0.7514032099352971,0.05030866097431328,
anchor,dgp2,300,10,500,5,11,depth 3,0.7518023925597991,0.05050573020487534,
anchor,dgp2,300,10,500,5,11,selected,0.7514032099352971,0.05030866097431328,depth 2
anchor,dgp2,300,10,500,5,11,oracle depth,,0.049862485540126754,
anchor,dgp2,300,10,500,5,12,RF,0.7367936878509075,0.05493801542159097,
anchor,dgp2,300,10,500,5,12,tree,0.7339221182552098,0.04953997530375481,
anchor,dgp2,300,10,500,5,12,depth 1,0.7332329804974244,0.04930970852199662,
anchor,dgp2,300,10,500,5,12,depth 2,0.7335096564714665,0.05002197177767643,
anchor,dgp2,300,10,500,5,12,depth 3,0.7343369349109028,0.050826244622984955,
anchor,dgp2,300,10,500,5,12,selected,0.7343369349109028,0.050826244622984955,depth 3
anchor,dgp2,300,10,500,5,12,oracle depth,,0.04930970852199662,
anchor,dgp2,300,10,500,5,13,RF,0.6688030768293632,0.036936384170196616,
anchor,dgp2,300,10,500,5,13,tree,0.6713405998984532,0.03551444925555678,
anchor,dgp2,300,10,500,5,13,depth 1,0.6692685200532955,0.03425587746079769,
anchor,dgp2,300,10,500,5,13,depth 2,0.6683795586637925,0.03396245867702756,
anchor,dgp2,300,10,500,5,13,depth 3,0.6677370406897527,0.03371746716483651,
anchor,dgp2,300,10,500,5,13,selected,0.6683795586637925,0.03396245867702756,depth 2
anchor,dgp2,300,10,500,5,13,oracle depth,,0.03371746716483651,
anchor,dgp2,300,10,500,5,14,RF,0.7580333765978982,0.032028583877479797,
anchor,dgp2,300,10,500,5,14,tree,0.7564061901989547,0.030604226609874406,
anchor,dgp2,300,10,500,5,14,depth 1,0.7551444071890641,0.029649030711388222,
anchor,dgp2,300,10,500,5,14,depth 2,0.7551682516226987,0.029583512873508203,
anchor,dgp2,300,10,500,5,14,depth 3,0.7550151874535316,0.029448681727423213,
anchor,dgp2,300,10,500,5,14,selected,0.7551682516226987,0.029583512873508203,depth 2
anchor,dgp2,300,10,500,5,14,oracle depth,,0.029448681727423213,
anchor,dgp2,300,10,500,5,15,RF,0.7642418408170341,0.052023240480789774,
anchor,dgp2,300,10,500,5,15,tree,0.7636008938690126,0.04900166033273168,
anchor,dgp2,300,10,500,5,15,depth 1,0.7632426206131658,0.04878931756741347,
anchor,dgp2,300,10,500,5,15,depth 2,0.7636532896310697,0.049726856028171465,
anchor,dgp2,300,10,500,5,15,depth 3,0.7627278674050781,0.049221543545141196,
anchor,dgp2,300,10,500,5,15,selected,0.7636008938690126,0.04900166033273168,tree
anchor,dgp2,300,10,500,5,15,oracle depth,,0.04878931756741347,
anchor,dgp2,300,10,500,5,16,RF,0.6783863881215686,0.053299516403073594,
anchor,dgp2,300,10,500,5,16,tree,0.6701624364512305,0.047845359066373494,
anchor,dgp2,300,10,500,5,16,depth 1,0.6708157746410071,0.04765367765795844,
anchor,dgp2,300,10,500,5,16,depth 2,0.6723831473792032,0.04832343334426101,
anchor,dgp2,300,10,500,5,16,depth 3,0.6732745744517722,0.0488234809342221,
anchor,dgp2,300,10,500,5,16,selected,0.6732745744517722,0.0488234809342221,depth 3
anchor,dgp2,300,10,500,5,16,oracle depth,,0.04765367765795844,
anchor,dgp2,300,10,500,5,17,RF,0.7563301680577246,0.04709667889990571,
anchor,dgp2,300,10,500,5,17,tree,0.7512158823942358,0.041860855812225435,
anchor,dgp2,300,10,500,5,17,depth 1,0.751292480685752,0.04158877126781477,
anchor,dgp2,300,10,500,5,17,depth 2,0.7515575871484252,0.04188349857505147,
anchor,dgp2,300,10,500,5,17,depth 3,0.7515429989724223,0.04202390054922884,
anchor,dgp2,300,10,500,5,17,selected,0.751292480685752,0.04158877126781477,depth 1
anchor,dgp2,300,10,500,5,17,oracle depth,,0.04158877126781477,
anchor,dgp2,300,10,500,5,18,RF,0.7214706779368516,0.03809399704263166,
anchor,dgp2,300,10,500,5,18,tree,0.7267675847644047,0.03928079299043661,
anchor,dgp2,300,10,500,5,18,depth 1,0.7231925050591341,0.03677139468252203,
anchor,dgp2,300,10,500,5,18,depth 2,0.7213835588044173,0.035605171687958195,
anchor,dgp2,300,10,500,5,18,depth 3,0.7209025499551414,0.03554771852754768,
anchor,dgp2,300,10,500,5,18,selected,0.7231925050591341,0.03677139468252203,depth 1
anchor,dgp2,300,10,500,5,18,oracle depth,,0.03554771852754768,
anchor,dgp2,300,10,500,5,19,RF,0.6656631094408418,0.049534696877597414,
anchor,dgp2,300,10,500,5,19,tree,0.6626787083195467,0.048439462017227604,
anchor,dgp2,300,10,500,5,19,depth 1,0.6605926738143676,0.04609932573750408,
anchor,dgp2,300,10,500,5,19,depth 2,0.6606638344557598,0.045781768198155465,
anchor,dgp2,300,10,500,5,19,depth 3,0.6615369011184358,0.04613031972476685,
anchor,dgp2,300,10,500,5,19,selected,0.6606638344557598,0.045781768198155465,depth 2
anchor,dgp2,300,10,500,5,19,oracle depth,,0.045781768198155465,
anchor,dgp2,1200,10,10,5,0,RF,0.7317885090369232,0.07180177378559997,
anchor,dgp2,1200,10,10,5,0,tree,0.7170558647227881,0.05391783174228997,
anchor,dgp2,1200,10,10,5,0,depth 1,0.7135094941650179,0.051070399116655806,
anchor,dgp2,1200,10,10,5,0,depth 2,0.7122817834726487,0.05093394400045349,
anchor,dgp2,1200,10,10,5,0,depth 3,0.7122657274138098,0.05122982317083711,
anchor,dgp2,1200,10,10,5,0,selected,0.7135094941650179,0.051070399116655806,depth 1
anchor,dgp2,1200,10,10,5,0,oracle depth,,0.05093394400045349,
anchor,dgp2,1200,10,10,5,1,RF,0.7012174230180886,0.05743154043835319,
anchor,dgp2,1200,10,10,5,1,tree,0.687358463174306,0.043618328054174926,
anchor,dgp2,1200,10,10,5,1,depth 1,0.6875619370558055,0.04295556708683577,
anchor,dgp2,1200,10,10,5,1,depth 2,0.6879382894684398,0.042439435671739856,
anchor,dgp2,1200,10,10,5,1,depth 3,0.6875326051649904,0.042299269813237964,
anchor,dgp2,1200,10,10,5,1,selected,0.6879382894684398,0.042439435671739856,depth 2
anchor,dgp2,1200,10,10,5,1,oracle depth,,0.042299269813237964,
anchor,dgp2,1200,10,10,5,2,RF,0.7602353733628456,0.06859985297441462,
anchor,dgp2,1200,10,10,5,2,tree,0.740873041018338,0.049916505904973214,
anchor,dgp2,1200,10,10,5,2,depth 1,0.7382269749507117,0.04826664521206971,
anchor,dgp2,1200,10,10,5,2,depth 2,0.7369839042994566,0.04803392852564632,
anchor,dgp2,1200,10,10,5,2,depth 3,0.7377111566278715,0.04840450479061735,
anchor,dgp2,1200,10,10,5,2,selected,0.7369839042994566,0.04803392852564632,depth 2
anchor,dgp2,1200,10,10,5,2,oracle depth,,0.04803392852564632,
anchor,dgp2,1200,10,10,5,3,RF,0.8063954185650944,0.08063406459852847,
anchor,dgp2,1200,10,10,5,3,tree,0.7805493596427499,0.058714141087580475,
anchor,dgp2,1200,10,10,5,3,depth 1,0.7800717914471206,0.058150285102095155,
anchor,dgp2,1200,10,10,5,3,depth 2,0.7796843772096609,0.05726872149345284,
anchor,dgp2,1200,10,10,5,3,depth 3,0.7792054221939182,0.0562216640444045,
anchor,dgp2,1200,10,10,5,3,selected,0.7805493596427499,0.058714141087580475,tree
anchor,dgp2,1200,10,10,5,3,oracle depth,,0.0562216640444045,
anchor,dgp2,1200,10,10,5,4,RF,0.7754385748936984,0.06960202409616514,
anchor,dgp2,1200,10,10,5,4,tree,0.753415582271036,0.05081409861164647,
anchor,dgp2,1200,10,10,5,4,depth 1,0.7526231413881163,0.04920109497137833,
anchor,dgp2,1200,10,10,5,4,depth 2,0.7518784226700591,0.047930058298744194,
anchor,dgp2,1200,10,10,5,4,depth 3,0.7529446527184269,0.04818374668928344,
anchor,dgp2,1200,10,10,5,4,selected,0.7526231413881163,0.04920109497137833,depth 1
anchor,dgp2,1200,10,10,5,4,oracle depth,,0.047930058298744194,
anchor,dgp2,1200,10,10,5,5,RF,0.8438590946771276,0.07461183343037944,
anchor,dgp2,1200,10,10,5,5,tree,0.8255845055712641,0.056835570576249106,
anchor,dgp2,1200,10,10,5,5,depth 1,0.822238807393887,0.05428461454237822,
anchor,dgp2,1200,10,10,5,5,depth 2,0.8231998337037693,0.054124382058404315,
anchor,dgp2,1200,10,10,5,5,depth 3,0.8227861702270866,0.054094776232407035,
anchor,dgp2,1200,10,10,5,5,selected,0.822238807393887,0.05428461454237822,depth 1
anchor,dgp2,1200,10,10,5,5,oracle depth,,0.054094776232407035,
anchor,dgp2,1200,10,10,5,6,RF,0.732248194914066,0.06904050764055224,
anchor,dgp2,1200,10,10,5,6,tree,0.7215677482012903,0.05779565862565776,
anchor,dgp2,1200,10,10,5,6,depth 1,0.7212000557296815,0.05744858443604445,
anchor,dgp2,1200,10,10,5,6,depth 2,0.7186038756499987,0.055421945595743885,
anchor,dgp2,1200,10,10,5,6,depth 3,0.7168893429429752,0.05446451752006821,
anchor,dgp2,1200,10,10,5,6,selected,0.7186038756499987,0.055421945595743885,depth 2
anchor,dgp2,1200,10,10,5,6,oracle depth,,0.05446451752006821,
anchor,dgp2,1200,10,10,5,7,RF,0.6621537852018389,0.07068526503096927,
anchor,dgp2,1200,10,10,5,7,tree,0.6559279607076118,0.055010908739201704,
anchor,dgp2,1200,10,10,5,7,depth 1,0.6530630706540166,0.05262787692564446,
anchor,dgp2,1200,10,10,5,7,depth 2,0.6542733814869476,0.05392654514803845,
anchor,dgp2,1200,10,10,5,7,depth 3,0.6533448957237193,0.05337449589335487,
anchor,dgp2,1200,10,10,5,7,selected,0.6559279607076118,0.055010908739201704,tree
anchor,dgp2,1200,10,10,5,7,oracle depth,,0.05262787692564446,
anchor,dgp2,1200,10,10,5,8,RF,0.7056723271230443,0.07512138002768153,
anchor,dgp2,1200,10,10,5,8,tree,0.6944812363979733,0.058583184833841964,
anchor,dgp2,1200,10,10,5,8,depth 1,0.6919853085676108,0.05602296456132389,
anchor,dgp2,1200,10,10,5,8,depth 2,0.6922123016717487,0.05574802025977312,
anchor,dgp2,1200,10,10,5,8,depth 3,0.6932356381340294,0.05719495655959116,
anchor,dgp2,1200,10,10,5,8,selected,0.6922123016717487,0.05574802025977312,depth 2
anchor,dgp2,1200,10,10,5,8,oracle depth,,0.05574802025977312,
anchor,dgp2,1200,10,10,5,9,RF,0.8120241486779035,0.06842794538690866,
anchor,dgp2,1200,10,10,5,9,tree,0.7940852733826662,0.05151620349821261,
anchor,dgp2,1200,10,10,5,9,depth 1,0.7909083810564295,0.04845781802510386,
anchor,dgp2,1200,10,10,5,9,depth 2,0.7901400200941223,0.04852004637400285,
anchor,dgp2,1200,10,10,5,9,depth 3,0.7900247536289706,0.048717030852304465,
anchor,dgp2,1200,10,10,5,9,selected,0.7901400200941223,0.04852004637400285,depth 2
anchor,dgp2,1200,10,10,5,9,oracle depth,,0.04845781802510386,
anchor,dgp2,1200,10,10,5,10,RF,0.697043852445821,0.06875891120575404,
anchor,dgp2,1200,10,10,5,10,tree,0.6876864580638513,0.05283974808467834,
anchor,dgp2,1200,10,10,5,10,depth 1,0.6880194507337868,0.05247043994486573,
anchor,dgp2,1200,10,10,5,10,depth 2,0.6853019499114404,0.05008009355602966,
anchor,dgp2,1200,10,10,5,10,depth 3,0.6835860739374056,0.048257476566798234,
anchor,dgp2,1200,10,10,5,10,selected,0.6876864580638513,0.05283974808467834,tree
anchor,dgp2,1200,10,10,5,10,oracle depth,,0.048257476566798234,
anchor,dgp2,1200,10,10,5,11,RF,0.688376038447744,0.057600271799817575,
anchor,dgp2,1200,10,10,5,11,tree,0.6785462704534815,0.044990274742066294,
anchor,dgp2,1200,10,10,5,11,depth 1,0.6759989697245532,0.04215448191411095,
anchor,dgp2,1200,10,10,5,11,depth 2,0.6736926638721288,0.04017959448296717,
anchor,dgp2,1200,10,10,5,11,depth 3,0.6744904786221202,0.04147212123910552,
anchor,dgp2,1200,10,10,5,11,selected,0.6736926638721288,0.04017959448296717,depth 2
anchor,dgp2,1200,10,10,5,11,oracle depth,,0.04017959448296717,
anchor,dgp2,1200,10,10,5,12,RF,0.8989063187820545,0.06824357143792291,
anchor,dgp2,1200,10,10,5,12,tree,0.8842928850907007,0.05555253908958173,
anchor,dgp2,1200,10,10,5,12,depth 1,0.8819061466544635,0.05331318540335813,
anchor,dgp2,1200,10,10,5,12,depth 2,0.880380765845753,0.05223876608115537,
anchor,dgp2,1200,10,10,5,12,depth 3,0.8799938052115366,0.05211842646221175,
anchor,dgp2,1200,10,10,5,12,selected,0.8819061466544635,0.05331318540335813,depth 1
anchor,dgp2,1200,10,10,5,12,oracle depth,,0.05211842646221175,
anchor,dgp2,1200,10,10,5,13,RF,0.7407137325911729,0.06354868125597594,
anchor,dgp2,1200,10,10,5,13,tree,0.727295048803695,0.04903278088117219,
anchor,dgp2,1200,10,10,5,13,depth 1,0.7242546880034316,0.045706945416173046,
anchor,dgp2,1200,10,10,5,13,depth 2,0.72306497731597,0.044288822102958966,
anchor,dgp2,1200,10,10,5,13,depth 3,0.7243608725578309,0.04482992216037707,
anchor,dgp2,1200,10,10,5,13,selected,0.7242546880034316,0.045706945416173046,depth 1
anchor,dgp2,1200,10,10,5,13,oracle depth,,0.044288822102958966,
anchor,dgp2,1200,10,10,5,14,RF,0.6771021214000019,0.060276338201664885,
anchor,dgp2,1200,10,10,5,14,tree,0.6572943870067456,0.04388586985898445,
anchor,dgp2,1200,10,10,5,14,depth 1,0.6561530495678785,0.041294534522526516,
anchor,dgp2,1200,10,10,5,14,depth 2,0.655848157220464,0.04014494343216912,
anchor,dgp2,1200,10,10,5,14,depth 3,0.656656450967556,0.04002670626824551,
anchor,dgp2,1200,10,10,5,14,selected,0.6561530495678785,0.041294534522526516,depth 1
anchor,dgp2,1200,10,10,5,14,oracle depth,,0.04002670626824551,
anchor,dgp2,1200,10,10,5,15,RF,0.7347540040281564,0.07735048005216498,
anchor,dgp2,1200,10,10,5,15,tree,0.7067099316233404,0.052142285118372246,
anchor,dgp2,1200,10,10,5,15,depth 1,0.7041743211297193,0.050115378755408634,
anchor,dgp2,1200,10,10,5,15,depth 2,0.7045069019719631,0.04997373894696078,
anchor,dgp2,1200,10,10,5,15,depth 3,0.7051176793946872,0.05171722085904561,
anchor,dgp2,1200,10,10,5,15,selected,0.7051176793946872,0.05171722085904561,depth 3
anchor,dgp2,1200,10,10,5,15,oracle depth,,0.04997373894696078,
anchor,dgp2,1200,10,10,5,16,RF,0.831625524759821,0.06255325560161573,
anchor,dgp2,1200,10,10,5,16,tree,0.8173127332156317,0.046684880781418796,
anchor,dgp2,1200,10,10,5,16,depth 1,0.8133554497794685,0.043717385574116106,
anchor,dgp2,1200,10,10,5,16,depth 2,0.8121130434021355,0.04257535515192791,
anchor,dgp2,1200,10,10,5,16,depth 3,0.8109644971288976,0.04163154599901555,
anchor,dgp2,1200,10,10,5,16,selected,0.8133554497794685,0.043717385574116106,depth 1
anchor,dgp2,1200,10,10,5,16,oracle depth,,0.04163154599901555,
anchor,dgp2,1200,10,10,5,17,RF,0.7203446780215788,0.07115925442516097,
anchor,dgp2,1200,10,10,5,17,tree,0.700282443983778,0.04949334997293937,
anchor,dgp2,1200,10,10,5,17,depth 1,0.6987532109264848,0.04710201340755932,
anchor,dgp2,1200,10,10,5,17,depth 2,0.6987364720542761,0.046448406720062604,
anchor,dgp2,1200,10,10,5,17,depth 3,0.7012031338119487,0.04784585725354163,
anchor,dgp2,1200,10,10,5,17,selected,0.7012031338119487,0.04784585725354163,depth 3
anchor,dgp2,1200,10,10,5,17,oracle depth,,0.046448406720062604,
anchor,dgp2,1200,10,10,5,18,RF,0.7325930673212342,0.0723721437100888,
anchor,dgp2,1200,10,10,5,18,tree,0.7037571503476151,0.04918833641837294,
anchor,dgp2,1200,10,10,5,18,depth 1,0.7031829656663104,0.04667472187634033,
anchor,dgp2,1200,10,10,5,18,depth 2,0.7033699144360895,0.04653455080822292,
anchor,dgp2,1200,10,10,5,18,depth 3,0.704022220578467,0.047389511086402866,
anchor,dgp2,1200,10,10,5,18,selected,0.7031829656663104,0.04667472187634033,depth 1
anchor,dgp2,1200,10,10,5,18,oracle depth,,0.04653455080822292,
anchor,dgp2,1200,10,10,5,19,RF,0.8897654757935977,0.05904985586297428,
anchor,dgp2,1200,10,10,5,19,tree,0.8736545553881503,0.04709093875072465,
anchor,dgp2,1200,10,10,5,19,depth 1,0.8719897540334114,0.0439882826890752,
anchor,dgp2,1200,10,10,5,19,depth 2,0.871844511721789,0.04370446763731554,
anchor,dgp2,1200,10,10,5,19,depth 3,0.8727841317552512,0.04410794479139451,
anchor,dgp2,1200,10,10,5,19,selected,0.8719897540334114,0.0439882826890752,depth 1
anchor,dgp2,1200,10,10,5,19,oracle depth,,0.04370446763731554,
anchor,dgp2,1200,10,500,5,0,RF,0.7652031696099459,0.02814565944183775,
anchor,dgp2,1200,10,500,5,0,tree,0.7582367542816318,0.02534189223004868,
anchor,dgp2,1200,10,500,5,0,depth 1,0.7571908635377644,0.02367721933119524,
anchor,dgp2,1200,10,500,5,0,depth 2,0.7567516822897399,0.022630240171830393,
anchor,dgp2,1200,10,500,5,0,depth 3,0.7574641564538465,0.022696082521293105,
anchor,dgp2,1200,10,500,5,0,selected,0.7574641564538465,0.022696082521293105,depth 3
anchor,dgp2,1200,10,500,5,0,oracle depth,,0.022630240171830393,
anchor,dgp2,1200,10,500,5,1,RF,0.6373014694475077,0.024577852589086863,
anchor,dgp2,1200,10,500,5,1,tree,0.633359834856335,0.025085406656213435,
anchor,dgp2,1200,10,500,5,1,depth 1,0.6324166352713794,0.022719040961575322,
anchor,dgp2,1200,10,500,5,1,depth 2,0.6320840688554518,0.02136957910449587,
anchor,dgp2,1200,10,500,5,1,depth 3,0.6321591073312991,0.020694274519897037,
anchor,dgp2,1200,10,500,5,1,selected,0.6321591073312991,0.020694274519897037,depth 3
anchor,dgp2,1200,10,500,5,1,oracle depth,,0.020694274519897037,
anchor,dgp2,1200,10,500,5,2,RF,0.7505740054205446,0.02658458578597695,
anchor,dgp2,1200,10,500,5,2,tree,0.7545159014795694,0.026798665876454453,
anchor,dgp2,1200,10,500,5,2,depth 1,0.7515501836168096,0.024323696332148245,
anchor,dgp2,1200,10,500,5,2,depth 2,0.7495050682325675,0.022958383863764434,
anchor,dgp2,1200,10,500,5,2,depth 3,0.7482356822938938,0.022339571465490034,
anchor,dgp2,1200,10,500,5,2,selected,0.7482356822938938,0.022339571465490034,depth 3
anchor,dgp2,1200,10,500,5,2,oracle depth,,0.022339571465490034,
anchor,dgp2,1200,10,500,5,3,RF,0.6448190905737237,0.036097762848031734,
anchor,dgp2,1200,10,500,5,3,tree,0.6437310541084722,0.0347200707729325,
anchor,dgp2,1200,10,500,5,3,depth 1,0.6421545662478865,0.033745162806755734,
anchor,dgp2,1200,10,500,5,3,depth 2,0.6401569071207419,0.032602581936019406,
anchor,dgp2,1200,10,500,5,3,depth 3,0.6396850861608051,0.03225184236352827,
anchor,dgp2,1200,10,500,5,3,selected,0.6396850861608051,0.03225184236352827,depth 3
anchor,dgp2,1200,10,500,5,3,oracle depth,,0.03225184236352827,
anchor,dgp2,1200,10,500,5,4,RF,0.7776858975777486,0.02488051116703933,
anchor,dgp2,1200,10,500,5,4,tree,0.782768009416292,0.02462296050915006,
anchor,dgp2,1200,10,500,5,4,depth 1,0.7803009935637502,0.022841698550288295,
anchor,dgp2,1200,10,500,5,4,depth 2,0.7784710032906765,0.02167061811489756,
anchor,dgp2,1200,10,500,5,4,depth 3,0.7774778872051278,0.021260723806247665,
anchor,dgp2,1200,10,500,5,4,selected,0.7774778872051278,0.021260723806247665,depth 3
anchor,dgp2,1200,10,500,5,4,oracle depth,,0.021260723806247665,
anchor,dgp2,1200,10,500,5,5,RF,0.6309293719255711,0.02273833959258565,
anchor,dgp2,1200,10,500,5,5,tree,0.6319085259875911,0.023340683884315264,
anchor,dgp2,1200,10,500,5,5,depth 1,0.6293255829806671,0.02101681652662229,
anchor,dgp2,1200,10,500,5,5,depth 2,0.6276868222912805,0.019637787126855745,
anchor,dgp2,1200,10,500,5,5,depth 3,0.6270745013218476,0.0191381220577957,
anchor,dgp2,1200,10,500,5,5,selected,0.6270745013218476,0.0191381220577957,depth 3
anchor,dgp2,1200,10,500,5,5,oracle depth,,0.0191381220577957,
anchor,dgp2,1200,10,500,5,6,RF,0.6724488662818005,0.028775718932227502,
anchor,dgp2,1200,10,500,5,6,tree,0.6733428411501922,0.028579646594551984,
anchor,dgp2,1200,10,500,5,6,depth 1,0.670861232730217,0.025468645238465343,
anchor,dgp2,1200,10,500,5,6,depth 2,0.6696524855553209,0.024031744038323283,
anchor,dgp2,1200,10,500,5,6,depth 3,0.6690473321828568,0.023608694280251447,
anchor,dgp2,1200,10,500,5,6,selected,0.6690473321828568,0.023608694280251447,depth 3
anchor,dgp2,1200,10,500,5,6,oracle depth,,0.023608694280251447,
anchor,dgp2,1200,10,500,5,7,RF,0.7363750169293232,0.03211238497740243,
anchor,dgp2,1200,10,500,5,7,tree,0.7358141512661741,0.03228597988644809,
anchor,dgp2,1200,10,500,5,7,depth 1,0.7341610849666074,0.030278012808065816,
anchor,dgp2,1200,10,500,5,7,depth 2,0.7327766456004129,0.028785516739200726,
anchor,dgp2,1200,10,500,5,7,depth 3,0.7322039889125108,0.028290475858519296,
anchor,dgp2,1200,10,500,5,7,selected,0.7322039889125108,0.028290475858519296,depth 3
anchor,dgp2,1200,10,500,5,7,oracle depth,,0.028290475858519296,
anchor,dgp2,1200,10,500,5,8,RF,0.6439707202876186,0.026580041607903514,
anchor,dgp2,1200,10,500,5,8,tree,0.6373909455024115,0.023269718282857958,
anchor,dgp2,1200,10,500,5,8,depth 1,0.6368301329751068,0.02186858900178632,
anchor,dgp2,1200,10,500,5,8,depth 2,0.6368566985288898,0.0211352053640275,
anchor,dgp2,1200,10,500,5,8,depth 3,0.637275211109719,0.020965096151409804,
anchor,dgp2,1200,10,500,5,8,selected,0.637275211109719,0.020965096151409804,depth 3
anchor,dgp2,1200,10,500,5,8,oracle depth,,0.020965096151409804,
anchor,dgp2,1200,10,500,5,9,RF,0.6593754307989942,0.03077717424811369,
anchor,dgp2,1200,10,500,5,9,tree,0.6626286240500228,0.03402898835054084,
anchor,dgp2,1200,10,500,5,9,depth 1,0.6597000415198628,0.03144615037454961,
anchor,dgp2,1200,10,500,5,9,depth 2,0.6581615789325357,0.030056389185984196,
anchor,dgp2,1200,10,500,5,9,depth 3,0.6574586534192204,0.029277930584643105,
anchor,dgp2,1200,10,500,5,9,selected,0.6574586534192204,0.029277930584643105,depth 3
anchor,dgp2,1200,10,500,5,9,oracle depth,,0.029277930584643105,
anchor,dgp2,1200,10,500,5,10,RF,0.6449395282506347,0.02843524775465243,
anchor,dgp2,1200,10,500,5,10,tree,0.6426293246662582,0.02761215027984214,
anchor,dgp2,1200,10,500,5,10,depth 1,0.6408876424061379,0.02485692025345894,
anchor,dgp2,1200,10,500,5,10,depth 2,0.6402680952720464,0.023589137370640473,
anchor,dgp2,1200,10,500,5,10,depth 3,0.6400994006676016,0.023167146798119907,
anchor,dgp2,1200,10,500,5,10,selected,0.6400994006676016,0.023167146798119907,depth 3
anchor,dgp2,1200,10,500,5,10,oracle depth,,0.023167146798119907,
anchor,dgp2,1200,10,500,5,11,RF,0.7703648821641811,0.024903229073983273,
anchor,dgp2,1200,10,500,5,11,tree,0.7682155481942428,0.022426060770699564,
anchor,dgp2,1200,10,500,5,11,depth 1,0.7659815356464301,0.020489046512228336,
anchor,dgp2,1200,10,500,5,11,depth 2,0.7652454883760426,0.019611220158008588,
anchor,dgp2,1200,10,500,5,11,depth 3,0.7650402752564116,0.019390622331517046,
anchor,dgp2,1200,10,500,5,11,selected,0.7650402752564116,0.019390622331517046,depth 3
anchor,dgp2,1200,10,500,5,11,oracle depth,,0.019390622331517046,
anchor,dgp2,1200,10,500,5,12,RF,0.7933944201896972,0.029846721678508013,
anchor,dgp2,1200,10,500,5,12,tree,0.7885423567185808,0.026235736129967862,
anchor,dgp2,1200,10,500,5,12,depth 1,0.7875433123150253,0.024866514508934442,
anchor,dgp2,1200,10,500,5,12,depth 2,0.7872246213568117,0.024093605642609508,
anchor,dgp2,1200,10,500,5,12,depth 3,0.7872145416697421,0.023824943054636824,
anchor,dgp2,1200,10,500,5,12,selected,0.7872145416697421,0.023824943054636824,depth 3
anchor,dgp2,1200,10,500,5,12,oracle depth,,0.023824943054636824,
anchor,dgp2,1200,10,500,5,13,RF,0.763559536034854,0.032746474140796795,
anchor,dgp2,1200,10,500,5,13,tree,0.7630248840849675,0.03447349401581677,
anchor,dgp2,1200,10,500,5,13,depth 1,0.7605198431322732,0.03143699720452096,
anchor,dgp2,1200,10,500,5,13,depth 2,0.7591061425263151,0.02993035705293975,
anchor,dgp2,1200,10,500,5,13,depth 3,0.7583298526331262,0.02921487759779292,
anchor,dgp2,1200,10,500,5,13,selected,0.7583298526331262,0.02921487759779292,depth 3
anchor,dgp2,1200,10,500,5,13,oracle depth,,0.02921487759779292,
anchor,dgp2,1200,10,500,5,14,RF,0.7584158732421388,0.02882669358768939,
anchor,dgp2,1200,10,500,5,14,tree,0.7515552687355364,0.023516183776615067,
anchor,dgp2,1200,10,500,5,14,depth 1,0.7506291023266364,0.02194706129208754,
anchor,dgp2,1200,10,500,5,14,depth 2,0.7506737318890212,0.021247409749093702,
anchor,dgp2,1200,10,500,5,14,depth 3,0.7508541538160516,0.021346034901272945,
anchor,dgp2,1200,10,500,5,14,selected,0.7508541538160516,0.021346034901272945,depth 3
anchor,dgp2,1200,10,500,5,14,oracle depth,,0.021247409749093702,
anchor,dgp2,1200,10,500,5,15,RF,0.7042760563631812,0.028353224971904435,
anchor,dgp2,1200,10,500,5,15,tree,0.7050392019535562,0.02379735584529486,
anchor,dgp2,1200,10,500,5,15,depth 1,0.7015004291166649,0.022046414878990468,
anchor,dgp2,1200,10,500,5,15,depth 2,0.6996005661528149,0.021310710565940808,
anchor,dgp2,1200,10,500,5,15,depth 3,0.699226270446124,0.021403379259740424,
anchor,dgp2,1200,10,500,5,15,selected,0.699226270446124,0.021403379259740424,depth 3
anchor,dgp2,1200,10,500,5,15,oracle depth,,0.021310710565940808,
anchor,dgp2,1200,10,500,5,16,RF,0.6839837212998973,0.034341426999945,
anchor,dgp2,1200,10,500,5,16,tree,0.6842739685569746,0.03281494479340227,
anchor,dgp2,1200,10,500,5,16,depth 1,0.682563491441857,0.031054496674029156,
anchor,dgp2,1200,10,500,5,16,depth 2,0.6815780657687578,0.02997349410336865,
anchor,dgp2,1200,10,500,5,16,depth 3,0.6810879622109192,0.02946656950303162,
anchor,dgp2,1200,10,500,5,16,selected,0.6810879622109192,0.02946656950303162,depth 3
anchor,dgp2,1200,10,500,5,16,oracle depth,,0.02946656950303162,
anchor,dgp2,1200,10,500,5,17,RF,0.7315407115878625,0.03146598146841758,
anchor,dgp2,1200,10,500,5,17,tree,0.7310160964426888,0.031814197752429565,
anchor,dgp2,1200,10,500,5,17,depth 1,0.7293465901837596,0.03000215841484697,
anchor,dgp2,1200,10,500,5,17,depth 2,0.7279220150198706,0.028378512449789676,
anchor,dgp2,1200,10,500,5,17,depth 3,0.7270893857099959,0.0275203832018978,
anchor,dgp2,1200,10,500,5,17,selected,0.7270893857099959,0.0275203832018978,depth 3
anchor,dgp2,1200,10,500,5,17,oracle depth,,0.0275203832018978,
anchor,dgp2,1200,10,500,5,18,RF,0.6936068186062948,0.026210899108896964,
anchor,dgp2,1200,10,500,5,18,tree,0.6972545478600365,0.027718709952534084,
anchor,dgp2,1200,10,500,5,18,depth 1,0.6944345780933471,0.025245604190999166,
anchor,dgp2,1200,10,500,5,18,depth 2,0.6923966324832493,0.023450606269339435,
anchor,dgp2,1200,10,500,5,18,depth 3,0.6916259579447308,0.022696857477712665,
anchor,dgp2,1200,10,500,5,18,selected,0.6916259579447308,0.022696857477712665,depth 3
anchor,dgp2,1200,10,500,5,18,oracle depth,,0.022696857477712665,
anchor,dgp2,1200,10,500,5,19,RF,0.6438930568302458,0.03434423260939269,
anchor,dgp2,1200,10,500,5,19,tree,0.6447710855106739,0.032494305503857,
anchor,dgp2,1200,10,500,5,19,depth 1,0.6417012928204745,0.030366407864424416,
anchor,dgp2,1200,10,500,5,19,depth 2,0.6401586494968254,0.029520072366219036,
anchor,dgp2,1200,10,500,5,19,depth 3,0.6391999479993843,0.02944077669320479,
anchor,dgp2,1200,10,500,5,19,selected,0.6391999479993843,0.02944077669320479,depth 3
anchor,dgp2,1200,10,500,5,19,oracle depth,,0.02944077669320479,
anchor,dgp3,300,10,10,5,0,RF,1.498764073024029,0.15502383705370182,
anchor,dgp3,300,10,10,5,0,tree,1.4752266469799866,0.13091146240939416,
anchor,dgp3,300,10,10,5,0,depth 1,1.4753689035991053,0.13105731687596006,
anchor,dgp3,300,10,10,5,0,depth 2,1.4772084309778328,0.13171973014365645,
anchor,dgp3,300,10,10,5,0,depth 3,1.4748374195718086,0.12795963326829043,
anchor,dgp3,300,10,10,5,0,selected,1.4752266469799866,0.13091146240939416,tree
anchor,dgp3,300,10,10,5,0,oracle depth,,0.12795963326829043,
anchor,dgp3,300,10,10,5,1,RF,1.5124198815616916,0.16066329510493896,
anchor,dgp3,300,10,10,5,1,tree,1.4705415054725879,0.11633801335804476,
anchor,dgp3,300,10,10,5,1,depth 1,1.4601324209423783,0.10695099610742129,
anchor,dgp3,300,10,10,5,1,depth 2,1.4754945910036803,0.12455613110673318,
anchor,dgp3,300,10,10,5,1,depth 3,1.5002304722986446,0.15087671997764152,
anchor,dgp3,300,10,10,5,1,selected,1.4705415054725879,0.11633801335804476,tree
anchor,dgp3,300,10,10,5,1,oracle depth,,0.10695099610742129,
anchor,dgp3,300,10,10,5,2,RF,1.0757127670422826,0.08918221898468752,
anchor,dgp3,300,10,10,5,2,tree,1.074942798036808,0.08757719287539059,
anchor,dgp3,300,10,10,5,2,depth 1,1.0717761178940104,0.08516755964274848,
anchor,dgp3,300,10,10,5,2,depth 2,1.0681538285031331,0.08044340279820258,
anchor,dgp3,300,10,10,5,2,depth 3,1.0650476909541853,0.07592564001729929,
anchor,dgp3,300,10,10,5,2,selected,1.074942798036808,0.08757719287539059,tree
anchor,dgp3,300,10,10,5,2,oracle depth,,0.07592564001729929,
anchor,dgp3,300,10,10,5,3,RF,1.0711496795815811,0.07414904004292522,
anchor,dgp3,300,10,10,5,3,tree,1.0683023639029117,0.0639212118537135,
anchor,dgp3,300,10,10,5,3,depth 1,1.0674624443851883,0.06285006363472392,
anchor,dgp3,300,10,10,5,3,depth 2,1.0627869929400098,0.05909604524124296,
anchor,dgp3,300,10,10,5,3,depth 3,1.0635340143564667,0.0626706663820684,
anchor,dgp3,300,10,10,5,3,selected,1.0674624443851883,0.06285006363472392,depth 1
anchor,dgp3,300,10,10,5,3,oracle depth,,0.05909604524124296,
anchor,dgp3,300,10,10,5,4,RF,0.9924671258024267,0.0985529544995491,
anchor,dgp3,300,10,10,5,4,tree,0.9724928225455004,0.09032024504681317,
anchor,dgp3,300,10,10,5,4,depth 1,0.9710255720247529,0.08683105872359717,
anchor,dgp3,300,10,10,5,4,depth 2,0.9717661315101584,0.08549050716406544,
anchor,dgp3,300,10,10,5,4,depth 3,0.9714453562355796,0.08596831158502787,
anchor,dgp3,300,10,10,5,4,selected,0.9717661315101584,0.08549050716406544,depth 2
anchor,dgp3,300,10,10,5,4,oracle depth,,0.08549050716406544,
anchor,dgp3,300,10,10,5,5,RF,2.4189820453035296,0.10977862110365656,
anchor,dgp3,300,10,10,5,5,tree,2.4127605325564354,0.08363272986001571,
anchor,dgp3,300,10,10,5,5,depth 1,2.4055463269688024,0.08235613093455718,
anchor,dgp3,300,10,10,5,5,depth 2,2.4046259540854993,0.08348915075498423,
anchor,dgp3,300,10,10,5,5,depth 3,2.4054157812134243,0.0853834639352925,
anchor,dgp3,300,10,10,5,5,selected,2.4054157812134243,0.0853834639352925,depth 3
anchor,dgp3,300,10,10,5,5,oracle depth,,0.08235613093455718,
anchor,dgp3,300,10,10,5,6,RF,1.077844394815393,0.08796483628805837,
anchor,dgp3,300,10,10,5,6,tree,1.075605590674291,0.08346966581792019,
anchor,dgp3,300,10,10,5,6,depth 1,1.0721197121496668,0.07975200645052102,
anchor,dgp3,300,10,10,5,6,depth 2,1.063360781152017,0.07130960401831143,
anchor,dgp3,300,10,10,5,6,depth 3,1.063237738782534,0.0729503867260059,
anchor,dgp3,300,10,10,5,6,selected,1.063360781152017,0.07130960401831143,depth 2
anchor,dgp3,300,10,10,5,6,oracle depth,,0.07130960401831143,
anchor,dgp3,300,10,10,5,7,RF,1.03080781858929,0.09012895069382232,
anchor,dgp3,300,10,10,5,7,tree,1.0165877572812143,0.0797849729596068,
anchor,dgp3,300,10,10,5,7,depth 1,1.0126331308424132,0.07421429927994873,
anchor,dgp3,300,10,10,5,7,depth 2,1.0108919813338038,0.07436337620654691,
anchor,dgp3,300,10,10,5,7,depth 3,1.0157445006434096,0.0775964210842678,
anchor,dgp3,300,10,10,5,7,selected,1.0126331308424132,0.07421429927994873,depth 1
anchor,dgp3,300,10,10,5,7,oracle depth,,0.07421429927994873,
anchor,dgp3,300,10,10,5,8,RF,4.294986477734371,0.13551910979264042,
anchor,dgp3,300,10,10,5,8,tree,4.2483699204963035,0.094076212730984,
anchor,dgp3,300,10,10,5,8,depth 1,4.2362235586389065,0.08608462002531758,
anchor,dgp3,300,10,10,5,8,depth 2,4.227073880198379,0.08652900941927284,
anchor,dgp3,300,10,10,5,8,depth 3,4.236405088010716,0.09487211302131512,
anchor,dgp3,300,10,10,5,8,selected,4.2362235586389065,0.08608462002531758,depth 1
anchor,dgp3,300,10,10,5,8,oracle depth,,0.08608462002531758,
anchor,dgp3,300,10,10,5,9,RF,1.0039568044921796,0.08915187789903231,
anchor,dgp3,300,10,10,5,9,tree,1.0041416249804604,0.07460065047209748,
anchor,dgp3,300,10,10,5,9,depth 1,1.00170112916328,0.07285304593798869,
anchor,dgp3,300,10,10,5,9,depth 2,1.000455321293917,0.07516547696915248,
anchor,dgp3,300,10,10,5,9,depth 3,0.9983042815868296,0.0741712727615112,
anchor,dgp3,300,10,10,5,9,selected,1.00170112916328,0.07285304593798869,depth 1
anchor,dgp3,300,10,10,5,9,oracle depth,,0.07285304593798869,
anchor,dgp3,300,10,10,5,10,RF,0.9401570409315676,0.06926009222237485,
anchor,dgp3,300,10,10,5,10,tree,0.9362848890290746,0.06350561568761283,
anchor,dgp3,300,10,10,5,10,depth 1,0.9328894187442236,0.060291432403129,
anchor,dgp3,300,10,10,5,10,depth 2,0.9305092272546998,0.058406609552516274,
anchor,dgp3,300,10,10,5,10,depth 3,0.9302363612227762,0.059258114730507086,
anchor,dgp3,300,10,10,5,10,selected,0.9362848890290746,0.06350561568761283,tree
anchor,dgp3,300,10,10,5,10,oracle depth,,0.058406609552516274,
anchor,dgp3,300,10,10,5,11,RF,1.1788008872200022,0.18625614307368657,
anchor,dgp3,300,10,10,5,11,tree,1.1446733129699072,0.1519417655676326,
anchor,dgp3,300,10,10,5,11,depth 1,1.1465258843830641,0.15421573291723112,
anchor,dgp3,300,10,10,5,11,depth 2,1.1418905045883219,0.15134279778726467,
anchor,dgp3,300,10,10,5,11,depth 3,1.1478589533216255,0.15573634775358672,
anchor,dgp3,300,10,10,5,11,selected,1.1446733129699072,0.1519417655676326,tree
anchor,dgp3,300,10,10,5,11,oracle depth,,0.15134279778726467,
anchor,dgp3,300,10,10,5,12,RF,1.0246854132962486,0.07985909072557928,
anchor,dgp3,300,10,10,5,12,tree,1.0158716939963837,0.07281610616483777,
anchor,dgp3,300,10,10,5,12,depth 1,1.0098412757369981,0.06603010548492404,
anchor,dgp3,300,10,10,5,12,depth 2,1.00625045690761,0.06056238021353446,
anchor,dgp3,300,10,10,5,12,depth 3,1.0074570710885022,0.06345600680293247,
anchor,dgp3,300,10,10,5,12,selected,1.0158716939963837,0.07281610616483777,tree
anchor,dgp3,300,10,10,5,12,oracle depth,,0.06056238021353446,
anchor,dgp3,300,10,10,5,13,RF,1.072404635319698,0.07720175528102732,
anchor,dgp3,300,10,10,5,13,tree,1.062095525203169,0.07104525832113054,
anchor,dgp3,300,10,10,5,13,depth 1,1.059503312419424,0.06752530386518492,
anchor,dgp3,300,10,10,5,13,depth 2,1.0622574860653928,0.06990371415496495,
anchor,dgp3,300,10,10,5,13,depth 3,1.0632321352626466,0.06969481872436781,
anchor,dgp3,300,10,10,5,13,selected,1.059503312419424,0.06752530386518492,depth 1
anchor,dgp3,300,10,10,5,13,oracle depth,,0.06752530386518492,
anchor,dgp3,300,10,10,5,14,RF,1.1908744396554374,0.09903885673465883,
anchor,dgp3,300,10,10,5,14,tree,1.175334764466073,0.08217974957661965,
anchor,dgp3,300,10,10,5,14,depth 1,1.1691525674479932,0.0768570555228553,
anchor,dgp3,300,10,10,5,14,depth 2,1.167682097640154,0.0765963644368284,
anchor,dgp3,300,10,10,5,14,depth 3,1.1701925062875704,0.07922092855692565,
anchor,dgp3,300,10,10,5,14,selected,1.1691525674479932,0.0768570555228553,depth 1
anchor,dgp3,300,10,10,5,14,oracle depth,,0.0765963644368284,
anchor,dgp3,300,10,10,5,15,RF,1.048590266761361,0.10097968943759626,
anchor,dgp3,300,10,10,5,15,tree,1.0428870165643482,0.0938091356411878,
anchor,dgp3,300,10,10,5,15,depth 1,1.037286947384581,0.08899365364851673,
anchor,dgp3,300,10,10,5,15,depth 2,1.0358756106489622,0.08750171527493872,
anchor,dgp3,300,10,10,5,15,depth 3,1.04057039810546,0.09140631691860407,
anchor,dgp3,300,10,10,5,15,selected,1.0358756106489622,0.08750171527493872,depth 2
anchor,dgp3,300,10,10,5,15,oracle depth,,0.08750171527493872,
anchor,dgp3,300,10,10,5,16,RF,1.5952788582584625,0.08862678764833333,
anchor,dgp3,300,10,10,5,16,tree,1.5818855185225211,0.08219789582798324,
anchor,dgp3,300,10,10,5,16,depth 1,1.5740230136656983,0.07220758617912465,
anchor,dgp3,300,10,10,5,16,depth 2,1.5695483352278667,0.07215995042345322,
anchor,dgp3,300,10,10,5,16,depth 3,1.5767015574519467,0.0791027501459488,
anchor,dgp3,300,10,10,5,16,selected,1.5818855185225211,0.08219789582798324,tree
anchor,dgp3,300,10,10,5,16,oracle depth,,0.07215995042345322,
anchor,dgp3,300,10,10,5,17,RF,1.1922649641781795,0.25646502910146385,
anchor,dgp3,300,10,10,5,17,tree,1.1064918814571345,0.13110178234154113,
anchor,dgp3,300,10,10,5,17,depth 1,1.0998169991307483,0.14933298152564534,
anchor,dgp3,300,10,10,5,17,depth 2,1.1218696918297295,0.17079042031060962,
anchor,dgp3,300,10,10,5,17,depth 3,1.129260734259567,0.18655144969139328,
anchor,dgp3,300,10,10,5,17,selected,1.1064918814571345,0.13110178234154113,tree
anchor,dgp3,300,10,10,5,17,oracle depth,,0.13110178234154113,
anchor,dgp3,300,10,10,5,18,RF,1.3146127330143866,0.12216274855214607,
anchor,dgp3,300,10,10,5,18,tree,1.287615100599697,0.09660361114309714,
anchor,dgp3,300,10,10,5,18,depth 1,1.2836851649528154,0.09192296530537664,
anchor,dgp3,300,10,10,5,18,depth 2,1.2831328814247611,0.09009807138293273,
anchor,dgp3,300,10,10,5,18,depth 3,1.2830688452354795,0.09250695602102621,
anchor,dgp3,300,10,10,5,18,selected,1.287615100599697,0.09660361114309714,tree
anchor,dgp3,300,10,10,5,18,oracle depth,,0.09009807138293273,
anchor,dgp3,300,10,10,5,19,RF,2.3941118049534853,0.110366945814915,
anchor,dgp3,300,10,10,5,19,tree,2.373067941200736,0.09131988963368838,
anchor,dgp3,300,10,10,5,19,depth 1,2.361728134172121,0.08246422495635582,
anchor,dgp3,300,10,10,5,19,depth 2,2.362001721369628,0.08265260027049876,
anchor,dgp3,300,10,10,5,19,depth 3,2.3605687130040636,0.08294315902635246,
anchor,dgp3,300,10,10,5,19,selected,2.362001721369628,0.08265260027049876,depth 2
anchor,dgp3,300,10,10,5,19,oracle depth,,0.08246422495635582,
anchor,dgp3,300,10,500,5,0,RF,1.1146130740266802,0.08350836757727452,
anchor,dgp3,300,10,500,5,0,tree,1.1125937055368114,0.07005924208630479,
anchor,dgp3,300,10,500,5,0,depth 1,1.1099983436029703,0.0720767043415421,
anchor,dgp3,300,10,500,5,0,depth 2,1.106965469727391,0.07160496219744415,
anchor,dgp3,300,10,500,5,0,depth 3,1.1066569264368376,0.07205497636533253,
anchor,dgp3,300,10,500,5,0,selected,1.1066569264368376,0.07205497636533253,depth 3
anchor,dgp3,300,10,500,5,0,oracle depth,,0.07005924208630479,
anchor,dgp3,300,10,500,5,1,RF,3.923984391232878,0.052545024117889694,
anchor,dgp3,300,10,500,5,1,tree,3.946953454669405,0.06294143104571087,
anchor,dgp3,300,10,500,5,1,depth 1,3.940234625034537,0.05987700308780732,
anchor,dgp3,300,10,500,5,1,depth 2,3.934583160856165,0.056778470099112494,
anchor,dgp3,300,10,500,5,1,depth 3,3.93174348828358,0.05501915139049828,
anchor,dgp3,300,10,500,5,1,selected,3.93174348828358,0.05501915139049828,depth 3
anchor,dgp3,300,10,500,5,1,oracle depth,,0.05501915139049828,
anchor,dgp3,300,10,500,5,2,RF,0.9209661151483245,0.05262895495948512,
anchor,dgp3,300,10,500,5,2,tree,0.9373655361221727,0.06461209495801633,
anchor,dgp3,300,10,500,5,2,depth 1,0.9292609743648114,0.05780706217673562,
anchor,dgp3,300,10,500,5,2,depth 2,0.924306537847041,0.0540054758971683,
anchor,dgp3,300,10,500,5,2,depth 3,0.9223282587852648,0.05251808136106758,
anchor,dgp3,300,10,500,5,2,selected,0.9223282587852648,0.05251808136106758,depth 3
anchor,dgp3,300,10,500,5,2,oracle depth,,0.05251808136106758,
anchor,dgp3,300,10,500,5,3,RF,0.9427743899515533,0.104918873368036,
anchor,dgp3,300,10,500,5,3,tree,0.9403461065988179,0.10032356172442426,
anchor,dgp3,300,10,500,5,3,depth 1,0.9590562518864082,0.1285092217765769,
anchor,dgp3,300,10,500,5,3,depth 2,0.9499604216206686,0.11789052231759688,
anchor,dgp3,300,10,500,5,3,depth 3,0.9375816471472109,0.1046734210847508,
anchor,dgp3,300,10,500,5,3,selected,0.9403461065988179,0.10032356172442426,tree
anchor,dgp3,300,10,500,5,3,oracle depth,,0.10032356172442426,
anchor,dgp3,300,10,500,5,4,RF,0.9704215446785412,0.0621198148311379,
anchor,dgp3,300,10,500,5,4,tree,0.9746013022835441,0.06162110319987131,
anchor,dgp3,300,10,500,5,4,depth 1,0.971382329967191,0.0588080772678137,
anchor,dgp3,300,10,500,5,4,depth 2,0.9694851343678439,0.057481352294924154,
anchor,dgp3,300,10,500,5,4,depth 3,0.9692972944575373,0.057507995368167995,
anchor,dgp3,300,10,500,5,4,selected,0.9692972944575373,0.057507995368167995,depth 3
anchor,dgp3,300,10,500,5,4,oracle depth,,0.057481352294924154,
anchor,dgp3,300,10,500,5,5,RF,1.5448251014446892,0.07455470456595803,
anchor,dgp3,300,10,500,5,5,tree,1.5321706166096634,0.074725893684328,
anchor,dgp3,300,10,500,5,5,depth 1,1.5380648912787163,0.07781069877741376,
anchor,dgp3,300,10,500,5,5,depth 2,1.541829600520469,0.07882687045702873,
anchor,dgp3,300,10,500,5,5,depth 3,1.540671886337234,0.07633516339036645,
anchor,dgp3,300,10,500,5,5,selected,1.540671886337234,0.07633516339036645,depth 3
anchor,dgp3,300,10,500,5,5,oracle depth,,0.074725893684328,
anchor,dgp3,300,10,500,5,6,RF,0.9775228366532374,0.06593658561582089,
anchor,dgp3,300,10,500,5,6,tree,0.9642583842950406,0.05945610560783844,
anchor,dgp3,300,10,500,5,6,depth 1,0.963413434789072,0.05689725894820639,
anchor,dgp3,300,10,500,5,6,depth 2,0.9648663586261114,0.05713663771020551,
anchor,dgp3,300,10,500,5,6,depth 3,0.9662562174642153,0.058261369411737214,
anchor,dgp3,300,10,500,5,6,selected,0.9662562174642153,0.058261369411737214,depth 3
anchor,dgp3,300,10,500,5,6,oracle depth,,0.05689725894820639,
anchor,dgp3,300,10,500,5,7,RF,1.8786630920856793,0.07688511839850935,
anchor,dgp3,300,10,500,5,7,tree,1.887650149787744,0.08824303527426908,
anchor,dgp3,300,10,500,5,7,depth 1,1.876680686397335,0.07891605588599859,
anchor,dgp3,300,10,500,5,7,depth 2,1.8756550094560915,0.07499988534097426,
anchor,dgp3,300,10,500,5,7,depth 3,1.8743789697440674,0.07340531045590556,
anchor,dgp3,300,10,500,5,7,selected,1.8743789697440674,0.07340531045590556,depth 3
anchor,dgp3,300,10,500,5,7,oracle depth,,0.07340531045590556,
anchor,dgp3,300,10,500,5,8,RF,0.9445498080518099,0.06095290564863431,
anchor,dgp3,300,10,500,5,8,tree,0.9325788643871044,0.057786579657424834,
anchor,dgp3,300,10,500,5,8,depth 1,0.9320955007665076,0.05579172802314713,
anchor,dgp3,300,10,500,5,8,depth 2,0.9336034057624429,0.05554822429048985,
anchor,dgp3,300,10,500,5,8,depth 3,0.9348764949894584,0.055700815844674234,
anchor,dgp3,300,10,500,5,8,selected,0.9348764949894584,0.055700815844674234,depth 3
anchor,dgp3,300,10,500,5,8,oracle depth,,0.05554822429048985,
anchor,dgp3,300,10,500,5,9,RF,1.710804829031802,0.055873362444914976,
anchor,dgp3,300,10,500,5,9,tree,1.7162544452140476,0.05555152473571736,
anchor,dgp3,300,10,500,5,9,depth 1,1.7149874830569432,0.05548126441800053,
anchor,dgp3,300,10,500,5,9,depth 2,1.7140561593385562,0.05526481554272378,
anchor,dgp3,300,10,500,5,9,depth 3,1.7130463282062798,0.05513381136695058,
anchor,dgp3,300,10,500,5,9,selected,1.7130463282062798,0.05513381136695058,depth 3
anchor,dgp3,300,10,500,5,9,oracle depth,,0.05513381136695058,
anchor,dgp3,300,10,500,5,10,RF,1.0677195373273816,0.04096689169665183,
anchor,dgp3,300,10,500,5,10,tree,1.0710939581700047,0.04630086951348861,
anchor,dgp3,300,10,500,5,10,depth 1,1.066504102377837,0.0412835558736292,
anchor,dgp3,300,10,500,5,10,depth 2,1.0652601575232612,0.039423408972197364,
anchor,dgp3,300,10,500,5,10,depth 3,1.0651723379086209,0.03917124250619885,
anchor,dgp3,300,10,500,5,10,selected,1.0651723379086209,0.03917124250619885,depth 3
anchor,dgp3,300,10,500,5,10,oracle depth,,0.03917124250619885,
anchor,dgp3,300,10,500,5,11,RF,1.022157462697309,0.06384416680055567,
anchor,dgp3,300,10,500,5,11,tree,1.018223546560938,0.061192091542676214,
anchor,dgp3,300,10,500,5,11,depth 1,1.0151608349341266,0.058371384546001735,
anchor,dgp3,300,10,500,5,11,depth 2,1.014918857518773,0.05808555779520841,
anchor,dgp3,300,10,500,5,11,depth 3,1.0153684287163713,0.05873668378967668,
anchor,dgp3,300,10,500,5,11,selected,1.0153684287163713,0.05873668378967668,depth 3
anchor,dgp3,300,10,500,5,11,oracle depth,,0.05808555779520841,
anchor,dgp3,300,10,500,5,12,RF,0.8331040883904147,0.07742047205852289,
anchor,dgp3,300,10,500,5,12,tree,0.8378560334896408,0.08428144868142168,
anchor,dgp3,300,10,500,5,12,depth 1,0.8337122831300143,0.07941337497697823,
anchor,dgp3,300,10,500,5,12,depth 2,0.8324555123322328,0.07787972772634268,
anchor,dgp3,300,10,500,5,12,depth 3,0.8315285868762002,0.07655391207814703,
anchor,dgp3,300,10,500,5,12,selected,0.8315285868762002,0.07655391207814703,depth 3
anchor,dgp3,300,10,500,5,12,oracle depth,,0.07655391207814703,
anchor,dgp3,300,10,500,5,13,RF,1.0263799114867866,0.07796547634603805,
anchor,dgp3,300,10,500,5,13,tree,1.0261550324839703,0.08114323191157062,
anchor,dgp3,300,10,500,5,13,depth 1,1.0218220153775122,0.0781478079484359,
anchor,dgp3,300,10,500,5,13,depth 2,1.0169424375939438,0.0733949486243562,
anchor,dgp3,300,10,500,5,13,depth 3,1.016623805641121,0.07200900459764378,
anchor,dgp3,300,10,500,5,13,selected,1.016623805641121,0.07200900459764378,depth 3
anchor,dgp3,300,10,500,5,13,oracle depth,,0.07200900459764378,
anchor,dgp3,300,10,500,5,14,RF,1.283782424989415,0.057537754502270916,
anchor,dgp3,300,10,500,5,14,tree,1.2885413037249456,0.06409986381695779,
anchor,dgp3,300,10,500,5,14,depth 1,1.284623067619132,0.06006319327088515,
anchor,dgp3,300,10,500,5,14,depth 2,1.2826180564224159,0.058093643671248495,
anchor,dgp3,300,10,500,5,14,depth 3,1.2806225584214863,0.055766894677609126,
anchor,dgp3,300,10,500,5,14,selected,1.2806225584214863,0.055766894677609126,depth 3
anchor,dgp3,300,10,500,5,14,oracle depth,,0.055766894677609126,
anchor,dgp3,300,10,500,5,15,RF,1.9058531627867035,0.04630541496809449,
anchor,dgp3,300,10,500,5,15,tree,1.908232599528111,0.05043303151832098,
anchor,dgp3,300,10,500,5,15,depth 1,1.9042266422292833,0.046090624610857826,
anchor,dgp3,300,10,500,5,15,depth 2,1.9017677543366096,0.04445470092144033,
anchor,dgp3,300,10,500,5,15,depth 3,1.901577180383425,0.04390993837505052,
anchor,dgp3,300,10,500,5,15,selected,1.901577180383425,0.04390993837505052,depth 3
anchor,dgp3,300,10,500,5,15,oracle depth,,0.04390993837505052,
anchor,dgp3,300,10,500,5,16,RF,1.000778819763007,0.061974077107674955,
anchor,dgp3,300,10,500,5,16,tree,1.0199694882322574,0.06825600610351316,
anchor,dgp3,300,10,500,5,16,depth 1,1.010474862775476,0.06411807767294118,
anchor,dgp3,300,10,500,5,16,depth 2,1.0065544882752577,0.06281660987488376,
anchor,dgp3,300,10,500,5,16,depth 3,1.0051903275078182,0.06210610358414891,
anchor,dgp3,300,10,500,5,16,selected,1.010474862775476,0.06411807767294118,depth 1
anchor,dgp3,300,10,500,5,16,oracle depth,,0.06210610358414891,
anchor,dgp3,300,10,500,5,17,RF,1.3631270548759433,0.053608705436589334,
anchor,dgp3,300,10,500,5,17,tree,1.3559334968362649,0.05296376557802347,
anchor,dgp3,300,10,500,5,17,depth 1,1.3531556459886054,0.04912102350789748,
anchor,dgp3,300,10,500,5,17,depth 2,1.3537289746515355,0.047760403139957094,
anchor,dgp3,300,10,500,5,17,depth 3,1.354357529734109,0.04806430573435993,
anchor,dgp3,300,10,500,5,17,selected,1.354357529734109,0.04806430573435993,depth 3
anchor,dgp3,300,10,500,5,17,oracle depth,,0.047760403139957094,
anchor,dgp3,300,10,500,5,18,RF,1.2514337306451662,0.04476216389627924,
anchor,dgp3,300,10,500,5,18,tree,1.2599557296661412,0.04400791300030894,
anchor,dgp3,300,10,500,5,18,depth 1,1.258604458478081,0.04342878625494992,
anchor,dgp3,300,10,500,5,18,depth 2,1.2561351762183373,0.04229537316947462,
anchor,dgp3,300,10,500,5,18,depth 3,1.2537225438581618,0.04134939042035219,
anchor,dgp3,300,10,500,5,18,selected,1.2537225438581618,0.04134939042035219,depth 3
anchor,dgp3,300,10,500,5,18,oracle depth,,0.04134939042035219,
anchor,dgp3,300,10,500,5,19,RF,0.9806924010479457,0.04494407631170287,
anchor,dgp3,300,10,500,5,19,tree,0.9797353358235977,0.04527191742939713,
anchor,dgp3,300,10,500,5,19,depth 1,0.9769025473584494,0.04201824985341088,
anchor,dgp3,300,10,500,5,19,depth 2,0.9760974255616234,0.040939592086996254,
anchor,dgp3,300,10,500,5,19,depth 3,0.9760123009164253,0.04100999614171972,
anchor,dgp3,300,10,500,5,19,selected,0.9760123009164253,0.04100999614171972,depth 3
anchor,dgp3,300,10,500,5,19,oracle depth,,0.040939592086996254,
anchor,dgp3,1200,10,10,5,0,RF,1.6972512298039413,0.12823657907616381,
anchor,dgp3,1200,10,10,5,0,tree,1.6464409070143489,0.08528830503372681,
anchor,dgp3,1200,10,10,5,0,depth 1,1.644384880893398,0.08148102131001823,
anchor,dgp3,1200,10,10,5,0,depth 2,1.6433097296610752,0.08243126994703359,
anchor,dgp3,1200,10,10,5,0,depth 3,1.6444633802091377,0.08377018563827904,
anchor,dgp3,1200,10,10,5,0,selected,1.6444633802091377,0.08377018563827904,depth 3
anchor,dgp3,1200,10,10,5,0,oracle depth,,0.08148102131001823,
anchor,dgp3,1200,10,10,5,1,RF,1.092399336989986,0.10859628294195563,
anchor,dgp3,1200,10,10,5,1,tree,1.0581157185759333,0.08379930825448058,
anchor,dgp3,1200,10,10,5,1,depth 1,1.0400731801503,0.066745603013109,
anchor,dgp3,1200,10,10,5,1,depth 2,1.0604923398604371,0.08272302411266017,
anchor,dgp3,1200,10,10,5,1,depth 3,1.0569795925756844,0.07913325461192493,
anchor,dgp3,1200,10,10,5,1,selected,1.0400731801503,0.066745603013109,depth 1
anchor,dgp3,1200,10,10,5,1,oracle depth,,0.066745603013109,
anchor,dgp3,1200,10,10,5,2,RF,1.3861194477505396,0.07767947817879543,
anchor,dgp3,1200,10,10,5,2,tree,1.354052800908479,0.06126431903984448,
anchor,dgp3,1200,10,10,5,2,depth 1,1.3551235610425745,0.0591502685956494,
anchor,dgp3,1200,10,10,5,2,depth 2,1.3456309021817356,0.049732401319508256,
anchor,dgp3,1200,10,10,5,2,depth 3,1.346821507086833,0.04854290567536321,
anchor,dgp3,1200,10,10,5,2,selected,1.346821507086833,0.04854290567536321,depth 3
anchor,dgp3,1200,10,10,5,2,oracle depth,,0.04854290567536321,
anchor,dgp3,1200,10,10,5,3,RF,1.182556447287359,0.10149583259043057,
anchor,dgp3,1200,10,10,5,3,tree,1.1640326226817304,0.08300603217020337,
anchor,dgp3,1200,10,10,5,3,depth 1,1.1586265557923905,0.07850343330459214,
anchor,dgp3,1200,10,10,5,3,depth 2,1.1562968824976123,0.07754887127438143,
anchor,dgp3,1200,10,10,5,3,depth 3,1.1561826517831266,0.07663767106196091,
anchor,dgp3,1200,10,10,5,3,selected,1.1562968824976123,0.07754887127438143,depth 2
anchor,dgp3,1200,10,10,5,3,oracle depth,,0.07663767106196091,
anchor,dgp3,1200,10,10,5,4,RF,1.405790086799887,0.105916463143622,
anchor,dgp3,1200,10,10,5,4,tree,1.3671494761712661,0.08006170965986607,
anchor,dgp3,1200,10,10,5,4,depth 1,1.3636083313836471,0.06927145509198933,
anchor,dgp3,1200,10,10,5,4,depth 2,1.368346484398653,0.06902885459813052,
anchor,dgp3,1200,10,10,5,4,depth 3,1.370362819737867,0.06906116316972156,
anchor,dgp3,1200,10,10,5,4,selected,1.3636083313836471,0.06927145509198933,depth 1
anchor,dgp3,1200,10,10,5,4,oracle depth,,0.06902885459813052,
anchor,dgp3,1200,10,10,5,5,RF,1.069499582003181,0.09440374182617808,
anchor,dgp3,1200,10,10,5,5,tree,1.0616718477910623,0.07890576488157791,
anchor,dgp3,1200,10,10,5,5,depth 1,1.0535543194387558,0.07199969673113281,
anchor,dgp3,1200,10,10,5,5,depth 2,1.0514115502158474,0.07231079155819324,
anchor,dgp3,1200,10,10,5,5,depth 3,1.0479238585308164,0.07033912807557682,
anchor,dgp3,1200,10,10,5,5,selected,1.0535543194387558,0.07199969673113281,depth 1
anchor,dgp3,1200,10,10,5,5,oracle depth,,0.07033912807557682,
anchor,dgp3,1200,10,10,5,6,RF,2.770080869093014,0.07362699498616732,
anchor,dgp3,1200,10,10,5,6,tree,2.7444575609258197,0.05617994810940545,
anchor,dgp3,1200,10,10,5,6,depth 1,2.7388241694062154,0.05276787779613064,
anchor,dgp3,1200,10,10,5,6,depth 2,2.7330746232546264,0.049716303208511635,
anchor,dgp3,1200,10,10,5,6,depth 3,2.7359556538040013,0.05073882854826597,
anchor,dgp3,1200,10,10,5,6,selected,2.7330746232546264,0.049716303208511635,depth 2
anchor,dgp3,1200,10,10,5,6,oracle depth,,0.049716303208511635,
anchor,dgp3,1200,10,10,5,7,RF,1.133972686033303,0.10548140260255552,
anchor,dgp3,1200,10,10,5,7,tree,1.1190239529036825,0.08230087813526855,
anchor,dgp3,1200,10,10,5,7,depth 1,1.1125304982789768,0.07503894085168408,
anchor,dgp3,1200,10,10,5,7,depth 2,1.1098016808228048,0.07191781904497763,
anchor,dgp3,1200,10,10,5,7,depth 3,1.1096429112219086,0.07377507986515565,
anchor,dgp3,1200,10,10,5,7,selected,1.1098016808228048,0.07191781904497763,depth 2
anchor,dgp3,1200,10,10,5,7,oracle depth,,0.07191781904497763,
anchor,dgp3,1200,10,10,5,8,RF,1.2166020454964925,0.07342051166989011,
anchor,dgp3,1200,10,10,5,8,tree,1.2023191541274512,0.057190448438341,
anchor,dgp3,1200,10,10,5,8,depth 1,1.1998349033610642,0.05190499955311342,
anchor,dgp3,1200,10,10,5,8,depth 2,1.20045843927445,0.05111618503530137,
anchor,dgp3,1200,10,10,5,8,depth 3,1.2002807820654027,0.051237047445856033,
anchor,dgp3,1200,10,10,5,8,selected,1.20045843927445,0.05111618503530137,depth 2
anchor,dgp3,1200,10,10,5,8,oracle depth,,0.05111618503530137,
anchor,dgp3,1200,10,10,5,9,RF,1.4370456039097117,0.06860119072871856,
anchor,dgp3,1200,10,10,5,9,tree,1.4314770900179874,0.05397995325876431,
anchor,dgp3,1200,10,10,5,9,depth 1,1.4282745801815067,0.051146372594524016,
anchor,dgp3,1200,10,10,5,9,depth 2,1.4280976839187247,0.0488291147977215,
anchor,dgp3,1200,10,10,5,9,depth 3,1.4279149017213637,0.047971314093911414,
anchor,dgp3,1200,10,10,5,9,selected,1.4279149017213637,0.047971314093911414,depth 3
anchor,dgp3,1200,10,10,5,9,oracle depth,,0.047971314093911414,
anchor,dgp3,1200,10,10,5,10,RF,1.0614171228160405,0.08642998921364245,
anchor,dgp3,1200,10,10,5,10,tree,1.0341345640868271,0.06168528277997321,
anchor,dgp3,1200,10,10,5,10,depth 1,1.0347129287489458,0.06336641073823714,
anchor,dgp3,1200,10,10,5,10,depth 2,1.034633667023479,0.06096834361275358,
anchor,dgp3,1200,10,10,5,10,depth 3,1.0337732561593007,0.05988829727998958,
anchor,dgp3,1200,10,10,5,10,selected,1.0337732561593007,0.05988829727998958,depth 3
anchor,dgp3,1200,10,10,5,10,oracle depth,,0.05988829727998958,
anchor,dgp3,1200,10,10,5,11,RF,1.1235150773993652,0.0856096623498635,
anchor,dgp3,1200,10,10,5,11,tree,1.1069016385835717,0.07109989744919003,
anchor,dgp3,1200,10,10,5,11,depth 1,1.1011749458171014,0.06539375189783556,
anchor,dgp3,1200,10,10,5,11,depth 2,1.0923784971965154,0.058490330855518094,
anchor,dgp3,1200,10,10,5,11,depth 3,1.091446038732793,0.05859910480203603,
anchor,dgp3,1200,10,10,5,11,selected,1.0923784971965154,0.058490330855518094,depth 2
anchor,dgp3,1200,10,10,5,11,oracle depth,,0.058490330855518094,
anchor,dgp3,1200,10,10,5,12,RF,1.5965821625974552,0.08376379940150652,
anchor,dgp3,1200,10,10,5,12,tree,1.5827315087517895,0.06765066946692475,
anchor,dgp3,1200,10,10,5,12,depth 1,1.5764740594757793,0.06128450588254869,
anchor,dgp3,1200,10,10,5,12,depth 2,1.5719816614505464,0.05846761637888732,
anchor,dgp3,1200,10,10,5,12,depth 3,1.5749411598893173,0.05963491695083901,
anchor,dgp3,1200,10,10,5,12,selected,1.5719816614505464,0.05846761637888732,depth 2
anchor,dgp3,1200,10,10,5,12,oracle depth,,0.05846761637888732,
anchor,dgp3,1200,10,10,5,13,RF,1.7888033112920676,0.10242812255173436,
anchor,dgp3,1200,10,10,5,13,tree,1.7845377795952202,0.08286408439394961,
anchor,dgp3,1200,10,10,5,13,depth 1,1.7720520608060584,0.07188594508272775,
anchor,dgp3,1200,10,10,5,13,depth 2,1.7655412756809006,0.06653600344797915,
anchor,dgp3,1200,10,10,5,13,depth 3,1.7631268458139349,0.06844731665210876,
anchor,dgp3,1200,10,10,5,13,selected,1.7655412756809006,0.06653600344797915,depth 2
anchor,dgp3,1200,10,10,5,13,oracle depth,,0.06653600344797915,
anchor,dgp3,1200,10,10,5,14,RF,0.9915345584590377,0.11982015259698388,
anchor,dgp3,1200,10,10,5,14,tree,0.9441867082953437,0.0749565215924869,
anchor,dgp3,1200,10,10,5,14,depth 1,0.9438616733131021,0.0726158143694314,
anchor,dgp3,1200,10,10,5,14,depth 2,0.9533667465472808,0.082334929025934,
anchor,dgp3,1200,10,10,5,14,depth 3,0.9518400254673777,0.08227124377442356,
anchor,dgp3,1200,10,10,5,14,selected,0.9441867082953437,0.0749565215924869,tree
anchor,dgp3,1200,10,10,5,14,oracle depth,,0.0726158143694314,
anchor,dgp3,1200,10,10,5,15,RF,2.4519358452205737,0.18504766770163913,
anchor,dgp3,1200,10,10,5,15,tree,2.3716860910300674,0.09559837086559014,
anchor,dgp3,1200,10,10,5,15,depth 1,2.3946966419231592,0.12284438170110316,
anchor,dgp3,1200,10,10,5,15,depth 2,2.3964158876279495,0.12762213482416948,
anchor,dgp3,1200,10,10,5,15,depth 3,2.3929814399781,0.12464725190481905,
anchor,dgp3,1200,10,10,5,15,selected,2.3716860910300674,0.09559837086559014,tree
anchor,dgp3,1200,10,10,5,15,oracle depth,,0.09559837086559014,
anchor,dgp3,1200,10,10,5,16,RF,1.5066991267550451,0.11055096152764693,
anchor,dgp3,1200,10,10,5,16,tree,1.4681079807911765,0.07411203094279636,
anchor,dgp3,1200,10,10,5,16,depth 1,1.4681730508746753,0.07310141500533869,
anchor,dgp3,1200,10,10,5,16,depth 2,1.4675903038313551,0.0726982471214007,
anchor,dgp3,1200,10,10,5,16,depth 3,1.4651551131895166,0.07013838483199519,
anchor,dgp3,1200,10,10,5,16,selected,1.4651551131895166,0.07013838483199519,depth 3
anchor,dgp3,1200,10,10,5,16,oracle depth,,0.07013838483199519,
anchor,dgp3,1200,10,10,5,17,RF,1.4411436340569128,0.06795968528253062,
anchor,dgp3,1200,10,10,5,17,tree,1.435171013512448,0.06259798333246248,
anchor,dgp3,1200,10,10,5,17,depth 1,1.4337166474358145,0.0599913651470264,
anchor,dgp3,1200,10,10,5,17,depth 2,1.4291906396857945,0.05478897967307935,
anchor,dgp3,1200,10,10,5,17,depth 3,1.4275611034583453,0.054165148654682964,
anchor,dgp3,1200,10,10,5,17,selected,1.4291906396857945,0.05478897967307935,depth 2
anchor,dgp3,1200,10,10,5,17,oracle depth,,0.054165148654682964,
anchor,dgp3,1200,10,10,5,18,RF,1.4309225227328783,0.0812082853166141,
anchor,dgp3,1200,10,10,5,18,tree,1.4178621508829627,0.07005078193530609,
anchor,dgp3,1200,10,10,5,18,depth 1,1.4141323163982376,0.06381215047091227,
anchor,dgp3,1200,10,10,5,18,depth 2,1.4148485730930838,0.06380093891241992,
anchor,dgp3,1200,10,10,5,18,depth 3,1.4144531577049633,0.0635677319122539,
anchor,dgp3,1200,10,10,5,18,selected,1.4141323163982376,0.06381215047091227,depth 1
anchor,dgp3,1200,10,10,5,18,oracle depth,,0.0635677319122539,
anchor,dgp3,1200,10,10,5,19,RF,1.3107764488248812,0.11954025353670288,
anchor,dgp3,1200,10,10,5,19,tree,1.2848655822656017,0.08768867562419098,
anchor,dgp3,1200,10,10,5,19,depth 1,1.278958719817073,0.08007191669197837,
anchor,dgp3,1200,10,10,5,19,depth 2,1.2748382908818878,0.07541561465223075,
anchor,dgp3,1200,10,10,5,19,depth 3,1.282053500352948,0.07948669670910131,
anchor,dgp3,1200,10,10,5,19,selected,1.2748382908818878,0.07541561465223075,depth 2
anchor,dgp3,1200,10,10,5,19,oracle depth,,0.07541561465223075,
anchor,dgp3,1200,10,500,5,0,RF,0.9169043658823599,0.05236749373966298,
anchor,dgp3,1200,10,500,5,0,tree,0.9143180109001199,0.04760339540085806,
anchor,dgp3,1200,10,500,5,0,depth 1,0.9071929684701542,0.040431616339780534,
anchor,dgp3,1200,10,500,5,0,depth 2,0.9056364261012648,0.03930961954841337,
anchor,dgp3,1200,10,500,5,0,depth 3,0.9057907061287642,0.03954563323837128,
anchor,dgp3,1200,10,500,5,0,selected,0.9057907061287642,0.03954563323837128,depth 3
anchor,dgp3,1200,10,500,5,0,oracle depth,,0.03930961954841337,
anchor,dgp3,1200,10,500,5,1,RF,1.7364400552497212,0.031706383583483634,
anchor,dgp3,1200,10,500,5,1,tree,1.7393809192048102,0.03905159265493474,
anchor,dgp3,1200,10,500,5,1,depth 1,1.7368328733047353,0.034334615387716545,
anchor,dgp3,1200,10,500,5,1,depth 2,1.7359394283379925,0.031618742626107074,
anchor,dgp3,1200,10,500,5,1,depth 3,1.7351429475734852,0.029874823545264016,
anchor,dgp3,1200,10,500,5,1,selected,1.7351429475734852,0.029874823545264016,depth 3
anchor,dgp3,1200,10,500,5,1,oracle depth,,0.029874823545264016,
anchor,dgp3,1200,10,500,5,2,RF,0.941153380675523,0.043949625704149356,
anchor,dgp3,1200,10,500,5,2,tree,0.9475609672234059,0.04438303788104416,
anchor,dgp3,1200,10,500,5,2,depth 1,0.943232270131219,0.04029814774484157,
anchor,dgp3,1200,10,500,5,2,depth 2,0.9406154633119959,0.03820429091670388,
anchor,dgp3,1200,10,500,5,2,depth 3,0.9389459311996331,0.03729710507298733,
anchor,dgp3,1200,10,500,5,2,selected,0.9389459311996331,0.03729710507298733,depth 3
anchor,dgp3,1200,10,500,5,2,oracle depth,,0.03729710507298733,
anchor,dgp3,1200,10,500,5,3,RF,1.1005629717813235,0.02985319334701761,
anchor,dgp3,1200,10,500,5,3,tree,1.1069966346267417,0.03422019144084796,
anchor,dgp3,1200,10,500,5,3,depth 1,1.1018329623615988,0.029556135332637522,
anchor,dgp3,1200,10,500,5,3,depth 2,1.0995220816246585,0.02754271120418607,
anchor,dgp3,1200,10,500,5,3,depth 3,1.0979358994666646,0.02649547523104226,
anchor,dgp3,1200,10,500,5,3,selected,1.0979358994666646,0.02649547523104226,depth 3
anchor,dgp3,1200,10,500,5,3,oracle depth,,0.02649547523104226,
anchor,dgp3,1200,10,500,5,4,RF,1.0424384482196754,0.055398092107937696,
anchor,dgp3,1200,10,500,5,4,tree,1.0475377557380618,0.057638491230323066,
anchor,dgp3,1200,10,500,5,4,depth 1,1.0423855835672577,0.05297730476862056,
anchor,dgp3,1200,10,500,5,4,depth 2,1.0401309755502106,0.05157741784596402,
anchor,dgp3,1200,10,500,5,4,depth 3,1.038890244647845,0.05078943554729591,
anchor,dgp3,1200,10,500,5,4,selected,1.038890244647845,0.05078943554729591,depth 3
anchor,dgp3,1200,10,500,5,4,oracle depth,,0.05078943554729591,
anchor,dgp3,1200,10,500,5,5,RF,1.0218323501962434,0.0380116407866234,
anchor,dgp3,1200,10,500,5,5,tree,1.016597813790872,0.03904903364907082,
anchor,dgp3,1200,10,500,5,5,depth 1,1.012701299835976,0.03499013097082505,
anchor,dgp3,1200,10,500,5,5,depth 2,1.0121510544546033,0.03339283040267432,
anchor,dgp3,1200,10,500,5,5,depth 3,1.0130671970523408,0.03313048297763405,
anchor,dgp3,1200,10,500,5,5,selected,1.0130671970523408,0.03313048297763405,depth 3
anchor,dgp3,1200,10,500,5,5,oracle depth,,0.03313048297763405,
anchor,dgp3,1200,10,500,5,6,RF,0.8173402905793699,0.09044885047748691,
anchor,dgp3,1200,10,500,5,6,tree,0.823988504269348,0.09128718152929491,
anchor,dgp3,1200,10,500,5,6,depth 1,0.8369574594586767,0.10556874958868559,
anchor,dgp3,1200,10,500,5,6,depth 2,0.8386341788336358,0.10591276547262313,
anchor,dgp3,1200,10,500,5,6,depth 3,0.8276154442941724,0.09506977119595181,
anchor,dgp3,1200,10,500,5,6,selected,0.823988504269348,0.09128718152929491,tree
anchor,dgp3,1200,10,500,5,6,oracle depth,,0.09128718152929491,
anchor,dgp3,1200,10,500,5,7,RF,0.9971961739829786,0.04095448845473513,
anchor,dgp3,1200,10,500,5,7,tree,0.9995147581287845,0.047175601371556734,
anchor,dgp3,1200,10,500,5,7,depth 1,0.9950205207952681,0.041375313061947444,
anchor,dgp3,1200,10,500,5,7,depth 2,0.9926897841296369,0.038004761413976275,
anchor,dgp3,1200,10,500,5,7,depth 3,0.992193612542379,0.03667621734914912,
anchor,dgp3,1200,10,500,5,7,selected,0.992193612542379,0.03667621734914912,depth 3
anchor,dgp3,1200,10,500,5,7,oracle depth,,0.03667621734914912,
anchor,dgp3,1200,10,500,5,8,RF,0.8549192449711309,0.04158182894699692,
anchor,dgp3,1200,10,500,5,8,tree,0.8644933649326637,0.042593981041525876,
anchor,dgp3,1200,10,500,5,8,depth 1,0.863707504517806,0.04293171190407931,
anchor,dgp3,1200,10,500,5,8,depth 2,0.8606246783392393,0.04113020378485717,
anchor,dgp3,1200,10,500,5,8,depth 3,0.8574312263067283,0.03895664728373405,
anchor,dgp3,1200,10,500,5,8,selected,0.8574312263067283,0.03895664728373405,depth 3
anchor,dgp3,1200,10,500,5,8,oracle depth,,0.03895664728373405,
anchor,dgp3,1200,10,500,5,9,RF,0.8983209975985257,0.029978837432201387,
anchor,dgp3,1200,10,500,5,9,tree,0.8988763171960794,0.037979118306576264,
anchor,dgp3,1200,10,500,5,9,depth 1,0.8952078299430565,0.033472935939926146,
anchor,dgp3,1200,10,500,5,9,depth 2,0.8936357372847036,0.030667677155754566,
anchor,dgp3,1200,10,500,5,9,depth 3,0.8930480279545594,0.02912663187780501,
anchor,dgp3,1200,10,500,5,9,selected,0.8930480279545594,0.02912663187780501,depth 3
anchor,dgp3,1200,10,500,5,9,oracle depth,,0.02912663187780501,
anchor,dgp3,1200,10,500,5,10,RF,1.033099629484123,0.05001823202035496,
anchor,dgp3,1200,10,500,5,10,tree,1.023955542940395,0.04358614489159457,
anchor,dgp3,1200,10,500,5,10,depth 1,1.0257701762210891,0.04523223036068842,
anchor,dgp3,1200,10,500,5,10,depth 2,1.0247116284035553,0.0434919592942224,
anchor,dgp3,1200,10,500,5,10,depth 3,1.022786509016096,0.04118657460934108,
anchor,dgp3,1200,10,500,5,10,selected,1.022786509016096,0.04118657460934108,depth 3
anchor,dgp3,1200,10,500,5,10,oracle depth,,0.04118657460934108,
anchor,dgp3,1200,10,500,5,11,RF,1.1555941814828832,0.03615246811475312,
anchor,dgp3,1200,10,500,5,11,tree,1.1740816866785175,0.05386031439529684,
anchor,dgp3,1200,10,500,5,11,depth 1,1.1676569023030248,0.04679385404187901,
anchor,dgp3,1200,10,500,5,11,depth 2,1.1636411575806769,0.04236450989966593,
anchor,dgp3,1200,10,500,5,11,depth 3,1.160697958446488,0.040245510927622824,
anchor,dgp3,1200,10,500,5,11,selected,1.160697958446488,0.040245510927622824,depth 3
anchor,dgp3,1200,10,500,5,11,oracle depth,,0.040245510927622824,
anchor,dgp3,1200,10,500,5,12,RF,1.7368625021639594,0.03802652200005495,
anchor,dgp3,1200,10,500,5,12,tree,1.7408078354664998,0.04794274066954248,
anchor,dgp3,1200,10,500,5,12,depth 1,1.737799269768417,0.0428490266723027,
anchor,dgp3,1200,10,500,5,12,depth 2,1.736579991135115,0.0399430260614521,
anchor,dgp3,1200,10,500,5,12,depth 3,1.7361169237282084,0.03807561193238463,
anchor,dgp3,1200,10,500,5,12,selected,1.7361169237282084,0.03807561193238463,depth 3
anchor,dgp3,1200,10,500,5,12,oracle depth,,0.03807561193238463,
anchor,dgp3,1200,10,500,5,13,RF,0.9967732507183894,0.027504344517005497,
anchor,dgp3,1200,10,500,5,13,tree,1.0003332854311195,0.03441841278499734,
anchor,dgp3,1200,10,500,5,13,depth 1,0.9971526023593684,0.030321935354114263,
anchor,dgp3,1200,10,500,5,13,depth 2,0.9954148155648739,0.028023049190930682,
anchor,dgp3,1200,10,500,5,13,depth 3,0.9948272924598887,0.02691043247668497,
anchor,dgp3,1200,10,500,5,13,selected,0.9948272924598887,0.02691043247668497,depth 3
anchor,dgp3,1200,10,500,5,13,oracle depth,,0.02691043247668497,
anchor,dgp3,1200,10,500,5,14,RF,1.3184578087738488,0.045247485185989984,
anchor,dgp3,1200,10,500,5,14,tree,1.3338746323375235,0.05858091651197624,
anchor,dgp3,1200,10,500,5,14,depth 1,1.3239508781438527,0.04990542955386538,
anchor,dgp3,1200,10,500,5,14,depth 2,1.321063682710986,0.0479192151306594,
anchor,dgp3,1200,10,500,5,14,depth 3,1.3193485516219758,0.047124687456625965,
anchor,dgp3,1200,10,500,5,14,selected,1.3193485516219758,0.047124687456625965,depth 3
anchor,dgp3,1200,10,500,5,14,oracle depth,,0.047124687456625965,
anchor,dgp3,1200,10,500,5,15,RF,1.0650952898086659,0.03613406219014371,
anchor,dgp3,1200,10,500,5,15,tree,1.067161059739095,0.044343278820757594,
anchor,dgp3,1200,10,500,5,15,depth 1,1.061191541292075,0.03849096341982078,
anchor,dgp3,1200,10,500,5,15,depth 2,1.0579461985634968,0.034890374532911085,
anchor,dgp3,1200,10,500,5,15,depth 3,1.057414487244791,0.03324770710627917,
anchor,dgp3,1200,10,500,5,15,selected,1.057414487244791,0.03324770710627917,depth 3
anchor,dgp3,1200,10,500,5,15,oracle depth,,0.03324770710627917,
anchor,dgp3,1200,10,500,5,16,RF,1.0397013361884648,0.0383780977232214,
anchor,dgp3,1200,10,500,5,16,tree,1.0434112785951992,0.0473274860724722,
anchor,dgp3,1200,10,500,5,16,depth 1,1.039858865169772,0.040722974810606105,
anchor,dgp3,1200,10,500,5,16,depth 2,1.038967624514797,0.03774091354545336,
anchor,dgp3,1200,10,500,5,16,depth 3,1.0389503856213984,0.036380396428342,
anchor,dgp3,1200,10,500,5,16,selected,1.0389503856213984,0.036380396428342,depth 3
anchor,dgp3,1200,10,500,5,16,oracle depth,,0.036380396428342,
anchor,dgp3,1200,10,500,5,17,RF,1.746353310241661,0.044527190672092404,
anchor,dgp3,1200,10,500,5,17,tree,1.7489192844483135,0.043706339014742045,
anchor,dgp3,1200,10,500,5,17,depth 1,1.7455001091032731,0.038535179961045885,
anchor,dgp3,1200,10,500,5,17,depth 2,1.745073461923995,0.03653226227865516,
anchor,dgp3,1200,10,500,5,17,depth 3,1.7434573415769687,0.03552155779511905,
anchor,dgp3,1200,10,500,5,17,selected,1.7434573415769687,0.03552155779511905,depth 3
anchor,dgp3,1200,10,500,5,17,oracle depth,,0.03552155779511905,
anchor,dgp3,1200,10,500,5,18,RF,0.9894007031133089,0.02994371715059778,
anchor,dgp3,1200,10,500,5,18,tree,0.9852321478254541,0.03125029985000297,
anchor,dgp3,1200,10,500,5,18,depth 1,0.9830110646410473,0.027378896074412542,
anchor,dgp3,1200,10,500,5,18,depth 2,0.9827477313445403,0.02587440321485503,
anchor,dgp3,1200,10,500,5,18,depth 3,0.9833981742399136,0.025289125712136803,
anchor,dgp3,1200,10,500,5,18,selected,0.9833981742399136,0.025289125712136803,depth 3
anchor,dgp3,1200,10,500,5,18,oracle depth,,0.025289125712136803,
anchor,dgp3,1200,10,500,5,19,RF,0.857896507246999,0.03965393863700659,
anchor,dgp3,1200,10,500,5,19,tree,0.8686571075360532,0.05162909995111568,
anchor,dgp3,1200,10,500,5,19,depth 1,0.8632332076809399,0.04339883250343073,
anchor,dgp3,1200,10,500,5,19,depth 2,0.8620862748264029,0.040544529567188195,
anchor,dgp3,1200,10,500,5,19,depth 3,0.8605098882302221,0.03878005370355567,
anchor,dgp3,1200,10,500,5,19,selected,0.8605098882302221,0.03878005370355567,depth 3
anchor,dgp3,1200,10,500,5,19,oracle depth,,0.03878005370355567,
