"experiment","dgp","n","p","B","min_leaf","rep","snr","method","mse","mae","mse_true","coverage","interval_score","interval_width","dm_stat","dm_p","runtime","lambda","lambda_naive","leaves","n_eff","tuned_nodesize"
"grid","dgp1",300,10,10,5,1,0.139189162631146,"RF",1.41938039793683,0.882024217223531,0.210754577443679,0.942,6.97268119341569,4.83464555267028,4.69803786881895,2.99404853346338e-06,0.0120000000000005,0.895652764043385,0.96765203923415,101.8,1.77560130330268,2
"grid","dgp1",300,10,10,5,1,0.139189162631146,"SSRF-JS",1.39595673709053,0.872168747712426,0.183645571763217,0.938,6.95447805543187,4.73973782934059,NA,NA,0.0120000000000005,0.895652764043385,0.96765203923415,101.8,1.77560130330268,2
"grid","dgp1",300,10,10,5,1,0.139189162631146,"SSRF",1.39029149291316,0.869651686695492,0.177572066957398,0.938,6.94623614502134,4.75569901422615,-3.68474485884894,0.000241226820335321,0.0120000000000005,0.895652764043385,0.96765203923415,101.8,1.77560130330268,2
"grid","dgp1",300,10,10,5,1,0.139189162631146,"SSRF-naive",1.40748049321249,0.87732258545099,0.19840975101362,0.942,6.96271862261479,4.78233190457811,3.44441168497559,0.000596079288225023,0.0120000000000005,0.895652764043385,0.96765203923415,101.8,1.77560130330268,2
"grid","dgp1",300,10,10,5,1,0.139189162631146,"SSRF-rob",1.41578270572552,0.880496818062315,0.206673979643287,0.942,6.97114234534857,4.80480721460219,4.51614815836089,7.0482318679402e-06,0.0379999999999967,0.895652764043385,0.96765203923415,101.8,1.77560130330268,2
"grid","dgp1",300,10,10,5,1,0.139189162631146,"RF-H",1.35721243327573,0.833797136920652,0.123603383460149,0.922,7.09581395993007,4.53960118269524,-1.2621253853904,0.207198243073029,0.0549999999999997,0.895652764043385,0.96765203923415,101.8,1.77560130330268,2
"grid","dgp1",300,10,10,5,1,0.139189162631146,"SSRF-JS-H",1.36723369128517,0.838362046191911,0.137549063090122,0.934,6.96584473385807,4.83262196745016,-0.819819401818912,0.412514618607103,0.0549999999999997,0.895652764043385,0.96765203923415,101.8,1.77560130330268,2
"grid","dgp1",300,10,10,5,1,0.139189162631146,"RidgeRF",1.47058232122398,0.885446866038081,0.262444866161028,0.936,7.47048464958969,4.83890494316744,1.90110495353913,0.0575758195154755,0.0949999999999989,0.895652764043385,0.96765203923415,101.8,1.77560130330268,2
"grid","dgp1",300,10,10,5,1,0.139189162631146,"LassoRF",1.5340576439901,0.908533407019066,0.289911801516268,0.904,7.51320388550027,4.58358303594164,3.38885304503904,0.00072927749899424,0.0429999999999993,0.895652764043385,0.96765203923415,101.8,1.77560130330268,2
"grid","dgp1",300,10,10,5,1,0.139189162631146,"GBM",1.31538425518544,0.82293860621622,0.109195931934691,0.926,7.08633761727892,4.43435651683501,-3.12152538306054,0.0018508610301287,0.0560000000000045,0.895652764043385,0.96765203923415,101.8,1.77560130330268,2
"grid","dgp1",300,10,10,5,1,0.139189162631146,"RF-tuned",1.48649038485173,0.892944509478658,0.292382309112195,0.918,7.38527481201704,4.80414379774018,2.31153267502926,0.0210061783921682,0.497,0.895652764043385,0.96765203923415,101.8,1.77560130330268,2
"grid","dgp1",300,10,10,5,1,0.139189162631146,"SSRF-tuned",1.41972843591661,0.870586938810317,0.217812268871882,0.938,7.10532501935005,4.83419936125204,0.673710310641348,0.500651345050213,0.515999999999998,0.895652764043385,0.96765203923415,101.8,1.77560130330268,2
"grid","dgp1",300,10,500,5,1,0.139189162631146,"RF",1.32761498327665,0.829927584426585,0.123912708048827,0.95,6.7718881504768,4.85320893011177,2.92809187254727,0.00348789020262086,0.591999999999999,0.865188943317383,0.957793265742646,102.138,1.73778016271529,40
"grid","dgp1",300,10,500,5,1,0.139189162631146,"SSRF-JS",1.31105232068199,0.821897464473941,0.102546107509728,0.944,6.71647468158094,4.75752799904533,NA,NA,0.591999999999999,0.865188943317383,0.957793265742646,102.138,1.73778016271529,40
"grid","dgp1",300,10,500,5,1,0.139189162631146,"SSRF",1.31008275852284,0.821352432929012,0.101654476100854,0.944,6.71490833472617,4.75641404834033,-2.73037491916327,0.00643755098706657,0.591999999999999,0.865188943317383,0.957793265742646,102.138,1.73778016271529,40
"grid","dgp1",300,10,500,5,1,0.139189162631146,"SSRF-naive",1.32058567439434,0.826401436146471,0.115071089746408,0.95,6.74853862403156,4.80640506852035,2.59511312906463,0.0095945967493884,0.591999999999999,0.865188943317383,0.957793265742646,102.138,1.73778016271529,40
"grid","dgp1",300,10,500,5,1,0.139189162631146,"SSRF-rob",1.32571374294239,0.829025606666868,0.121599962985557,0.95,6.76632985999039,4.84181906002897,2.85683854718841,0.00436757504762185,1.723,0.865188943317383,0.957793265742646,102.138,1.73778016271529,40
"grid","dgp1",300,10,500,5,1,0.139189162631146,"RF-H",1.28892427870642,0.814043941074537,0.0666420521726196,0.95,6.59790152511523,4.85308504955195,-1.1616468498954,0.245656409426611,0.633000000000003,0.865188943317383,0.957793265742646,102.138,1.73778016271529,40
"grid","dgp1",300,10,500,5,1,0.139189162631146,"SSRF-JS-H",1.34959379443275,0.835357339715667,0.117177954058401,0.948,6.6971767844615,4.93134287013951,1.27922640556836,0.201114381341937,0.633000000000003,0.865188943317383,0.957793265742646,102.138,1.73778016271529,40
"grid","dgp1",300,10,500,5,1,0.139189162631146,"RidgeRF",1.31140641758984,0.83391726675974,0.127524246244043,0.954,6.63625145676681,4.80805090153307,0.017300007594194,0.986200733935998,0.341000000000001,0.865188943317383,0.957793265742646,102.138,1.73778016271529,40
"grid","dgp1",300,10,500,5,1,0.139189162631146,"LassoRF",1.37986587216277,0.853003172694204,0.145001931425996,0.956,6.71570564626575,4.89245473637212,3.39040738575698,0.000725201823277658,0.25,0.865188943317383,0.957793265742646,102.138,1.73778016271529,40
"grid","dgp1",300,10,500,5,1,0.139189162631146,"GBM",1.30842216289259,0.820878669474084,0.0912980043291609,0.958,6.76657744070288,4.95474969593923,-0.135055027628583,0.892595572751459,0.0609999999999999,0.865188943317383,0.957793265742646,102.138,1.73778016271529,40
"grid","dgp1",300,10,500,5,1,0.139189162631146,"RF-tuned",1.2973102639531,0.818845655215517,0.0905817519719843,0.946,6.74342393852285,4.73231571942285,-2.19279350564931,0.0285522430063961,0.643000000000001,0.865188943317383,0.957793265742646,102.138,1.73778016271529,40
"grid","dgp1",300,10,500,5,1,0.139189162631146,"SSRF-tuned",1.29365963765677,0.816094170128068,0.0844712755174044,0.948,6.66970615943685,4.82020318099508,-2.67206358832771,0.00766135500476164,1.068,0.865188943317383,0.957793265742646,102.138,1.73778016271529,40
"grid","dgp1",300,10,10,5,2,0.143096286422545,"RF",1.3115733197611,0.859551123710803,0.198372161705751,0.958,6.20382618688908,4.59009025834915,7.11286594034063,2.16456467595716e-12,0.0130000000000052,0.898871312563241,0.967744143588612,100.9,1.76674914376774,10
"grid","dgp1",300,10,10,5,2,0.143096286422545,"SSRF-JS",1.28152250261268,0.847719304012769,0.170533024387523,0.958,6.15037228546373,4.66135747954147,NA,NA,0.0130000000000052,0.898871312563241,0.967744143588612,100.9,1.76674914376774,10
"grid","dgp1",300,10,10,5,2,0.143096286422545,"SSRF",1.2753439699915,0.845284417866518,0.166281445189377,0.958,6.1358022815768,4.60064524806601,-4.87758378127223,1.24899768771199e-06,0.0130000000000052,0.898871312563241,0.967744143588612,100.9,1.76674914376774,10
"grid","dgp1",300,10,10,5,2,0.143096286422545,"SSRF-naive",1.29716779928414,0.853860515364774,0.185885582293076,0.958,6.18505065279102,4.61356470866845,5.94950247604344,3.71701730817141e-09,0.0130000000000052,0.898871312563241,0.967744143588612,100.9,1.76674914376774,10
"grid","dgp1",300,10,10,5,2,0.143096286422545,"SSRF-rob",1.30556491792302,0.857154558820698,0.192720230295247,0.958,6.19129075212637,4.59176705935459,6.9575674368447,6.25523796743804e-12,0.0300000000000011,0.898871312563241,0.967744143588612,100.9,1.76674914376774,10
"grid","dgp1",300,10,10,5,2,0.143096286422545,"RF-H",1.22073771352004,0.828287576364379,0.116136274307311,0.954,6.00241846299022,4.65649752590029,-2.05071152518006,0.0405555078819375,0.0120000000000005,0.898871312563241,0.967744143588612,100.9,1.76674914376774,10
"grid","dgp1",300,10,10,5,2,0.143096286422545,"SSRF-JS-H",1.24434714452614,0.838756669762851,0.143404758143122,0.956,5.99355313311547,4.73166928868029,-1.14633859942986,0.251929576324776,0.0120000000000005,0.898871312563241,0.967744143588612,100.9,1.76674914376774,10
"grid","dgp1",300,10,10,5,2,0.143096286422545,"RidgeRF",1.3173085736858,0.870624923592635,0.221488133207432,0.962,6.04346055097598,4.72560444349304,0.931147317576708,0.352002326370772,0.034000000000006,0.898871312563241,0.967744143588612,100.9,1.76674914376774,10
"grid","dgp1",300,10,10,5,2,0.143096286422545,"LassoRF",1.33532645791784,0.876924877759186,0.203665405430455,0.948,6.11439126693742,4.64943758981971,1.54048705420937,0.12375835071143,0.0409999999999968,0.898871312563241,0.967744143588612,100.9,1.76674914376774,10
"grid","dgp1",300,10,10,5,2,0.143096286422545,"GBM",1.18261315014145,0.811430223236819,0.0959467952491742,0.952,5.84125433864583,4.44015692239372,-3.71974309351004,0.000210531364456535,0.036999999999999,0.898871312563241,0.967744143588612,100.9,1.76674914376774,10
"grid","dgp1",300,10,10,5,2,0.143096286422545,"RF-tuned",1.33813038868134,0.870203200364228,0.204644736507359,0.956,6.17954410697791,4.74883821850173,1.79934880669323,0.072265202282912,0.465000000000003,0.898871312563241,0.967744143588612,100.9,1.76674914376774,10
"grid","dgp1",300,10,10,5,2,0.143096286422545,"SSRF-tuned",1.25594762870382,0.840867317047761,0.153781565148149,0.958,6.02313610989473,4.54857584969225,-0.856080836945045,0.392158352955997,0.480000000000004,0.898871312563241,0.967744143588612,100.9,1.76674914376774,10
"grid","dgp1",300,10,500,5,2,0.143096286422545,"RF",1.22018424145291,0.828737231580795,0.101726587413071,0.944,5.90982555808202,4.3577653335698,3.35661328482605,0.000818771112274044,0.577000000000005,0.887970556108171,0.965617359028157,101.978,1.73874519455562,80
"grid","dgp1",300,10,500,5,2,0.143096286422545,"SSRF-JS",1.20848591674503,0.823677675757627,0.0926797474183431,0.94,5.90528281402432,4.27419717289776,NA,NA,0.577000000000005,0.887970556108171,0.965617359028157,101.978,1.73874519455562,80
"grid","dgp1",300,10,500,5,2,0.143096286422545,"SSRF",1.20710326407529,0.823181643915995,0.091623678737133,0.94,5.90460391448081,4.27538237091944,-3.40779490181943,0.000681031471646357,0.577000000000005,0.887970556108171,0.965617359028157,101.978,1.73874519455562,80
"grid","dgp1",300,10,500,5,2,0.143096286422545,"SSRF-naive",1.21521793905023,0.826637386329895,0.0976952026759217,0.942,5.91079990928518,4.31204019432444,3.02668698220105,0.0025358749414363,0.577000000000005,0.887970556108171,0.965617359028157,101.978,1.73874519455562,80
"grid","dgp1",300,10,500,5,2,0.143096286422545,"SSRF-rob",1.21817188429253,0.827871460000001,0.100110140763365,0.942,5.91083099422311,4.3328152684683,3.26489983608923,0.00113222219796485,1.58900000000001,0.887970556108171,0.965617359028157,101.978,1.73874519455562,80
"grid","dgp1",300,10,500,5,2,0.143096286422545,"RF-H",1.18535810586438,0.81237872846497,0.086173688910107,0.94,5.91263724096153,4.26030032827612,-1.50300279681691,0.133154358218535,0.635999999999996,0.887970556108171,0.965617359028157,101.978,1.73874519455562,80
"grid","dgp1",300,10,500,5,2,0.143096286422545,"SSRF-JS-H",1.2340748507366,0.835419473495818,0.13968108214019,0.93,6.06130243988047,4.31392234345833,1.0696079661813,0.285054172829254,0.635999999999996,0.887970556108171,0.965617359028157,101.978,1.73874519455562,80
"grid","dgp1",300,10,500,5,2,0.143096286422545,"RidgeRF",1.21342867872343,0.819887566534752,0.0963594327487741,0.946,5.91458435192031,4.40392864972964,0.339737945148787,0.734125296066543,0.341000000000001,0.887970556108171,0.965617359028157,101.978,1.73874519455562,80
"grid","dgp1",300,10,500,5,2,0.143096286422545,"LassoRF",1.31497980724647,0.875589456230672,0.203868515724508,0.952,5.95515451977579,4.58663565538445,3.21175514800823,0.00136141281284403,0.195,0.887970556108171,0.965617359028157,101.978,1.73874519455562,80
"grid","dgp1",300,10,500,5,2,0.143096286422545,"GBM",1.21027177761538,0.824312547128459,0.111766691992866,0.934,5.94943151197198,4.34499361608685,0.0954323373175577,0.923990570635922,0.0590000000000046,0.887970556108171,0.965617359028157,101.978,1.73874519455562,80
"grid","dgp1",300,10,500,5,2,0.143096286422545,"RF-tuned",1.1807047895815,0.811618827510074,0.0769802804261573,0.94,5.82848171025041,4.34042004307483,-2.92637955772164,0.00350698098447988,0.663999999999994,0.887970556108171,0.965617359028157,101.978,1.73874519455562,80
"grid","dgp1",300,10,500,5,2,0.143096286422545,"SSRF-tuned",1.1804544257837,0.810924039528456,0.077923552640212,0.94,5.84849167090983,4.27837256351386,-2.8949793377366,0.00387437780726129,1.05,0.887970556108171,0.965617359028157,101.978,1.73874519455562,80
"grid","dgp1",600,20,10,5,1,0.156271126148337,"RF",1.61318788944283,0.945520916961456,0.181089264390997,0.956,6.07947793467756,5.00349538211047,5.76090674707238,1.11343496936451e-08,0.0309999999999988,0.921863208994651,0.976131738741807,203.3,1.73642792881241,40
"grid","dgp1",600,20,10,5,1,0.156271126148337,"SSRF-JS",1.59361799845728,0.936541514968659,0.161364004260237,0.952,6.06441401033128,4.99531714705151,NA,NA,0.0309999999999988,0.921863208994651,0.976131738741807,203.3,1.73642792881241,40
"grid","dgp1",600,20,10,5,1,0.156271126148337,"SSRF",1.59101293377962,0.93553338926777,0.158548190347205,0.954,6.06459554823353,5.00800172113104,-2.16003221755906,0.031007466125007,0.0309999999999988,0.921863208994651,0.976131738741807,203.3,1.73642792881241,40
"grid","dgp1",600,20,10,5,1,0.156271126148337,"SSRF-naive",1.60570223936403,0.942161183214995,0.172921712277403,0.956,6.07569160250061,5.02633232359896,5.40275745143096,8.20482822508563e-08,0.0309999999999988,0.921863208994651,0.976131738741807,203.3,1.73642792881241,40
"grid","dgp1",600,20,10,5,1,0.156271126148337,"SSRF-rob",1.61098216145528,0.944547684972347,0.178802432720034,0.956,6.07910723839243,5.01832340844057,5.74271163385971,1.23570881128925e-08,0.0589999999999975,0.921863208994651,0.976131738741807,203.3,1.73642792881241,40
"grid","dgp1",600,20,10,5,1,0.156271126148337,"RF-H",1.58936460056944,0.912259600689945,0.159725106981957,0.96,6.28049689369564,5.17149689104983,-0.118189747102408,0.905941072786572,0.019999999999996,0.921863208994651,0.976131738741807,203.3,1.73642792881241,40
"grid","dgp1",600,20,10,5,1,0.156271126148337,"SSRF-JS-H",1.58590052954317,0.908125631159194,0.15133164911832,0.954,6.28131472169392,5.04899374486948,-0.207330392269023,0.83579409396492,0.019999999999996,0.921863208994651,0.976131738741807,203.3,1.73642792881241,40
"grid","dgp1",600,20,10,5,1,0.156271126148337,"RidgeRF",1.6051199922135,0.93196858995878,0.224222004369102,0.96,6.22157808755449,5.03752379318448,0.313960404056857,0.753616659487624,0.0700000000000003,0.921863208994651,0.976131738741807,203.3,1.73642792881241,40
"grid","dgp1",600,20,10,5,1,0.156271126148337,"LassoRF",1.60313189142031,0.924017029742516,0.2002568858929,0.952,6.29002242675361,5.01562494374648,0.257447198445687,0.796886589397725,0.0450000000000017,0.921863208994651,0.976131738741807,203.3,1.73642792881241,40
"grid","dgp1",600,20,10,5,1,0.156271126148337,"GBM",1.51749422713353,0.896914342529223,0.106379158145974,0.958,6.05714876810356,4.88356912595659,-2.73560959939285,0.00633680814953061,0.122,0.921863208994651,0.976131738741807,203.3,1.73642792881241,40
"grid","dgp1",600,20,10,5,1,0.156271126148337,"RF-tuned",1.51648359923955,0.892192736944458,0.107503659233017,0.964,6.1005217485607,4.99998253794433,-2.38087751456929,0.017458072091944,1.913,0.921863208994651,0.976131738741807,203.3,1.73642792881241,40
"grid","dgp1",600,20,10,5,1,0.156271126148337,"SSRF-tuned",1.51428634700745,0.895059340518403,0.12065695534481,0.964,5.96357998198445,4.95753284324629,-2.83338850276799,0.00469843172118312,1.935,0.921863208994651,0.976131738741807,203.3,1.73642792881241,40
"grid","dgp1",600,20,500,5,1,0.156271126148337,"RF",1.48321832510433,0.881194082805848,0.0827666447052976,0.944,6.28184599989332,4.63924634974429,0.171753276109508,0.863666284204813,1.315,0.927381998605277,0.977784838198126,202.888,1.74853679551571,80
"grid","dgp1",600,20,500,5,1,0.156271126148337,"SSRF-JS",1.48283390321777,0.880091279913702,0.079449605383745,0.946,6.28696187078539,4.69508086079375,NA,NA,1.315,0.927381998605277,0.977784838198126,202.888,1.74853679551571,80
"grid","dgp1",600,20,500,5,1,0.156271126148337,"SSRF",1.48235712693213,0.879888260943157,0.0788446609259278,0.946,6.28783965283946,4.69843359243922,-1.62348837992598,0.104800521179314,1.315,0.927381998605277,0.977784838198126,202.888,1.74853679551571,80
"grid","dgp1",600,20,500,5,1,0.156271126148337,"SSRF-naive",1.48269952113965,0.880732658976764,0.0812513234887621,0.946,6.28358891296619,4.6644723250149,-0.0940112419570789,0.925119077826883,1.315,0.927381998605277,0.977784838198126,202.888,1.74853679551571,80
"grid","dgp1",600,20,500,5,1,0.156271126148337,"SSRF-rob",1.48310503065396,0.88106627519813,0.0823032997333605,0.944,6.28211737443695,4.64618040777084,0.137259197841322,0.890853578212737,2.55799999999999,0.927381998605277,0.977784838198126,202.888,1.74853679551571,80
"grid","dgp1",600,20,500,5,1,0.156271126148337,"RF-H",1.50242080186614,0.881052833612117,0.0847305334890764,0.958,6.43013742006973,4.97953922238649,1.23104487587315,0.218595822163679,0.936,0.927381998605277,0.977784838198126,202.888,1.74853679551571,80
"grid","dgp1",600,20,500,5,1,0.156271126148337,"SSRF-JS-H",1.58386216706421,0.906815046866076,0.146738367592594,0.96,6.63671352649138,5.13196150354394,3.8666572378224,0.000117471581046181,0.936,0.927381998605277,0.977784838198126,202.888,1.74853679551571,80
"grid","dgp1",600,20,500,5,1,0.156271126148337,"RidgeRF",1.5048568098808,0.885650205986157,0.113868663881605,0.952,6.36200866106074,4.88965028153355,1.39452589597613,0.163468875612654,1.074,0.927381998605277,0.977784838198126,202.888,1.74853679551571,80
"grid","dgp1",600,20,500,5,1,0.156271126148337,"LassoRF",1.50764736732207,0.888602886584102,0.104875834373912,0.94,6.366265445813,4.71184419787244,1.58351700831901,0.113620172227096,0.588000000000001,0.927381998605277,0.977784838198126,202.888,1.74853679551571,80
"grid","dgp1",600,20,500,5,1,0.156271126148337,"GBM",1.49476034058423,0.888143435410318,0.0868640570688854,0.952,6.25254601245164,4.82220035083302,0.913628759028417,0.361132391901596,0.161999999999999,0.927381998605277,0.977784838198126,202.888,1.74853679551571,80
"grid","dgp1",600,20,500,5,1,0.156271126148337,"RF-tuned",1.46733153584806,0.876090509075504,0.0646266402956672,0.944,6.2059207661846,4.59547672886301,-2.1618829529518,0.0308640806279639,2.525,0.927381998605277,0.977784838198126,202.888,1.74853679551571,80
"grid","dgp1",600,20,500,5,1,0.156271126148337,"SSRF-tuned",1.47593567362268,0.878438007569995,0.0654440436261565,0.946,6.23529577368056,4.65199333636428,-0.877694795903793,0.380320396984955,3.436,0.927381998605277,0.977784838198126,202.888,1.74853679551571,80
"grid","dgp1",600,20,10,5,2,0.131749833958373,"RF",1.38190043386871,0.89278641548071,0.205466563108415,0.948,6.08620387580815,4.92755753271014,7.87894815100308,8.58910715963926e-15,0.0380000000000038,0.918688750118101,0.97536512155854,204.1,1.73984618974676,80
"grid","dgp1",600,20,10,5,2,0.131749833958373,"SSRF-JS",1.35440450065313,0.880519131276005,0.181492316430182,0.954,6.04981887406756,4.94693061301836,NA,NA,0.0380000000000038,0.918688750118101,0.97536512155854,204.1,1.73984618974676,80
"grid","dgp1",600,20,10,5,2,0.131749833958373,"SSRF",1.34890487244023,0.878297683944188,0.177690973074354,0.954,6.03966026560686,4.93091147965854,-4.64967051679862,3.7704575479613e-06,0.0380000000000038,0.918688750118101,0.97536512155854,204.1,1.73984618974676,80
"grid","dgp1",600,20,10,5,2,0.131749833958373,"SSRF-naive",1.36968955843441,0.887666135996832,0.194816137677415,0.95,6.0674692093543,4.95268914420549,7.16207037870023,1.5399531174531e-12,0.0380000000000038,0.918688750118101,0.97536512155854,204.1,1.73984618974676,80
"grid","dgp1",600,20,10,5,2,0.131749833958373,"SSRF-rob",1.37918472179845,0.891563693828084,0.203075610525593,0.95,6.08225127569212,4.93158495007984,7.80806352275961,1.46211177350892e-14,0.0650000000000048,0.918688750118101,0.97536512155854,204.1,1.73984618974676,80
"grid","dgp1",600,20,10,5,2,0.131749833958373,"RF-H",1.26731068780174,0.840580336869362,0.13268509807067,0.958,6.00025187450869,4.80163573247201,-2.83500683267654,0.00467488874036692,0.0189999999999984,0.918688750118101,0.97536512155854,204.1,1.73984618974676,80
"grid","dgp1",600,20,10,5,2,0.131749833958373,"SSRF-JS-H",1.27982305244211,0.840990932610924,0.144330449734221,0.964,6.10692721818654,4.97986861118456,-2.26222482361785,0.0238976628712959,0.0189999999999984,0.918688750118101,0.97536512155854,204.1,1.73984618974676,80
"grid","dgp1",600,20,10,5,2,0.131749833958373,"RidgeRF",1.35578980697815,0.890330223089422,0.210433176578092,0.96,5.89050175273695,4.95530637641787,0.0379152471268433,0.969762831394868,0.0549999999999997,0.918688750118101,0.97536512155854,204.1,1.73984618974676,80
"grid","dgp1",600,20,10,5,2,0.131749833958373,"LassoRF",1.40431776120883,0.896509988928622,0.237297494661835,0.948,6.22254660177911,4.90350018678181,1.28365276606485,0.199561137161951,0.0420000000000016,0.918688750118101,0.97536512155854,204.1,1.73984618974676,80
"grid","dgp1",600,20,10,5,2,0.131749833958373,"GBM",1.21339006010426,0.820956367885035,0.0614820320250097,0.968,6.02969227054421,5.15370764879459,-5.1229925403918,3.60820637568508e-07,0.107999999999997,0.918688750118101,0.97536512155854,204.1,1.73984618974676,80
"grid","dgp1",600,20,10,5,2,0.131749833958373,"RF-tuned",1.21630554143746,0.814792885798891,0.0865342990629648,0.954,5.98473274330916,4.87037957323649,-5.16515808197526,2.89923212683974e-07,2.062,0.918688750118101,0.97536512155854,204.1,1.73984618974676,80
"grid","dgp1",600,20,10,5,2,0.131749833958373,"SSRF-tuned",1.2212091033904,0.8266983245503,0.0900660014449447,0.968,5.94716556103791,4.97804618210008,-5.04153779920065,5.4812017472411e-07,2.081,0.918688750118101,0.97536512155854,204.1,1.73984618974676,80
"grid","dgp1",600,20,500,5,2,0.131749833958373,"RF",1.21749473284465,0.823123095076647,0.0746214711793681,0.948,5.94996232622473,4.69714253051173,2.26556828146912,0.0236912042759696,1.952,0.916212066147297,0.974541016093996,203.406,1.74434952948861,80
"grid","dgp1",600,20,500,5,2,0.131749833958373,"SSRF-JS",1.21148755725464,0.819889025629396,0.0696391324657207,0.942,5.9637980252478,4.68058652886963,NA,NA,1.952,0.916212066147297,0.974541016093996,203.406,1.74434952948861,80
"grid","dgp1",600,20,500,5,2,0.131749833958373,"SSRF",1.21042908160011,0.819472188942347,0.068646140731578,0.942,5.96396695387676,4.68284574446575,-3.32884356851491,0.000903929777535966,1.952,0.916212066147297,0.974541016093996,203.406,1.74434952948861,80
"grid","dgp1",600,20,500,5,2,0.131749833958373,"SSRF-naive",1.21472007781037,0.821673872638334,0.0722420271479571,0.944,5.95277800395216,4.69716429907314,1.87673868103626,0.0608452130371194,1.952,0.916212066147297,0.974541016093996,203.406,1.74434952948861,80
"grid","dgp1",600,20,500,5,2,0.131749833958373,"SSRF-rob",1.21684222499101,0.822788548015571,0.0740668728553533,0.948,5.95057777322999,4.69566958692602,2.22018035333396,0.0266303111782366,3.372,0.916212066147297,0.974541016093996,203.406,1.74434952948861,80
"grid","dgp1",600,20,500,5,2,0.131749833958373,"RF-H",1.20877675169191,0.81310733132748,0.0737742501307577,0.94,6.07016233094562,4.5757449323217,-0.166655506167385,0.867674841241004,1.035,0.916212066147297,0.974541016093996,203.406,1.74434952948861,80
"grid","dgp1",600,20,500,5,2,0.131749833958373,"SSRF-JS-H",1.28056760984163,0.839802127729436,0.148056361618995,0.944,6.31438985053357,4.67638259418034,2.57113464665655,0.0102803408362706,1.035,0.916212066147297,0.974541016093996,203.406,1.74434952948861,80
"grid","dgp1",600,20,500,5,2,0.131749833958373,"RidgeRF",1.23657287139258,0.828674783123184,0.08793338925249,0.952,5.94529243269884,4.73009408419868,1.73443940904716,0.0831486036428721,1.258,0.916212066147297,0.974541016093996,203.406,1.74434952948861,80
"grid","dgp1",600,20,500,5,2,0.131749833958373,"LassoRF",1.28550191378656,0.8529296624517,0.109545199395662,0.95,5.99582289453932,4.78202506249371,3.71980039801254,0.000210484261402678,0.40100000000001,0.916212066147297,0.974541016093996,203.406,1.74434952948861,80
"grid","dgp1",600,20,500,5,2,0.131749833958373,"GBM",1.21349675619234,0.813878429756791,0.0715095774282496,0.95,6.10354983580442,4.64999730708364,0.117870245672475,0.906194163424783,0.190999999999988,0.916212066147297,0.974541016093996,203.406,1.74434952948861,80
"grid","dgp1",600,20,500,5,2,0.131749833958373,"RF-tuned",1.20118209487538,0.816109416233504,0.063133193853736,0.946,5.9076459516661,4.71615063171458,-1.58130698990857,0.114124393775777,2.62400000000001,0.916212066147297,0.974541016093996,203.406,1.74434952948861,80
"grid","dgp1",600,20,500,5,2,0.131749833958373,"SSRF-tuned",1.19928984828872,0.815036619955823,0.0613612653644979,0.944,5.92303754745115,4.6884653872172,-1.73572494603016,0.0829208204499988,3.703,0.916212066147297,0.974541016093996,203.406,1.74434952948861,80
"grid","dgp1",1200,20,10,5,1,0.11909898579311,"RF",1.43603567004875,0.909874951515302,0.213669119496156,0.955,6.54711631557004,4.95829140963083,7.37230853374869,3.11713198370941e-13,0.0749999999999886,0.903789551215637,0.971221937394754,408.3,1.7398914321333,80
"grid","dgp1",1200,20,10,5,1,0.11909898579311,"SSRF-JS",1.407539788464,0.90019285368927,0.186793897998326,0.956666666666667,6.49055429173664,4.90323960984495,NA,NA,0.0749999999999886,0.903789551215637,0.971221937394754,408.3,1.7398914321333,80
"grid","dgp1",1200,20,10,5,1,0.11909898579311,"SSRF",1.40459923067813,0.898798189003559,0.181959698774526,0.956666666666667,6.49524169488715,4.91432726677096,-2.15249286014354,0.0315576213278246,0.0749999999999886,0.903789551215637,0.971221937394754,408.3,1.7398914321333,80
"grid","dgp1",1200,20,10,5,1,0.11909898579311,"SSRF-naive",1.42419787404879,0.905750190557276,0.201387454414023,0.956666666666667,6.52050397217453,4.9520520640496,6.72523897311471,2.70686571859331e-11,0.0749999999999886,0.903789551215637,0.971221937394754,408.3,1.7398914321333,80
"grid","dgp1",1200,20,10,5,1,0.11909898579311,"SSRF-rob",1.43372501104813,0.909067942938635,0.211485323797187,0.955,6.54189291441897,4.95145624259078,7.3129414934073,4.76609701527889e-13,0.11699999999999,0.903789551215637,0.971221937394754,408.3,1.7398914321333,80
"grid","dgp1",1200,20,10,5,1,0.11909898579311,"RF-H",1.32277080398421,0.868048289577968,0.124222709533174,0.945,6.28380713694009,4.64895948457176,-2.78088845584615,0.00550590495040622,0.0349999999999966,0.903789551215637,0.971221937394754,408.3,1.7398914321333,80
"grid","dgp1",1200,20,10,5,1,0.11909898579311,"SSRF-JS-H",1.34255027708283,0.875112486875639,0.142209748928281,0.951666666666667,6.24639000707387,4.74985342234666,-1.98841762077964,0.046992566211755,0.0349999999999966,0.903789551215637,0.971221937394754,408.3,1.7398914321333,80
"grid","dgp1",1200,20,10,5,1,0.11909898579311,"RidgeRF",1.39089594827447,0.888927969619557,0.21615840399459,0.955,6.45874245468607,4.83610419049989,-0.460693968152045,0.645101728155765,0.097999999999999,0.903789551215637,0.971221937394754,408.3,1.7398914321333,80
"grid","dgp1",1200,20,10,5,1,0.11909898579311,"LassoRF",1.40597402572892,0.892110910158271,0.198278011915016,0.961666666666667,6.40745977197984,4.88310989450726,-0.0398821440747931,0.968193726293633,0.0579999999999927,0.903789551215637,0.971221937394754,408.3,1.7398914321333,80
"grid","dgp1",1200,20,10,5,1,0.11909898579311,"GBM",1.26991385222856,0.841612093080682,0.0679989832348527,0.95,6.25986034450587,4.63117168358827,-4.98010103740776,7.28525214918969e-07,0.219000000000008,0.903789551215637,0.971221937394754,408.3,1.7398914321333,80
"grid","dgp1",1200,20,10,5,1,0.11909898579311,"RF-tuned",1.28369638341261,0.848829884684487,0.104510798710832,0.953333333333333,6.35245477049997,4.59134686657582,-4.27560858639566,2.05750169546119e-05,5.467,0.903789551215637,0.971221937394754,408.3,1.7398914321333,80
"grid","dgp1",1200,20,10,5,1,0.11909898579311,"SSRF-tuned",1.30861591917325,0.853569875622186,0.0882182312263994,0.96,6.37330206523662,4.81248198726081,-3.41588520876783,0.000657031972668077,5.524,0.903789551215637,0.971221937394754,408.3,1.7398914321333,80
"grid","dgp1",1200,20,500,5,1,0.11909898579311,"RF",1.26843875975766,0.838690983953336,0.0583652224724148,0.94,6.59967586331911,4.45786045609115,0.502766702705379,0.615220639136779,3.84699999999999,0.912016442209151,0.97365481010268,406.604,1.74729888041189,80
"grid","dgp1",1200,20,500,5,1,0.11909898579311,"SSRF-JS",1.26738198796625,0.838757408203179,0.0580823042195474,0.943333333333333,6.57481669323491,4.48864546713035,NA,NA,3.84699999999999,0.912016442209151,0.97365481010268,406.604,1.74729888041189,80
"grid","dgp1",1200,20,500,5,1,0.11909898579311,"SSRF",1.26698196320412,0.838659166087281,0.057526123298923,0.943333333333333,6.57380925024578,4.48483848410823,-1.50048834284306,0.133751220741321,3.84699999999999,0.912016442209151,0.97365481010268,406.604,1.74729888041189,80
"grid","dgp1",1200,20,500,5,1,0.11909898579311,"SSRF-naive",1.26784919075973,0.838626039694633,0.057839182123049,0.94,6.59058164247987,4.46676930501869,0.337889236719792,0.735505807603393,3.84699999999999,0.912016442209151,0.97365481010268,406.604,1.74729888041189,80
"grid","dgp1",1200,20,500,5,1,0.11909898579311,"SSRF-rob",1.26828069851257,0.838677563105378,0.0582784086239482,0.94,6.59646277523405,4.46479053210427,0.46884786005033,0.639263618998397,5.916,0.912016442209151,0.97365481010268,406.604,1.74729888041189,80
"grid","dgp1",1200,20,500,5,1,0.11909898579311,"RF-H",1.27668237731668,0.846033135378003,0.0716035875118316,0.946666666666667,6.50596466650508,4.57872019657873,0.753487972671921,0.451304665852777,1.745,0.912016442209151,0.97365481010268,406.604,1.74729888041189,80
"grid","dgp1",1200,20,500,5,1,0.11909898579311,"SSRF-JS-H",1.33844015956718,0.871722384985804,0.137005132293334,0.941666666666667,6.53087082109985,4.71466665046148,3.45669708972167,0.000565982738929593,1.745,0.912016442209151,0.97365481010268,406.604,1.74729888041189,80
"grid","dgp1",1200,20,500,5,1,0.11909898579311,"RidgeRF",1.27926031058562,0.846058678268284,0.0794598211018014,0.936666666666667,6.52335971620008,4.56708485144653,1.03877281248763,0.299119839441319,3.205,0.912016442209151,0.97365481010268,406.604,1.74729888041189,80
"grid","dgp1",1200,20,500,5,1,0.11909898579311,"LassoRF",1.37178352108701,0.876725317261339,0.144183915393083,0.936666666666667,6.6360485777005,4.60210019585958,4.32872606952041,1.62475507405862e-05,1.10499999999999,0.912016442209151,0.97365481010268,406.604,1.74729888041189,80
"grid","dgp1",1200,20,500,5,1,0.11909898579311,"GBM",1.28873303408276,0.850014036267232,0.080937400478229,0.945,6.57208325118924,4.50151343946723,1.51982402577739,0.128818851595296,0.345000000000013,0.912016442209151,0.97365481010268,406.604,1.74729888041189,80
"grid","dgp1",1200,20,500,5,1,0.11909898579311,"RF-tuned",1.26387907083741,0.836687677313793,0.0515683803757365,0.94,6.62530794617746,4.43145428474736,-0.522124390433416,0.60168016980285,8.223,0.912016442209151,0.97365481010268,406.604,1.74729888041189,80
"grid","dgp1",1200,20,500,5,1,0.11909898579311,"SSRF-tuned",1.26329625313353,0.836551979130867,0.0516837490999184,0.945,6.5677003295696,4.47298187680019,-0.673768145648728,0.500588591345254,11.497,0.912016442209151,0.97365481010268,406.604,1.74729888041189,80
"grid","dgp1",1200,20,10,5,2,0.152861973308143,"RF",1.26261285786885,0.843804327225779,0.182865639093527,0.963333333333333,5.76345395111903,4.70545266301811,6.15887181772505,9.98137576813668e-10,0.0779999999999887,0.922533270719151,0.977015842458211,411.6,1.73382114020941,80
"grid","dgp1",1200,20,10,5,2,0.152861973308143,"SSRF-JS",1.24491761595521,0.837199684222327,0.164393377327154,0.961666666666667,5.71857132341463,4.6517653467547,NA,NA,0.0779999999999887,0.922533270719151,0.977015842458211,411.6,1.73382114020941,80
"grid","dgp1",1200,20,10,5,2,0.152861973308143,"SSRF",1.24055174246613,0.836019743452412,0.160555944476333,0.965,5.71106299637198,4.66987348493021,-3.72455513697488,0.000204755845911059,0.0779999999999887,0.922533270719151,0.977015842458211,411.6,1.73382114020941,80
"grid","dgp1",1200,20,10,5,2,0.152861973308143,"SSRF-naive",1.25421115610304,0.840762134733038,0.174359421006923,0.963333333333333,5.73832925222713,4.67794155056715,5.49487995229514,4.77170133418316e-08,0.0779999999999887,0.922533270719151,0.977015842458211,411.6,1.73382114020941,80
"grid","dgp1",1200,20,10,5,2,0.152861973308143,"SSRF-rob",1.26073353253639,0.84309425489906,0.18099127162344,0.963333333333333,5.75934580272731,4.7017737099541,6.06822149068419,1.73195915294554e-09,0.11699999999999,0.922533270719151,0.977015842458211,411.6,1.73382114020941,80
"grid","dgp1",1200,20,10,5,2,0.152861973308143,"RF-H",1.22402293871598,0.834628439778118,0.121955526169113,0.963333333333333,5.53266541050122,4.42740368944387,-0.701673786118537,0.483018795662355,0.0339999999999918,0.922533270719151,0.977015842458211,411.6,1.73382114020941,80
"grid","dgp1",1200,20,10,5,2,0.152861973308143,"SSRF-JS-H",1.23428334941059,0.834910535323437,0.156646844256414,0.951666666666667,5.65155230984321,4.38327552941548,-0.346565437639123,0.728978625186276,0.0339999999999918,0.922533270719151,0.977015842458211,411.6,1.73382114020941,80
"grid","dgp1",1200,20,10,5,2,0.152861973308143,"RidgeRF",1.23738467095086,0.846024636830013,0.173683989749032,0.951666666666667,5.71345155829744,4.34381770647656,-0.246042375933427,0.805691541097727,0.105000000000004,0.922533270719151,0.977015842458211,411.6,1.73382114020941,80
"grid","dgp1",1200,20,10,5,2,0.152861973308143,"LassoRF",1.23538039325093,0.847516246800257,0.172601934828711,0.971666666666667,5.59086065654816,4.75834380343667,-0.298930300983559,0.765045029075708,0.061000000000007,0.922533270719151,0.977015842458211,411.6,1.73382114020941,80
"grid","dgp1",1200,20,10,5,2,0.152861973308143,"GBM",1.13644729055135,0.800928644704498,0.0660392682163053,0.963333333333333,5.34665529438138,4.38172620108304,-4.30048366522171,1.84269659087168e-05,0.256,0.922533270719151,0.977015842458211,411.6,1.73382114020941,80
"grid","dgp1",1200,20,10,5,2,0.152861973308143,"RF-tuned",1.18929521134899,0.818908336554922,0.112712634816016,0.966666666666667,5.43814100652391,4.497586540322,-1.97492232504844,0.0485060725350947,5.51899999999999,0.922533270719151,0.977015842458211,411.6,1.73382114020941,80
"grid","dgp1",1200,20,10,5,2,0.152861973308143,"SSRF-tuned",1.14855107056563,0.801736230711888,0.0900360585502834,0.968333333333333,5.37100018180475,4.43065761223018,-3.73722324630254,0.000194826659714603,5.586,0.922533270719151,0.977015842458211,411.6,1.73382114020941,80
"grid","dgp1",1200,20,500,5,2,0.152861973308143,"RF",1.1469703725726,0.80286975121915,0.0672090173146775,0.95,5.39903826859706,4.27099528371027,0.664159223839118,0.50671610458029,3.922,0.919145048299665,0.975900399306778,405.878,1.75015333993103,80
"grid","dgp1",1200,20,500,5,2,0.152861973308143,"SSRF-JS",1.14569259293353,0.802210470291082,0.066273790735162,0.95,5.39263585365689,4.2303361830086,NA,NA,3.922,0.919145048299665,0.975900399306778,405.878,1.75015333993103,80
"grid","dgp1",1200,20,500,5,2,0.152861973308143,"SSRF",1.14524801028975,0.802028763554742,0.065809062277175,0.95,5.39294565409724,4.22839659799398,-1.5098503746827,0.131345078620137,3.922,0.919145048299665,0.975900399306778,405.878,1.75015333993103,80
"grid","dgp1",1200,20,500,5,2,0.152861973308143,"SSRF-naive",1.14613320558032,0.802537190690041,0.0664941239070393,0.95,5.39526834807984,4.25386395680913,0.359843926520415,0.719027222585911,3.922,0.919145048299665,0.975900399306778,405.878,1.75015333993103,80
"grid","dgp1",1200,20,500,5,2,0.152861973308143,"SSRF-rob",1.14677900954402,0.802795937928212,0.0670455879645155,0.95,5.3982502844056,4.26465945902121,0.627397489601499,0.530518169917617,5.98999999999999,0.919145048299665,0.975900399306778,405.878,1.75015333993103,80
"grid","dgp1",1200,20,500,5,2,0.152861973308143,"RF-H",1.15542723538819,0.805164146771076,0.0799063959258558,0.956666666666667,5.44403163075447,4.28603118000472,0.863047187950715,0.388284118750868,1.83200000000001,0.919145048299665,0.975900399306778,405.878,1.75015333993103,80
"grid","dgp1",1200,20,500,5,2,0.152861973308143,"SSRF-JS-H",1.22372187125977,0.831016154613934,0.148464076007702,0.963333333333333,5.64799210721334,4.54659697374305,3.98762753776457,7.07727258664795e-05,1.83200000000001,0.919145048299665,0.975900399306778,405.878,1.75015333993103,80
"grid","dgp1",1200,20,500,5,2,0.152861973308143,"RidgeRF",1.16041040645715,0.808070344295461,0.0707330244472979,0.963333333333333,5.54262453617344,4.43615273920995,1.45383999910775,0.146252365064634,3.22000000000001,0.919145048299665,0.975900399306778,405.878,1.75015333993103,80
"grid","dgp1",1200,20,500,5,2,0.152861973308143,"LassoRF",1.15484052241138,0.803124778489951,0.083149314697501,0.966666666666667,5.4761891173875,4.35571661344759,0.88075725944711,0.3786257255353,1.762,0.919145048299665,0.975900399306778,405.878,1.75015333993103,80
"grid","dgp1",1200,20,500,5,2,0.152861973308143,"GBM",1.14945421171893,0.801580306335825,0.0794264536602553,0.956666666666667,5.45594530509869,4.37798697523309,0.364034240161255,0.715896624424729,0.35499999999999,0.919145048299665,0.975900399306778,405.878,1.75015333993103,80
"grid","dgp1",1200,20,500,5,2,0.152861973308143,"RF-tuned",1.13543007854341,0.798258639355488,0.0596281759020391,0.958333333333333,5.38002882983871,4.31900711496604,-2.08130177827602,0.0376180686162526,7.45099999999999,0.919145048299665,0.975900399306778,405.878,1.75015333993103,80
"grid","dgp1",1200,20,500,5,2,0.152861973308143,"SSRF-tuned",1.13608799292037,0.797784527302543,0.0617176654844128,0.955,5.39745986047641,4.27265326300027,-1.9434382395282,0.0521969817106249,9.86799999999999,0.919145048299665,0.975900399306778,405.878,1.75015333993103,80
"grid","dgp1",2000,24,10,5,1,0.124431445286104,"RF",1.3895019675692,0.858097093635319,0.16986997083534,0.94,6.69205623425901,4.72438335152867,8.07563444671651,1.14793411341192e-15,0.187000000000012,0.927891073046519,0.977747945345906,666.2,1.77991552069642,80
"grid","dgp1",2000,24,10,5,1,0.124431445286104,"SSRF-JS",1.37194865443741,0.850177774728459,0.150652037429706,0.942,6.67000035864755,4.67995453613677,NA,NA,0.187000000000012,0.927891073046519,0.977747945345906,666.2,1.77991552069642,80
"grid","dgp1",2000,24,10,5,1,0.124431445286104,"SSRF",1.36864505083761,0.849157991874412,0.147869116929019,0.942,6.65599299033661,4.67534179000727,-4.47433810793437,8.09566335825157e-06,0.187000000000012,0.927891073046519,0.977747945345906,666.2,1.77991552069642,80
"grid","dgp1",2000,24,10,5,1,0.124431445286104,"SSRF-naive",1.38164632210578,0.854684323622566,0.161632742729272,0.943,6.67337104476465,4.72989319402173,6.82632047431547,1.15136799920127e-11,0.187000000000012,0.927891073046519,0.977747945345906,666.2,1.77991552069642,80
"grid","dgp1",2000,24,10,5,1,0.124431445286104,"SSRF-rob",1.38762337853491,0.857251710949443,0.167864964313675,0.94,6.69003510826883,4.71697309305253,7.98872074279482,2.2805439520004e-15,0.245000000000033,0.927891073046519,0.977747945345906,666.2,1.77991552069642,80
"grid","dgp1",2000,24,10,5,1,0.124431445286104,"RF-H",1.34570947726215,0.837183162747821,0.1197758912255,0.946,6.56419823372152,4.64491453951441,-1.09442373545671,0.273901030343265,0.0720000000000027,0.927891073046519,0.977747945345906,666.2,1.77991552069642,80
"grid","dgp1",2000,24,10,5,1,0.124431445286104,"SSRF-JS-H",1.37988124318751,0.84578895323002,0.143427060447512,0.948,6.61471933174823,4.62613220480238,0.317902035351015,0.750592453194761,0.0720000000000027,0.927891073046519,0.977747945345906,666.2,1.77991552069642,80
"grid","dgp1",2000,24,10,5,1,0.124431445286104,"RidgeRF",1.43348884185613,0.866054620386577,0.197283940234356,0.957,6.75594554543607,4.85862953910214,2.06903826509806,0.0386707577657634,0.222000000000008,0.927891073046519,0.977747945345906,666.2,1.77991552069642,80
"grid","dgp1",2000,24,10,5,1,0.124431445286104,"LassoRF",1.4805722304814,0.882045161970985,0.252364819946734,0.951,6.61872643488852,5.03146908772519,3.11629332279913,0.00185743076976205,0.0910000000000082,0.927891073046519,0.977747945345906,666.2,1.77991552069642,80
"grid","dgp1",2000,24,10,5,1,0.124431445286104,"GBM",1.26701296188176,0.804191714519468,0.0436663436528682,0.946,6.42337651354452,4.64154222174224,-5.46871885404455,5.10115092603091e-08,0.406999999999982,0.927891073046519,0.977747945345906,666.2,1.77991552069642,80
"grid","dgp1",2000,24,10,5,1,0.124431445286104,"RF-tuned",1.30492600377535,0.825717947053521,0.103263544925505,0.947,6.44603515189602,4.62249125473813,-3.08473068412216,0.0020652569427393,13.417,0.927891073046519,0.977747945345906,666.2,1.77991552069642,80
"grid","dgp1",2000,24,10,5,1,0.124431445286104,"SSRF-tuned",1.31442055558825,0.821954464820743,0.0904486483062134,0.947,6.54489487079964,4.66465396101848,-2.74107633946905,0.00617833435443733,13.575,0.927891073046519,0.977747945345906,666.2,1.77991552069642,80
"grid","dgp1",2000,24,500,5,1,0.124431445286104,"RF",1.27382344249718,0.810291832202996,0.051999745697339,0.961,6.25166918415727,4.85079265269705,0.755987901840548,0.449745523977129,9.44200000000001,0.926110631678826,0.977733502433082,672.022,1.7599150654669,40
"grid","dgp1",2000,24,500,5,1,0.124431445286104,"SSRF-JS",1.27248616423929,0.809174834763233,0.0493425272097043,0.963,6.24108955219992,4.8402629868025,NA,NA,9.44200000000001,0.926110631678826,0.977733502433082,672.022,1.7599150654669,40
"grid","dgp1",2000,24,500,5,1,0.124431445286104,"SSRF",1.27220388766007,0.809028326372012,0.0488372498119685,0.963,6.24010501254986,4.8378556429377,-1.38715481569991,0.165549196406483,9.44200000000001,0.926110631678826,0.977733502433082,672.022,1.7599150654669,40
"grid","dgp1",2000,24,500,5,1,0.124431445286104,"SSRF-naive",1.27302777995499,0.809752830369454,0.0506711648687084,0.963,6.2498410289772,4.8599999009413,0.474004939346406,0.635548151771906,9.44200000000001,0.926110631678826,0.977733502433082,672.022,1.7599150654669,40
"grid","dgp1",2000,24,500,5,1,0.124431445286104,"SSRF-rob",1.27363223009843,0.810156329389603,0.051697028449032,0.961,6.25122720502471,4.85307355069,0.710893912629801,0.477232912777992,12.471,0.926110631678826,0.977733502433082,672.022,1.7599150654669,40
"grid","dgp1",2000,24,500,5,1,0.124431445286104,"RF-H",1.28675215521566,0.814243346481049,0.0567535754469657,0.963,6.2145095106775,4.80137434868995,1.29537581787737,0.195340185548974,3.33099999999999,0.926110631678826,0.977733502433082,672.022,1.7599150654669,40
"grid","dgp1",2000,24,500,5,1,0.124431445286104,"SSRF-JS-H",1.37899236219642,0.844981100890924,0.141467571580489,0.966,6.36252199131587,4.95251152071585,5.15770505846026,2.74700007941223e-07,3.33099999999999,0.926110631678826,0.977733502433082,672.022,1.7599150654669,40
"grid","dgp1",2000,24,500,5,1,0.124431445286104,"RidgeRF",1.29183647629132,0.817590277378776,0.0601428785528719,0.961,6.34357156544184,4.88775717476115,1.67307758382402,0.0944684911072396,8.52500000000001,0.926110631678826,0.977733502433082,672.022,1.7599150654669,40
"grid","dgp1",2000,24,500,5,1,0.124431445286104,"LassoRF",1.37434120523693,0.837316543129278,0.146176883148076,0.958,6.5274444050225,5.04801841377787,4.56314212782892,5.34531966007291e-06,2.29599999999999,0.926110631678826,0.977733502433082,672.022,1.7599150654669,40
"grid","dgp1",2000,24,500,5,1,0.124431445286104,"GBM",1.27424282962799,0.807937888270033,0.0524832139609428,0.96,6.21879387523318,4.78230108452064,0.164616458021888,0.869262519664821,0.681999999999988,0.926110631678826,0.977733502433082,672.022,1.7599150654669,40
"grid","dgp1",2000,24,500,5,1,0.124431445286104,"RF-tuned",1.26640623708467,0.807351232149532,0.0451630445287534,0.962,6.23332934710503,4.80999175378542,-1.56356682506158,0.1180776147502,18.955,0.926110631678826,0.977733502433082,672.022,1.7599150654669,40
"grid","dgp1",2000,24,500,5,1,0.124431445286104,"SSRF-tuned",1.26475252679184,0.806524010798381,0.0439006564930997,0.964,6.20692774556082,4.83771030876887,-1.99123378648326,0.0465910902399419,25.298,0.926110631678826,0.977733502433082,672.022,1.7599150654669,40
"grid","dgp1",2000,24,10,5,2,0.121336759255832,"RF",1.45892632871832,0.89363237306054,0.212507321533909,0.949,6.59350271937445,4.57473756405304,8.86398609870547,1.67001114923319e-18,0.197000000000003,0.92308616841203,0.97672717427096,677,1.75231295982187,40
"grid","dgp1",2000,24,10,5,2,0.121336759255832,"SSRF-JS",1.4308826775684,0.884216454522326,0.185337869741544,0.949,6.54084088119565,4.50376328533624,NA,NA,0.197000000000003,0.92308616841203,0.97672717427096,677,1.75231295982187,40
"grid","dgp1",2000,24,10,5,2,0.121336759255832,"SSRF",1.42450626796437,0.882076790743986,0.179724098782756,0.949,6.52186913635324,4.52056271601008,-5.99687469109857,2.38102009554896e-09,0.197000000000003,0.92308616841203,0.97672717427096,677,1.75231295982187,40
"grid","dgp1",2000,24,10,5,2,0.121336759255832,"SSRF-naive",1.445750251853,0.889279300973058,0.199789610603675,0.95,6.56671607746838,4.55084851385788,8.01758797921435,1.81696464984837e-15,0.197000000000003,0.92308616841203,0.97672717427096,677,1.75231295982187,40
"grid","dgp1",2000,24,10,5,2,0.121336759255832,"SSRF-rob",1.45649468625547,0.892842425041814,0.210120767816507,0.949,6.58860389229296,4.57058856896325,8.82407337901515,2.35552190050064e-18,0.306000000000012,0.92308616841203,0.97672717427096,677,1.75231295982187,40
"grid","dgp1",2000,24,10,5,2,0.121336759255832,"RF-H",1.36888081444537,0.865629419305131,0.114128996700296,0.959,6.33189161920202,4.73573381800337,-2.04175775373494,0.0413065895225945,0.0670000000000073,0.92308616841203,0.97672717427096,677,1.75231295982187,40
"grid","dgp1",2000,24,10,5,2,0.121336759255832,"SSRF-JS-H",1.38265218659691,0.870763094952973,0.141915368297462,0.954,6.42070003810464,4.67230907937062,-1.4807513673718,0.138830430583139,0.0670000000000073,0.92308616841203,0.97672717427096,677,1.75231295982187,40
"grid","dgp1",2000,24,10,5,2,0.121336759255832,"RidgeRF",1.44999579288678,0.893735375957508,0.211253220053053,0.962,6.39365872830171,4.93248269446096,0.466006378987388,0.641261705904884,0.234000000000009,0.92308616841203,0.97672717427096,677,1.75231295982187,40
"grid","dgp1",2000,24,10,5,2,0.121336759255832,"LassoRF",1.58315121449069,0.933276154237688,0.301546860281363,0.953,6.77460356288816,4.98911404329898,3.94145749950916,8.37735218337172e-05,0.0869999999999891,0.92308616841203,0.97672717427096,677,1.75231295982187,40
"grid","dgp1",2000,24,10,5,2,0.121336759255832,"GBM",1.29523029150662,0.832705943453636,0.0507870213042134,0.95,6.28524099556868,4.36163210171461,-5.31639998764617,1.17663667464666e-07,0.408000000000015,0.92308616841203,0.97672717427096,677,1.75231295982187,40
"grid","dgp1",2000,24,10,5,2,0.121336759255832,"RF-tuned",1.37209398770185,0.861939711089522,0.13196630096146,0.944,6.45060204388002,4.51333977718945,-2.32885534836515,0.0199659536263009,13.707,0.92308616841203,0.97672717427096,677,1.75231295982187,40
"grid","dgp1",2000,24,10,5,2,0.121336759255832,"SSRF-tuned",1.37454580158241,0.868717365546444,0.123111760080624,0.953,6.36987376321656,4.56870851074771,-2.20717396602,0.0274151581647674,13.839,0.92308616841203,0.97672717427096,677,1.75231295982187,40
"grid","dgp1",2000,24,500,5,2,0.121336759255832,"RF",1.29209562784494,0.834916102262247,0.0600237764342713,0.97,6.06322792989019,4.63859820984181,1.45538578352776,0.145719506039001,9.536,0.922663471005524,0.976985986370881,672.866,1.7570199120758,80
"grid","dgp1",2000,24,500,5,2,0.121336759255832,"SSRF-JS",1.28927552528134,0.834720693662732,0.0567593330786723,0.968,6.0489640265949,4.6238043542788,NA,NA,9.536,0.922663471005524,0.976985986370881,672.866,1.7570199120758,80
"grid","dgp1",2000,24,500,5,2,0.121336759255832,"SSRF",1.28866366186916,0.834495581926904,0.0558092655012835,0.968,6.05511034070434,4.64156034327107,-2.05125207047482,0.0403724767364713,9.536,0.922663471005524,0.976985986370881,672.866,1.7570199120758,80
"grid","dgp1",2000,24,500,5,2,0.121336759255832,"SSRF-naive",1.2906337713439,0.834640200900921,0.0583492113057945,0.97,6.06462572259982,4.65139267164625,1.10249434053124,0.27037953127325,9.536,0.922663471005524,0.976985986370881,672.866,1.7570199120758,80
"grid","dgp1",2000,24,500,5,2,0.121336759255832,"SSRF-rob",1.29180237071563,0.834874963179596,0.0596978127864461,0.97,6.06374331503356,4.642084262425,1.41716308028623,0.15659108522611,12.378,0.922663471005524,0.976985986370881,672.866,1.7570199120758,80
"grid","dgp1",2000,24,500,5,2,0.121336759255832,"RF-H",1.2992513787665,0.837504535381343,0.058310969798662,0.968,6.12865005144036,4.73255915508881,0.783884949920301,0.433200491272859,3.309,0.922663471005524,0.976985986370881,672.866,1.7570199120758,80
"grid","dgp1",2000,24,500,5,2,0.121336759255832,"SSRF-JS-H",1.37753836046101,0.869462941930441,0.139999531313012,0.967,6.20923903242769,4.83263380987841,4.31212007338147,1.6956536426103e-05,3.309,0.922663471005524,0.976985986370881,672.866,1.7570199120758,80
"grid","dgp1",2000,24,500,5,2,0.121336759255832,"RidgeRF",1.32002303190739,0.845491830867022,0.067835612393468,0.965,6.16677614237787,4.74186133362401,2.89899746946987,0.00378440011550013,8.09700000000001,0.922663471005524,0.976985986370881,672.866,1.7570199120758,80
"grid","dgp1",2000,24,500,5,2,0.121336759255832,"LassoRF",1.4843949938021,0.90057573908525,0.209818759347042,0.966,6.61718069042658,4.97690610634508,7.07932332039412,1.99738071852609e-12,2.19599999999997,0.922663471005524,0.976985986370881,672.866,1.7570199120758,80
"grid","dgp1",2000,24,500,5,2,0.121336759255832,"GBM",1.29711210622907,0.833804360392765,0.0506461674331871,0.968,6.07783143432875,4.65278938674956,0.652620314050145,0.514076126641372,0.672000000000025,0.922663471005524,0.976985986370881,672.866,1.7570199120758,80
"grid","dgp1",2000,24,500,5,2,0.121336759255832,"RF-tuned",1.29285453109113,0.833277890305218,0.0505656614427336,0.968,6.09335146151012,4.59714709406868,0.754630873957051,0.450559383394332,17.797,0.922663471005524,0.976985986370881,672.866,1.7570199120758,80
"grid","dgp1",2000,24,500,5,2,0.121336759255832,"SSRF-tuned",1.28897410555377,0.832061454102976,0.0482687623544721,0.968,6.12668332914538,4.71010045789169,-0.0563946993215479,0.955033015510716,23.366,0.922663471005524,0.976985986370881,672.866,1.7570199120758,80
"grid","dgp2",300,10,10,5,1,0.109403032214723,"RF",0.840031294236444,0.664495223093163,0.196877532266531,0.958,5.00568186434029,3.9246151077497,8.02885840350924,2.7510126951569e-15,0.0129999999999768,0.783904650634944,0.931815431663171,101.6,1.73038830990429,10
"grid","dgp2",300,10,10,5,1,0.109403032214723,"SSRF-JS",0.787534976986407,0.634553581326788,0.138784446140547,0.958,4.85350908112784,3.91978529134049,NA,NA,0.0129999999999768,0.783904650634944,0.931815431663171,101.6,1.73038830990429,10
"grid","dgp2",300,10,10,5,1,0.109403032214723,"SSRF",0.783864118626242,0.631923446532881,0.134100898865306,0.956,4.84262743836672,3.90208037143541,-2.55267894093342,0.0108375503110359,0.0129999999999768,0.783904650634944,0.931815431663171,101.6,1.73038830990429,10
"grid","dgp2",300,10,10,5,1,0.109403032214723,"SSRF-naive",0.81575180216325,0.651192627510776,0.169042644445224,0.954,4.93299074914577,3.86826115695808,7.1237829712392,2.00742984005848e-12,0.0129999999999768,0.783904650634944,0.931815431663171,101.6,1.73038830990429,10
"grid","dgp2",300,10,10,5,1,0.109403032214723,"SSRF-rob",0.837009692806523,0.662972372884235,0.193684247717569,0.958,4.99960295432301,3.93474059254112,7.91213361113977,6.68613814471482e-15,0.0319999999999254,0.783904650634944,0.931815431663171,101.6,1.73038830990429,10
"grid","dgp2",300,10,10,5,1,0.109403032214723,"RF-H",0.766498319909568,0.61779282222993,0.0808041170009619,0.962,4.73190126403236,3.86075917586081,-1.09349784337516,0.274438876632135,0.0110000000000241,0.783904650634944,0.931815431663171,101.6,1.73038830990429,10
"grid","dgp2",300,10,10,5,1,0.109403032214723,"SSRF-JS-H",0.755105708335672,0.614500893639023,0.0884280694844041,0.968,4.76039110037938,3.98658374218821,-1.60878503692029,0.107979301401276,0.0110000000000241,0.783904650634944,0.931815431663171,101.6,1.73038830990429,10
"grid","dgp2",300,10,10,5,1,0.109403032214723,"RidgeRF",0.827801396342254,0.653101849393725,0.178463449279511,0.966,4.80848689874713,3.99962647524162,1.49895892110847,0.134200211427192,0.0389999999999873,0.783904650634944,0.931815431663171,101.6,1.73038830990429,10
"grid","dgp2",300,10,10,5,1,0.109403032214723,"LassoRF",0.835973563100355,0.666572642731067,0.172380010082381,0.956,4.99464201491985,3.94811666372632,1.88427662792576,0.0598177270319283,0.0269999999999868,0.783904650634944,0.931815431663171,101.6,1.73038830990429,10
"grid","dgp2",300,10,10,5,1,0.109403032214723,"GBM",0.737520612344443,0.604858624181078,0.0817656992199389,0.966,4.68885852455619,3.78293053478389,-2.6977202999223,0.00709923697162701,0.0360000000000014,0.783904650634944,0.931815431663171,101.6,1.73038830990429,10
"grid","dgp2",300,10,10,5,1,0.109403032214723,"RF-tuned",0.918200264079129,0.691223096583835,0.3018376347734,0.964,5.16923406185404,4.21015617758747,3.76106803714014,0.000179020203778147,0.465000000000032,0.783904650634944,0.931815431663171,101.6,1.73038830990429,10
"grid","dgp2",300,10,10,5,1,0.109403032214723,"SSRF-tuned",0.783930035695288,0.633683300422703,0.15368435387093,0.962,4.811883785964,3.77257090404776,-0.147239013362905,0.882973077028736,0.477000000000032,0.783904650634944,0.931815431663171,101.6,1.73038830990429,10
"grid","dgp2",300,10,500,5,1,0.109403032214723,"RF",0.734697464804099,0.602983757637781,0.082193614367071,0.954,5.18669805530313,3.62903897085067,3.26928958227983,0.00111498559934466,0.562000000000012,0.827638901835878,0.947271314216555,102.01,1.74449439398873,5
"grid","dgp2",300,10,500,5,1,0.109403032214723,"SSRF-JS",0.723272669200111,0.596433685565118,0.068471227469439,0.954,5.18512262784681,3.61861271756153,NA,NA,0.562000000000012,0.827638901835878,0.947271314216555,102.01,1.74449439398873,5
"grid","dgp2",300,10,500,5,1,0.109403032214723,"SSRF",0.722737373950854,0.595991562927518,0.0669348440336619,0.952,5.18888347446961,3.61280859823678,-1.06850847218086,0.285549330360359,0.562000000000012,0.827638901835878,0.947271314216555,102.01,1.74449439398873,5
"grid","dgp2",300,10,500,5,1,0.109403032214723,"SSRF-naive",0.729547760253185,0.600104817721317,0.0757878671328726,0.954,5.18307382384106,3.58827889718436,2.94512661299486,0.00330306159085176,0.562000000000012,0.827638901835878,0.947271314216555,102.01,1.74449439398873,5
"grid","dgp2",300,10,500,5,1,0.109403032214723,"SSRF-rob",0.733747767220701,0.602512791222769,0.0811106179001479,0.954,5.1864726277792,3.63605508644828,3.20419544906245,0.00139729396949872,1.69600000000003,0.827638901835878,0.947271314216555,102.01,1.74449439398873,5
"grid","dgp2",300,10,500,5,1,0.109403032214723,"RF-H",0.726589492336946,0.595681974175864,0.0565435170137957,0.946,5.27490183788089,3.53573125041562,0.302519724322328,0.762318874559996,0.648000000000025,0.827638901835878,0.947271314216555,102.01,1.74449439398873,5
"grid","dgp2",300,10,500,5,1,0.109403032214723,"SSRF-JS-H",0.75461799706744,0.615813696133231,0.0888302022154191,0.948,5.34564950299045,3.68298078239533,2.15345097020096,0.0315219954438105,0.648000000000025,0.827638901835878,0.947271314216555,102.01,1.74449439398873,5
"grid","dgp2",300,10,500,5,1,0.109403032214723,"RidgeRF",0.765712290184045,0.619570207711297,0.0971629864287553,0.952,5.29388739552105,3.7583781363133,2.93512654102833,0.00341044976197949,0.349999999999966,0.827638901835878,0.947271314216555,102.01,1.74449439398873,5
"grid","dgp2",300,10,500,5,1,0.109403032214723,"LassoRF",0.751632816070259,0.613338434221587,0.0899915542356341,0.95,5.18403407898011,3.58297171032942,2.62030712256667,0.00891837370982363,0.274000000000001,0.827638901835878,0.947271314216555,102.01,1.74449439398873,5
"grid","dgp2",300,10,500,5,1,0.109403032214723,"GBM",0.729422539115222,0.601236441011038,0.0642672421716894,0.948,5.27324538699283,3.65181235627519,0.499446406841281,0.617574906602022,0.0600000000000023,0.827638901835878,0.947271314216555,102.01,1.74449439398873,5
"grid","dgp2",300,10,500,5,1,0.109403032214723,"RF-tuned",0.744832740094192,0.609683318922299,0.0991723361340181,0.946,5.1553389885994,3.53612300283373,2.5581015859965,0.0106711058901805,0.861000000000047,0.827638901835878,0.947271314216555,102.01,1.74449439398873,5
"grid","dgp2",300,10,500,5,1,0.109403032214723,"SSRF-tuned",0.736019717889254,0.60513222436513,0.0843923185503298,0.952,5.17333515125571,3.64247062998164,2.07760674783734,0.0380005631566222,1.62400000000002,0.827638901835878,0.947271314216555,102.01,1.74449439398873,5
"grid","dgp2",300,10,10,5,2,0.133466139261757,"RF",0.753699348054905,0.627882210354467,0.140603677846818,0.938,5.47443081445775,3.38668620683725,6.5751569468711,7.82021354115576e-11,0.0129999999999768,0.894297726103943,0.968366605767757,101.3,1.7527340127886,40
"grid","dgp2",300,10,10,5,2,0.133466139261757,"SSRF-JS",0.735285747895059,0.618133381145615,0.120591380865733,0.932,5.43030504462755,3.29890067008108,NA,NA,0.0129999999999768,0.894297726103943,0.968366605767757,101.3,1.7527340127886,40
"grid","dgp2",300,10,10,5,2,0.133466139261757,"SSRF",0.730901228761891,0.616728219466163,0.115958386970601,0.932,5.40801857104338,3.26874287058765,-4.04087783570106,5.73384359821521e-05,0.0129999999999768,0.894297726103943,0.968366605767757,101.3,1.7527340127886,40
"grid","dgp2",300,10,10,5,2,0.133466139261757,"SSRF-naive",0.744844448017056,0.623298065683797,0.130898898649428,0.938,5.43546069166532,3.36865954706489,6.13292837898955,1.24116036488218e-09,0.0129999999999768,0.894297726103943,0.968366605767757,101.3,1.7527340127886,40
"grid","dgp2",300,10,10,5,2,0.133466139261757,"SSRF-rob",0.75053902512438,0.626173510654419,0.137029412514146,0.936,5.46601746849111,3.36828538878005,6.46769670439475,1.55490299677492e-10,0.0339999999999918,0.894297726103943,0.968366605767757,101.3,1.7527340127886,40
"grid","dgp2",300,10,10,5,2,0.133466139261757,"RF-H",0.721160023787543,0.603854650399134,0.0924407761575032,0.942,5.16205792823548,3.385412094505,-0.737213928109007,0.461165369264869,0.0120000000000005,0.894297726103943,0.968366605767757,101.3,1.7527340127886,40
"grid","dgp2",300,10,10,5,2,0.133466139261757,"SSRF-JS-H",0.737409160120441,0.61568544178589,0.0995125395053439,0.948,5.13798431299012,3.3553091674261,0.109893718855662,0.912515735080125,0.0120000000000005,0.894297726103943,0.968366605767757,101.3,1.7527340127886,40
"grid","dgp2",300,10,10,5,2,0.133466139261757,"RidgeRF",0.748408141306133,0.628385018470685,0.121989325372793,0.93,5.24243183642638,3.35174378718395,0.602588883144697,0.546918972953812,0.0409999999999968,0.894297726103943,0.968366605767757,101.3,1.7527340127886,40
"grid","dgp2",300,10,10,5,2,0.133466139261757,"LassoRF",0.77134962166942,0.627709749558951,0.126199600801317,0.926,5.37221246091773,3.22584296033445,1.61364811983749,0.106919576767888,0.0439999999999827,0.894297726103943,0.968366605767757,101.3,1.7527340127886,40
"grid","dgp2",300,10,10,5,2,0.133466139261757,"GBM",0.660888294650358,0.574976466782376,0.0389496063839006,0.94,5.00192465896622,3.22135083210949,-4.80641113336989,1.77246756632483e-06,0.0380000000000109,0.894297726103943,0.968366605767757,101.3,1.7527340127886,40
"grid","dgp2",300,10,10,5,2,0.133466139261757,"RF-tuned",0.693570490936027,0.595176780005623,0.0689110190855154,0.938,5.03407712368029,3.2670624811101,-2.43148920291562,0.0152118367270459,0.461999999999989,0.894297726103943,0.968366605767757,101.3,1.7527340127886,40
"grid","dgp2",300,10,10,5,2,0.133466139261757,"SSRF-tuned",0.68889608516286,0.590570870977786,0.0641100935189943,0.934,5.08876804866497,3.27037343903338,-2.79098946274102,0.00535483384141804,0.471000000000004,0.894297726103943,0.968366605767757,101.3,1.7527340127886,40
"grid","dgp2",300,10,500,5,2,0.133466139261757,"RF",0.682060661531881,0.589206053005794,0.0567713848429997,0.944,4.55356060253714,3.30736224865161,1.92650433216331,0.054324862455111,0.649999999999977,0.873631565652842,0.961866838998636,101.736,1.74269803830813,40
"grid","dgp2",300,10,500,5,2,0.133466139261757,"SSRF-JS",0.678096682653307,0.586123938135881,0.0513527060091402,0.946,4.52293081295362,3.35164398006976,NA,NA,0.649999999999977,0.873631565652842,0.961866838998636,101.736,1.74269803830813,40
"grid","dgp2",300,10,500,5,2,0.133466139261757,"SSRF",0.677232010870484,0.585556430596901,0.0505350803114286,0.948,4.51828944335842,3.3548580424061,-2.62840410102752,0.00871028171891079,0.649999999999977,0.873631565652842,0.961866838998636,101.736,1.74269803830813,40
"grid","dgp2",300,10,500,5,2,0.133466139261757,"SSRF-naive",0.679896059604897,0.587704149951358,0.0541049552649456,0.946,4.54113500535343,3.32186717452584,1.39794067931212,0.162441184887043,0.649999999999977,0.873631565652842,0.961866838998636,101.736,1.74269803830813,40
"grid","dgp2",300,10,500,5,2,0.133466139261757,"SSRF-rob",0.6814032128174,0.588725869926202,0.0559124916885467,0.944,4.54952576249035,3.3140095749931,1.84244159359738,0.0657067716152203,1.75399999999996,0.873631565652842,0.961866838998636,101.736,1.74269803830813,40
"grid","dgp2",300,10,500,5,2,0.133466139261757,"RF-H",0.688478207440579,0.588802728424244,0.055746188394639,0.964,4.46678126938096,3.49385583524234,1.22844149279872,0.219570597352511,0.620000000000005,0.873631565652842,0.961866838998636,101.736,1.74269803830813,40
"grid","dgp2",300,10,500,5,2,0.133466139261757,"SSRF-JS-H",0.722045234226623,0.610393479764456,0.0869273360792096,0.966,4.53896187662826,3.56166755405699,3.55806332339412,0.000391154250458693,0.620000000000005,0.873631565652842,0.961866838998636,101.736,1.74269803830813,40
"grid","dgp2",300,10,500,5,2,0.133466139261757,"RidgeRF",0.706425563849357,0.601150384249594,0.06816755779334,0.95,4.56328532001582,3.46061699861905,3.01013905033163,0.00267687568862059,0.346000000000004,0.873631565652842,0.961866838998636,101.736,1.74269803830813,40
"grid","dgp2",300,10,500,5,2,0.133466139261757,"LassoRF",0.690162057596994,0.590024588402902,0.0676699473667502,0.944,4.59210592879128,3.32250923666982,1.51262952567859,0.130690060270816,0.180999999999983,0.873631565652842,0.961866838998636,101.736,1.74269803830813,40
"grid","dgp2",300,10,500,5,2,0.133466139261757,"GBM",0.675861863512063,0.58459609495827,0.0514585182421252,0.954,4.49006139277452,3.37083213967066,-0.29725245246017,0.766335576213923,0.0570000000000164,0.873631565652842,0.961866838998636,101.736,1.74269803830813,40
"grid","dgp2",300,10,500,5,2,0.133466139261757,"RF-tuned",0.669017063168104,0.579950651450823,0.045649426450282,0.95,4.49474807987592,3.37634645909914,-3.03916614422981,0.00243407927761253,0.625,0.873631565652842,0.961866838998636,101.736,1.74269803830813,40
"grid","dgp2",300,10,500,5,2,0.133466139261757,"SSRF-tuned",0.668494954798247,0.5804778483548,0.0426548054723357,0.95,4.47468221463034,3.35671875206858,-2.81062103404392,0.00504123494822686,1.01600000000002,0.873631565652842,0.961866838998636,101.736,1.74269803830813,40
"grid","dgp2",600,20,10,5,1,0.158302510050105,"RF",0.785480824545711,0.6338020289899,0.104211843590007,0.972,4.602943461703,3.91193586216489,6.10801221089374,1.44305859091748e-09,0.0330000000000155,0.917777308075767,0.973520634231107,201.6,1.7770190159721,80
"grid","dgp2",600,20,10,5,1,0.158302510050105,"SSRF-JS",0.774095897192528,0.628533329365187,0.0926438305411667,0.974,4.55403094130774,3.84635005844688,NA,NA,0.0330000000000155,0.917777308075767,0.973520634231107,201.6,1.7770190159721,80
"grid","dgp2",600,20,10,5,1,0.158302510050105,"SSRF",0.772587184171762,0.627923266563143,0.0913264218626686,0.974,4.54288033095012,3.8338640114596,-2.5262177968037,0.0116833603958727,0.0330000000000155,0.917777308075767,0.973520634231107,201.6,1.7770190159721,80
"grid","dgp2",600,20,10,5,1,0.158302510050105,"SSRF-naive",0.780307577202566,0.631458333899778,0.0990954023582677,0.972,4.58207889072143,3.89033153227412,5.42882484153381,7.12194354206783e-08,0.0330000000000155,0.917777308075767,0.973520634231107,201.6,1.7770190159721,80
"grid","dgp2",600,20,10,5,1,0.158302510050105,"SSRF-rob",0.784021529541925,0.633145085498214,0.102712135249635,0.972,4.5966638471619,3.90403656954709,6.01817331270334,2.47369156346202e-09,0.0590000000000259,0.917777308075767,0.973520634231107,201.6,1.7770190159721,80
"grid","dgp2",600,20,10,5,1,0.158302510050105,"RF-H",0.754245437954014,0.63028512215149,0.0805820239293644,0.968,4.39388534631858,3.59804142214661,-1.12765403300697,0.259736816175404,0.0199999999999818,0.917777308075767,0.973520634231107,201.6,1.7770190159721,80
"grid","dgp2",600,20,10,5,1,0.158302510050105,"SSRF-JS-H",0.769927357610885,0.64142462541555,0.0877546236740578,0.976,4.42168261400778,3.80820306944084,-0.217910971844349,0.827542979702078,0.0199999999999818,0.917777308075767,0.973520634231107,201.6,1.7770190159721,80
"grid","dgp2",600,20,10,5,1,0.158302510050105,"RidgeRF",0.797554947689217,0.643608475926536,0.113522588731871,0.97,4.58046294803792,3.91153439805107,1.12357928155507,0.26146147553658,0.0600000000000023,0.917777308075767,0.973520634231107,201.6,1.7770190159721,80
"grid","dgp2",600,20,10,5,1,0.158302510050105,"LassoRF",0.75975625162848,0.630505202812892,0.0904833729706645,0.97,4.46728774712261,3.71495482364477,-0.743025188634121,0.457641118860852,0.0500000000000114,0.917777308075767,0.973520634231107,201.6,1.7770190159721,80
"grid","dgp2",600,20,10,5,1,0.158302510050105,"GBM",0.702958228204945,0.599458652962938,0.0324462486478505,0.976,4.48906979565095,3.91665827175959,-4.82124361143208,1.64839229997869e-06,0.118999999999971,0.917777308075767,0.973520634231107,201.6,1.7770190159721,80
"grid","dgp2",600,20,10,5,1,0.158302510050105,"RF-tuned",0.731498300599912,0.616936582494753,0.0520989351404922,0.978,4.4363449526902,3.81606703243061,-2.66968982533889,0.00771532979677768,1.95999999999998,0.917777308075767,0.973520634231107,201.6,1.7770190159721,80
"grid","dgp2",600,20,10,5,1,0.158302510050105,"SSRF-tuned",0.71197684063631,0.601742672072619,0.044102048785502,0.972,4.39831436490863,3.75734092455719,-4.20308975327915,2.86880047547809e-05,1.97899999999998,0.917777308075767,0.973520634231107,201.6,1.7770190159721,80
"grid","dgp2",600,20,500,5,1,0.158302510050105,"RF",0.709916088876012,0.597055287015485,0.0383901518066224,0.948,4.9975294699066,3.35360052839653,-0.0485018155517562,0.961326012096472,1.83000000000004,0.918392649909308,0.97514584377037,203.27,1.74771557209289,80
"grid","dgp2",600,20,500,5,1,0.158302510050105,"SSRF-JS",0.709972957484007,0.597361390983012,0.0374651941009681,0.948,5.00337467727328,3.34299618607225,NA,NA,1.83000000000004,0.918392649909308,0.97514584377037,203.27,1.74771557209289,80
"grid","dgp2",600,20,500,5,1,0.158302510050105,"SSRF",0.709795544955314,0.597262401698232,0.0372121908215996,0.948,5.00284304669607,3.34457456351907,-1.27021241301491,0.204304733329032,1.83000000000004,0.918392649909308,0.97514584377037,203.27,1.74771557209289,80
"grid","dgp2",600,20,500,5,1,0.158302510050105,"SSRF-naive",0.709692617101509,0.597029159513538,0.0378116728695904,0.948,4.99929433124697,3.35013189737599,-0.367121772274979,0.713605938994908,1.83000000000004,0.918392649909308,0.97514584377037,203.27,1.74771557209289,80
"grid","dgp2",600,20,500,5,1,0.158302510050105,"SSRF-rob",0.709874162594108,0.597051482192266,0.0382431106777175,0.948,4.99818206896152,3.35223338355386,-0.094328316588352,0.924867272273359,3.27800000000008,0.918392649909308,0.97514584377037,203.27,1.74771557209289,80
"grid","dgp2",600,20,500,5,1,0.158302510050105,"RF-H",0.732994906390683,0.615104972258739,0.0523470460434413,0.944,5.07101228586914,3.26231586124592,2.95578610456654,0.00319199604486268,1.08099999999996,0.918392649909308,0.97514584377037,203.27,1.74771557209289,80
"grid","dgp2",600,20,500,5,1,0.158302510050105,"SSRF-JS-H",0.766333901613467,0.6384402881317,0.0831343130937845,0.93,5.15827229961043,3.3139006540915,4.61668112102397,4.40725280746143e-06,1.08099999999996,0.918392649909308,0.97514584377037,203.27,1.74771557209289,80
"grid","dgp2",600,20,500,5,1,0.158302510050105,"RidgeRF",0.726851529073329,0.611168383996876,0.0548883930660089,0.95,4.9430709036198,3.37581180759509,2.18499799469375,0.0291207270034465,1.23599999999999,0.918392649909308,0.97514584377037,203.27,1.74771557209289,80
"grid","dgp2",600,20,500,5,1,0.158302510050105,"LassoRF",0.7285987332894,0.608699365992774,0.0498306454023602,0.938,5.08548288431115,3.22673352340567,1.90824255454751,0.0566462904921442,0.382000000000005,0.918392649909308,0.97514584377037,203.27,1.74771557209289,80
"grid","dgp2",600,20,500,5,1,0.158302510050105,"GBM",0.716619352477802,0.605303322859782,0.0433310993192019,0.942,5.03023864175199,3.21354577814811,0.854861622068337,0.392832719010014,0.192000000000007,0.918392649909308,0.97514584377037,203.27,1.74771557209289,80
"grid","dgp2",600,20,500,5,1,0.158302510050105,"RF-tuned",0.70271688680755,0.59618094038024,0.0306803091224651,0.946,5.01125066279551,3.20523332059306,-1.78824931735498,0.0740387624140942,2.54899999999998,0.918392649909308,0.97514584377037,203.27,1.74771557209289,80
"grid","dgp2",600,20,500,5,1,0.158302510050105,"SSRF-tuned",0.705016436390316,0.59654469037801,0.0320383926999037,0.948,5.0367067461104,3.31589063953522,-1.18700626723108,0.235507329313235,3.399,0.918392649909308,0.97514584377037,203.27,1.74771557209289,80
"grid","dgp2",600,20,10,5,2,0.135531954800365,"RF",0.780038458568324,0.648803263191962,0.118704089635117,0.936,5.22232593976171,3.37810357264452,6.10304235804152,1.48700338627764e-09,0.0329999999999586,0.917717030412021,0.975879122007697,202.8,1.7599346702723,80
"grid","dgp2",600,20,10,5,2,0.135531954800365,"SSRF-JS",0.767870069550873,0.641720189581974,0.103925060037879,0.936,5.20108848535605,3.41034007212746,NA,NA,0.0329999999999586,0.917717030412021,0.975879122007697,202.8,1.7599346702723,80
"grid","dgp2",600,20,10,5,2,0.135531954800365,"SSRF",0.763817407796446,0.639292299539472,0.100506657213298,0.938,5.20085969252412,3.38341205059732,-5.41542461675212,7.66003971076017e-08,0.0329999999999586,0.917717030412021,0.975879122007697,202.8,1.7599346702723,80
"grid","dgp2",600,20,10,5,2,0.135531954800365,"SSRF-naive",0.773438774433501,0.644939147613873,0.111683139292674,0.936,5.21435338909206,3.38903069128235,4.46377960565448,8.96877788743342e-06,0.0329999999999586,0.917717030412021,0.975879122007697,202.8,1.7599346702723,80
"grid","dgp2",600,20,10,5,2,0.135531954800365,"SSRF-rob",0.778799009567111,0.648101992832525,0.117215145344219,0.936,5.22019923300391,3.37960220370425,6.03046425064958,2.29881397743167e-09,0.061999999999955,0.917717030412021,0.975879122007697,202.8,1.7599346702723,80
"grid","dgp2",600,20,10,5,2,0.135531954800365,"RF-H",0.759209199651789,0.634911074919563,0.0852152361925681,0.93,5.48220869181521,3.36742768156985,-0.456983360278846,0.647782355927153,0.0230000000000246,0.917717030412021,0.975879122007697,202.8,1.7599346702723,80
"grid","dgp2",600,20,10,5,2,0.135531954800365,"SSRF-JS-H",0.786447753073204,0.653511115168936,0.0943248692941115,0.936,5.52668077421271,3.44421219636657,0.914956404021753,0.360435304042161,0.0230000000000246,0.917717030412021,0.975879122007697,202.8,1.7599346702723,80
"grid","dgp2",600,20,10,5,2,0.135531954800365,"RidgeRF",0.810502861264105,0.664020565275373,0.134549758707371,0.92,5.59177248662371,3.34364339672394,1.73217626162852,0.0835508422403012,0.0799999999999841,0.917717030412021,0.975879122007697,202.8,1.7599346702723,80
"grid","dgp2",600,20,10,5,2,0.135531954800365,"LassoRF",0.764195128615394,0.638034835884918,0.104794366532977,0.938,5.07559023352746,3.34436549207561,-0.187416572030244,0.851372087010196,0.0480000000000018,0.917717030412021,0.975879122007697,202.8,1.7599346702723,80
"grid","dgp2",600,20,10,5,2,0.135531954800365,"GBM",0.709202156038759,0.59941290713573,0.0383766869912255,0.928,5.23348699843756,3.20744100127691,-3.42892335388592,0.000630730174868009,0.120000000000005,0.917717030412021,0.975879122007697,202.8,1.7599346702723,80
"grid","dgp2",600,20,10,5,2,0.135531954800365,"RF-tuned",0.724105828871838,0.609747874494377,0.0561788953835916,0.94,5.17128393445178,3.43490234776446,-2.55616699749919,0.0107302237372695,2.024,0.917717030412021,0.975879122007697,202.8,1.7599346702723,80
"grid","dgp2",600,20,10,5,2,0.135531954800365,"SSRF-tuned",0.730143829540738,0.614719476275641,0.0522078394071233,0.926,5.23309513214135,3.23967580127113,-2.32676377960006,0.0201770295171108,2.04399999999998,0.917717030412021,0.975879122007697,202.8,1.7599346702723,80
"grid","dgp2",600,20,500,5,2,0.135531954800365,"RF",0.717607038229961,0.607240605458755,0.040869432318061,0.936,5.30492189470456,3.26046931992255,1.44843405794555,0.147809475864881,1.61799999999999,0.915362829384517,0.974694235638337,204,1.73980770222985,80
"grid","dgp2",600,20,500,5,2,0.135531954800365,"SSRF-JS",0.715463577357663,0.606630158876991,0.0372162870320166,0.934,5.30601827903647,3.23816303360531,NA,NA,1.61799999999999,0.915362829384517,0.974694235638337,204,1.73980770222985,80
"grid","dgp2",600,20,500,5,2,0.135531954800365,"SSRF",0.71460477936844,0.60622756644532,0.0366884614130727,0.934,5.30445414072841,3.22604322850118,-3.65003211850953,0.000275788372924252,1.61799999999999,0.915362829384517,0.974694235638337,204,1.73980770222985,80
"grid","dgp2",600,20,500,5,2,0.135531954800365,"SSRF-naive",0.716306214534558,0.606738801474824,0.0391855215788522,0.934,5.30406722687213,3.24531454861338,0.89373793755038,0.371677375288008,1.61799999999999,0.915362829384517,0.974694235638337,204,1.73980770222985,80
"grid","dgp2",600,20,500,5,2,0.135531954800365,"SSRF-rob",0.717340425056906,0.607155833464357,0.0404732615671383,0.936,5.30469257209919,3.25805701680818,1.39628404810105,0.162939142363639,3.08800000000002,0.915362829384517,0.974694235638337,204,1.73980770222985,80
"grid","dgp2",600,20,500,5,2,0.135531954800365,"RF-H",0.722787942954158,0.612811330753862,0.0399454940612433,0.94,5.28902610477781,3.36030664842273,0.81582482028989,0.414794806291907,1.166,0.915362829384517,0.974694235638337,204,1.73980770222985,80
"grid","dgp2",600,20,500,5,2,0.135531954800365,"SSRF-JS-H",0.778436446598154,0.64800317575596,0.0863516381605434,0.938,5.38376313618073,3.47655144126139,4.27922698032914,2.05577488058939e-05,1.166,0.915362829384517,0.974694235638337,204,1.73980770222985,80
"grid","dgp2",600,20,500,5,2,0.135531954800365,"RidgeRF",0.723228218629366,0.610253135239234,0.0533669678080908,0.938,5.32777687112221,3.31620661384383,0.793367780505938,0.427751965643879,1.27000000000004,0.915362829384517,0.974694235638337,204,1.73980770222985,80
"grid","dgp2",600,20,500,5,2,0.135531954800365,"LassoRF",0.719902798721089,0.610003745502017,0.0478008259090982,0.932,5.26525094649025,3.18419946459011,0.588656467156889,0.556224813020765,0.551999999999964,0.915362829384517,0.974694235638337,204,1.73980770222985,80
"grid","dgp2",600,20,500,5,2,0.135531954800365,"GBM",0.698790241068423,0.598120131772174,0.0267267310399387,0.94,5.16663750537469,3.30701514468854,-2.15908916596279,0.0310807489064417,0.175999999999988,0.915362829384517,0.974694235638337,204,1.73980770222985,80
"grid","dgp2",600,20,500,5,2,0.135531954800365,"RF-tuned",0.705463106367859,0.596521221561807,0.0329441653632031,0.942,5.30411422141373,3.29685300065578,-1.82911877023807,0.0676797849620606,2.68700000000001,0.915362829384517,0.974694235638337,204,1.73980770222985,80
"grid","dgp2",600,20,500,5,2,0.135531954800365,"SSRF-tuned",0.701495278827102,0.595636814706848,0.0300258723238498,0.94,5.26570272177608,3.2909290054001,-2.9278682585794,0.00349037791030879,3.82800000000003,0.915362829384517,0.974694235638337,204,1.73980770222985,80
"grid","dgp2",1200,20,10,5,1,0.169644203731478,"RF",0.749659463676651,0.621047579668161,0.0795027889316294,0.956666666666667,5.04803953596798,3.37469298295015,4.56127021537422,5.60620154350034e-06,0.0710000000000264,0.921263260699332,0.976208739373154,406.4,1.7524712305861,80
"grid","dgp2",1200,20,10,5,1,0.169644203731478,"SSRF-JS",0.741901807948571,0.615988849008057,0.0714943898167232,0.956666666666667,5.03395245599196,3.30879918123509,NA,NA,0.0710000000000264,0.921263260699332,0.976208739373154,406.4,1.7524712305861,80
"grid","dgp2",1200,20,10,5,1,0.169644203731478,"SSRF",0.740291647075063,0.615225776675343,0.0697398921612194,0.955,5.02739765705781,3.28952552002073,-2.86837390854971,0.00419816481145474,0.0710000000000264,0.921263260699332,0.976208739373154,406.4,1.7524712305861,80
"grid","dgp2",1200,20,10,5,1,0.169644203731478,"SSRF-naive",0.745541453905507,0.618665079457384,0.0755283289912597,0.955,5.03182178066745,3.30346321093596,3.63371391624358,0.000291189656376288,0.0710000000000264,0.921263260699332,0.976208739373154,406.4,1.7524712305861,80
"grid","dgp2",1200,20,10,5,1,0.169644203731478,"SSRF-rob",0.74870416093807,0.620460677576552,0.0785344189704675,0.956666666666667,5.04565987868162,3.36159689742115,4.50163667366954,7.39971490624021e-06,0.111000000000047,0.921263260699332,0.976208739373154,406.4,1.7524712305861,80
"grid","dgp2",1200,20,10,5,1,0.169644203731478,"RF-H",0.736200727304163,0.608814905111779,0.0698459376411845,0.946666666666667,5.11819276854795,3.30657772905401,-0.33853488345971,0.73501941604889,0.0439999999999827,0.921263260699332,0.976208739373154,406.4,1.7524712305861,80
"grid","dgp2",1200,20,10,5,1,0.169644203731478,"SSRF-JS-H",0.765608460401782,0.626263647826207,0.0928691207861492,0.946666666666667,5.15010357591489,3.41488143688483,1.27390411261862,0.202944276428223,0.0439999999999827,0.921263260699332,0.976208739373154,406.4,1.7524712305861,80
"grid","dgp2",1200,20,10,5,1,0.169644203731478,"RidgeRF",0.759254006947364,0.626661780911997,0.0998351524384045,0.943333333333333,5.21352115790983,3.40790981451351,0.99604953422748,0.319427048048914,0.11099999999999,0.921263260699332,0.976208739373154,406.4,1.7524712305861,80
"grid","dgp2",1200,20,10,5,1,0.169644203731478,"LassoRF",0.746647715037416,0.612086758079691,0.0775496538578098,0.938333333333333,5.21201739008424,3.21969358655243,0.263957927364592,0.791857698022442,0.0530000000000541,0.921263260699332,0.976208739373154,406.4,1.7524712305861,80
"grid","dgp2",1200,20,10,5,1,0.169644203731478,"GBM",0.699403857858385,0.584559953219313,0.022357505881077,0.958333333333333,5.09963889144799,3.46243434328905,-2.86613789325294,0.00422772669549374,0.20599999999996,0.921263260699332,0.976208739373154,406.4,1.7524712305861,80
"grid","dgp2",1200,20,10,5,1,0.169644203731478,"RF-tuned",0.711867756369827,0.594017189955952,0.0379877238769352,0.951666666666667,5.02455626359188,3.37462030460639,-2.14923050843167,0.0318157937960727,4.947,0.921263260699332,0.976208739373154,406.4,1.7524712305861,80
"grid","dgp2",1200,20,10,5,1,0.169644203731478,"SSRF-tuned",0.720974933809366,0.59830396004045,0.0454556608278083,0.951666666666667,5.1571641981512,3.33420528889894,-1.40176370320948,0.161244631889121,4.99299999999999,0.921263260699332,0.976208739373154,406.4,1.7524712305861,80
"grid","dgp2",1200,20,500,5,1,0.169644203731478,"RF",0.703835304683418,0.589885746968153,0.0293991035156828,0.955,5.11184070095175,3.36092887384982,0.062005103399277,0.950569102043346,3.875,0.921948635034697,0.976361445058736,406.346,1.74701055182563,80
"grid","dgp2",1200,20,500,5,1,0.169644203731478,"SSRF-JS",0.703766488123771,0.589467130879131,0.029439737680407,0.953333333333333,5.11527946169897,3.33036701070762,NA,NA,3.875,0.921948635034697,0.976361445058736,406.346,1.74701055182563,80
"grid","dgp2",1200,20,500,5,1,0.169644203731478,"SSRF",0.703634130692792,0.589413747460338,0.0293015708556871,0.953333333333333,5.11652641002262,3.32860115546007,-0.737243646212503,0.461118436691289,3.875,0.921948635034697,0.976361445058736,406.346,1.74701055182563,80
"grid","dgp2",1200,20,500,5,1,0.169644203731478,"SSRF-naive",0.703614104135389,0.58966901611662,0.029224274743092,0.953333333333333,5.11302836711453,3.34526093967746,-0.214531793099011,0.830168856613525,3.875,0.921948635034697,0.976361445058736,406.346,1.74701055182563,80
"grid","dgp2",1200,20,500,5,1,0.169644203731478,"SSRF-rob",0.703780560021909,0.589819980635842,0.0293563258435866,0.953333333333333,5.11212547776419,3.3565556903521,0.0142241716164208,0.988653502166167,5.94100000000003,0.921948635034697,0.976361445058736,406.346,1.74701055182563,80
"grid","dgp2",1200,20,500,5,1,0.169644203731478,"RF-H",0.715784635319931,0.5950410976559,0.0416639049983061,0.955,5.17168800627179,3.42530384976843,1.58101440788322,0.114138485735845,1.86399999999998,0.921948635034697,0.976361445058736,406.346,1.74701055182563,80
"grid","dgp2",1200,20,500,5,1,0.169644203731478,"SSRF-JS-H",0.764222357509384,0.625096333500149,0.0910658975506171,0.955,5.21974066574268,3.52109838531563,4.93336834238881,9.2205627903781e-07,1.86399999999998,0.921948635034697,0.976361445058736,406.346,1.74701055182563,80
"grid","dgp2",1200,20,500,5,1,0.169644203731478,"RidgeRF",0.712670969265592,0.595303961505221,0.0404853833471946,0.946666666666667,5.1166244524274,3.36538498071437,1.28889732570669,0.197682402158185,3.084,0.921948635034697,0.976361445058736,406.346,1.74701055182563,80
"grid","dgp2",1200,20,500,5,1,0.169644203731478,"LassoRF",0.706149832561625,0.590933404471691,0.0321033378514487,0.951666666666667,5.11649700671614,3.29370778012479,0.271536044022129,0.786025525492671,1.09300000000002,0.921948635034697,0.976361445058736,406.346,1.74701055182563,80
"grid","dgp2",1200,20,500,5,1,0.169644203731478,"GBM",0.694256794476706,0.584059302535727,0.0264724311319023,0.956666666666667,5.11348154245876,3.3414539418939,-1.35483725785916,0.175724628590996,0.34699999999998,0.921948635034697,0.976361445058736,406.346,1.74701055182563,80
"grid","dgp2",1200,20,500,5,1,0.169644203731478,"RF-tuned",0.697109479728375,0.58433360800284,0.0223691275921497,0.951666666666667,5.10922037754508,3.30508525555133,-2.29694040339721,0.0217938629309312,6.23000000000002,0.921948635034697,0.976361445058736,406.346,1.74701055182563,80
"grid","dgp2",1200,20,500,5,1,0.169644203731478,"SSRF-tuned",0.69749224352765,0.584973902631772,0.024214635799401,0.951666666666667,5.11501562456272,3.36645279726865,-1.9406247378787,0.0525379646186817,8.29400000000004,0.921948635034697,0.976361445058736,406.346,1.74701055182563,80
"grid","dgp2",1200,20,10,5,2,0.156964409572965,"RF",0.702186269596094,0.605341789124346,0.0782313534992723,0.916666666666667,5.22545898345103,3.05928488760725,6.2915686282966,4.39668145248975e-10,0.0720000000000027,0.926288931943324,0.977345102325645,409.2,1.75120818268998,40
"grid","dgp2",1200,20,10,5,2,0.156964409572965,"SSRF-JS",0.694207583557882,0.601030091682236,0.069619365535595,0.921666666666667,5.16564610082427,3.09451813412554,NA,NA,0.0720000000000027,0.926288931943324,0.977345102325645,409.2,1.75120818268998,40
"grid","dgp2",1200,20,10,5,2,0.156964409572965,"SSRF",0.692682466252947,0.600136599957222,0.0685728379774894,0.918333333333333,5.16301360509746,3.0833603460942,-3.51257734040751,0.000460289461919546,0.0720000000000027,0.926288931943324,0.977345102325645,409.2,1.75120818268998,40
"grid","dgp2",1200,20,10,5,2,0.156964409572965,"SSRF-naive",0.698470882556863,0.603354916570387,0.0745819492662257,0.916666666666667,5.20024725958605,3.06920073752363,5.02242026338759,5.87560442605468e-07,0.0720000000000027,0.926288931943324,0.977345102325645,409.2,1.75120818268998,40
"grid","dgp2",1200,20,10,5,2,0.156964409572965,"SSRF-rob",0.701142673338714,0.604773010555232,0.0770793272618978,0.915,5.21905444675709,3.06222049272278,6.23808072642664,6.13003580800323e-10,0.110000000000014,0.926288931943324,0.977345102325645,409.2,1.75120818268998,40
"grid","dgp2",1200,20,10,5,2,0.156964409572965,"RF-H",0.685764726661325,0.593538135907254,0.0604690685223421,0.923333333333333,5.05328140367997,3.02076221717458,-0.583950627622607,0.55936336910738,0.0329999999999586,0.926288931943324,0.977345102325645,409.2,1.75120818268998,40
"grid","dgp2",1200,20,10,5,2,0.156964409572965,"SSRF-JS-H",0.711187151707073,0.612774280455598,0.0779628646539653,0.943333333333333,5.01231825433497,3.21997122615443,1.13502106728999,0.256593337455489,0.0329999999999586,0.926288931943324,0.977345102325645,409.2,1.75120818268998,40
"grid","dgp2",1200,20,10,5,2,0.156964409572965,"RidgeRF",0.696927015849185,0.606268552880629,0.0834642572348792,0.938333333333333,5.16807350629479,3.15878083127883,0.182879680161098,0.854923344418069,0.0989999999999895,0.926288931943324,0.977345102325645,409.2,1.75120818268998,40
"grid","dgp2",1200,20,10,5,2,0.156964409572965,"LassoRF",0.728322958803262,0.615498699091197,0.0928714084686163,0.941666666666667,5.06072652889481,3.23725205930506,2.07509666960087,0.0381904238312277,0.0659999999999741,0.926288931943324,0.977345102325645,409.2,1.75120818268998,40
"grid","dgp2",1200,20,10,5,2,0.156964409572965,"GBM",0.645127977202201,0.571799101104136,0.0230883216502088,0.931666666666667,4.96013759837519,2.99406762363829,-4.52290713967398,6.7046974684766e-06,0.218999999999994,0.926288931943324,0.977345102325645,409.2,1.75120818268998,40
"grid","dgp2",1200,20,10,5,2,0.156964409572965,"RF-tuned",0.677800065146914,0.588301044252014,0.054171352015631,0.936666666666667,5.03067657063273,3.06202569302825,-1.15011224275323,0.250326981943324,4.82600000000002,0.926288931943324,0.977345102325645,409.2,1.75120818268998,40
"grid","dgp2",1200,20,10,5,2,0.156964409572965,"SSRF-tuned",0.675564991562118,0.577979606883498,0.0408389643660875,0.93,5.09743678104122,3.13547119888036,-1.57102585561379,0.116440480691603,4.86799999999999,0.926288931943324,0.977345102325645,409.2,1.75120818268998,40
"grid","dgp2",1200,20,500,5,2,0.156964409572965,"RF",0.655364905218968,0.571415283115718,0.0271338163466935,0.951666666666667,4.42042098467059,3.27136271835043,1.02570443932597,0.305237806259279,3.76400000000001,0.923541559627733,0.976695634285388,406.276,1.7477749217839,80
"grid","dgp2",1200,20,500,5,2,0.156964409572965,"SSRF-JS",0.65424605905386,0.571109820993571,0.0255871093602384,0.953333333333333,4.40812146804354,3.2661078875298,NA,NA,3.76400000000001,0.923541559627733,0.976695634285388,406.276,1.7477749217839,80
"grid","dgp2",1200,20,500,5,2,0.156964409572965,"SSRF",0.653802263749505,0.570875588757164,0.0252997011321511,0.953333333333333,4.40756596868073,3.2684125181851,-3.70713493451056,0.000219188831158674,3.76400000000001,0.923541559627733,0.976695634285388,406.276,1.7477749217839,80
"grid","dgp2",1200,20,500,5,2,0.156964409572965,"SSRF-naive",0.65463573906644,0.571122490461858,0.026346308999137,0.951666666666667,4.41506750966477,3.25664800822078,0.550190574401688,0.582291145707673,3.76400000000001,0.923541559627733,0.976695634285388,406.276,1.7477749217839,80
"grid","dgp2",1200,20,500,5,2,0.156964409572965,"SSRF-rob",0.655197261353188,0.571357891496717,0.0269114787925421,0.951666666666667,4.41881944243046,3.26604504392742,0.979720828251961,0.327421578855156,5.91399999999999,0.923541559627733,0.976695634285388,406.276,1.7477749217839,80
"grid","dgp2",1200,20,500,5,2,0.156964409572965,"RF-H",0.662347568436164,0.581920159198621,0.0314241262068051,0.958333333333333,4.37234025821019,3.34788237266826,1.1975093819835,0.231344758984742,2.041,0.923541559627733,0.976695634285388,406.276,1.7477749217839,80
"grid","dgp2",1200,20,500,5,2,0.156964409572965,"SSRF-JS-H",0.710593536276252,0.613025255079554,0.0765428499614316,0.96,4.39355210033518,3.37054961293594,4.61843963159173,4.28334545373331e-06,2.041,0.923541559627733,0.976695634285388,406.276,1.7477749217839,80
"grid","dgp2",1200,20,500,5,2,0.156964409572965,"RidgeRF",0.651843583337261,0.580559454807893,0.0334884437430188,0.951666666666667,4.3713596280401,3.25558482039915,-0.334039586945161,0.738408101186049,2.81800000000004,0.923541559627733,0.976695634285388,406.276,1.7477749217839,80
"grid","dgp2",1200,20,500,5,2,0.156964409572965,"LassoRF",0.667156334487009,0.58203947099611,0.0324231304454954,0.951666666666667,4.46513318078266,3.3204761489675,1.61304363506005,0.106998174841468,0.906000000000006,0.923541559627733,0.976695634285388,406.276,1.7477749217839,80
"grid","dgp2",1200,20,500,5,2,0.156964409572965,"GBM",0.646770084682984,0.570025443619679,0.0214235359570893,0.958333333333333,4.3551710216383,3.39229457187948,-1.3219128512234,0.186449314635815,0.35899999999998,0.923541559627733,0.976695634285388,406.276,1.7477749217839,80
"grid","dgp2",1200,20,500,5,2,0.156964409572965,"RF-tuned",0.647496122829347,0.569881135917651,0.0220773500613398,0.948333333333333,4.4093711556649,3.26474169572461,-1.97330549584484,0.0486901206414631,7.55000000000001,0.923541559627733,0.976695634285388,406.276,1.7477749217839,80
"grid","dgp2",1200,20,500,5,2,0.156964409572965,"SSRF-tuned",0.647954491609763,0.569906002087358,0.0198232218033199,0.953333333333333,4.38266875838836,3.31923184186433,-2.16392575468233,0.0306670086549802,10.548,0.923541559627733,0.976695634285388,406.276,1.7477749217839,80
"grid","dgp2",2000,24,10,5,1,0.1462271497038,"RF",0.757889213457433,0.631616931672695,0.0986777364945025,0.95,4.60382104463709,3.59376616331078,9.58948844280617,2.52610392457263e-21,0.174999999999955,0.923686612921037,0.976980998873753,668.9,1.77150234477717,80
"grid","dgp2",2000,24,10,5,1,0.1462271497038,"SSRF-JS",0.74523060402466,0.624532257398558,0.0869326507716355,0.949,4.58537862947814,3.57772306422318,NA,NA,0.174999999999955,0.923686612921037,0.976980998873753,668.9,1.77150234477717,80
"grid","dgp2",2000,24,10,5,1,0.1462271497038,"SSRF",0.742415678768674,0.623125761978812,0.0843604906756516,0.951,4.58180409217402,3.5980214484274,-5.62837427538487,2.07576736775963e-08,0.174999999999955,0.923686612921037,0.976980998873753,668.9,1.77150234477717,80
"grid","dgp2",2000,24,10,5,1,0.1462271497038,"SSRF-naive",0.752110642551042,0.628455969473356,0.09312205876543,0.95,4.59613514161881,3.57343012190968,8.7718063185397,3.68782848804578e-18,0.174999999999955,0.923686612921037,0.976980998873753,668.9,1.77150234477717,80
"grid","dgp2",2000,24,10,5,1,0.1462271497038,"SSRF-rob",0.756649107605318,0.630917341667589,0.0974911095613225,0.95,4.60210598160396,3.58498284409524,9.55472844294367,3.48413338391189e-21,0.23399999999998,0.923686612921037,0.976980998873753,668.9,1.77150234477717,80
"grid","dgp2",2000,24,10,5,1,0.1462271497038,"RF-H",0.728507291498342,0.615703948194953,0.0563483356031512,0.946,4.59269312051712,3.52125545399622,-1.21052874113404,0.226219177292915,0.0709999999999695,0.923686612921037,0.976980998873753,668.9,1.77150234477717,80
"grid","dgp2",2000,24,10,5,1,0.1462271497038,"SSRF-JS-H",0.736557561816733,0.627556606617342,0.0820730521290294,0.956,4.64191526927399,3.5641227761067,-0.644782977575051,0.519141820558118,0.0709999999999695,0.923686612921037,0.976980998873753,668.9,1.77150234477717,80
"grid","dgp2",2000,24,10,5,1,0.1462271497038,"RidgeRF",0.736969482614719,0.627844194956267,0.0989188745863367,0.939,4.44709594535917,3.38590391268915,-0.521776150076626,0.601884003038563,0.234000000000037,0.923686612921037,0.976980998873753,668.9,1.77150234477717,80
"grid","dgp2",2000,24,10,5,1,0.1462271497038,"LassoRF",0.766794229416131,0.641356104231858,0.106051656343438,0.951,4.66405621127559,3.54054861551412,1.33914912494645,0.180674377030882,0.0799999999999841,0.923686612921037,0.976980998873753,668.9,1.77150234477717,80
"grid","dgp2",2000,24,10,5,1,0.1462271497038,"GBM",0.675135955645379,0.58594298109134,0.0180349788505821,0.95,4.4778544738247,3.42120944985792,-5.98398698593332,2.57378613512487e-09,0.413000000000011,0.923686612921037,0.976980998873753,668.9,1.77150234477717,80
"grid","dgp2",2000,24,10,5,1,0.1462271497038,"RF-tuned",0.711944733976942,0.607760878607206,0.0444178640613499,0.95,4.57421493157322,3.49170816397861,-2.65726063821706,0.00794056416433881,12.235,0.923686612921037,0.976980998873753,668.9,1.77150234477717,80
"grid","dgp2",2000,24,10,5,1,0.1462271497038,"SSRF-tuned",0.71133487464466,0.605295969597488,0.042471278235863,0.944,4.5687659129812,3.33004172056591,-2.88250265597809,0.00398743398210839,12.343,0.923686612921037,0.976980998873753,668.9,1.77150234477717,80
"grid","dgp2",2000,24,500,5,1,0.1462271497038,"RF",0.692000024792726,0.596059497032158,0.0274605621058489,0.953,4.74725020415351,3.46954008402359,3.09506212977336,0.0019949886758716,10.792,0.924086230356239,0.976967727155463,673.26,1.7570372985823,40
"grid","dgp2",2000,24,500,5,1,0.1462271497038,"SSRF-JS",0.689379230515588,0.59469980079451,0.0257975005215152,0.947,4.73857545769143,3.43169861083363,NA,NA,10.792,0.924086230356239,0.976967727155463,673.26,1.7570372985823,40
"grid","dgp2",2000,24,500,5,1,0.1462271497038,"SSRF",0.689106513870842,0.594529763155253,0.0254861392050916,0.947,4.73792082811971,3.43333419971762,-2.35552245526791,0.018592801411959,10.792,0.924086230356239,0.976967727155463,673.26,1.7570372985823,40
"grid","dgp2",2000,24,500,5,1,0.1462271497038,"SSRF-naive",0.690831915152386,0.595417581632012,0.0266123697492732,0.952,4.74324265684874,3.44998910388742,2.67358842931903,0.00756551596037454,10.792,0.924086230356239,0.976967727155463,673.26,1.7570372985823,40
"grid","dgp2",2000,24,500,5,1,0.1462271497038,"SSRF-rob",0.69171471798096,0.595908544917286,0.0272653294477039,0.953,4.74628108886025,3.46714099066409,3.03172157028633,0.0024628667368212,13.766,0.924086230356239,0.976967727155463,673.26,1.7570372985823,40
"grid","dgp2",2000,24,500,5,1,0.1462271497038,"RF-H",0.686709963755281,0.593879005105993,0.0275492889144823,0.944,4.7457967621223,3.40757993756938,-0.473805089728857,0.635690646629175,3.226,0.924086230356239,0.976967727155463,673.26,1.7570372985823,40
"grid","dgp2",2000,24,500,5,1,0.1462271497038,"SSRF-JS-H",0.732230220334431,0.626052400558972,0.0794377303585025,0.938,4.88523449794195,3.2839441269062,4.56733411453755,5.24064619438963e-06,3.226,0.924086230356239,0.976967727155463,673.26,1.7570372985823,40
"grid","dgp2",2000,24,500,5,1,0.1462271497038,"RidgeRF",0.690969116962386,0.597264322096652,0.0349461608767139,0.946,4.77427815042414,3.40424292441623,0.284575475790011,0.775998878246081,8.27199999999999,0.924086230356239,0.976967727155463,673.26,1.7570372985823,40
"grid","dgp2",2000,24,500,5,1,0.1462271497038,"LassoRF",0.705517032123334,0.611293258428845,0.0577684633801455,0.961,4.76147863667972,3.55691309062706,1.79457255146576,0.0728728685348118,2.17399999999998,0.924086230356239,0.976967727155463,673.26,1.7570372985823,40
"grid","dgp2",2000,24,500,5,1,0.1462271497038,"GBM",0.686219739793936,0.597146326229375,0.0374860208184704,0.954,4.67394344763164,3.42831981382898,-0.448714106237009,0.653686542610038,0.673000000000002,0.924086230356239,0.976967727155463,673.26,1.7570372985823,40
"grid","dgp2",2000,24,500,5,1,0.1462271497038,"RF-tuned",0.682156876906201,0.589457134916745,0.0205558240030797,0.953,4.7064869304546,3.45911216636243,-3.22991857627988,0.00125834941820078,16.253,0.924086230356239,0.976967727155463,673.26,1.7570372985823,40
"grid","dgp2",2000,24,500,5,1,0.1462271497038,"SSRF-tuned",0.680797598270964,0.589135471852182,0.0204051180122633,0.946,4.70684037114994,3.45572573999124,-3.97135422763926,7.39955099004948e-05,21.34,0.924086230356239,0.976967727155463,673.26,1.7570372985823,40
"grid","dgp2",2000,24,10,5,2,0.138947355017329,"RF",0.736802334215444,0.617121967883203,0.0899690111088082,0.952,4.48764869981768,3.35821551295185,7.0883098869327,1.87488056079039e-12,0.156000000000006,0.922074893441703,0.976379486516198,675.3,1.75208842361219,40
"grid","dgp2",2000,24,10,5,2,0.138947355017329,"SSRF-JS",0.728210112265603,0.612679567107511,0.0799202205924916,0.954,4.48121247676849,3.35003589336462,NA,NA,0.156000000000006,0.922074893441703,0.976379486516198,675.3,1.75208842361219,40
"grid","dgp2",2000,24,10,5,2,0.138947355017329,"SSRF",0.726222199282261,0.611499119488619,0.0780282700852532,0.955,4.48258091264281,3.35914113819183,-4.54517905167125,5.8169759908794e-06,0.156000000000006,0.922074893441703,0.976379486516198,675.3,1.75208842361219,40
"grid","dgp2",2000,24,10,5,2,0.138947355017329,"SSRF-naive",0.732613741867877,0.614954015087825,0.0852570116508632,0.955,4.48473160020078,3.35696275300849,5.75882316569528,9.78384895724237e-09,0.156000000000006,0.922074893441703,0.976379486516198,675.3,1.75208842361219,40
"grid","dgp2",2000,24,10,5,2,0.138947355017329,"SSRF-rob",0.735980301523553,0.616681880476152,0.0890355772377676,0.952,4.48684429061561,3.35738123460743,7.01589112609173,3.1158295770504e-12,0.209000000000003,0.922074893441703,0.976379486516198,675.3,1.75208842361219,40
"grid","dgp2",2000,24,10,5,2,0.138947355017329,"RF-H",0.734251773206324,0.613901327913313,0.0712052560412815,0.954,4.53660608691093,3.45505670473877,0.503218814733698,0.614865879330801,0.0579999999999927,0.922074893441703,0.976379486516198,675.3,1.75208842361219,40
"grid","dgp2",2000,24,10,5,2,0.138947355017329,"SSRF-JS-H",0.745560196429878,0.622962142553945,0.083000848514538,0.945,4.64274111661615,3.35636397152026,1.3726554975888,0.170013445936121,0.0579999999999927,0.922074893441703,0.976379486516198,675.3,1.75208842361219,40
"grid","dgp2",2000,24,10,5,2,0.138947355017329,"RidgeRF",0.761988851829449,0.63636076467055,0.118138304052024,0.957,4.53747810267909,3.49145623488868,2.17861952239034,0.029476409220504,0.201000000000022,0.922074893441703,0.976379486516198,675.3,1.75208842361219,40
"grid","dgp2",2000,24,10,5,2,0.138947355017329,"LassoRF",0.746616100752364,0.632064886278723,0.0934839010614393,0.956,4.51382095228454,3.48522048044605,1.22733326457911,0.219841873064332,0.0699999999999932,0.922074893441703,0.976379486516198,675.3,1.75208842361219,40
"grid","dgp2",2000,24,10,5,2,0.138947355017329,"GBM",0.682665438361197,0.581734487085146,0.0187354360565287,0.954,4.44849143088128,3.39553581387879,-4.77810952757787,1.89834417892707e-06,0.358000000000004,0.922074893441703,0.976379486516198,675.3,1.75208842361219,40
"grid","dgp2",2000,24,10,5,2,0.138947355017329,"RF-tuned",0.714406774464564,0.601972656119105,0.0578549875131135,0.946,4.55931533849982,3.37423224539963,-1.20912862938063,0.226756420055882,10.83,0.922074893441703,0.976379486516198,675.3,1.75208842361219,40
"grid","dgp2",2000,24,10,5,2,0.138947355017329,"SSRF-tuned",0.71891114686545,0.601185213272697,0.0514850381852337,0.96,4.50842614294016,3.53283251380397,-0.809538485273451,0.418301822923594,10.942,0.922074893441703,0.976379486516198,675.3,1.75208842361219,40
"grid","dgp2",2000,24,500,5,2,0.138947355017329,"RF",0.684279790493563,0.584001510710837,0.027348749960741,0.957,4.357306666945,3.40177167681942,0.691456681640345,0.489358887319179,10.876,0.923325663231041,0.97721626801554,673.922,1.75515368509695,80
"grid","dgp2",2000,24,500,5,2,0.138947355017329,"SSRF-JS",0.683686013646851,0.583780227345388,0.0264152167686178,0.954,4.35281472563791,3.36703774995828,NA,NA,10.876,0.923325663231041,0.97721626801554,673.922,1.75515368509695,80
"grid","dgp2",2000,24,500,5,2,0.138947355017329,"SSRF",0.6834526337298,0.58360551328325,0.026191807612931,0.954,4.35288026001383,3.36718785871263,-2.77984659297972,0.00548938229577322,10.876,0.923325663231041,0.97721626801554,673.922,1.75515368509695,80
"grid","dgp2",2000,24,500,5,2,0.138947355017329,"SSRF-naive",0.683826391547357,0.583745462527932,0.026814256501183,0.956,4.35503033091367,3.39319139892917,0.249129608802862,0.80328612083547,10.876,0.923325663231041,0.97721626801554,673.922,1.75515368509695,80
"grid","dgp2",2000,24,500,5,2,0.138947355017329,"SSRF-rob",0.684192645466912,0.583952185841704,0.0272306295821825,0.957,4.35803558544373,3.40843842490626,0.644808254134146,0.519125441591745,13.642,0.923325663231041,0.97721626801554,673.922,1.75515368509695,80
"grid","dgp2",2000,24,500,5,2,0.138947355017329,"RF-H",0.693295246809699,0.590699624052579,0.0340355801919926,0.957,4.37438219727354,3.43049053773198,1.84438100686979,0.065275509658369,3.15499999999997,0.923325663231041,0.97721626801554,673.922,1.75515368509695,80
"grid","dgp2",2000,24,500,5,2,0.138947355017329,"SSRF-JS-H",0.741429494822262,0.620754136444321,0.0804487055031336,0.958,4.50121104448347,3.52706836979897,6.05684645008577,1.65408715981165e-09,3.15499999999997,0.923325663231041,0.97721626801554,673.922,1.75515368509695,80
"grid","dgp2",2000,24,500,5,2,0.138947355017329,"RidgeRF",0.692673865421859,0.588636754177755,0.0356524207437838,0.954,4.36916982316094,3.33158173723415,1.65442568472664,0.098198042293757,6.97300000000001,0.923325663231041,0.97721626801554,673.922,1.75515368509695,80
"grid","dgp2",2000,24,500,5,2,0.138947355017329,"LassoRF",0.704612774956341,0.603506709875634,0.0479750056727465,0.955,4.32224577844077,3.34921186061554,2.33182235682613,0.0198089168415207,2.23499999999996,0.923325663231041,0.97721626801554,673.922,1.75515368509695,80
"grid","dgp2",2000,24,500,5,2,0.138947355017329,"GBM",0.673991679901604,0.578223145890986,0.0196414238035866,0.954,4.34295746857248,3.29898652523457,-2.2653281620653,0.0235991416081686,0.682999999999993,0.923325663231041,0.97721626801554,673.922,1.75515368509695,80
"grid","dgp2",2000,24,500,5,2,0.138947355017329,"RF-tuned",0.678950334233546,0.580295973093804,0.0197148872347224,0.956,4.33457714134061,3.37782986377153,-2.32386218582007,0.0202326857579387,16.3550000000001,0.923325663231041,0.97721626801554,673.922,1.75515368509695,80
"grid","dgp2",2000,24,500,5,2,0.138947355017329,"SSRF-tuned",0.681383882631925,0.58182983269158,0.0209819582428857,0.954,4.33209987571371,3.34178114982945,-1.08405687587974,0.278470310351196,21.027,0.923325663231041,0.97721626801554,673.922,1.75515368509695,80
"grid","dgp3",300,10,10,5,1,0.260449259498298,"RF",1.38923966703842,0.736283159658019,0.132633202553203,0.944,7.33341789457807,4.24292403170895,3.68808082136533,0.000238128977731241,0.0119999999999436,0.854543962284308,0.954911549273399,104.5,1.6947731006836,80
"grid","dgp3",300,10,10,5,1,0.260449259498298,"SSRF-JS",1.36715875080412,0.723999387438963,0.113770292328687,0.944,7.31767993149981,4.15061671076432,NA,NA,0.0119999999999436,0.854543962284308,0.954911549273399,104.5,1.6947731006836,80
"grid","dgp3",300,10,10,5,1,0.260449259498298,"SSRF",1.36324017160656,0.721952071472254,0.109608649515851,0.94,7.32475154857169,4.12089888781441,-3.1133834046558,0.00190218474250063,0.0119999999999436,0.854543962284308,0.954911549273399,104.5,1.6947731006836,80
"grid","dgp3",300,10,10,5,1,0.260449259498298,"SSRF-naive",1.37785765207527,0.730144454410644,0.122553462883812,0.942,7.31960862851415,4.20065235818184,2.73138832804475,0.00641793573968648,0.0119999999999436,0.854543962284308,0.954911549273399,104.5,1.6947731006836,80
"grid","dgp3",300,10,10,5,1,0.260449259498298,"SSRF-rob",1.38686086169871,0.734980112945206,0.130583540011631,0.946,7.32819819324773,4.24915083833244,3.5669676529767,0.000378267631727035,0.0449999999999591,0.854543962284308,0.954911549273399,104.5,1.6947731006836,80
"grid","dgp3",300,10,10,5,1,0.260449259498298,"RF-H",1.34885071889655,0.715790396024873,0.115726089085594,0.91,7.62541689956693,3.67494456129416,-0.669774517437758,0.503156314883582,0.0119999999999436,0.854543962284308,0.954911549273399,104.5,1.6947731006836,80
"grid","dgp3",300,10,10,5,1,0.260449259498298,"SSRF-JS-H",1.40639363163137,0.752194515128895,0.179196195340305,0.924,7.68168522528122,3.78330936097886,1.1885553520205,0.234897146622551,0.0119999999999436,0.854543962284308,0.954911549273399,104.5,1.6947731006836,80
"grid","dgp3",300,10,10,5,1,0.260449259498298,"RidgeRF",1.40569655236334,0.731116966377682,0.142994325240776,0.926,7.37272160076287,3.90913913067309,1.3320462082356,0.183148805005257,0.0359999999999445,0.854543962284308,0.954911549273399,104.5,1.6947731006836,80
"grid","dgp3",300,10,10,5,1,0.260449259498298,"LassoRF",1.37625675159912,0.71970878773059,0.112070487271727,0.944,7.60048617410549,4.0953379501295,0.296457869905016,0.766942056126904,0.0289999999999964,0.854543962284308,0.954911549273399,104.5,1.6947731006836,80
"grid","dgp3",300,10,10,5,1,0.260449259498298,"GBM",1.37514763279875,0.734299616058473,0.143849655260968,0.916,7.7271353891246,3.61921614107519,0.275264775885598,0.783169745455625,0.0370000000000346,0.854543962284308,0.954911549273399,104.5,1.6947731006836,80
"grid","dgp3",300,10,10,5,1,0.260449259498298,"RF-tuned",1.35793580197431,0.701077280920414,0.112406411877614,0.928,7.74377563036943,3.90974408221947,-0.310142754568633,0.756517087477794,0.44500000000005,0.854543962284308,0.954911549273399,104.5,1.6947731006836,80
"grid","dgp3",300,10,10,5,1,0.260449259498298,"SSRF-tuned",1.33226986266047,0.700705428611938,0.0832165666508721,0.922,7.67600787646448,3.76043410441202,-1.78691829899102,0.0742538151578062,0.452999999999975,0.854543962284308,0.954911549273399,104.5,1.6947731006836,80
"grid","dgp3",300,10,500,5,1,0.260449259498298,"RF",1.33599710964556,0.697141039821227,0.079883885158166,0.946,7.70069628013682,4.19994698501603,1.79199818458021,0.073435796772483,0.593999999999937,0.861364885282607,0.957317008935022,102.53,1.7324892957517,5
"grid","dgp3",300,10,500,5,1,0.260449259498298,"SSRF-JS",1.32723230470576,0.695483256817755,0.0752325650733862,0.946,7.69675633581556,4.18679026449502,NA,NA,0.593999999999937,0.861364885282607,0.957317008935022,102.53,1.7324892957517,5
"grid","dgp3",300,10,500,5,1,0.260449259498298,"SSRF",1.3261394007447,0.695038644314252,0.0738036981623999,0.948,7.69196700814035,4.1924413741319,-1.99434362096687,0.0463859308049812,0.593999999999937,0.861364885282607,0.957317008935022,102.53,1.7324892957517,5
"grid","dgp3",300,10,500,5,1,0.260449259498298,"SSRF-naive",1.33190953440525,0.695946738489359,0.0769000881386011,0.944,7.69957899458093,4.15553077887158,1.48309127363169,0.138365556627018,0.593999999999937,0.861364885282607,0.957317008935022,102.53,1.7324892957517,5
"grid","dgp3",300,10,500,5,1,0.260449259498298,"SSRF-rob",1.33509261225673,0.696805143028457,0.0793217099391047,0.946,7.7009724540907,4.18863418423586,1.74867238192247,0.0806547975781872,1.64999999999986,0.861364885282607,0.957317008935022,102.53,1.7324892957517,5
"grid","dgp3",300,10,500,5,1,0.260449259498298,"RF-H",1.316200094692,0.696035799931736,0.075888090527631,0.95,7.69642664600681,3.98067579649388,-0.759484550757895,0.447741925427771,0.589000000000055,0.861364885282607,0.957317008935022,102.53,1.7324892957517,5
"grid","dgp3",300,10,500,5,1,0.260449259498298,"SSRF-JS-H",1.38440391910392,0.738944564335664,0.153272272932337,0.944,7.85868714887375,4.1207238747015,2.47449324769383,0.0135076727234995,0.589000000000055,0.861364885282607,0.957317008935022,102.53,1.7324892957517,5
"grid","dgp3",300,10,500,5,1,0.260449259498298,"RidgeRF",1.31584991080431,0.694860285745903,0.0664053206538473,0.946,7.65084398698863,4.15403963450148,-0.664161236465699,0.50674037725506,0.307000000000016,0.861364885282607,0.957317008935022,102.53,1.7324892957517,5
"grid","dgp3",300,10,500,5,1,0.260449259498298,"LassoRF",1.34540402462526,0.699753055996605,0.0829592449155768,0.948,7.7140203816921,4.33192644687825,1.09334326785039,0.27450668030366,0.174999999999955,0.861364885282607,0.957317008935022,102.53,1.7324892957517,5
"grid","dgp3",300,10,500,5,1,0.260449259498298,"GBM",1.3107085962206,0.691893955695446,0.0668101999579341,0.946,7.58016730265839,4.12063014801225,-1.01444962704932,0.31061387912167,0.0539999999999736,0.861364885282607,0.957317008935022,102.53,1.7324892957517,5
"grid","dgp3",300,10,500,5,1,0.260449259498298,"RF-tuned",1.34551381328628,0.701661431888206,0.0824489076694065,0.944,7.74139560303981,4.13674772514681,2.46976679548205,0.0136863246132403,0.73700000000008,0.861364885282607,0.957317008935022,102.53,1.7324892957517,5
"grid","dgp3",300,10,500,5,1,0.260449259498298,"SSRF-tuned",1.32666799632592,0.696231322897907,0.0726499305696717,0.942,7.67945982468,4.14238314182519,-0.180132463994778,0.857085108826206,1.39400000000001,0.861364885282607,0.957317008935022,102.53,1.7324892957517,5
"grid","dgp3",300,10,10,5,2,0.187883524296252,"RF",1.33874186352347,0.724705445794432,0.171030970677656,0.928,7.35144256363577,3.81611016026439,4.48873116780983,7.99841805388319e-06,0.01299999999992,0.83610344987676,0.950372876106988,104.2,1.7279572421607,80
"grid","dgp3",300,10,10,5,2,0.187883524296252,"SSRF-JS",1.31009156171152,0.711919934862112,0.14143772880461,0.928,7.2903748965332,3.81075476417016,NA,NA,0.01299999999992,0.83610344987676,0.950372876106988,104.2,1.7279572421607,80
"grid","dgp3",300,10,10,5,2,0.187883524296252,"SSRF",1.30294935155036,0.709069242568785,0.135233108813714,0.926,7.29173826229112,3.75952682619677,-3.90540787252525,0.000100388412601941,0.01299999999992,0.83610344987676,0.950372876106988,104.2,1.7279572421607,80
"grid","dgp3",300,10,10,5,2,0.187883524296252,"SSRF-naive",1.32424652411036,0.717982556106577,0.15628090987301,0.93,7.3251992899244,3.79075116542533,3.69755174487319,0.000229536564988285,0.01299999999992,0.83610344987676,0.950372876106988,104.2,1.7279572421607,80
"grid","dgp3",300,10,10,5,2,0.187883524296252,"SSRF-rob",1.33660640968706,0.723668655383924,0.168631904831159,0.93,7.34741147936848,3.81726135580232,4.43109176824638,1.041147063989e-05,0.0339999999998781,0.83610344987676,0.950372876106988,104.2,1.7279572421607,80
"grid","dgp3",300,10,10,5,2,0.187883524296252,"RF-H",1.30837298069576,0.70652153307,0.11775265444079,0.938,7.24969124139064,4.1343563258668,-0.0601824655214657,0.952022347758063,0.0130000000000337,0.83610344987676,0.950372876106988,104.2,1.7279572421607,80
"grid","dgp3",300,10,10,5,2,0.187883524296252,"SSRF-JS-H",1.36932776522858,0.744691494122856,0.171987111078036,0.928,7.36088489903722,4.03870757900701,1.93023207209783,0.0538608972268599,0.0130000000000337,0.83610344987676,0.950372876106988,104.2,1.7279572421607,80
"grid","dgp3",300,10,10,5,2,0.187883524296252,"RidgeRF",1.34924424495512,0.747187902341745,0.162810627257211,0.936,7.0152534833357,4.3231404608562,1.24930042050718,0.211847844721538,0.0389999999999873,0.83610344987676,0.950372876106988,104.2,1.7279572421607,80
"grid","dgp3",300,10,10,5,2,0.187883524296252,"LassoRF",1.35210800890133,0.740426168641163,0.182607025401868,0.94,7.31684967547083,4.22207203064473,1.2382295851969,0.215921840595212,0.0460000000000491,0.83610344987676,0.950372876106988,104.2,1.7279572421607,80
"grid","dgp3",300,10,10,5,2,0.187883524296252,"GBM",1.29634184071236,0.694952766224781,0.0885391102341302,0.93,7.26216163735266,3.983095705434,-0.641484593315268,0.521355033550355,0.0380000000000109,0.83610344987676,0.950372876106988,104.2,1.7279572421607,80
"grid","dgp3",300,10,10,5,2,0.187883524296252,"RF-tuned",1.283272597552,0.688310582658594,0.0883972416585188,0.932,7.31937259305812,3.95489866508406,-1.23472537870728,0.217223063117405,0.448999999999955,0.83610344987676,0.950372876106988,104.2,1.7279572421607,80
"grid","dgp3",300,10,10,5,2,0.187883524296252,"SSRF-tuned",1.29296200585638,0.696466973160294,0.100488130714129,0.936,7.12983212283087,4.09640766046585,-0.737447437149838,0.461023464972232,0.455999999999904,0.83610344987676,0.950372876106988,104.2,1.7279572421607,80
"grid","dgp3",300,10,500,5,2,0.187883524296252,"RF",1.28538534502363,0.688984221089257,0.0732230064916087,0.94,6.79878334099496,4.06461860396288,0.870062769225075,0.384475108491731,0.549999999999955,0.845012568506787,0.953873245872696,102.21,1.73819492965749,80
"grid","dgp3",300,10,500,5,2,0.187883524296252,"SSRF-JS",1.28164860883298,0.688287002509919,0.0720591108192059,0.944,6.75898895628844,4.17600062594114,NA,NA,0.549999999999955,0.845012568506787,0.953873245872696,102.21,1.73819492965749,80
"grid","dgp3",300,10,500,5,2,0.187883524296252,"SSRF",1.2804067478823,0.687718420441311,0.0709543831310241,0.944,6.7567560789524,4.16635315651155,-2.44638429880088,0.0146012402994764,0.549999999999955,0.845012568506787,0.953873245872696,102.21,1.73819492965749,80
"grid","dgp3",300,10,500,5,2,0.187883524296252,"SSRF-naive",1.28280814600244,0.688237035804299,0.0715210101993824,0.942,6.78355869642191,4.08437512916145,0.415237629600231,0.678057118925624,0.549999999999955,0.845012568506787,0.953873245872696,102.21,1.73819492965749,80
"grid","dgp3",300,10,500,5,2,0.187883524296252,"SSRF-rob",1.28491020258159,0.688841021583005,0.0729213471650145,0.94,6.7952430316006,4.07254106575282,0.815062553406773,0.415230769922983,1.77399999999989,0.845012568506787,0.953873245872696,102.21,1.73819492965749,80
"grid","dgp3",300,10,500,5,2,0.187883524296252,"RF-H",1.28444785548473,0.695183876175279,0.0839138190582882,0.944,6.71840986154695,4.20629966228985,0.211762802057593,0.832335283830091,0.678999999999974,0.845012568506787,0.953873245872696,102.21,1.73819492965749,80
"grid","dgp3",300,10,500,5,2,0.187883524296252,"SSRF-JS-H",1.355994779207,0.738966927153378,0.161629169523093,0.946,6.77676762252292,4.43034552039161,3.48442833850478,0.000514594441191455,0.678999999999974,0.845012568506787,0.953873245872696,102.21,1.73819492965749,80
"grid","dgp3",300,10,500,5,2,0.187883524296252,"RidgeRF",1.30005906401257,0.707958146069491,0.101588986120732,0.95,6.51629383833464,4.35321720600273,0.896010207774996,0.370463160336999,0.344000000000051,0.845012568506787,0.953873245872696,102.21,1.73819492965749,80
"grid","dgp3",300,10,500,5,2,0.187883524296252,"LassoRF",1.29765529234861,0.698699964743725,0.100392943093622,0.944,6.6959351167623,4.1261283204052,0.873992082124215,0.382332613384054,0.205999999999904,0.845012568506787,0.953873245872696,102.21,1.73819492965749,80
"grid","dgp3",300,10,500,5,2,0.187883524296252,"GBM",1.29457684655399,0.699988557466629,0.0940344829368709,0.944,6.78029672839581,4.16673977381682,0.787276663215557,0.431306662586172,0.0620000000000118,0.845012568506787,0.953873245872696,102.21,1.73819492965749,80
"grid","dgp3",300,10,500,5,2,0.187883524296252,"RF-tuned",1.27251545614068,0.683072758989538,0.0650557101894903,0.944,6.788897683858,4.07846882695369,-1.47198084631461,0.141340995777537,0.619000000000028,0.845012568506787,0.953873245872696,102.21,1.73819492965749,80
"grid","dgp3",300,10,500,5,2,0.187883524296252,"SSRF-tuned",1.27580718352758,0.685625123232743,0.0668221834117301,0.944,6.77503269529419,4.17868351639843,-0.864923334789965,0.387288509893584,0.961999999999989,0.845012568506787,0.953873245872696,102.21,1.73819492965749,80
"grid","dgp3",600,20,10,5,1,0.231933001227719,"RF",1.00084227302303,0.66736182872482,0.117251721313472,0.93,7.37816025160091,3.25561355048376,2.66734611892314,0.00776895574194459,0.0360000000000582,0.848911387206037,0.955460608537268,201.6,1.75343975196916,80
"grid","dgp3",600,20,10,5,1,0.231933001227719,"SSRF-JS",0.986409208477531,0.658828771184082,0.100248009166376,0.93,7.31588693936635,3.28079271710433,NA,NA,0.0360000000000582,0.848911387206037,0.955460608537268,201.6,1.75343975196916,80
"grid","dgp3",600,20,10,5,1,0.231933001227719,"SSRF",0.985208920366694,0.658106955544492,0.0973528496766873,0.93,7.32560428294114,3.24741636882488,-0.95058250992321,0.342046262350449,0.0360000000000582,0.848911387206037,0.955460608537268,201.6,1.75343975196916,80
"grid","dgp3",600,20,10,5,1,0.231933001227719,"SSRF-naive",0.993796788514384,0.663429972167393,0.108849727744102,0.93,7.35270683497617,3.25777555275193,2.13829140925135,0.03273516109473,0.0360000000000582,0.848911387206037,0.955460608537268,201.6,1.75343975196916,80
"grid","dgp3",600,20,10,5,1,0.231933001227719,"SSRF-rob",1.0000203838858,0.666893779122386,0.116310975185924,0.93,7.37803617466334,3.25150980556848,2.61992596914478,0.0089282780295224,0.0720000000001164,0.848911387206037,0.955460608537268,201.6,1.75343975196916,80
"grid","dgp3",600,20,10,5,1,0.231933001227719,"RF-H",1.02405339840716,0.669632119134812,0.104628339225938,0.932,7.1290233377853,3.66247729150234,1.49479128752681,0.135284717285992,0.0209999999999582,0.848911387206037,0.955460608537268,201.6,1.75343975196916,80
"grid","dgp3",600,20,10,5,1,0.231933001227719,"SSRF-JS-H",1.06733675930854,0.698820550025629,0.156608314823177,0.93,7.26873123862318,3.67155957737767,3.08918916202494,0.00206251858327879,0.0209999999999582,0.848911387206037,0.955460608537268,201.6,1.75343975196916,80
"grid","dgp3",600,20,10,5,1,0.231933001227719,"RidgeRF",1.06036499870799,0.687691437397662,0.143577177524675,0.934,6.99465795650287,3.69723876255321,2.84626650025902,0.0045140255862926,0.0629999999999882,0.848911387206037,0.955460608537268,201.6,1.75343975196916,80
"grid","dgp3",600,20,10,5,1,0.231933001227719,"LassoRF",1.16218903463485,0.714695553314847,0.202865588571123,0.928,7.68587588088097,3.81149419548796,4.67577672961638,3.33011849711813e-06,0.0380000000000109,0.848911387206037,0.955460608537268,201.6,1.75343975196916,80
"grid","dgp3",600,20,10,5,1,0.231933001227719,"GBM",0.967001701796784,0.634667691735022,0.0589595650152205,0.932,7.15747249533861,3.50940560756643,-0.994357122833745,0.320289817101399,0.118999999999915,0.848911387206037,0.955460608537268,201.6,1.75343975196916,80
"grid","dgp3",600,20,10,5,1,0.231933001227719,"RF-tuned",0.979500117851681,0.640876257788148,0.0757364286376262,0.926,7.31457345531812,3.41624483202987,-0.314868794578306,0.752927027956568,2.16100000000006,0.848911387206037,0.955460608537268,201.6,1.75343975196916,80
"grid","dgp3",600,20,10,5,1,0.231933001227719,"SSRF-tuned",0.977325374684505,0.641326058212204,0.0639710119650627,0.934,7.15829977946827,3.44621868047951,-0.468321554687383,0.639656817890682,2.18900000000008,0.848911387206037,0.955460608537268,201.6,1.75343975196916,80
"grid","dgp3",600,20,500,5,1,0.231933001227719,"RF",0.96496444248076,0.625878504315682,0.0419679337805716,0.946,5.89046900668841,3.61454105311421,0.125573563838014,0.900094755810911,1.69000000000005,0.889426612492362,0.967928756415833,203.854,1.738938340586,80
"grid","dgp3",600,20,500,5,1,0.231933001227719,"SSRF-JS",0.964603185285956,0.627368505856562,0.0434177127589035,0.946,5.85847491187946,3.72509851551598,NA,NA,1.69000000000005,0.889426612492362,0.967928756415833,203.854,1.738938340586,80
"grid","dgp3",600,20,500,5,1,0.231933001227719,"SSRF",0.964130929230426,0.626999655732314,0.0430594863338048,0.946,5.85556382367886,3.7187387149902,-1.92655931868027,0.0543179944850874,1.69000000000005,0.889426612492362,0.967928756415833,203.854,1.738938340586,80
"grid","dgp3",600,20,500,5,1,0.231933001227719,"SSRF-naive",0.964179937252779,0.626032845699944,0.041856203087826,0.946,5.87978398599405,3.64112594546483,-0.224030115505397,0.822779677144668,1.69000000000005,0.889426612492362,0.967928756415833,203.854,1.738938340586,80
"grid","dgp3",600,20,500,5,1,0.231933001227719,"SSRF-rob",0.964859798147811,0.625914600713004,0.0419613669191499,0.946,5.88888324489592,3.62114640565878,0.0939672063833143,0.925154049374651,3.255,0.889426612492362,0.967928756415833,203.854,1.738938340586,80
"grid","dgp3",600,20,500,5,1,0.231933001227719,"RF-H",0.977206273391441,0.638576295808375,0.0609875252718634,0.94,5.74168806142831,3.56009229028045,1.13668160440289,0.255943993761764,1.01800000000003,0.889426612492362,0.967928756415833,203.854,1.738938340586,80
"grid","dgp3",600,20,500,5,1,0.231933001227719,"SSRF-JS-H",1.05539518153451,0.690973297022999,0.145851867061883,0.93,5.82817150587414,3.67800228823503,4.60771611901053,4.59740007840991e-06,1.01800000000003,0.889426612492362,0.967928756415833,203.854,1.738938340586,80
"grid","dgp3",600,20,500,5,1,0.231933001227719,"RidgeRF",0.98040459436869,0.637231706071487,0.0608433236519318,0.946,5.75203269323283,3.54348352810966,1.77585021545817,0.0760619558988025,1.21500000000003,0.889426612492362,0.967928756415833,203.854,1.738938340586,80
"grid","dgp3",600,20,500,5,1,0.231933001227719,"LassoRF",1.07941637076253,0.683077386820131,0.137227306584243,0.956,5.98134734010074,3.91895872256319,5.09938197338395,4.07558932478922e-07,0.357999999999947,0.889426612492362,0.967928756415833,203.854,1.738938340586,80
"grid","dgp3",600,20,500,5,1,0.231933001227719,"GBM",0.972812703932436,0.62896424517091,0.0520063756370278,0.946,5.8245015963516,3.60728555761231,0.888229121820324,0.374631322876953,0.179000000000087,0.889426612492362,0.967928756415833,203.854,1.738938340586,80
"grid","dgp3",600,20,500,5,1,0.231933001227719,"RF-tuned",0.959753686966401,0.624187550113302,0.0411730564437812,0.95,5.84105060764661,3.78370802746827,-1.45344969336546,0.146412990671994,2.66099999999994,0.889426612492362,0.967928756415833,203.854,1.738938340586,80
"grid","dgp3",600,20,500,5,1,0.231933001227719,"SSRF-tuned",0.959777236657511,0.625212857080198,0.0428902169584833,0.948,5.80769545161764,3.76947806488378,-1.14714441255302,0.251596598178765,3.54099999999994,0.889426612492362,0.967928756415833,203.854,1.738938340586,80
"grid","dgp3",600,20,10,5,2,0.234007051171479,"RF",0.904600738827865,0.660376617423313,0.163681365332161,0.96,5.42107870723848,3.63847431418791,4.00701516420625,6.60576711175562e-05,0.0359999999999445,0.905850145944244,0.972372489665775,204.3,1.75168103261737,80
"grid","dgp3",600,20,10,5,2,0.234007051171479,"SSRF-JS",0.89238059954855,0.655972688472148,0.151358965039477,0.96,5.4175247431152,3.65155632438448,NA,NA,0.0359999999999445,0.905850145944244,0.972372489665775,204.3,1.75168103261737,80
"grid","dgp3",600,20,10,5,2,0.234007051171479,"SSRF",0.887452805055632,0.65287442151863,0.146376107257416,0.962,5.40144045007184,3.62455401259917,-5.35281165019067,1.07428188824491e-07,0.0359999999999445,0.905850145944244,0.972372489665775,204.3,1.75168103261737,80
"grid","dgp3",600,20,10,5,2,0.234007051171479,"SSRF-naive",0.898482584292734,0.657689684234956,0.157666674713072,0.962,5.41371444446423,3.63744049916417,2.97700587841262,0.00298098339210909,0.0359999999999445,0.905850145944244,0.972372489665775,204.3,1.75168103261737,80
"grid","dgp3",600,20,10,5,2,0.234007051171479,"SSRF-rob",0.903727541097143,0.660043916364236,0.162826386998495,0.96,5.42077665382736,3.64176359957271,3.9542046803322,8.22053740891991e-05,0.0629999999999882,0.905850145944244,0.972372489665775,204.3,1.75168103261737,80
"grid","dgp3",600,20,10,5,2,0.234007051171479,"RF-H",0.893055813002289,0.662277011752599,0.156145342813304,0.954,5.4672858960706,3.55730062501179,0.0296361002640929,0.976363193421403,0.0320000000000391,0.905850145944244,0.972372489665775,204.3,1.75168103261737,80
"grid","dgp3",600,20,10,5,2,0.234007051171479,"SSRF-JS-H",0.925457033528127,0.684898937557833,0.191450254769469,0.946,5.51140805561394,3.58358808602386,1.26358703100085,0.206673078331886,0.0320000000000391,0.905850145944244,0.972372489665775,204.3,1.75168103261737,80
"grid","dgp3",600,20,10,5,2,0.234007051171479,"RidgeRF",0.922432230069939,0.664904790048023,0.154912560422391,0.952,5.64981975813448,3.61219503723505,1.3054282661419,0.192047620138432,0.0610000000000355,0.905850145944244,0.972372489665775,204.3,1.75168103261737,80
"grid","dgp3",600,20,10,5,2,0.234007051171479,"LassoRF",0.95170626006677,0.687718704535141,0.248962097876382,0.932,5.75472736580188,3.7441933582193,1.3690638367188,0.171287044584911,0.0380000000000109,0.905850145944244,0.972372489665775,204.3,1.75168103261737,80
"grid","dgp3",600,20,10,5,2,0.234007051171479,"GBM",0.823704103899145,0.618831674374976,0.0755671401005248,0.958,5.31331428621313,3.6883983015727,-3.50490918800665,0.000477032588044563,0.113000000000056,0.905850145944244,0.972372489665775,204.3,1.75168103261737,80
"grid","dgp3",600,20,10,5,2,0.234007051171479,"RF-tuned",0.832382099268911,0.626222626351642,0.10542493951378,0.952,5.43033118185781,3.56247256605935,-2.76447116882315,0.00580644660763473,2.25999999999999,0.905850145944244,0.972372489665775,204.3,1.75168103261737,80
"grid","dgp3",600,20,10,5,2,0.234007051171479,"SSRF-tuned",0.847443556800693,0.633487699907847,0.104904817785628,0.958,5.37196584852972,3.59831302783639,-2.45717595575261,0.0141724768988057,2.279,0.905850145944244,0.972372489665775,204.3,1.75168103261737,80
"grid","dgp3",600,20,500,5,2,0.234007051171479,"RF",0.818336119552475,0.613421635871714,0.0774066899764246,0.916,5.88824836436331,3.0582107398126,-0.842770787258991,0.399558373951001,1.61400000000003,0.896547699096988,0.969512199589612,204.148,1.74212015982646,80
"grid","dgp3",600,20,500,5,2,0.234007051171479,"SSRF-JS",0.820256121970242,0.616640361649992,0.0803840270825779,0.918,5.87765946574835,3.09728484649263,NA,NA,1.61400000000003,0.896547699096988,0.969512199589612,204.148,1.74212015982646,80
"grid","dgp3",600,20,500,5,2,0.234007051171479,"SSRF",0.818983885977612,0.615958768380072,0.0790772258062574,0.918,5.87590371900278,3.09602271231011,-4.69729074254466,3.0047791882131e-06,1.61400000000003,0.896547699096988,0.969512199589612,204.148,1.74212015982646,80
"grid","dgp3",600,20,500,5,2,0.234007051171479,"SSRF-naive",0.817992748324214,0.613968015433131,0.0774619776921282,0.916,5.88319486392091,3.06923265373189,-1.56576694626199,0.117719875764647,1.61400000000003,0.896547699096988,0.969512199589612,204.148,1.74212015982646,80
"grid","dgp3",600,20,500,5,2,0.234007051171479,"SSRF-rob",0.818391274392097,0.613571504983557,0.0775254417920032,0.916,5.89381730741246,3.05116550885502,-0.86912084175139,0.384989794185166,2.99799999999993,0.896547699096988,0.969512199589612,204.148,1.74212015982646,80
"grid","dgp3",600,20,500,5,2,0.234007051171479,"RF-H",0.840679628300872,0.632008026859042,0.102205836512002,0.926,5.85618126632589,3.36658499400495,1.85339485076023,0.0641204597636388,1.06100000000004,0.896547699096988,0.969512199589612,204.148,1.74212015982646,80
"grid","dgp3",600,20,500,5,2,0.234007051171479,"SSRF-JS-H",0.904742052704772,0.674725584756379,0.171923442813579,0.928,5.98493373129144,3.38349518554072,4.7722167622794,2.09368641425002e-06,1.06100000000004,0.896547699096988,0.969512199589612,204.148,1.74212015982646,80
"grid","dgp3",600,20,500,5,2,0.234007051171479,"RidgeRF",0.821979912130628,0.618219301160158,0.0834849971835099,0.92,5.75991929607177,3.19766373844864,0.194931219189722,0.845486429197712,1.28700000000003,0.896547699096988,0.969512199589612,204.148,1.74212015982646,80
"grid","dgp3",600,20,500,5,2,0.234007051171479,"LassoRF",0.858702631323664,0.635897781591431,0.127298395947165,0.916,6.07552253834868,3.28349776626824,2.68959457580531,0.00727311660445688,0.418999999999983,0.896547699096988,0.969512199589612,204.148,1.74212015982646,80
"grid","dgp3",600,20,500,5,2,0.234007051171479,"GBM",0.82528560107452,0.623241608620274,0.0952898504417303,0.926,5.71146512959449,3.17269293744723,0.512542481103745,0.608384697601227,0.191000000000031,0.896547699096988,0.969512199589612,204.148,1.74212015982646,80
"grid","dgp3",600,20,500,5,2,0.234007051171479,"RF-tuned",0.80882975918668,0.610387884200845,0.0709736706382169,0.916,5.87024203851947,3.07642970697035,-2.74793708274381,0.00610515344665381,2.923,0.896547699096988,0.969512199589612,204.148,1.74212015982646,80
"grid","dgp3",600,20,500,5,2,0.234007051171479,"SSRF-tuned",0.814291781797395,0.613989438465231,0.0752579705278731,0.914,5.94481081791278,3.03771259252674,-1.47409150458148,0.140771991657262,3.88999999999999,0.896547699096988,0.969512199589612,204.148,1.74212015982646,80
"grid","dgp3",1200,20,10,5,1,0.177569526933062,"RF",1.11169967569185,0.699750660319092,0.153029176476799,0.958333333333333,5.6163514198054,4.40655993593644,4.42747189106905,1.040332524711e-05,0.0860000000000127,0.868712829709168,0.96330907853616,409.3,1.73129096702486,80
"grid","dgp3",1200,20,10,5,1,0.177569526933062,"SSRF-JS",1.09017789077346,0.687757411604429,0.128216466345028,0.961666666666667,5.61402702917465,4.39181683516265,NA,NA,0.0860000000000127,0.868712829709168,0.96330907853616,409.3,1.73129096702486,80
"grid","dgp3",1200,20,10,5,1,0.177569526933062,"SSRF",1.0860134186847,0.684881516238671,0.122252516431109,0.961666666666667,5.61983150917316,4.37694575981331,-2.58922629606505,0.0097356672974902,0.0860000000000127,0.868712829709168,0.96330907853616,409.3,1.73129096702486,80
"grid","dgp3",1200,20,10,5,1,0.177569526933062,"SSRF-naive",1.10089796962687,0.693602993787915,0.14070089575091,0.961666666666667,5.62015115916885,4.43301333033607,3.49822028594051,0.000485527509590133,0.0860000000000127,0.868712829709168,0.96330907853616,409.3,1.73129096702486,80
"grid","dgp3",1200,20,10,5,1,0.177569526933062,"SSRF-rob",1.11092458279078,0.699340521409605,0.152083799734374,0.958333333333333,5.61716213058443,4.41032543051458,4.39992754627924,1.17914728647255e-05,0.127000000000066,0.868712829709168,0.96330907853616,409.3,1.73129096702486,80
"grid","dgp3",1200,20,10,5,1,0.177569526933062,"RF-H",1.0637882772977,0.663622796478726,0.090408840218799,0.96,5.71763311020545,4.25470821893013,-0.935013519702947,0.349969601137571,0.0380000000000109,0.868712829709168,0.96330907853616,409.3,1.73129096702486,80
"grid","dgp3",1200,20,10,5,1,0.177569526933062,"SSRF-JS-H",1.12721613117462,0.697830916010363,0.138060167468328,0.965,5.90759164015476,4.49328254509074,1.20632748275314,0.227929214685728,0.0380000000000109,0.868712829709168,0.96330907853616,409.3,1.73129096702486,80
"grid","dgp3",1200,20,10,5,1,0.177569526933062,"RidgeRF",1.30111790591617,0.717198581713931,0.332522095017591,0.968333333333333,6.42818873858421,4.70832375246379,2.15017402310386,0.0317409412396278,0.108000000000061,0.868712829709168,0.96330907853616,409.3,1.73129096702486,80
"grid","dgp3",1200,20,10,5,1,0.177569526933062,"LassoRF",1.07147328151545,0.679409177162603,0.141455107632743,0.96,5.53705831774275,4.10710426641584,-0.563649553131452,0.573098055528161,0.0620000000000118,0.868712829709168,0.96330907853616,409.3,1.73129096702486,80
"grid","dgp3",1200,20,10,5,1,0.177569526933062,"GBM",1.0011571191484,0.62671019208011,0.0268910868093603,0.96,5.66092537526103,4.18274598545217,-3.53254906286508,0.000427214738390167,0.20799999999997,0.868712829709168,0.96330907853616,409.3,1.73129096702486,80
"grid","dgp3",1200,20,10,5,1,0.177569526933062,"RF-tuned",1.02567788555383,0.64345854437092,0.0688846972560522,0.96,5.55916382815833,4.18670606318696,-2.58469589480873,0.00986377967383294,5.57899999999995,0.868712829709168,0.96330907853616,409.3,1.73129096702486,80
"grid","dgp3",1200,20,10,5,1,0.177569526933062,"SSRF-tuned",1.0449618609729,0.64814586763597,0.0723215225243933,0.965,5.65912933502642,4.29219438219765,-1.80793588545983,0.0708669727707742,5.65099999999995,0.868712829709168,0.96330907853616,409.3,1.73129096702486,80
"grid","dgp3",1200,20,500,5,1,0.177569526933062,"RF",1.00285344044509,0.632640893418063,0.0445438592003309,0.96,6.15495346107883,4.18556969017367,-1.1286638325578,0.259265447527613,3.82899999999995,0.881036229989525,0.966157092218568,408.282,1.7408014372557,80
"grid","dgp3",1200,20,500,5,1,0.177569526933062,"SSRF-JS",1.00677461311325,0.633497993354329,0.0438857333983884,0.96,6.15147446431022,4.20556018769438,NA,NA,3.82899999999995,0.881036229989525,0.966157092218568,408.282,1.7408014372557,80
"grid","dgp3",1200,20,500,5,1,0.177569526933062,"SSRF",1.0063069744363,0.632901454950878,0.0428527484908561,0.96,6.15171574904272,4.20895513492619,-0.78414824124354,0.433108015116678,3.82899999999995,0.881036229989525,0.966157092218568,408.282,1.7408014372557,80
"grid","dgp3",1200,20,500,5,1,0.177569526933062,"SSRF-naive",1.00338392854901,0.632345991452212,0.0433859919548442,0.96,6.15933421357582,4.22004169521823,-1.49780031694647,0.13444834348818,3.82899999999995,0.881036229989525,0.966157092218568,408.282,1.7408014372557,80
"grid","dgp3",1200,20,500,5,1,0.177569526933062,"SSRF-rob",1.00291201690188,0.632633832696275,0.0444415863184835,0.96,6.15614264252582,4.19288392768492,-1.15479265795931,0.248405440072204,6.08399999999995,0.881036229989525,0.966157092218568,408.282,1.7408014372557,80
"grid","dgp3",1200,20,500,5,1,0.177569526933062,"RF-H",1.02034541487963,0.636085868690503,0.0454176419209703,0.961666666666667,6.13435215774906,4.31571007767955,0.909618838654513,0.363206370862992,1.66000000000008,0.881036229989525,0.966157092218568,408.282,1.7408014372557,80
"grid","dgp3",1200,20,500,5,1,0.177569526933062,"SSRF-JS-H",1.12413330987118,0.694282875525016,0.135386976396538,0.965,6.21695228767051,4.46383758881697,4.802511353401,1.76468542160374e-06,1.66000000000008,0.881036229989525,0.966157092218568,408.282,1.7408014372557,80
"grid","dgp3",1200,20,500,5,1,0.177569526933062,"RidgeRF",1.06608446183144,0.649884669597331,0.0911247856680226,0.965,6.34948440722626,4.46015719914981,2.09319943368083,0.0365410592338173,3.15099999999995,0.881036229989525,0.966157092218568,408.282,1.7408014372557,80
"grid","dgp3",1200,20,500,5,1,0.177569526933062,"LassoRF",1.02733473743575,0.646461373125039,0.0668564160718535,0.963333333333333,6.26664851726995,4.26261504503949,1.43538134484738,0.15143926614973,1.15200000000004,0.881036229989525,0.966157092218568,408.282,1.7408014372557,80
"grid","dgp3",1200,20,500,5,1,0.177569526933062,"GBM",1.02546589501956,0.641702899932369,0.0585259583445658,0.963333333333333,6.13036270891072,4.31123247801211,1.59395315154014,0.111210083094964,0.326000000000022,0.881036229989525,0.966157092218568,408.282,1.7408014372557,80
"grid","dgp3",1200,20,500,5,1,0.177569526933062,"RF-tuned",1.00224126448806,0.628839192386647,0.0332690239382054,0.961666666666667,6.16231644343671,4.27969751772695,-0.513708047585181,0.60755077614027,6.92099999999994,0.881036229989525,0.966157092218568,408.282,1.7408014372557,80
"grid","dgp3",1200,20,500,5,1,0.177569526933062,"SSRF-tuned",1.00595681521997,0.630557904122172,0.0366157647986798,0.961666666666667,6.11311851751656,4.19783724708819,-0.0757716048598188,0.939613447620108,9.12699999999995,0.881036229989525,0.966157092218568,408.282,1.7408014372557,80
"grid","dgp3",1200,20,10,5,2,0.161373453985147,"RF",2.83325814531778,0.725254660451408,0.131355864442576,0.93,7.65979156845923,3.82237116484351,3.0653485458463,0.00222276763990451,0.08299999999997,0.866327129193721,0.960956266620613,408.2,1.73192847668163,80
"grid","dgp3",1200,20,10,5,2,0.161373453985147,"SSRF-JS",2.81908865387688,0.716813472527837,0.114725135735971,0.93,7.65472613934825,3.76520044930678,NA,NA,0.08299999999997,0.866327129193721,0.960956266620613,408.2,1.73192847668163,80
"grid","dgp3",1200,20,10,5,2,0.161373453985147,"SSRF",2.81502380289618,0.714979533007855,0.111096312453682,0.931666666666667,7.63471087861832,3.78165181920846,-3.20041775809098,0.00140827904817474,0.08299999999997,0.866327129193721,0.960956266620613,408.2,1.73192847668163,80
"grid","dgp3",1200,20,10,5,2,0.161373453985147,"SSRF-naive",2.82593786494697,0.721043771867442,0.12305500781191,0.93,7.67436095962457,3.7352382146651,2.50725523142259,0.0122986851227152,0.08299999999997,0.866327129193721,0.960956266620613,408.2,1.73192847668163,80
"grid","dgp3",1200,20,10,5,2,0.161373453985147,"SSRF-rob",2.83263542099645,0.724881388786465,0.130567611666133,0.93,7.66154334173706,3.8148317003893,3.04175311716907,0.0024031490665478,0.131999999999948,0.866327129193721,0.960956266620613,408.2,1.73192847668163,80
"grid","dgp3",1200,20,10,5,2,0.161373453985147,"RF-H",2.83589369606791,0.724666712158822,0.123874550866379,0.936666666666667,7.56371366385634,3.7890831447767,0.672383925061177,0.501468863236789,0.0350000000000819,0.866327129193721,0.960956266620613,408.2,1.73192847668163,80
"grid","dgp3",1200,20,10,5,2,0.161373453985147,"SSRF-JS-H",2.89265123949955,0.752270969721992,0.168638556914655,0.946666666666667,7.67074804990446,4.19167393110239,2.75940050134747,0.0058788984282603,0.0350000000000819,0.866327129193721,0.960956266620613,408.2,1.73192847668163,80
"grid","dgp3",1200,20,10,5,2,0.161373453985147,"RidgeRF",2.94535553267569,0.763718526502344,0.255993687485075,0.948333333333333,7.76653005573938,3.97000448563963,2.57257689161238,0.0102139085828431,0.117000000000075,0.866327129193721,0.960956266620613,408.2,1.73192847668163,80
"grid","dgp3",1200,20,10,5,2,0.161373453985147,"LassoRF",2.92274998233896,0.750860399176196,0.206703528214601,0.925,7.79820794388166,3.90778378405699,2.52187991033293,0.0118016477879811,0.0559999999999263,0.866327129193721,0.960956266620613,408.2,1.73192847668163,80
"grid","dgp3",1200,20,10,5,2,0.161373453985147,"GBM",2.79909250073931,0.704213280356203,0.0862641284125954,0.941666666666667,7.55310717888411,3.9056656156266,-0.980837492976658,0.326870752294505,0.235000000000014,0.866327129193721,0.960956266620613,408.2,1.73192847668163,80
"grid","dgp3",1200,20,10,5,2,0.161373453985147,"RF-tuned",2.81309641254201,0.701857729502105,0.0884489662612065,0.941666666666667,7.48565692626006,3.86034941304041,-0.224948312897277,0.822057814736733,5.78899999999999,0.866327129193721,0.960956266620613,408.2,1.73192847668163,80
"grid","dgp3",1200,20,10,5,2,0.161373453985147,"SSRF-tuned",2.76697736625935,0.697009209367372,0.0787770327082527,0.938333333333333,7.3992282075786,3.77971783440161,-2.56286429450068,0.0105024663323117,5.83699999999999,0.866327129193721,0.960956266620613,408.2,1.73192847668163,80
"grid","dgp3",1200,20,500,5,2,0.161373453985147,"RF",2.79436887303917,0.691560645262017,0.0815515527720542,0.953333333333333,9.2136028587444,3.9467106776013,0.625649161078324,0.531664153144375,4.12400000000002,0.849225651808914,0.957435902976076,408.166,1.74028151862747,80
"grid","dgp3",1200,20,500,5,2,0.161373453985147,"SSRF-JS",2.79100141808743,0.69222768487236,0.0764209506089138,0.958333333333333,9.22145994821214,4.03778395905129,NA,NA,4.12400000000002,0.849225651808914,0.957435902976076,408.166,1.74028151862747,80
"grid","dgp3",1200,20,500,5,2,0.161373453985147,"SSRF",2.78856182170543,0.69098855134833,0.0745563333553456,0.958333333333333,9.21915503344588,4.04933269727401,-6.28477302261875,4.58694942265164e-10,4.12400000000002,0.849225651808914,0.957435902976076,408.166,1.74028151862747,80
"grid","dgp3",1200,20,500,5,2,0.161373453985147,"SSRF-naive",2.79129905995726,0.690689459615004,0.078133590746505,0.955,9.20953765331573,3.96987564763475,0.0838528568556245,0.933187419730407,4.12400000000002,0.849225651808914,0.957435902976076,408.166,1.74028151862747,80
"grid","dgp3",1200,20,500,5,2,0.161373453985147,"SSRF-rob",2.79420082448385,0.691542926434406,0.0813420515056429,0.953333333333333,9.21338942051559,3.9486779618866,0.61116334247609,0.541207295116103,6.24599999999998,0.849225651808914,0.957435902976076,408.166,1.74028151862747,80
"grid","dgp3",1200,20,500,5,2,0.161373453985147,"RF-H",2.77487726273845,0.691708812205252,0.0667397128664159,0.956666666666667,9.1384467236178,4.08352883408095,-1.07180401627287,0.284023753670995,1.94399999999996,0.849225651808914,0.957435902976076,408.166,1.74028151862747,80
"grid","dgp3",1200,20,500,5,2,0.161373453985147,"SSRF-JS-H",2.87570950050038,0.743667338664636,0.154920166611837,0.961666666666667,9.32331731827513,4.33096737165472,3.63491240431516,0.000289854119146582,1.94399999999996,0.849225651808914,0.957435902976076,408.166,1.74028151862747,80
"grid","dgp3",1200,20,500,5,2,0.161373453985147,"RidgeRF",2.82106342164273,0.709933967316267,0.110791378956574,0.96,9.32525428174231,4.16366201044885,1.58085937381152,0.114173939301751,3.13300000000004,0.849225651808914,0.957435902976076,408.166,1.74028151862747,80
"grid","dgp3",1200,20,500,5,2,0.161373453985147,"LassoRF",2.83616425132799,0.72055714451789,0.110387501092211,0.956666666666667,9.26406156365841,4.23971682584251,1.99144841055554,0.0466581866482305,0.938999999999965,0.849225651808914,0.957435902976076,408.166,1.74028151862747,80
"grid","dgp3",1200,20,500,5,2,0.161373453985147,"GBM",2.7659927672007,0.696521032360415,0.0691786115181319,0.96,9.11862032844152,4.1989487744002,-1.23261536619838,0.217960934866522,0.369000000000028,0.849225651808914,0.957435902976076,408.166,1.74028151862747,80
"grid","dgp3",1200,20,500,5,2,0.161373453985147,"RF-tuned",2.7763032505869,0.685466923808189,0.0758535551661328,0.955,9.20194789970365,3.96178822503774,-1.78578958859312,0.0743859948639205,7.58399999999995,0.849225651808914,0.957435902976076,408.166,1.74028151862747,80
"grid","dgp3",1200,20,500,5,2,0.161373453985147,"SSRF-tuned",2.77449592075605,0.687630458499005,0.0727162208759986,0.958333333333333,9.17736463288574,4.01515943593658,-2.81868803319192,0.00490131681857211,9.697,0.849225651808914,0.957435902976076,408.166,1.74028151862747,80
"grid","dgp3",2000,24,10,5,1,0.160264672557321,"RF",1.05591126498228,0.688780793198597,0.177722288738458,0.961,6.41690193924275,4.09714768039693,3.98887935228789,6.87766996816024e-05,0.205000000000041,0.885757701385503,0.966469356494567,677.2,1.75197905665749,40
"grid","dgp3",2000,24,10,5,1,0.160264672557321,"SSRF-JS",1.03185744010987,0.676395604872831,0.147897516551618,0.958,6.37385248528387,3.94578243478465,NA,NA,0.205000000000041,0.885757701385503,0.966469356494567,677.2,1.75197905665749,40
"grid","dgp3",2000,24,10,5,1,0.160264672557321,"SSRF",1.0254907637993,0.673610054003464,0.142150672611765,0.958,6.36087345307977,3.93551244052314,-5.98184367173707,2.60728636904363e-09,0.205000000000041,0.885757701385503,0.966469356494567,677.2,1.75197905665749,40
"grid","dgp3",2000,24,10,5,1,0.160264672557321,"SSRF-naive",1.04359762914961,0.682836998413139,0.163241484609934,0.96,6.39994160486774,4.07044155469379,2.9634041421581,0.00307851606280119,0.205000000000041,0.885757701385503,0.966469356494567,677.2,1.75197905665749,40
"grid","dgp3",2000,24,10,5,1,0.160264672557321,"SSRF-rob",1.05495168047916,0.688301219015034,0.176705148881231,0.961,6.41546820952604,4.09592315692517,3.90263621437038,9.83015662683394e-05,0.263000000000034,0.885757701385503,0.966469356494567,677.2,1.75197905665749,40
"grid","dgp3",2000,24,10,5,1,0.160264672557321,"RF-H",1.02018571995363,0.665771426240598,0.121329334846256,0.96,6.39859889848286,3.88466135581725,-0.521273775134325,0.602233808577245,0.0629999999999882,0.885757701385503,0.966469356494567,677.2,1.75197905665749,40
"grid","dgp3",2000,24,10,5,1,0.160264672557321,"SSRF-JS-H",1.06422153767684,0.690943532562282,0.165488429635275,0.958,6.44092971458399,3.92841230878874,1.26766657173097,0.205064686217093,0.0629999999999882,0.885757701385503,0.966469356494567,677.2,1.75197905665749,40
"grid","dgp3",2000,24,10,5,1,0.160264672557321,"RidgeRF",1.11753766901276,0.703157344688421,0.215029912624957,0.961,6.71820556452443,4.1249226421231,2.47304040290281,0.0134794976113179,0.221000000000004,0.885757701385503,0.966469356494567,677.2,1.75197905665749,40
"grid","dgp3",2000,24,10,5,1,0.160264672557321,"LassoRF",1.05421598537088,0.683016081346218,0.136266880734384,0.952,6.66495902232482,3.96953745256607,0.901538566996045,0.367410643528387,0.11099999999999,0.885757701385503,0.966469356494567,677.2,1.75197905665749,40
"grid","dgp3",2000,24,10,5,1,0.160264672557321,"GBM",0.972550091105647,0.634557763936415,0.0753434640429303,0.962,6.32931278011733,3.90364380181394,-2.64666583149436,0.00819275641794054,0.466000000000008,0.885757701385503,0.966469356494567,677.2,1.75197905665749,40
"grid","dgp3",2000,24,10,5,1,0.160264672557321,"RF-tuned",1.04501667924585,0.672247729188259,0.126833160825092,0.961,6.53909479027066,3.98127936940036,0.534925492184264,0.592760874825527,13.299,0.885757701385503,0.966469356494567,677.2,1.75197905665749,40
"grid","dgp3",2000,24,10,5,1,0.160264672557321,"SSRF-tuned",0.990403198429058,0.646489530361239,0.0892389526533995,0.963,6.38594660392059,3.88376835935768,-1.82365114973721,0.0683540825220328,13.428,0.885757701385503,0.966469356494567,677.2,1.75197905665749,40
"grid","dgp3",2000,24,500,5,1,0.160264672557321,"RF",0.966052751183916,0.628637716089425,0.0584162946774138,0.958,5.78840163923369,3.87634134404456,0.567879947991034,0.57018026380331,10.479,0.872069297965113,0.962677217012015,676.462,1.74898335881604,80
"grid","dgp3",2000,24,500,5,1,0.160264672557321,"SSRF-JS",0.964643253125598,0.627626966651474,0.0574930307283909,0.959,5.76161758747774,3.82499139552268,NA,NA,10.479,0.872069297965113,0.962677217012015,676.462,1.74898335881604,80
"grid","dgp3",2000,24,500,5,1,0.160264672557321,"SSRF",0.962667134814781,0.626768830913705,0.0557420516554093,0.959,5.75667584014542,3.82488998124928,-6.67392109288696,3.21528345972097e-11,10.479,0.872069297965113,0.962677217012015,676.462,1.74898335881604,80
"grid","dgp3",2000,24,500,5,1,0.160264672557321,"SSRF-naive",0.964159817282864,0.627539358937417,0.0567230731572261,0.956,5.77382758616436,3.84005542552399,-0.297899387406973,0.765810912814849,10.479,0.872069297965113,0.962677217012015,676.462,1.74898335881604,80
"grid","dgp3",2000,24,500,5,1,0.160264672557321,"SSRF-rob",0.965933171909705,0.628559277125242,0.058326237588168,0.957,5.78704991525311,3.87202190035235,0.53574938883829,0.592191366061028,13.5700000000001,0.872069297965113,0.962677217012015,676.462,1.74898335881604,80
"grid","dgp3",2000,24,500,5,1,0.160264672557321,"RF-H",0.95211660951714,0.624916014548572,0.0536930304789129,0.96,5.66099606934015,3.78398174908337,-1.54951281667772,0.121416786252489,3.322,0.872069297965113,0.962677217012015,676.462,1.74898335881604,80
"grid","dgp3",2000,24,500,5,1,0.160264672557321,"SSRF-JS-H",1.04850328073573,0.680914621005943,0.148953852023795,0.967,5.86320335688371,4.10800226498471,5.85257538907051,5.64302890381679e-09,3.322,0.872069297965113,0.962677217012015,676.462,1.74898335881604,80
"grid","dgp3",2000,24,500,5,1,0.160264672557321,"RidgeRF",0.976473698416689,0.639753835247784,0.0725500679322556,0.955,5.89766188576424,3.86007554555618,1.13994590523429,0.254445405219044,8.85400000000004,0.872069297965113,0.962677217012015,676.462,1.74898335881604,80
"grid","dgp3",2000,24,500,5,1,0.160264672557321,"LassoRF",1.03886940778339,0.672579086284128,0.151584551734247,0.964,5.95021166896746,4.16779722156549,3.4332778443489,0.000608484079739558,2.18799999999999,0.872069297965113,0.962677217012015,676.462,1.74898335881604,80
"grid","dgp3",2000,24,500,5,1,0.160264672557321,"GBM",0.941273052748317,0.619038651797683,0.0398540924745971,0.956,5.65283500704952,3.65629057990595,-3.09063559956873,0.00202482197133931,0.662000000000035,0.872069297965113,0.962677217012015,676.462,1.74898335881604,80
"grid","dgp3",2000,24,500,5,1,0.160264672557321,"RF-tuned",0.952555205938597,0.62243700482121,0.0492662450833953,0.957,5.74471591367426,3.76690069001013,-2.81118395164982,0.00498408787013624,17.6629999999999,0.872069297965113,0.962677217012015,676.462,1.74898335881604,80
"grid","dgp3",2000,24,500,5,1,0.160264672557321,"SSRF-tuned",0.953561865174506,0.6222936942111,0.0498699096643968,0.958,5.742990936291,3.75244278008843,-3.04654569028275,0.00234514377575819,22.7329999999999,0.872069297965113,0.962677217012015,676.462,1.74898335881604,80
"grid","dgp3",2000,24,10,5,2,0.181861419709252,"RF",1.24196646990343,0.68485282494928,0.163213391606486,0.95,5.80269971930731,3.92150425720523,6.16154871583038,8.68764296566982e-10,0.216999999999985,0.90437976733178,0.972734379624346,677.8,1.74897479048625,80
"grid","dgp3",2000,24,10,5,2,0.181861419709252,"SSRF-JS",1.22284426101712,0.675442485112767,0.139824815280537,0.95,5.77094648908345,3.73253363181828,NA,NA,0.216999999999985,0.90437976733178,0.972734379624346,677.8,1.74897479048625,80
"grid","dgp3",2000,24,10,5,2,0.181861419709252,"SSRF",1.21602361877463,0.672206746397172,0.133192354855734,0.949,5.75041166656126,3.70204821944312,-7.1870137969042,9.31042991091139e-13,0.216999999999985,0.90437976733178,0.972734379624346,677.8,1.74897479048625,80
"grid","dgp3",2000,24,10,5,2,0.181861419709252,"SSRF-naive",1.23241512750423,0.680322913650314,0.15188019624203,0.95,5.78052597840174,3.82347902206686,4.71769328610593,2.5504757050363e-06,0.216999999999985,0.90437976733178,0.972734379624346,677.8,1.74897479048625,80
"grid","dgp3",2000,24,10,5,2,0.181861419709252,"SSRF-rob",1.24109087401614,0.684418148817802,0.16217061554417,0.95,5.80150631424749,3.91243071773398,6.1116384465755,1.18238304290634e-09,0.284999999999968,0.90437976733178,0.972734379624346,677.8,1.74897479048625,80
"grid","dgp3",2000,24,10,5,2,0.181861419709252,"RF-H",1.18993185393929,0.648855194090289,0.085420576200113,0.954,5.63933787150198,3.75568818439018,-1.58861563726222,0.11230533491059,0.0649999999999409,0.90437976733178,0.972734379624346,677.8,1.74897479048625,80
"grid","dgp3",2000,24,10,5,2,0.181861419709252,"SSRF-JS-H",1.25183367837832,0.682226583605564,0.133399408619716,0.949,5.82444234065574,3.74084253814643,1.27934741668582,0.200923216658802,0.0649999999999409,0.90437976733178,0.972734379624346,677.8,1.74897479048625,80
"grid","dgp3",2000,24,10,5,2,0.181861419709252,"RidgeRF",1.28714099030875,0.699142378286156,0.155809145085932,0.951,5.98655911858615,4.0950509121273,2.71884567520466,0.00660763971311037,0.213000000000079,0.90437976733178,0.972734379624346,677.8,1.74897479048625,80
"grid","dgp3",2000,24,10,5,2,0.181861419709252,"LassoRF",1.24189721709361,0.676485069948294,0.150467727601686,0.96,5.59144151956309,4.09737840673944,0.729920458320286,0.465524330379311,0.115999999999985,0.90437976733178,0.972734379624346,677.8,1.74897479048625,80
"grid","dgp3",2000,24,10,5,2,0.181861419709252,"GBM",1.14848160997454,0.623542224190893,0.0394847009930918,0.958,5.63898933951507,3.65824658415468,-4.29752945287847,1.81007112473067e-05,0.406999999999925,0.90437976733178,0.972734379624346,677.8,1.74897479048625,80
"grid","dgp3",2000,24,10,5,2,0.181861419709252,"RF-tuned",1.15553426305864,0.63502626285155,0.0622952640016093,0.952,5.630028572405,3.5878099132312,-3.87104320543692,0.000111849423143984,13.721,0.90437976733178,0.972734379624346,677.8,1.74897479048625,80
"grid","dgp3",2000,24,10,5,2,0.181861419709252,"SSRF-tuned",1.15741653370335,0.637691029509456,0.0671676658425096,0.955,5.5282276459268,3.72902806699777,-3.36354207054482,0.00078401393092606,13.836,0.90437976733178,0.972734379624346,677.8,1.74897479048625,80
"grid","dgp3",2000,24,500,5,2,0.181861419709252,"RF",1.14114982608035,0.624757524119713,0.0416407605907425,0.943,6.51802098102364,3.38820398094317,-0.684223364580664,0.493913442518235,11.1270000000001,0.882115101753913,0.966819387668122,677.222,1.74818031447845,80
"grid","dgp3",2000,24,500,5,2,0.181861419709252,"SSRF-JS",1.14276424632833,0.624327322338403,0.0405746390472386,0.946,6.5195697959662,3.42194632894244,NA,NA,11.1270000000001,0.882115101753913,0.966819387668122,677.222,1.74818031447845,80
"grid","dgp3",2000,24,500,5,2,0.181861419709252,"SSRF",1.14149719216461,0.62349941283904,0.0393316582497497,0.945,6.51493216814531,3.42776220923836,-4.77525640840545,1.92514964945129e-06,11.1270000000001,0.882115101753913,0.966819387668122,677.222,1.74818031447845,80
"grid","dgp3",2000,24,500,5,2,0.181861419709252,"SSRF-naive",1.14058444902565,0.623874896465986,0.0401888748189075,0.942,6.51879710710662,3.3632362634999,-1.38319834809164,0.166758517524278,11.1270000000001,0.882115101753913,0.966819387668122,677.222,1.74818031447845,80
"grid","dgp3",2000,24,500,5,2,0.181861419709252,"SSRF-rob",1.1411326008472,0.624708132823018,0.0415419278830656,0.943,6.5182810517837,3.38574909837118,-0.713320394187468,0.475730784751517,14.232,0.882115101753913,0.966819387668122,677.222,1.74818031447845,80
"grid","dgp3",2000,24,500,5,2,0.181861419709252,"RF-H",1.14964810740864,0.625911567287187,0.0418722513803149,0.944,6.55589013042092,3.39077929519769,1.03797259437709,0.299408348813427,3.52600000000007,0.882115101753913,0.966819387668122,677.222,1.74818031447845,80
"grid","dgp3",2000,24,500,5,2,0.181861419709252,"SSRF-JS-H",1.25389258922941,0.683858535115123,0.135136869568807,0.938,6.78283848436899,3.50956559866484,7.50026520404452,9.52272623905415e-14,3.52600000000007,0.882115101753913,0.966819387668122,677.222,1.74818031447845,80
"grid","dgp3",2000,24,500,5,2,0.181861419709252,"RidgeRF",1.15454105281408,0.630193763193994,0.0488271605731917,0.945,6.44875850608454,3.54001455790393,1.51950728247083,0.128792996215493,8.22699999999998,0.882115101753913,0.966819387668122,677.222,1.74818031447845,80
"grid","dgp3",2000,24,500,5,2,0.181861419709252,"LassoRF",1.15512281248671,0.63508994895251,0.0566685141353361,0.946,6.52765377287427,3.52989279302971,1.40235398522905,0.160964837863385,3.03499999999997,0.882115101753913,0.966819387668122,677.222,1.74818031447845,80
"grid","dgp3",2000,24,500,5,2,0.181861419709252,"GBM",1.1423599455734,0.618607473881129,0.0374269581135559,0.946,6.51835024915813,3.42338960314291,-0.058103992240127,0.953671601751985,0.673999999999978,0.882115101753913,0.966819387668122,677.222,1.74818031447845,80
"grid","dgp3",2000,24,500,5,2,0.181861419709252,"RF-tuned",1.1380471403376,0.620730788313021,0.0393061279809073,0.946,6.52761212265061,3.41545558119883,-1.08515960581945,0.277981820317202,20.994,0.882115101753913,0.966819387668122,677.222,1.74818031447845,80
"grid","dgp3",2000,24,500,5,2,0.181861419709252,"SSRF-tuned",1.13768736005156,0.620236011792909,0.0379776731409572,0.948,6.52434366126553,3.48254213792891,-1.68174609405937,0.0927742805748757,28.755,0.882115101753913,0.966819387668122,677.222,1.74818031447845,80
